store_id,week_start,kpi_key,value,state,usable_weeks,peer_median,peer_p25,peer_p75,peer_n,peer_basis,rule_a,rule_b,flag,consecutive_weeks,baseline_8wk,change_vs_baseline,exception_state
SYN-001,2026-02-23,utilization,,insufficient_history,1,,,,0,suppressed,False,False,False,0.0,,,unavailable
SYN-001,2026-02-23,attendance,,insufficient_history,1,,,,0,suppressed,False,False,False,0.0,,,unavailable
SYN-001,2026-02-23,conversion,,insufficient_history,1,,,,0,suppressed,False,False,False,0.0,,,unavailable
SYN-001,2026-02-23,on_time,,insufficient_history,1,,,,0,suppressed,False,False,False,0.0,,,unavailable
SYN-001,2026-02-23,turnaround,,insufficient_history,1,,,,0,suppressed,False,False,False,0.0,,,unavailable
SYN-001,2026-02-23,recall_rate,,insufficient_history,1,,,,0,suppressed,False,False,False,0.0,,,unavailable
SYN-001,2026-02-23,exams,,insufficient_history,1,,,,0,suppressed,,,,,,,
SYN-001,2026-03-02,utilization,,insufficient_history,2,,,,0,suppressed,False,False,False,0.0,,,unavailable
SYN-001,2026-03-02,attendance,,insufficient_history,2,,,,0,suppressed,False,False,False,0.0,,,unavailable
SYN-001,2026-03-02,conversion,,insufficient_history,2,,,,0,suppressed,False,False,False,0.0,,,unavailable
SYN-001,2026-03-02,on_time,,insufficient_history,2,,,,0,suppressed,False,False,False,0.0,,,unavailable
SYN-001,2026-03-02,turnaround,,insufficient_history,2,,,,0,suppressed,False,False,False,0.0,,,unavailable
SYN-001,2026-03-02,recall_rate,,insufficient_history,2,,,,0,suppressed,False,False,False,0.0,,,unavailable
SYN-001,2026-03-02,exams,,insufficient_history,2,,,,0,suppressed,,,,,,,
SYN-001,2026-03-09,utilization,0.88601,ok,3,0.846833,0.81734,0.859887,10,cohort (fallback),False,False,False,0.0,,,no_flag
SYN-001,2026-03-09,attendance,0.933723,ok,3,0.937804,0.934307,0.943452,10,cohort (fallback),False,False,False,0.0,,,no_flag
SYN-001,2026-03-09,conversion,0.628392,ok,3,0.602056,0.576202,0.620536,10,cohort (fallback),False,False,False,0.0,,,no_flag
SYN-001,2026-03-09,on_time,0.933333,ok,3,0.918188,0.914647,0.930151,10,cohort (fallback),False,False,False,0.0,,,no_flag
SYN-001,2026-03-09,turnaround,6.563333,ok,3,6.000197,5.818357,6.316075,10,cohort (fallback),False,False,False,0.0,,,no_flag
SYN-001,2026-03-09,recall_rate,0.169666,ok,3,0.182277,0.169529,0.185006,10,cohort (fallback),False,False,False,0.0,,,no_flag
SYN-001,2026-03-09,exams,159.666667,ok,3,150.0,145.25,156.5,10,cohort (fallback),,,,,,,
SYN-001,2026-03-16,utilization,0.885976,ok,4,0.842333,0.822866,0.855998,10,cohort (fallback),False,False,False,0.0,,,no_flag
SYN-001,2026-03-16,attendance,0.930473,ok,4,0.940103,0.934031,0.942942,10,cohort (fallback),False,False,False,0.0,,,no_flag
SYN-001,2026-03-16,conversion,0.624801,ok,4,0.599596,0.575539,0.62313,10,cohort (fallback),False,False,False,0.0,,,no_flag
SYN-001,2026-03-16,on_time,0.934043,ok,4,0.92445,0.916329,0.930183,10,cohort (fallback),False,False,False,0.0,,,no_flag
SYN-001,2026-03-16,turnaround,6.501702,ok,4,6.016766,5.775196,6.171583,10,cohort (fallback),False,False,False,0.0,,,no_flag
SYN-001,2026-03-16,recall_rate,0.166667,ok,4,0.181108,0.174292,0.184607,10,cohort (fallback),False,False,False,0.0,,,no_flag
SYN-001,2026-03-16,exams,157.25,ok,4,151.25,143.625,157.5,10,cohort (fallback),,,,,,,
SYN-001,2026-03-23,utilization,0.882965,ok,4,0.838751,0.827018,0.854333,10,cohort (fallback),False,False,False,0.0,,,no_flag
SYN-001,2026-03-23,attendance,0.929308,ok,4,0.939427,0.936055,0.942026,10,cohort (fallback),False,False,False,0.0,,,no_flag
SYN-001,2026-03-23,conversion,0.611727,ok,4,0.596008,0.57505,0.617456,10,cohort (fallback),False,False,False,0.0,,,no_flag
SYN-001,2026-03-23,on_time,0.933619,ok,4,0.925183,0.913803,0.930842,10,cohort (fallback),False,False,False,0.0,,,no_flag
SYN-001,2026-03-23,turnaround,6.392505,ok,4,5.961815,5.867986,6.16419,10,cohort (fallback),False,False,False,0.0,,,no_flag
SYN-001,2026-03-23,recall_rate,0.166324,ok,4,0.181765,0.175417,0.185245,10,cohort (fallback),False,False,False,0.0,,,no_flag
SYN-001,2026-03-23,exams,157.75,ok,4,153.375,144.6875,156.5,10,cohort (fallback),,,,,,,
SYN-001,2026-03-30,utilization,0.886818,ok,4,0.833441,0.825914,0.849402,10,cohort (fallback),False,False,False,0.0,,,no_flag
SYN-001,2026-03-30,attendance,0.933934,ok,4,0.939062,0.936811,0.944403,10,cohort (fallback),False,False,False,0.0,,,no_flag
SYN-001,2026-03-30,conversion,0.606109,ok,4,0.598048,0.583893,0.607818,10,cohort (fallback),False,False,False,0.0,,,no_flag
SYN-001,2026-03-30,on_time,0.933628,ok,4,0.927038,0.923969,0.930865,10,cohort (fallback),False,False,False,0.0,,,no_flag
SYN-001,2026-03-30,turnaround,6.059292,ok,4,6.056508,5.874832,6.171561,10,cohort (fallback),False,False,False,0.0,,,no_flag
SYN-001,2026-03-30,recall_rate,0.164683,ok,4,0.18208,0.173695,0.184615,10,cohort (fallback),False,False,False,0.0,,,no_flag
SYN-001,2026-03-30,exams,155.5,ok,4,152.0,143.875,157.5,10,cohort (fallback),,,,,,,
SYN-001,2026-04-06,utilization,0.889481,ok,4,0.831996,0.825107,0.837522,10,cohort (fallback),False,False,False,0.0,,,no_flag
SYN-001,2026-04-06,attendance,0.938623,ok,4,0.940814,0.93868,0.942511,10,cohort (fallback),False,False,False,0.0,,,no_flag
SYN-001,2026-04-06,conversion,0.61244,ok,4,0.59647,0.581972,0.604899,10,cohort (fallback),False,False,False,0.0,,,no_flag
SYN-001,2026-04-06,on_time,0.93617,ok,4,0.923112,0.919896,0.927677,10,cohort (fallback),False,False,False,0.0,,,no_flag
SYN-001,2026-04-06,turnaround,5.898723,ok,4,6.038866,5.935023,6.113659,10,cohort (fallback),False,False,False,0.0,,,no_flag
SYN-001,2026-04-06,recall_rate,0.178794,ok,4,0.181976,0.175032,0.184228,10,cohort (fallback),False,False,False,0.0,,,no_flag
SYN-001,2026-04-06,exams,156.75,ok,4,151.375,142.0625,158.125,10,cohort (fallback),,,,,,,
SYN-001,2026-04-13,utilization,0.886093,ok,4,0.833564,0.825939,0.841129,10,cohort (fallback),False,False,False,0.0,,,no_flag
SYN-001,2026-04-13,attendance,0.940209,ok,4,0.938796,0.935748,0.941621,10,cohort (fallback),False,False,False,0.0,,,no_flag
SYN-001,2026-04-13,conversion,0.616852,ok,4,0.594268,0.586951,0.604146,10,cohort (fallback),False,False,False,0.0,,,no_flag
SYN-001,2026-04-13,on_time,0.92827,ok,4,0.923277,0.921624,0.929656,10,cohort (fallback),False,False,False,0.0,,,no_flag
SYN-001,2026-04-13,turnaround,5.829958,ok,4,5.967367,5.89602,6.031822,10,cohort (fallback),False,False,False,0.0,,,no_flag
SYN-001,2026-04-13,recall_rate,0.178571,ok,4,0.176202,0.173998,0.183172,10,cohort (fallback),False,False,False,0.0,,,no_flag
SYN-001,2026-04-13,exams,157.25,ok,4,149.5,142.0,156.9375,10,cohort (fallback),,,,,,,
SYN-001,2026-04-20,utilization,0.880759,ok,4,0.837224,0.821497,0.843589,10,cohort (fallback),False,False,False,0.0,,,no_flag
SYN-001,2026-04-20,attendance,0.938462,ok,4,0.936064,0.934237,0.937203,10,cohort (fallback),False,False,False,0.0,,,no_flag
SYN-001,2026-04-20,conversion,0.62459,ok,4,0.593486,0.580493,0.6081,10,cohort (fallback),False,False,False,0.0,,,no_flag
SYN-001,2026-04-20,on_time,0.923581,ok,4,0.920049,0.913635,0.923674,10,cohort (fallback),False,False,False,0.0,,,no_flag
SYN-001,2026-04-20,turnaround,5.741485,ok,4,5.939701,5.834262,6.015477,10,cohort (fallback),False,False,False,0.0,,,no_flag
SYN-001,2026-04-20,recall_rate,0.178423,ok,4,0.175093,0.17002,0.182217,10,cohort (fallback),False,False,False,0.0,,,no_flag
SYN-001,2026-04-20,exams,152.5,ok,4,149.625,142.375,156.1875,10,cohort (fallback),,,,,,,
SYN-001,2026-04-27,utilization,0.871829,ok,4,0.837047,0.828412,0.846612,10,cohort (fallback),False,False,False,0.0,0.890255,-0.020697,no_flag
SYN-001,2026-04-27,attendance,0.931087,ok,4,0.93483,0.931982,0.938951,10,cohort (fallback),False,False,False,0.0,0.935897,-0.00514,no_flag
SYN-001,2026-04-27,conversion,0.625,ok,4,0.596178,0.581996,0.611305,10,cohort (fallback),False,False,False,0.0,0.616438,0.013889,no_flag
SYN-001,2026-04-27,on_time,0.92936,ok,4,0.923611,0.915628,0.928935,10,cohort (fallback),False,False,False,0.0,0.936261,-0.007371,no_flag
SYN-001,2026-04-27,turnaround,5.85894,ok,4,5.928933,5.837578,6.156756,10,cohort (fallback),False,False,False,0.0,6.325212,-0.073716,no_flag
SYN-001,2026-04-27,recall_rate,0.186441,ok,4,0.178313,0.174151,0.18186,10,cohort (fallback),False,False,False,0.0,0.165775,0.124658,no_flag
SYN-001,2026-04-27,exams,152.0,ok,4,151.25,141.4375,156.625,10,cohort (fallback),,,,,,,
SYN-001,2026-05-04,utilization,0.874339,ok,4,0.843431,0.828053,0.847171,10,cohort (fallback),False,False,False,0.0,0.88797,-0.015351,no_flag
SYN-001,2026-05-04,attendance,0.928896,ok,4,0.935302,0.93164,0.937318,10,cohort (fallback),False,False,False,0.0,0.936494,-0.008114,no_flag
SYN-001,2026-05-04,conversion,0.618893,ok,4,0.599676,0.587066,0.612116,10,cohort (fallback),False,False,False,0.0,0.619349,-0.000737,no_flag
SYN-001,2026-05-04,on_time,0.942222,ok,4,0.922741,0.914256,0.929921,10,cohort (fallback),False,False,False,0.0,0.93494,0.007789,no_flag
SYN-001,2026-05-04,turnaround,5.862,ok,4,5.906854,5.807136,6.158376,10,cohort (fallback),False,False,False,0.0,6.186988,-0.052528,no_flag
SYN-001,2026-05-04,recall_rate,0.167382,ok,4,0.177022,0.173964,0.182652,10,cohort (fallback),False,False,False,0.0,0.174713,-0.041958,no_flag
SYN-001,2026-05-04,exams,153.5,ok,4,150.625,142.375,157.5625,10,cohort (fallback),,,,,,,
SYN-001,2026-05-11,utilization,0.872368,ok,4,0.836532,0.824752,0.853878,10,cohort (fallback),False,False,False,0.0,0.886034,-0.015424,no_flag
SYN-001,2026-05-11,attendance,0.936652,ok,4,0.935485,0.929082,0.938503,10,cohort (fallback),False,False,False,0.0,0.935316,0.001428,no_flag
SYN-001,2026-05-11,conversion,0.621578,ok,4,0.598039,0.576874,0.616838,10,cohort (fallback),False,False,False,0.0,0.620827,0.00121,no_flag
SYN-001,2026-05-11,on_time,0.95354,ok,4,0.924194,0.911698,0.931346,10,cohort (fallback),False,False,False,0.0,0.931144,0.024052,no_flag
SYN-001,2026-05-11,turnaround,6.093584,ok,4,6.04899,6.000896,6.074498,10,cohort (fallback),False,False,False,0.0,6.164407,-0.011489,no_flag
SYN-001,2026-05-11,recall_rate,0.168675,ok,4,0.17744,0.17409,0.186776,10,cohort (fallback),False,False,False,0.0,0.172584,-0.022651,no_flag
SYN-001,2026-05-11,exams,155.25,ok,4,150.625,142.8125,156.75,10,cohort (fallback),,,,,,,
SYN-001,2026-05-18,utilization,0.882812,ok,4,0.839112,0.823603,0.850727,11,cohort (fallback),False,False,False,0.0,0.881885,0.001052,no_flag
SYN-001,2026-05-18,attendance,0.935103,ok,4,0.936202,0.929893,0.943241,11,cohort (fallback),False,False,False,0.0,0.933785,0.001412,no_flag
SYN-001,2026-05-18,conversion,0.621451,ok,4,0.604069,0.579582,0.625703,11,cohort (fallback),False,False,False,0.0,0.61805,0.005503,no_flag
SYN-001,2026-05-18,on_time,0.957537,ok,4,0.928571,0.919281,0.932721,11,cohort (fallback),False,False,False,0.0,0.928649,0.031108,no_flag
SYN-001,2026-05-18,turnaround,5.952866,ok,4,6.116209,6.000737,6.153926,11,cohort (fallback),False,False,False,0.0,6.070162,-0.019323,no_flag
SYN-001,2026-05-18,recall_rate,0.173815,ok,4,0.175947,0.17181,0.184192,11,cohort (fallback),False,False,False,0.0,0.172343,0.008543,no_flag
SYN-001,2026-05-18,exams,158.5,ok,4,145.5,137.625,156.25,11,cohort (fallback),,,,,,,
SYN-001,2026-05-25,utilization,0.895833,ok,4,0.838824,0.82792,0.860231,10,cohort (fallback),False,False,False,0.0,0.879333,0.018764,no_flag
SYN-001,2026-05-25,attendance,0.938953,ok,4,0.937871,0.93216,0.941532,10,cohort (fallback),False,False,False,0.0,0.932525,0.006894,no_flag
SYN-001,2026-05-25,conversion,0.625387,ok,4,0.592348,0.568363,0.62011,10,cohort (fallback),False,False,False,0.0,0.615447,0.016151,no_flag
SYN-001,2026-05-25,on_time,0.954825,ok,4,0.923206,0.919767,0.928325,10,cohort (fallback),False,False,False,0.0,0.931492,0.02505,no_flag
SYN-001,2026-05-25,turnaround,5.783778,ok,4,6.038776,5.915099,6.197948,10,cohort (fallback),False,False,False,0.0,5.959006,-0.029405,no_flag
SYN-001,2026-05-25,recall_rate,0.170678,ok,4,0.178876,0.17503,0.180917,10,cohort (fallback),False,False,False,0.0,0.175205,-0.025836,no_flag
SYN-001,2026-05-25,exams,161.5,ok,4,145.25,139.4375,155.125,10,cohort (fallback),,,,,,,
SYN-001,2026-06-01,utilization,0.898551,ok,4,0.841966,0.828889,0.864409,10,cohort (fallback),False,False,False,0.0,0.881885,0.018898,no_flag
SYN-001,2026-06-01,attendance,0.942815,ok,4,0.937798,0.933185,0.940805,10,cohort (fallback),False,False,False,0.0,0.933785,0.009671,no_flag
SYN-001,2026-06-01,conversion,0.62986,ok,4,0.592106,0.565802,0.619036,10,cohort (fallback),False,False,False,0.0,0.615633,0.02311,no_flag
SYN-001,2026-06-01,on_time,0.944672,ok,4,0.922708,0.920149,0.927093,10,cohort (fallback),False,False,False,0.0,0.93913,0.005901,no_flag
SYN-001,2026-06-01,turnaround,5.932992,ok,4,5.924174,5.738427,6.233755,10,cohort (fallback),False,False,False,0.0,5.880761,0.008882,no_flag
SYN-001,2026-06-01,recall_rate,0.174497,ok,4,0.180132,0.17471,0.183193,10,cohort (fallback),False,False,False,0.0,0.173178,0.007612,no_flag
SYN-001,2026-06-01,exams,160.75,ok,4,145.125,141.0625,156.5,10,cohort (fallback),,,,,,,
SYN-001,2026-06-08,utilization,0.900398,ok,4,0.840529,0.827716,0.859516,10,cohort (fallback),False,False,False,0.0,0.879208,0.024102,no_flag
SYN-001,2026-06-08,attendance,0.941003,ok,4,0.937836,0.936392,0.940718,10,cohort (fallback),False,False,False,0.0,0.938438,0.002733,no_flag
SYN-001,2026-06-08,conversion,0.623824,ok,4,0.590782,0.569064,0.61482,10,cohort (fallback),False,False,False,0.0,0.6192,0.007468,no_flag
SYN-001,2026-06-08,on_time,0.940452,ok,4,0.925732,0.92025,0.928939,10,cohort (fallback),False,False,False,0.0,0.940605,-0.000163,no_flag
SYN-001,2026-06-08,turnaround,5.765708,ok,4,5.902725,5.663069,6.130065,10,cohort (fallback),False,False,False,0.0,5.958639,-0.032378,no_flag
SYN-001,2026-06-08,recall_rate,0.177632,ok,4,0.180864,0.177297,0.184581,10,cohort (fallback),False,False,False,0.0,0.174102,0.020271,no_flag
SYN-001,2026-06-08,exams,159.5,ok,4,144.375,139.9375,157.125,10,cohort (fallback),,,,,,,
SYN-001,2026-06-15,utilization,0.895582,ok,4,0.843312,0.830868,0.861129,10,cohort (fallback),False,False,False,0.0,0.881806,0.015623,no_flag
SYN-001,2026-06-15,attendance,0.944694,ok,4,0.939129,0.935685,0.941369,10,cohort (fallback),False,False,False,0.0,0.936747,0.008483,no_flag
SYN-001,2026-06-15,conversion,0.617089,ok,4,0.582129,0.571597,0.612506,10,cohort (fallback),False,False,False,0.0,0.62299,-0.009473,no_flag
SYN-001,2026-06-15,on_time,0.936441,ok,4,0.921105,0.916681,0.929292,10,cohort (fallback),False,False,False,0.0,0.940797,-0.00463,no_flag
SYN-001,2026-06-15,turnaround,5.822458,ok,4,5.855407,5.767845,6.02574,10,cohort (fallback),False,False,False,0.0,5.848654,-0.004479,no_flag
SYN-001,2026-06-15,recall_rate,0.1766,ok,4,0.185559,0.176948,0.187304,10,cohort (fallback),False,False,False,0.0,0.176216,0.00218,no_flag
SYN-001,2026-06-15,exams,158.0,ok,4,145.625,141.6875,156.125,10,cohort (fallback),,,,,,,
SYN-001,2026-06-22,utilization,0.886243,ok,4,0.839557,0.81576,0.857171,11,cohort (fallback),False,False,False,0.0,0.883982,0.002559,no_flag
SYN-001,2026-06-22,attendance,0.947761,ok,4,0.938144,0.933698,0.942265,11,cohort (fallback),False,False,False,0.0,0.935123,0.013515,no_flag
SYN-001,2026-06-22,conversion,0.618898,ok,4,0.586066,0.578751,0.611847,11,cohort (fallback),False,False,False,0.0,0.625199,-0.01008,no_flag
SYN-001,2026-06-22,on_time,0.93038,ok,4,0.923937,0.921786,0.929208,11,cohort (fallback),False,False,False,0.0,0.942553,-0.012915,no_flag
SYN-001,2026-06-22,turnaround,5.872574,ok,4,5.821081,5.674802,5.921764,11,cohort (fallback),False,False,False,0.0,5.82,0.009033,no_flag
SYN-001,2026-06-22,recall_rate,0.176087,ok,4,0.179245,0.178491,0.188558,11,cohort (fallback),False,False,False,0.0,0.178687,-0.01455,no_flag
SYN-001,2026-06-22,exams,158.75,ok,4,143.0,139.125,155.625,11,cohort (fallback),,,,,,,
SYN-001,2026-06-29,utilization,0.882586,ok,4,0.844161,0.825716,0.858522,12,cohort (fallback),False,False,False,0.0,0.886469,-0.00438,no_flag
SYN-001,2026-06-29,attendance,0.946188,ok,4,0.938281,0.933689,0.943884,12,cohort (fallback),False,False,False,0.0,0.935964,0.010924,no_flag
SYN-001,2026-06-29,conversion,0.622433,ok,4,0.590282,0.574012,0.612297,12,cohort (fallback),False,False,False,0.0,0.624503,-0.003315,no_flag
SYN-001,2026-06-29,on_time,0.930233,ok,4,0.926966,0.924163,0.928034,12,cohort (fallback),False,False,False,0.0,0.943497,-0.014059,no_flag
SYN-001,2026-06-29,turnaround,5.97463,ok,4,5.844824,5.655146,6.051408,12,cohort (fallback),False,False,False,0.0,5.898934,0.012832,no_flag
SYN-001,2026-06-29,recall_rate,0.172414,ok,4,0.181352,0.17735,0.188606,12,cohort (fallback),False,False,False,0.0,0.170865,0.009063,no_flag
SYN-001,2026-06-29,exams,158.25,ok,4,144.875,138.9375,159.625,12,cohort (fallback),,,,,,,
SYN-001,2026-07-06,utilization,0.884817,ok,4,0.847497,0.834527,0.856296,12,cohort (fallback),False,False,False,0.0,0.886319,-0.001694,no_flag
SYN-001,2026-07-06,attendance,0.943787,ok,4,0.936908,0.931925,0.942597,12,cohort (fallback),False,False,False,0.0,0.938852,0.005257,no_flag
SYN-001,2026-07-06,conversion,0.628527,ok,4,0.58779,0.575881,0.613077,12,cohort (fallback),False,False,False,0.0,0.622716,0.00933,no_flag
SYN-001,2026-07-06,on_time,0.929897,ok,4,0.926792,0.920415,0.930903,12,cohort (fallback),False,False,False,0.0,0.946752,-0.017803,no_flag
SYN-001,2026-07-06,turnaround,5.980206,ok,4,5.860748,5.744019,6.059661,12,cohort (fallback),False,False,False,0.0,5.923536,0.009567,no_flag
SYN-001,2026-07-06,recall_rate,0.17,ok,4,0.182706,0.175302,0.184952,12,cohort (fallback),False,False,False,0.0,0.173364,-0.019404,no_flag
SYN-001,2026-07-06,exams,159.5,ok,4,145.0,139.75,159.0625,12,cohort (fallback),,,,,,,
SYN-001,2026-07-13,utilization,0.882199,ok,4,0.843432,0.83544,0.855855,12,cohort (fallback),False,False,False,0.0,0.889109,-0.007772,no_flag
SYN-001,2026-07-13,attendance,0.948071,ok,4,0.938613,0.934836,0.940725,12,cohort (fallback),False,False,False,0.0,0.939866,0.00873,no_flag
SYN-001,2026-07-13,conversion,0.638498,ok,4,0.596874,0.582197,0.610356,12,cohort (fallback),False,False,False,0.0,0.619273,0.031043,no_flag
SYN-001,2026-07-13,on_time,0.932653,ok,4,0.922349,0.91568,0.934644,12,cohort (fallback),False,False,False,0.0,0.946978,-0.015127,no_flag
SYN-001,2026-07-13,turnaround,5.807347,ok,4,5.960776,5.847258,6.059658,12,cohort (fallback),False,False,False,0.0,5.887593,-0.01363,no_flag
SYN-001,2026-07-13,recall_rate,0.17154,ok,4,0.175159,0.172367,0.1865,12,cohort (fallback),False,False,False,0.0,0.175223,-0.02102,no_flag
SYN-001,2026-07-13,exams,159.75,ok,4,145.375,138.4375,160.875,12,cohort (fallback),,,,,,,
SYN-001,2026-07-20,utilization,0.874667,ok,4,0.839467,0.831438,0.849995,12,cohort (fallback),False,False,False,0.0,0.891076,-0.018415,no_flag
SYN-001,2026-07-20,attendance,0.949695,ok,4,0.938783,0.935659,0.943374,12,cohort (fallback),False,False,False,0.0,0.943299,0.006781,no_flag
SYN-001,2026-07-20,conversion,0.638844,ok,4,0.591459,0.585239,0.608023,12,cohort (fallback),False,False,False,0.0,0.62217,0.0268,no_flag
SYN-001,2026-07-20,on_time,0.926931,ok,4,0.923425,0.918295,0.929541,12,cohort (fallback),False,False,False,0.0,0.942768,-0.016798,no_flag
SYN-001,2026-07-20,turnaround,5.765344,ok,4,6.06633,5.882706,6.123322,12,cohort (fallback),False,False,False,0.0,5.827575,-0.010679,no_flag
SYN-001,2026-07-20,recall_rate,0.172485,ok,4,0.17609,0.164326,0.182617,12,cohort (fallback),False,False,False,0.0,0.173391,-0.00523,no_flag
SYN-001,2026-07-20,exams,155.75,ok,4,146.375,138.875,158.75,12,cohort (fallback),,,,,,,
SYN-001,2026-07-27,utilization,0.880319,ok,4,0.839167,0.830798,0.846356,12,cohort (fallback),False,False,False,0.0,0.890574,-0.011514,no_flag
SYN-001,2026-07-27,attendance,0.945619,ok,4,0.942707,0.933415,0.945058,12,cohort (fallback),False,False,False,0.0,0.944486,0.0012,no_flag
SYN-001,2026-07-27,conversion,0.635783,ok,4,0.595629,0.586077,0.607334,12,cohort (fallback),False,False,False,0.0,0.626176,0.015343,no_flag
SYN-001,2026-07-27,on_time,0.920668,ok,4,0.929131,0.922597,0.933149,12,cohort (fallback),False,False,False,0.0,0.937565,-0.018022,no_flag
SYN-001,2026-07-27,turnaround,5.63904,ok,4,6.055287,5.932848,6.202319,12,cohort (fallback),False,False,False,0.0,5.953486,-0.052817,no_flag
SYN-001,2026-07-27,recall_rate,0.174538,ok,4,0.172795,0.163851,0.180752,12,cohort (fallback),False,False,False,0.0,0.173436,0.006355,no_flag
SYN-001,2026-07-27,exams,156.5,ok,4,147.5,137.875,158.75,12,cohort (fallback),,,,,,,
SYN-001,2026-08-03,utilization,0.881491,ok,4,0.836658,0.827694,0.842867,12,cohort (fallback),False,False,False,0.0,0.892551,-0.012391,no_flag
SYN-001,2026-08-03,attendance,0.94864,ok,4,0.943434,0.938631,0.944178,12,cohort (fallback),False,False,False,0.0,0.942393,0.006629,no_flag
SYN-001,2026-08-03,conversion,0.632166,ok,4,0.595448,0.588985,0.609568,12,cohort (fallback),False,False,False,0.0,0.626176,0.009566,no_flag
SYN-001,2026-08-03,on_time,0.917197,ok,4,0.927047,0.916268,0.930542,12,cohort (fallback),False,False,False,0.0,0.935185,-0.019234,no_flag
SYN-001,2026-08-03,turnaround,5.755839,ok,4,6.076057,5.857823,6.173751,12,cohort (fallback),False,False,False,0.0,5.872737,-0.019905,no_flag
SYN-001,2026-08-03,recall_rate,0.181237,ok,4,0.175567,0.170627,0.182798,12,cohort (fallback),False,False,False,0.0,0.17364,0.043749,no_flag
SYN-001,2026-08-03,exams,157.0,ok,4,147.75,138.1875,160.9375,12,cohort (fallback),,,,,,,
SYN-001,2026-08-10,utilization,0.870027,ok,4,0.838543,0.827399,0.844451,12,cohort (fallback),False,False,False,0.0,0.888815,-0.021139,no_flag
SYN-001,2026-08-10,attendance,0.939024,ok,4,0.942996,0.936767,0.945912,12,cohort (fallback),False,False,False,0.0,0.946389,-0.007781,no_flag
SYN-001,2026-08-10,conversion,0.633117,ok,4,0.592216,0.58035,0.606478,12,cohort (fallback),False,False,False,0.0,0.627852,0.008385,no_flag
SYN-001,2026-08-10,on_time,0.908696,ok,4,0.921435,0.919289,0.932719,12,cohort (fallback),False,False,False,0.0,0.934511,-0.027625,no_flag
SYN-001,2026-08-10,turnaround,5.914783,ok,4,6.104162,5.896773,6.15375,12,cohort (fallback),False,False,False,0.0,5.814761,0.017201,no_flag
SYN-001,2026-08-10,recall_rate,0.175705,ok,4,0.180622,0.171015,0.184542,12,cohort (fallback),False,False,False,0.0,0.173913,0.010304,no_flag
SYN-001,2026-08-10,exams,154.0,ok,4,147.875,136.9375,160.9375,12,cohort (fallback),,,,,,,
SYN-001,2026-08-17,utilization,0.879739,ok,4,0.835427,0.824176,0.848276,13,cohort (fallback),False,False,False,0.0,0.880478,-0.00084,no_flag
SYN-001,2026-08-17,attendance,0.931649,ok,4,0.942053,0.940239,0.943515,13,cohort (fallback),False,False,False,0.0,0.948718,-0.017991,no_flag
SYN-001,2026-08-17,conversion,0.626794,ok,4,0.596913,0.575549,0.60925,13,cohort (fallback),False,False,False,0.0,0.628776,-0.003151,no_flag
SYN-001,2026-08-17,on_time,0.920601,ok,4,0.920091,0.913408,0.935743,13,cohort (fallback),False,False,False,0.0,0.928646,-0.008664,no_flag
SYN-001,2026-08-17,turnaround,6.212017,ok,4,6.104366,5.948894,6.229129,13,cohort (fallback),False,False,False,0.0,5.818678,0.067599,no_flag
SYN-001,2026-08-17,recall_rate,0.174946,ok,4,0.184946,0.173112,0.187633,13,cohort (fallback),False,False,False,0.0,0.174234,0.004084,no_flag
SYN-001,2026-08-17,exams,156.75,ok,4,144.5,135.5,157.0,13,cohort (fallback),,,,,,,
SYN-002,2026-02-23,utilization,,insufficient_history,1,,,,0,suppressed,False,False,False,0.0,,,unavailable
SYN-002,2026-02-23,attendance,,insufficient_history,1,,,,0,suppressed,False,False,False,0.0,,,unavailable
SYN-002,2026-02-23,conversion,,insufficient_history,1,,,,0,suppressed,False,False,False,0.0,,,unavailable
SYN-002,2026-02-23,on_time,,insufficient_history,1,,,,0,suppressed,False,False,False,0.0,,,unavailable
SYN-002,2026-02-23,turnaround,,insufficient_history,1,,,,0,suppressed,False,False,False,0.0,,,unavailable
SYN-002,2026-02-23,recall_rate,,insufficient_history,1,,,,0,suppressed,False,False,False,0.0,,,unavailable
SYN-002,2026-02-23,exams,,insufficient_history,1,,,,0,suppressed,,,,,,,
SYN-002,2026-03-02,utilization,,insufficient_history,2,,,,0,suppressed,False,False,False,0.0,,,unavailable
SYN-002,2026-03-02,attendance,,insufficient_history,2,,,,0,suppressed,False,False,False,0.0,,,unavailable
SYN-002,2026-03-02,conversion,,insufficient_history,2,,,,0,suppressed,False,False,False,0.0,,,unavailable
SYN-002,2026-03-02,on_time,,insufficient_history,2,,,,0,suppressed,False,False,False,0.0,,,unavailable
SYN-002,2026-03-02,turnaround,,insufficient_history,2,,,,0,suppressed,False,False,False,0.0,,,unavailable
SYN-002,2026-03-02,recall_rate,,insufficient_history,2,,,,0,suppressed,False,False,False,0.0,,,unavailable
SYN-002,2026-03-02,exams,,insufficient_history,2,,,,0,suppressed,,,,,,,
SYN-002,2026-03-09,utilization,0.792126,ok,3,0.847751,0.820619,0.864804,8,cohort x format,False,False,False,0.0,,,no_flag
SYN-002,2026-03-09,attendance,0.942346,ok,3,0.937804,0.931449,0.944267,8,cohort x format,False,False,False,0.0,,,no_flag
SYN-002,2026-03-09,conversion,0.580169,ok,3,0.604762,0.595019,0.627534,8,cohort x format,False,False,False,0.0,,,no_flag
SYN-002,2026-03-09,on_time,0.921212,ok,3,0.915821,0.914324,0.923454,8,cohort x format,False,False,False,0.0,,,no_flag
SYN-002,2026-03-09,turnaround,5.870303,ok,3,5.999983,5.796721,6.3072,8,cohort x format,False,False,False,0.0,,,no_flag
SYN-002,2026-03-09,recall_rate,0.184143,ok,3,0.178976,0.166988,0.183897,8,cohort x format,False,False,False,0.0,,,no_flag
SYN-002,2026-03-09,exams,158.0,ok,3,150.0,146.0,154.833333,8,cohort x format,,,,,,,
SYN-002,2026-03-16,utilization,0.80119,ok,4,0.848691,0.824619,0.860889,8,cohort x format,False,False,False,0.0,,,no_flag
SYN-002,2026-03-16,attendance,0.942051,ok,4,0.93772,0.933154,0.944022,8,cohort x format,False,False,False,0.0,,,no_flag
SYN-002,2026-03-16,conversion,0.577287,ok,4,0.60212,0.592309,0.629764,8,cohort x format,False,False,False,0.0,,,no_flag
SYN-002,2026-03-16,on_time,0.926941,ok,4,0.921762,0.913312,0.926309,8,cohort x format,False,False,False,0.0,,,no_flag
SYN-002,2026-03-16,turnaround,5.72968,ok,4,6.016766,5.790666,6.2469,8,cohort x format,False,False,False,0.0,,,no_flag
SYN-002,2026-03-16,recall_rate,0.185404,ok,4,0.181108,0.171815,0.184417,8,cohort x format,False,False,False,0.0,,,no_flag
SYN-002,2026-03-16,exams,158.5,ok,4,151.25,147.25,156.5,8,cohort x format,,,,,,,
SYN-002,2026-03-23,utilization,0.820388,ok,4,0.843096,0.830809,0.859293,8,cohort x format,False,False,False,0.0,,,no_flag
SYN-002,2026-03-23,attendance,0.93787,ok,4,0.938871,0.935725,0.941883,8,cohort x format,False,False,False,0.0,,,no_flag
SYN-002,2026-03-23,conversion,0.564669,ok,4,0.606422,0.587566,0.62145,8,cohort x format,False,False,False,0.0,,,no_flag
SYN-002,2026-03-23,on_time,0.925754,ok,4,0.92424,0.910346,0.930609,8,cohort x format,False,False,False,0.0,,,no_flag
SYN-002,2026-03-23,turnaround,5.980046,ok,4,5.939107,5.841734,6.080119,8,cohort x format,False,False,False,0.0,,,no_flag
SYN-002,2026-03-23,recall_rate,0.181298,ok,4,0.180017,0.174144,0.185907,8,cohort x format,False,False,False,0.0,,,no_flag
SYN-002,2026-03-23,exams,158.5,ok,4,153.375,147.0625,156.0,8,cohort x format,,,,,,,
SYN-002,2026-03-30,utilization,0.817043,ok,4,0.835526,0.82599,0.855905,8,cohort x format,False,False,False,0.0,,,no_flag
SYN-002,2026-03-30,attendance,0.93865,ok,4,0.939057,0.93568,0.944319,8,cohort x format,False,False,False,0.0,,,no_flag
SYN-002,2026-03-30,conversion,0.573529,ok,4,0.603187,0.589213,0.612759,8,cohort x format,False,False,False,0.0,,,no_flag
SYN-002,2026-03-30,on_time,0.925659,ok,4,0.926941,0.922224,0.930679,8,cohort x format,False,False,False,0.0,,,no_flag
SYN-002,2026-03-30,turnaround,5.851559,ok,4,6.123315,5.99574,6.176028,8,cohort x format,False,False,False,0.0,,,no_flag
SYN-002,2026-03-30,recall_rate,0.181637,ok,4,0.18357,0.177104,0.184657,8,cohort x format,False,False,False,0.0,,,no_flag
SYN-002,2026-03-30,exams,153.0,ok,4,153.875,146.9375,158.1875,8,cohort x format,,,,,,,
SYN-002,2026-04-06,utilization,0.814907,ok,4,0.831996,0.829231,0.844078,8,cohort x format,False,False,False,0.0,,,no_flag
SYN-002,2026-04-06,attendance,0.940549,ok,4,0.940412,0.937652,0.942976,8,cohort x format,False,False,False,0.0,,,no_flag
SYN-002,2026-04-06,conversion,0.573744,ok,4,0.599918,0.591303,0.608546,8,cohort x format,False,False,False,0.0,,,no_flag
SYN-002,2026-04-06,on_time,0.931116,ok,4,0.922907,0.918501,0.92651,8,cohort x format,False,False,False,0.0,,,no_flag
SYN-002,2026-04-06,turnaround,5.751306,ok,4,6.06437,6.016145,6.134727,8,cohort x format,False,False,False,0.0,,,no_flag
SYN-002,2026-04-06,recall_rate,0.174349,ok,4,0.182989,0.18012,0.184734,8,cohort x format,False,False,False,0.0,,,no_flag
SYN-002,2026-04-06,exams,154.25,ok,4,152.375,143.1875,159.0,8,cohort x format,,,,,,,
SYN-002,2026-04-13,utilization,0.807169,ok,4,0.833564,0.830173,0.845326,8,cohort x format,False,False,False,0.0,,,no_flag
SYN-002,2026-04-13,attendance,0.935681,ok,4,0.940348,0.935368,0.942591,8,cohort x format,False,False,False,0.0,,,no_flag
SYN-002,2026-04-13,conversion,0.582651,ok,4,0.5979,0.590961,0.607092,8,cohort x format,False,False,False,0.0,,,no_flag
SYN-002,2026-04-13,on_time,0.922535,ok,4,0.923763,0.919874,0.931153,8,cohort x format,False,False,False,0.0,,,no_flag
SYN-002,2026-04-13,turnaround,5.825587,ok,4,5.969675,5.897422,6.070852,8,cohort x format,False,False,False,0.0,,,no_flag
SYN-002,2026-04-13,recall_rate,0.169591,ok,4,0.178417,0.174853,0.183896,8,cohort x format,False,False,False,0.0,,,no_flag
SYN-002,2026-04-13,exams,152.75,ok,4,151.5,141.9375,157.3125,8,cohort x format,,,,,,,
SYN-002,2026-04-20,utilization,0.79733,ok,4,0.837224,0.82567,0.849979,8,cohort x format,False,False,False,0.0,,,no_flag
SYN-002,2026-04-20,attendance,0.934551,ok,4,0.936705,0.928734,0.938349,8,cohort x format,False,False,False,0.0,,,no_flag
SYN-002,2026-04-20,conversion,0.589577,ok,4,0.595115,0.587872,0.612317,8,cohort x format,False,False,False,0.0,,,no_flag
SYN-002,2026-04-20,on_time,0.912442,ok,4,0.920049,0.914841,0.925687,8,cohort x format,False,False,False,0.0,,,no_flag
SYN-002,2026-04-20,turnaround,5.601382,ok,4,5.993459,5.870914,6.041426,8,cohort x format,False,False,False,0.0,,,no_flag
SYN-002,2026-04-20,recall_rate,0.17,ok,4,0.178478,0.17167,0.183487,8,cohort x format,False,False,False,0.0,,,no_flag
SYN-002,2026-04-20,exams,153.5,ok,4,150.875,142.1875,156.5,8,cohort x format,,,,,,,
SYN-002,2026-04-27,utilization,0.802381,ok,4,0.837047,0.828518,0.862158,8,cohort x format,False,False,False,0.0,0.806189,-0.004723,no_flag
SYN-002,2026-04-27,attendance,0.931751,ok,4,0.935584,0.92012,0.940077,8,cohort x format,False,False,False,0.0,0.941414,-0.010265,no_flag
SYN-002,2026-04-27,conversion,0.592357,ok,4,0.601937,0.586499,0.614183,8,cohort x format,False,False,False,0.0,0.577253,0.026164,no_flag
SYN-002,2026-04-27,on_time,0.922222,ok,4,0.922223,0.913682,0.929997,8,cohort x format,False,False,False,0.0,0.925697,-0.003753,no_flag
SYN-002,2026-04-27,turnaround,5.682889,ok,4,5.996074,5.845227,6.221881,8,cohort x format,False,False,False,0.0,5.869195,-0.031743,no_flag
SYN-002,2026-04-27,recall_rate,0.168959,ok,4,0.178313,0.176376,0.184441,8,cohort x format,False,False,False,0.0,0.183246,-0.077968,no_flag
SYN-002,2026-04-27,exams,157.0,ok,4,151.25,140.0,156.375,8,cohort x format,,,,,,,
SYN-002,2026-05-04,utilization,0.811594,ok,4,0.843431,0.832968,0.856102,8,cohort x format,False,False,False,0.0,0.804861,0.008366,no_flag
SYN-002,2026-05-04,attendance,0.934524,ok,4,0.935528,0.919211,0.937703,8,cohort x format,False,False,False,0.0,0.941329,-0.007229,no_flag
SYN-002,2026-05-04,conversion,0.597134,ok,4,0.602996,0.589181,0.616661,8,cohort x format,False,False,False,0.0,0.576535,0.035728,no_flag
SYN-002,2026-05-04,on_time,0.916484,ok,4,0.922741,0.912506,0.927558,8,cohort x format,False,False,False,0.0,0.926764,-0.011093,no_flag
SYN-002,2026-05-04,turnaround,5.96989,ok,4,5.906854,5.81667,6.236917,8,cohort x format,False,False,False,0.0,5.803595,0.028654,no_flag
SYN-002,2026-05-04,recall_rate,0.173228,ok,4,0.17752,0.176297,0.185544,8,cohort x format,False,False,False,0.0,0.178652,-0.030357,no_flag
SYN-002,2026-05-04,exams,157.0,ok,4,150.625,141.25,157.75,8,cohort x format,,,,,,,
SYN-002,2026-05-11,utilization,0.80579,ok,4,0.836532,0.82766,0.853146,8,cohort x format,False,False,False,0.0,0.804124,0.002072,no_flag
SYN-002,2026-05-11,attendance,0.938623,ok,4,0.933373,0.91817,0.936402,8,cohort x format,False,False,False,0.0,0.938914,-0.00031,no_flag
SYN-002,2026-05-11,conversion,0.590112,ok,4,0.610822,0.583012,0.61895,8,cohort x format,False,False,False,0.0,0.57992,0.017575,no_flag
SYN-002,2026-05-11,on_time,0.917411,ok,4,0.924194,0.909553,0.92906,8,cohort x format,False,False,False,0.0,0.924769,-0.007956,no_flag
SYN-002,2026-05-11,turnaround,6.046652,ok,4,6.039849,5.941565,6.115304,8,cohort x format,False,False,False,0.0,5.776968,0.046683,no_flag
SYN-002,2026-05-11,recall_rate,0.171756,ok,4,0.181663,0.174989,0.187945,8,cohort x format,False,False,False,0.0,0.177451,-0.032095,no_flag
SYN-002,2026-05-11,exams,156.75,ok,4,150.625,140.625,157.375,8,cohort x format,,,,,,,
SYN-002,2026-05-18,utilization,0.798544,ok,4,0.838028,0.82663,0.851863,8,cohort x format,False,False,False,0.0,0.808859,-0.012753,no_flag
SYN-002,2026-05-18,attendance,0.940729,ok,4,0.931108,0.926056,0.938119,8,cohort x format,False,False,False,0.0,0.936234,0.004802,no_flag
SYN-002,2026-05-18,conversion,0.581583,ok,4,0.610275,0.575954,0.623839,8,cohort x format,False,False,False,0.0,0.576923,0.008078,no_flag
SYN-002,2026-05-18,on_time,0.925754,ok,4,0.925718,0.914825,0.932235,8,cohort x format,False,False,False,0.0,0.919075,0.007267,no_flag
SYN-002,2026-05-18,turnaround,6.151276,ok,4,6.111369,6.03939,6.16165,8,cohort x format,False,False,False,0.0,5.790058,0.062386,no_flag
SYN-002,2026-05-18,recall_rate,0.171206,ok,4,0.178698,0.175063,0.188236,8,cohort x format,False,False,False,0.0,0.175781,-0.026027,no_flag
SYN-002,2026-05-18,exams,154.75,ok,4,149.125,139.375,158.25,8,cohort x format,,,,,,,
SYN-002,2026-05-25,utilization,0.797821,ok,4,0.840598,0.830909,0.86204,7,cohort x format,False,False,False,0.0,0.809524,-0.014457,no_flag
SYN-002,2026-05-25,attendance,0.939302,ok,4,0.936482,0.92848,0.940767,7,cohort x format,False,False,False,0.0,0.935143,0.004447,no_flag
SYN-002,2026-05-25,conversion,0.565428,ok,4,0.61041,0.571234,0.617611,7,cohort x format,False,False,False,0.0,0.583065,-0.030248,no_flag
SYN-002,2026-05-25,on_time,0.91924,ok,4,0.92217,0.920171,0.926482,7,cohort x format,False,False,False,0.0,0.923875,-0.005017,no_flag
SYN-002,2026-05-25,turnaround,5.875297,ok,4,6.097835,5.965435,6.23177,7,cohort x format,False,False,False,0.0,5.764014,0.019307,no_flag
SYN-002,2026-05-25,recall_rate,0.175337,ok,4,0.18,0.178876,0.184361,7,cohort x format,False,False,False,0.0,0.175248,0.000512,no_flag
SYN-002,2026-05-25,exams,154.75,ok,4,146.75,141.25,156.875,7,cohort x format,,,,,,,
SYN-002,2026-06-01,utilization,0.793839,ok,4,0.839152,0.829673,0.866326,7,cohort x format,False,False,False,0.0,0.813227,-0.023841,no_flag
SYN-002,2026-06-01,attendance,0.938806,ok,4,0.933333,0.933062,0.940335,7,cohort x format,False,False,False,0.0,0.9375,0.001393,no_flag
SYN-002,2026-06-01,conversion,0.565978,ok,4,0.609626,0.566873,0.617104,7,cohort x format,False,False,False,0.0,0.585542,-0.033412,no_flag
SYN-002,2026-06-01,on_time,0.921296,ok,4,0.926247,0.917386,0.929952,7,cohort x format,False,False,False,0.0,0.923516,-0.002404,no_flag
SYN-002,2026-06-01,turnaround,5.725694,ok,4,6.001735,5.737349,6.267174,7,cohort x format,False,False,False,0.0,5.86484,-0.023725,no_flag
SYN-002,2026-06-01,recall_rate,0.183246,ok,4,0.177874,0.175108,0.185951,7,cohort x format,False,False,False,0.0,0.173784,0.05445,no_flag
SYN-002,2026-06-01,exams,157.25,ok,4,145.75,141.875,156.0,7,cohort x format,,,,,,,
SYN-002,2026-06-08,utilization,0.803805,ok,4,0.836066,0.827942,0.869027,7,cohort x format,False,False,False,0.0,0.806471,-0.003306,no_flag
SYN-002,2026-06-08,attendance,0.940828,ok,4,0.936688,0.936479,0.939685,7,cohort x format,False,False,False,0.0,0.937169,0.003905,no_flag
SYN-002,2026-06-08,conversion,0.566038,ok,4,0.604693,0.572656,0.614389,7,cohort x format,False,False,False,0.0,0.58643,-0.034773,no_flag
SYN-002,2026-06-08,on_time,0.929062,ok,4,0.927632,0.916254,0.929765,7,cohort x format,False,False,False,0.0,0.919908,0.00995,no_flag
SYN-002,2026-06-08,turnaround,5.651487,ok,4,6.078289,5.790367,6.195696,7,cohort x format,False,False,False,0.0,5.938902,-0.048395,no_flag
SYN-002,2026-06-08,recall_rate,0.182994,ok,4,0.178733,0.17562,0.184216,7,cohort x format,False,False,False,0.0,0.170685,0.07212,no_flag
SYN-002,2026-06-08,exams,159.0,ok,4,144.25,141.375,156.5,7,cohort x format,,,,,,,
SYN-002,2026-06-15,utilization,0.808333,ok,4,0.842179,0.832953,0.865079,7,cohort x format,False,False,False,0.0,0.797937,0.013029,no_flag
SYN-002,2026-06-15,attendance,0.939617,ok,4,0.93864,0.935742,0.940802,7,cohort x format,False,False,False,0.0,0.937643,0.002106,no_flag
SYN-002,2026-06-15,conversion,0.5721,ok,4,0.584806,0.57544,0.611654,7,cohort x format,False,False,False,0.0,0.585564,-0.022992,no_flag
SYN-002,2026-06-15,on_time,0.919643,ok,4,0.928105,0.919308,0.932235,7,cohort x format,False,False,False,0.0,0.919075,0.000618,no_flag
SYN-002,2026-06-15,turnaround,5.63817,ok,4,5.959599,5.855407,6.053647,7,cohort x format,False,False,False,0.0,5.875376,-0.040373,no_flag
SYN-002,2026-06-15,recall_rate,0.185687,ok,4,0.181818,0.173684,0.18627,7,cohort x format,False,False,False,0.0,0.170611,0.08836,no_flag
SYN-002,2026-06-15,exams,159.5,ok,4,146.5,141.875,156.0,7,cohort x format,,,,,,,
SYN-002,2026-06-22,utilization,0.803357,ok,4,0.839433,0.819644,0.853958,8,cohort x format,False,False,False,0.0,0.80012,0.004046,no_flag
SYN-002,2026-06-22,attendance,0.944776,ok,4,0.936377,0.932113,0.940151,8,cohort x format,False,False,False,0.0,0.935484,0.009933,no_flag
SYN-002,2026-06-22,conversion,0.576619,ok,4,0.590045,0.583754,0.608121,8,cohort x format,False,False,False,0.0,0.57899,-0.004094,no_flag
SYN-002,2026-06-22,on_time,0.923937,ok,4,0.923382,0.921869,0.930644,8,cohort x format,False,False,False,0.0,0.920781,0.003428,no_flag
SYN-002,2026-06-22,turnaround,5.948098,ok,4,5.835319,5.726517,5.913696,8,cohort x format,False,False,False,0.0,5.77589,0.029815,no_flag
SYN-002,2026-06-22,recall_rate,0.178988,ok,4,0.179027,0.177403,0.183726,8,cohort x format,False,False,False,0.0,0.172179,0.039548,no_flag
SYN-002,2026-06-22,exams,158.25,ok,4,144.5,140.6875,154.5625,8,cohort x format,,,,,,,
SYN-002,2026-06-29,utilization,0.805522,ok,4,0.84466,0.827238,0.858086,9,cohort x format,False,False,False,0.0,0.802632,0.003601,no_flag
SYN-002,2026-06-29,attendance,0.946349,ok,4,0.936204,0.930081,0.943314,9,cohort x format,False,False,False,0.0,0.936662,0.010342,no_flag
SYN-002,2026-06-29,conversion,0.571654,ok,4,0.593151,0.574586,0.610548,9,cohort x format,False,False,False,0.0,0.581543,-0.017006,no_flag
SYN-002,2026-06-29,on_time,0.927765,ok,4,0.927536,0.92619,0.928839,9,cohort x format,False,False,False,0.0,0.918828,0.009727,no_flag
SYN-002,2026-06-29,turnaround,6.000451,ok,4,5.937101,5.682143,6.098488,9,cohort x format,False,False,False,0.0,5.850958,0.02555,no_flag
SYN-002,2026-06-29,recall_rate,0.17735,ok,4,0.180645,0.17735,0.187373,9,cohort x format,False,False,False,0.0,0.178538,-0.006654,no_flag
SYN-002,2026-06-29,exams,158.75,ok,4,146.75,142.5,162.25,9,cohort x format,,,,,,,
SYN-002,2026-07-06,utilization,0.798339,ok,4,0.84903,0.836957,0.855769,9,cohort x format,False,False,False,0.0,0.80479,-0.008016,no_flag
SYN-002,2026-07-06,attendance,0.942051,ok,4,0.935691,0.928354,0.942931,9,cohort x format,False,False,False,0.0,0.939732,0.002467,no_flag
SYN-002,2026-07-06,conversion,0.578864,ok,4,0.588235,0.566929,0.612308,9,cohort x format,False,False,False,0.0,0.577989,0.001515,no_flag
SYN-002,2026-07-06,on_time,0.930337,ok,4,0.928962,0.921512,0.93125,9,cohort x format,False,False,False,0.0,0.923164,0.00777,no_flag
SYN-002,2026-07-06,turnaround,6.049438,ok,4,5.887746,5.752983,6.086122,9,cohort x format,False,False,False,0.0,5.851525,0.033822,no_flag
SYN-002,2026-07-06,recall_rate,0.17418,ok,4,0.183158,0.175676,0.184874,9,cohort x format,False,False,False,0.0,0.177465,-0.018508,no_flag
SYN-002,2026-07-06,exams,158.5,ok,4,145.5,143.0,160.75,9,cohort x format,,,,,,,
SYN-002,2026-07-13,utilization,0.8,ok,4,0.846365,0.836957,0.855181,9,cohort x format,False,False,False,0.0,0.803486,-0.004338,no_flag
SYN-002,2026-07-13,attendance,0.940058,ok,4,0.939103,0.933835,0.941606,9,cohort x format,False,False,False,0.0,0.940165,-0.000113,no_flag
SYN-002,2026-07-13,conversion,0.584759,ok,4,0.595365,0.57451,0.609302,9,cohort x format,False,False,False,0.0,0.57677,0.013851,no_flag
SYN-002,2026-07-13,on_time,0.940659,ok,4,0.921429,0.914894,0.92663,9,cohort x format,False,False,False,0.0,0.922639,0.019531,no_flag
SYN-002,2026-07-13,turnaround,5.996044,ok,4,5.925507,5.856308,6.03383,9,cohort x format,False,False,False,0.0,5.889761,0.018045,no_flag
SYN-002,2026-07-13,recall_rate,0.176692,ok,4,0.176724,0.172867,0.186788,9,cohort x format,False,False,False,0.0,0.178468,-0.00995,no_flag
SYN-002,2026-07-13,exams,160.75,ok,4,146.5,140.25,161.25,9,cohort x format,,,,,,,
SYN-002,2026-07-20,utilization,0.804398,ok,4,0.841646,0.832011,0.850822,9,cohort x format,False,False,False,0.0,0.800602,0.004741,no_flag
SYN-002,2026-07-20,attendance,0.936691,ok,4,0.938843,0.938623,0.943536,9,cohort x format,False,False,False,0.0,0.942062,-0.005701,no_flag
SYN-002,2026-07-20,conversion,0.589862,ok,4,0.587402,0.579051,0.603873,9,cohort x format,False,False,False,0.0,0.571086,0.032877,no_flag
SYN-002,2026-07-20,on_time,0.948387,ok,4,0.921739,0.917021,0.925595,9,cohort x format,False,False,False,0.0,0.921659,0.029,no_flag
SYN-002,2026-07-20,turnaround,6.075269,ok,4,6.057391,5.874255,6.106548,9,cohort x format,False,False,False,0.0,5.912788,0.02748,no_flag
SYN-002,2026-07-20,recall_rate,0.181985,ok,4,0.177384,0.169811,0.18451,9,cohort x format,False,False,False,0.0,0.177154,0.027272,no_flag
SYN-002,2026-07-20,exams,162.75,ok,4,148.75,141.75,158.75,9,cohort x format,,,,,,,
SYN-002,2026-07-27,utilization,0.794393,ok,4,0.838471,0.832812,0.850444,9,cohort x format,False,False,False,0.0,0.799642,-0.006565,no_flag
SYN-002,2026-07-27,attendance,0.933824,ok,4,0.943536,0.933333,0.945,9,cohort x format,False,False,False,0.0,0.94258,-0.00929,no_flag
SYN-002,2026-07-27,conversion,0.601575,ok,4,0.591772,0.582402,0.601411,9,cohort x format,False,False,False,0.0,0.568829,0.057567,no_flag
SYN-002,2026-07-27,on_time,0.940043,ok,4,0.923977,0.918719,0.929515,9,cohort x format,False,False,False,0.0,0.924571,0.016734,no_flag
SYN-002,2026-07-27,turnaround,6.050321,ok,4,6.060254,5.853317,6.202312,9,cohort x format,False,False,False,0.0,5.8648,0.031633,no_flag
SYN-002,2026-07-27,recall_rate,0.180769,ok,4,0.172888,0.164589,0.180747,9,cohort x format,False,False,False,0.0,0.180596,0.000962,no_flag
SYN-002,2026-07-27,exams,158.75,ok,4,151.25,140.0,158.75,9,cohort x format,,,,,,,
SYN-002,2026-08-03,utilization,0.809579,ok,4,0.835366,0.828571,0.842822,9,cohort x format,False,False,False,0.0,0.801069,0.010624,no_flag
SYN-002,2026-08-03,attendance,0.940837,ok,4,0.943802,0.939806,0.944171,9,cohort x format,False,False,False,0.0,0.941438,-0.000639,no_flag
SYN-002,2026-08-03,conversion,0.604294,ok,4,0.593043,0.582645,0.597201,9,cohort x format,False,False,False,0.0,0.572441,0.055645,no_flag
SYN-002,2026-08-03,on_time,0.930328,ok,4,0.921376,0.91134,0.928721,9,cohort x format,False,False,False,0.0,0.929705,0.00067,no_flag
SYN-002,2026-08-03,turnaround,6.039549,ok,4,6.106509,5.784486,6.169081,9,cohort x format,False,False,False,0.0,5.852268,0.032002,no_flag
SYN-002,2026-08-03,recall_rate,0.192913,ok,4,0.174664,0.171355,0.18254,9,cohort x format,False,False,False,0.0,0.178814,0.078847,no_flag
SYN-002,2026-08-03,exams,163.0,ok,4,151.75,142.75,160.75,9,cohort x format,,,,,,,
SYN-002,2026-08-10,utilization,0.811543,ok,4,0.843284,0.827943,0.843621,9,cohort x format,False,False,False,0.0,0.80413,0.009219,no_flag
SYN-002,2026-08-10,attendance,0.946299,ok,4,0.940565,0.936925,0.945724,9,cohort x format,False,False,False,0.0,0.939839,0.006874,no_flag
SYN-002,2026-08-10,conversion,0.601227,ok,4,0.591065,0.575258,0.603744,9,cohort x format,False,False,False,0.0,0.578454,0.039368,no_flag
SYN-002,2026-08-10,on_time,0.92562,ok,4,0.920792,0.918033,0.931751,9,cohort x format,False,False,False,0.0,0.930233,-0.004959,no_flag
SYN-002,2026-08-10,turnaround,6.08905,ok,4,5.950615,5.743777,6.151527,9,cohort x format,False,False,False,0.0,5.818494,0.046499,no_flag
SYN-002,2026-08-10,recall_rate,0.19,ok,4,0.179226,0.17161,0.184358,9,cohort x format,False,False,False,0.0,0.181125,0.049,no_flag
SYN-002,2026-08-10,exams,163.0,ok,4,150.25,143.75,160.25,9,cohort x format,,,,,,,
SYN-002,2026-08-17,utilization,0.809859,ok,4,0.835427,0.827329,0.848276,9,cohort x format,False,False,False,0.0,0.803887,0.007429,no_flag
SYN-002,2026-08-17,attendance,0.946377,ok,4,0.942053,0.939837,0.942943,9,cohort x format,False,False,False,0.0,0.940659,0.006078,no_flag
SYN-002,2026-08-17,conversion,0.598775,ok,4,0.596913,0.57085,0.60925,9,cohort x format,False,False,False,0.0,0.583333,0.026471,no_flag
SYN-002,2026-08-17,on_time,0.917012,ok,4,0.920091,0.913408,0.926667,9,cohort x format,False,False,False,0.0,0.936404,-0.020708,no_flag
SYN-002,2026-08-17,turnaround,6.063693,ok,4,6.079228,5.734932,6.229129,9,cohort x format,False,False,False,0.0,6.012939,0.008441,no_flag
SYN-002,2026-08-17,recall_rate,0.187633,ok,4,0.184946,0.180894,0.186047,9,cohort x format,False,False,False,0.0,0.180529,0.039351,no_flag
SYN-002,2026-08-17,exams,163.25,ok,4,145.75,142.25,157.0,9,cohort x format,,,,,,,
SYN-003,2026-02-23,utilization,,insufficient_history,1,,,,0,suppressed,False,False,False,0.0,,,unavailable
SYN-003,2026-02-23,attendance,,insufficient_history,1,,,,0,suppressed,False,False,False,0.0,,,unavailable
SYN-003,2026-02-23,conversion,,insufficient_history,1,,,,0,suppressed,False,False,False,0.0,,,unavailable
SYN-003,2026-02-23,on_time,,insufficient_history,1,,,,0,suppressed,False,False,False,0.0,,,unavailable
SYN-003,2026-02-23,turnaround,,insufficient_history,1,,,,0,suppressed,False,False,False,0.0,,,unavailable
SYN-003,2026-02-23,recall_rate,,insufficient_history,1,,,,0,suppressed,False,False,False,0.0,,,unavailable
SYN-003,2026-02-23,exams,,insufficient_history,1,,,,0,suppressed,,,,,,,
SYN-003,2026-03-02,utilization,,insufficient_history,2,,,,0,suppressed,False,False,False,0.0,,,unavailable
SYN-003,2026-03-02,attendance,,insufficient_history,2,,,,0,suppressed,False,False,False,0.0,,,unavailable
SYN-003,2026-03-02,conversion,,insufficient_history,2,,,,0,suppressed,False,False,False,0.0,,,unavailable
SYN-003,2026-03-02,on_time,,insufficient_history,2,,,,0,suppressed,False,False,False,0.0,,,unavailable
SYN-003,2026-03-02,turnaround,,insufficient_history,2,,,,0,suppressed,False,False,False,0.0,,,unavailable
SYN-003,2026-03-02,recall_rate,,insufficient_history,2,,,,0,suppressed,False,False,False,0.0,,,unavailable
SYN-003,2026-03-02,exams,,insufficient_history,2,,,,0,suppressed,,,,,,,
SYN-003,2026-03-09,utilization,0.862816,ok,3,0.833331,0.814197,0.856017,8,cohort x format,False,False,False,0.0,,,no_flag
SYN-003,2026-03-09,attendance,0.945607,ok,3,0.937804,0.931449,0.942714,8,cohort x format,False,False,False,0.0,,,no_flag
SYN-003,2026-03-09,conversion,0.641593,ok,3,0.602056,0.578846,0.611607,8,cohort x format,False,False,False,0.0,,,no_flag
SYN-003,2026-03-09,on_time,0.920228,ok,3,0.915821,0.914324,0.924192,8,cohort x format,False,False,False,0.0,,,no_flag
SYN-003,2026-03-09,turnaround,6.320513,ok,3,5.870089,5.796721,6.173259,8,cohort x format,False,False,False,0.0,,,no_flag
SYN-003,2026-03-09,recall_rate,0.185294,ok,3,0.178976,0.166988,0.18361,8,cohort x format,False,False,False,0.0,,,no_flag
SYN-003,2026-03-09,exams,150.666667,ok,3,151.666667,146.0,157.5,8,cohort x format,,,,,,,
SYN-003,2026-03-16,utilization,0.856757,ok,4,0.834579,0.821353,0.858612,8,cohort x format,False,False,False,0.0,,,no_flag
SYN-003,2026-03-16,attendance,0.946372,ok,4,0.93772,0.933154,0.942348,8,cohort x format,False,False,False,0.0,,,no_flag
SYN-003,2026-03-16,conversion,0.633333,ok,4,0.599596,0.576602,0.609896,8,cohort x format,False,False,False,0.0,,,no_flag
SYN-003,2026-03-16,on_time,0.924242,ok,4,0.92197,0.913312,0.928021,8,cohort x format,False,False,False,0.0,,,no_flag
SYN-003,2026-03-16,turnaround,6.507792,ok,4,5.868516,5.758015,6.11499,8,cohort x format,True,False,True,1.0,,,flag
SYN-003,2026-03-16,recall_rate,0.182844,ok,4,0.181847,0.171815,0.184877,8,cohort x format,False,False,False,0.0,,,no_flag
SYN-003,2026-03-16,exams,150.0,ok,4,154.25,147.25,158.125,8,cohort x format,,,,,,,
SYN-003,2026-03-23,utilization,0.855586,ok,4,0.83416,0.825068,0.855534,8,cohort x format,False,False,False,0.0,,,no_flag
SYN-003,2026-03-23,attendance,0.944268,ok,4,0.937314,0.935725,0.94101,8,cohort x format,False,False,False,0.0,,,no_flag
SYN-003,2026-03-23,conversion,0.618887,ok,4,0.596008,0.571999,0.617156,8,cohort x format,False,False,False,0.0,,,no_flag
SYN-003,2026-03-23,on_time,0.924612,ok,4,0.924811,0.910346,0.930609,8,cohort x format,False,False,False,0.0,,,no_flag
SYN-003,2026-03-23,turnaround,6.247672,ok,4,5.939107,5.841734,5.991102,8,cohort x format,False,False,False,0.0,,,no_flag
SYN-003,2026-03-23,recall_rate,0.18559,ok,4,0.178561,0.174144,0.184872,8,cohort x format,False,False,False,0.0,,,no_flag
SYN-003,2026-03-23,exams,148.25,ok,4,155.75,149.125,157.1875,8,cohort x format,,,,,,,
SYN-003,2026-03-30,utilization,0.851351,ok,4,0.826762,0.825875,0.850057,8,cohort x format,False,False,False,0.0,,,no_flag
SYN-003,2026-03-30,attendance,0.944444,ok,4,0.938645,0.93568,0.940675,8,cohort x format,False,False,False,0.0,,,no_flag
SYN-003,2026-03-30,conversion,0.608403,ok,4,0.596093,0.579307,0.611002,8,cohort x format,False,False,False,0.0,,,no_flag
SYN-003,2026-03-30,on_time,0.932432,ok,4,0.925563,0.922224,0.928959,8,cohort x format,False,False,False,0.0,,,no_flag
SYN-003,2026-03-30,turnaround,6.184234,ok,4,6.056508,5.881407,6.1681,8,cohort x format,False,False,False,0.0,,,no_flag
SYN-003,2026-03-30,recall_rate,0.178808,ok,4,0.18357,0.179225,0.184657,8,cohort x format,False,False,False,0.0,,,no_flag
SYN-003,2026-03-30,exams,148.75,ok,4,154.875,148.625,158.1875,8,cohort x format,,,,,,,
SYN-003,2026-04-06,utilization,0.831293,ok,4,0.831996,0.822629,0.844078,8,cohort x format,False,False,False,0.0,,,no_flag
SYN-003,2026-04-06,attendance,0.94108,ok,4,0.940146,0.937652,0.942976,8,cohort x format,False,False,False,0.0,,,no_flag
SYN-003,2026-04-06,conversion,0.598261,ok,4,0.598127,0.579316,0.608546,8,cohort x format,False,False,False,0.0,,,no_flag
SYN-003,2026-04-06,on_time,0.924706,ok,4,0.923517,0.918501,0.928975,8,cohort x format,False,False,False,0.0,,,no_flag
SYN-003,2026-04-06,turnaround,6.164706,ok,4,6.038866,5.954281,6.091509,8,cohort x format,False,False,False,0.0,,,no_flag
SYN-003,2026-04-06,recall_rate,0.182819,ok,4,0.182145,0.1764,0.184734,8,cohort x format,False,False,False,0.0,,,no_flag
SYN-003,2026-04-06,exams,143.75,ok,4,155.25,146.75,159.0,8,cohort x format,,,,,,,
SYN-003,2026-04-13,utilization,0.834025,ok,4,0.832697,0.819658,0.845326,8,cohort x format,False,False,False,0.0,,,no_flag
SYN-003,2026-04-13,attendance,0.940299,ok,4,0.938173,0.935168,0.942591,8,cohort x format,False,False,False,0.0,,,no_flag
SYN-003,2026-04-13,conversion,0.59612,ok,4,0.596049,0.585607,0.607092,8,cohort x format,False,False,False,0.0,,,no_flag
SYN-003,2026-04-13,on_time,0.915254,ok,4,0.923905,0.922043,0.931153,8,cohort x format,False,False,False,0.0,,,no_flag
SYN-003,2026-04-13,turnaround,5.945763,ok,4,5.945855,5.877886,6.070852,8,cohort x format,False,False,False,0.0,,,no_flag
SYN-003,2026-04-13,recall_rate,0.181034,ok,4,0.17554,0.172709,0.183896,8,cohort x format,False,False,False,0.0,,,no_flag
SYN-003,2026-04-13,exams,141.75,ok,4,154.75,145.1875,157.3125,8,cohort x format,,,,,,,
SYN-003,2026-04-20,utilization,0.837432,ok,4,0.832387,0.816986,0.849979,8,cohort x format,False,False,False,0.0,,,no_flag
SYN-003,2026-04-20,attendance,0.936378,ok,4,0.935791,0.928734,0.938349,8,cohort x format,False,False,False,0.0,,,no_flag
SYN-003,2026-04-20,conversion,0.594077,ok,4,0.594525,0.585382,0.612317,8,cohort x format,False,False,False,0.0,,,no_flag
SYN-003,2026-04-20,on_time,0.907731,ok,4,0.920049,0.916019,0.925687,8,cohort x format,False,False,False,0.0,,,no_flag
SYN-003,2026-04-20,turnaround,6.022693,ok,4,5.939701,5.820806,6.019776,8,cohort x format,False,False,False,0.0,,,no_flag
SYN-003,2026-04-20,recall_rate,0.178971,ok,4,0.175093,0.170061,0.183487,8,cohort x format,False,False,False,0.0,,,no_flag
SYN-003,2026-04-20,exams,143.5,ok,4,154.75,143.875,156.5,8,cohort x format,,,,,,,
SYN-003,2026-04-27,utilization,0.828571,ok,4,0.837047,0.824353,0.862158,8,cohort x format,False,False,False,0.0,0.852727,-0.028328,no_flag
SYN-003,2026-04-27,attendance,0.932677,ok,4,0.935584,0.919426,0.940077,8,cohort x format,False,False,False,0.0,0.943497,-0.011468,no_flag
SYN-003,2026-04-27,conversion,0.603873,ok,4,0.596178,0.586499,0.614183,8,cohort x format,False,False,False,0.0,0.623729,-0.031834,no_flag
SYN-003,2026-04-27,on_time,0.915212,ok,4,0.924896,0.91493,0.929997,8,cohort x format,False,False,False,0.0,0.923191,-0.008642,no_flag
SYN-003,2026-04-27,turnaround,6.200748,ok,4,5.908209,5.81632,6.089906,8,cohort x format,False,False,False,0.0,6.269572,-0.010977,no_flag
SYN-003,2026-04-27,recall_rate,0.178571,ok,4,0.177772,0.172047,0.184441,8,cohort x format,False,False,False,0.0,0.182749,-0.022857,no_flag
SYN-003,2026-04-27,exams,142.0,ok,4,156.125,143.375,156.8125,8,cohort x format,,,,,,,
SYN-003,2026-05-04,utilization,0.84225,ok,4,0.840018,0.822876,0.856102,8,cohort x format,False,False,False,0.0,0.844841,-0.003067,no_flag
SYN-003,2026-05-04,attendance,0.934853,ok,4,0.935363,0.919211,0.937703,8,cohort x format,False,False,False,0.0,0.943067,-0.008709,no_flag
SYN-003,2026-05-04,conversion,0.621951,ok,4,0.599676,0.589181,0.606554,8,cohort x format,False,False,False,0.0,0.617332,0.007482,no_flag
SYN-003,2026-05-04,on_time,0.920482,ok,4,0.920742,0.912506,0.927558,8,cohort x format,False,False,False,0.0,0.92268,-0.002383,no_flag
SYN-003,2026-05-04,turnaround,6.221205,ok,4,5.906854,5.81667,6.048431,8,cohort x format,False,False,False,0.0,6.23518,-0.002241,no_flag
SYN-003,2026-05-04,recall_rate,0.177215,ok,4,0.177327,0.174454,0.185544,8,cohort x format,False,False,False,0.0,0.183879,-0.036241,no_flag
SYN-003,2026-05-04,exams,143.5,ok,4,155.625,143.875,157.75,8,cohort x format,,,,,,,
SYN-003,2026-05-11,utilization,0.837653,ok,4,0.832263,0.82313,0.853146,8,cohort x format,False,False,False,0.0,0.845523,-0.009307,no_flag
SYN-003,2026-05-11,attendance,0.931596,ok,4,0.935485,0.91817,0.938264,8,cohort x format,False,False,False,0.0,0.943411,-0.012524,no_flag
SYN-003,2026-05-11,conversion,0.624126,ok,4,0.598039,0.583012,0.616065,8,cohort x format,False,False,False,0.0,0.615253,0.014422,no_flag
SYN-003,2026-05-11,on_time,0.927885,ok,4,0.919404,0.909553,0.928389,8,cohort x format,False,False,False,0.0,0.92,0.00857,no_flag
SYN-003,2026-05-11,turnaround,6.077163,ok,4,6.037511,5.941565,6.095927,8,cohort x format,False,False,False,0.0,6.242514,-0.026488,no_flag
SYN-003,2026-05-11,recall_rate,0.179204,ok,4,0.17978,0.173388,0.187945,8,cohort x format,False,False,False,0.0,0.181918,-0.014924,no_flag
SYN-003,2026-05-11,exams,143.0,ok,4,154.375,145.3125,157.375,8,cohort x format,,,,,,,
SYN-003,2026-05-18,utilization,0.839112,ok,4,0.8333,0.817284,0.851863,8,cohort x format,False,False,False,0.0,0.846521,-0.008752,no_flag
SYN-003,2026-05-18,attendance,0.932231,ok,4,0.933093,0.926056,0.941515,8,cohort x format,False,False,False,0.0,0.940371,-0.008655,no_flag
SYN-003,2026-05-18,conversion,0.629433,ok,4,0.592826,0.575954,0.617855,8,cohort x format,False,False,False,0.0,0.606684,0.037497,no_flag
SYN-003,2026-05-18,on_time,0.937947,ok,4,0.92431,0.914825,0.929245,8,cohort x format,False,False,False,0.0,0.916667,0.023215,no_flag
SYN-003,2026-05-18,turnaround,6.078043,ok,4,6.137833,6.054618,6.16165,8,cohort x format,False,False,False,0.0,6.141784,-0.010378,no_flag
SYN-003,2026-05-18,recall_rate,0.17713,ok,4,0.178106,0.172112,0.188236,8,cohort x format,False,False,False,0.0,0.18232,-0.028469,no_flag
SYN-003,2026-05-18,exams,141.0,ok,4,153.75,142.75,158.25,8,cohort x format,,,,,,,
SYN-003,2026-05-25,utilization,0.848066,ok,4,0.836888,0.821316,0.858306,7,cohort x format,False,False,False,0.0,0.84,0.009603,no_flag
SYN-003,2026-05-25,attendance,0.936482,ok,4,0.939259,0.92848,0.940789,7,cohort x format,False,False,False,0.0,0.93866,-0.00232,no_flag
SYN-003,2026-05-25,conversion,0.622609,ok,4,0.574286,0.566805,0.611511,7,cohort x format,False,False,False,0.0,0.606191,0.027084,no_flag
SYN-003,2026-05-25,on_time,0.92217,ok,4,0.921348,0.919117,0.926482,7,cohort x format,False,False,False,0.0,0.92426,-0.002262,no_flag
SYN-003,2026-05-25,turnaround,5.979717,ok,4,6.097835,5.913225,6.23177,7,cohort x format,False,False,False,0.0,6.192071,-0.034295,no_flag
SYN-003,2026-05-25,recall_rate,0.181223,ok,4,0.179337,0.176876,0.18375,7,cohort x format,False,False,False,0.0,0.17869,0.014172,no_flag
SYN-003,2026-05-25,exams,143.75,ok,4,154.75,142.75,156.875,7,cohort x format,,,,,,,
SYN-003,2026-06-01,utilization,0.84478,ok,4,0.831241,0.822962,0.863512,7,cohort x format,False,False,False,0.0,0.836749,0.009599,no_flag
SYN-003,2026-06-01,attendance,0.933333,ok,4,0.938806,0.933062,0.940335,7,cohort x format,False,False,False,0.0,0.937959,-0.004932,no_flag
SYN-003,2026-06-01,conversion,0.61324,ok,4,0.574586,0.562569,0.615297,7,cohort x format,False,False,False,0.0,0.610096,0.005154,no_flag
SYN-003,2026-06-01,on_time,0.93253,ok,4,0.921296,0.917386,0.926811,7,cohort x format,False,False,False,0.0,0.922619,0.010742,no_flag
SYN-003,2026-06-01,turnaround,5.776627,ok,4,6.001735,5.711883,6.267174,7,cohort x format,False,False,False,0.0,6.192619,-0.067176,no_flag
SYN-003,2026-06-01,recall_rate,0.183036,ok,4,0.177874,0.175108,0.186056,7,cohort x format,False,False,False,0.0,0.179957,0.017109,no_flag
SYN-003,2026-06-01,exams,143.5,ok,4,155.0,143.0,157.125,7,cohort x format,,,,,,,
SYN-003,2026-06-08,utilization,0.844993,ok,4,0.828395,0.817845,0.864563,7,cohort x format,False,False,False,0.0,0.835852,0.010937,no_flag
SYN-003,2026-06-08,attendance,0.936688,ok,4,0.938983,0.936479,0.940608,7,cohort x format,False,False,False,0.0,0.935908,0.000834,no_flag
SYN-003,2026-06-08,conversion,0.615251,ok,4,0.576871,0.567239,0.60911,7,cohort x format,False,False,False,0.0,0.610184,0.008304,no_flag
SYN-003,2026-06-08,on_time,0.928571,ok,4,0.927632,0.916254,0.93001,7,cohort x format,False,False,False,0.0,0.921592,0.007573,no_flag
SYN-003,2026-06-08,turnaround,5.650714,ok,4,6.078289,5.790753,6.195696,7,cohort x format,False,False,False,0.0,6.011701,-0.060047,no_flag
SYN-003,2026-06-08,recall_rate,0.184946,ok,4,0.178733,0.17562,0.18324,7,cohort x format,False,False,False,0.0,0.180131,0.026732,no_flag
SYN-003,2026-06-08,exams,144.25,ok,4,155.25,141.375,158.375,7,cohort x format,,,,,,,
SYN-003,2026-06-15,utilization,0.844444,ok,4,0.837121,0.818559,0.863947,7,cohort x format,False,False,False,0.0,0.838266,0.007371,no_flag
SYN-003,2026-06-15,attendance,0.935855,ok,4,0.939617,0.937134,0.940802,7,cohort x format,False,False,False,0.0,0.934319,0.001645,no_flag
SYN-003,2026-06-15,conversion,0.613357,ok,4,0.579452,0.571764,0.597379,7,cohort x format,False,False,False,0.0,0.611599,0.002874,no_flag
SYN-003,2026-06-15,on_time,0.934783,ok,4,0.922566,0.917846,0.928896,7,cohort x format,False,False,False,0.0,0.923171,0.012578,no_flag
SYN-003,2026-06-15,turnaround,5.42971,ok,4,5.959599,5.855407,6.053647,7,cohort x format,False,False,False,0.0,6.050976,-0.102672,no_flag
SYN-003,2026-06-15,recall_rate,0.187368,ok,4,0.181818,0.173684,0.185559,7,cohort x format,False,False,False,0.0,0.178052,0.052327,no_flag
SYN-003,2026-06-15,exams,142.25,ok,4,155.75,144.0,157.875,7,cohort x format,,,,,,,
SYN-003,2026-06-22,utilization,0.839557,ok,4,0.831419,0.806832,0.853958,8,cohort x format,False,False,False,0.0,0.838245,0.001565,no_flag
SYN-003,2026-06-22,attendance,0.939044,ok,4,0.936377,0.932113,0.943731,8,cohort x format,False,False,False,0.0,0.934587,0.004769,no_flag
SYN-003,2026-06-22,conversion,0.619298,ok,4,0.585388,0.579817,0.596617,8,cohort x format,False,False,False,0.0,0.613298,0.009783,no_flag
SYN-003,2026-06-22,on_time,0.942721,ok,4,0.923252,0.921869,0.925565,8,cohort x format,False,False,False,0.0,0.918788,0.026048,no_flag
SYN-003,2026-06-22,turnaround,5.328401,ok,4,5.877593,5.803192,5.94045,8,cohort x format,False,False,False,0.0,6.087152,-0.124648,no_flag
SYN-003,2026-06-22,recall_rate,0.200413,ok,4,0.178898,0.177403,0.179889,8,cohort x format,False,False,False,0.0,0.179912,0.113953,no_flag
SYN-003,2026-06-22,exams,142.5,ok,4,149.75,140.6875,158.5,8,cohort x format,,,,,,,
SYN-003,2026-06-29,utilization,0.84466,ok,4,0.843137,0.821151,0.858086,9,cohort x format,False,False,False,0.0,0.843514,0.001359,no_flag
SYN-003,2026-06-29,attendance,0.935961,ok,4,0.943182,0.930081,0.945596,9,cohort x format,False,False,False,0.0,0.934093,0.002,no_flag
SYN-003,2026-06-29,conversion,0.617544,ok,4,0.587413,0.572289,0.594761,9,cohort x format,False,False,False,0.0,0.617596,-8.4e-05,no_flag
SYN-003,2026-06-29,on_time,0.92619,ok,4,0.927614,0.926339,0.928839,9,cohort x format,False,False,False,0.0,0.926506,-0.000341,no_flag
SYN-003,2026-06-29,turnaround,5.578333,ok,4,6.000451,5.752547,6.098488,9,cohort x format,False,False,False,0.0,5.998916,-0.07011,no_flag
SYN-003,2026-06-29,recall_rate,0.2,ok,4,0.177632,0.17735,0.18408,9,cohort x format,False,False,False,0.0,0.180043,0.110843,no_flag
SYN-003,2026-06-29,exams,142.5,ok,4,152.25,143.0,162.25,9,cohort x format,,,,,,,
SYN-003,2026-07-06,utilization,0.84903,ok,4,0.845963,0.827238,0.855769,9,cohort x format,False,False,False,0.0,0.841313,0.009173,no_flag
SYN-003,2026-07-06,attendance,0.933116,ok,4,0.942051,0.928354,0.942931,9,cohort x format,False,False,False,0.0,0.934146,-0.001103,no_flag
SYN-003,2026-07-06,conversion,0.615385,ok,4,0.587345,0.566929,0.59409,9,cohort x format,False,False,False,0.0,0.619669,-0.006914,no_flag
SYN-003,2026-07-06,on_time,0.930788,ok,4,0.928962,0.921512,0.93125,9,cohort x format,False,False,False,0.0,0.92823,0.002756,no_flag
SYN-003,2026-07-06,turnaround,5.752983,ok,4,6.049438,5.83375,6.086122,9,cohort x format,False,False,False,0.0,5.862919,-0.018751,no_flag
SYN-003,2026-07-06,recall_rate,0.19869,ok,4,0.182254,0.17418,0.184758,9,cohort x format,False,False,False,0.0,0.182116,0.09101,no_flag
SYN-003,2026-07-06,exams,143.0,ok,4,152.25,144.5,160.75,9,cohort x format,,,,,,,
SYN-003,2026-07-13,utilization,0.846365,ok,4,0.839779,0.830892,0.855181,9,cohort x format,False,False,False,0.0,0.841777,0.005451,no_flag
SYN-003,2026-07-13,attendance,0.93517,ok,4,0.940058,0.933835,0.941606,9,cohort x format,False,False,False,0.0,0.934048,0.001202,no_flag
SYN-003,2026-07-13,conversion,0.613518,ok,4,0.587963,0.57451,0.598383,9,cohort x format,False,False,False,0.0,0.621359,-0.012619,no_flag
SYN-003,2026-07-13,on_time,0.921429,ok,4,0.923077,0.914894,0.938575,9,cohort x format,False,False,False,0.0,0.936375,-0.015962,no_flag
SYN-003,2026-07-13,turnaround,6.01119,ok,4,5.925507,5.856308,6.03383,9,cohort x format,False,False,False,0.0,5.755822,0.044367,no_flag
SYN-003,2026-07-13,recall_rate,0.192905,ok,4,0.176692,0.172867,0.186404,9,cohort x format,False,False,False,0.0,0.18241,0.057531,no_flag
SYN-003,2026-07-13,exams,144.25,ok,4,155.25,140.25,161.25,9,cohort x format,,,,,,,
SYN-003,2026-07-20,utilization,0.849719,ok,4,0.835165,0.829721,0.850822,9,cohort x format,False,False,False,0.0,0.843815,0.006997,no_flag
SYN-003,2026-07-20,attendance,0.938843,ok,4,0.938722,0.936691,0.943536,9,cohort x format,False,False,False,0.0,0.937756,0.001159,no_flag
SYN-003,2026-07-20,conversion,0.603873,ok,4,0.587402,0.579051,0.593056,9,cohort x format,False,False,False,0.0,0.620961,-0.027518,no_flag
SYN-003,2026-07-20,on_time,0.918719,ok,4,0.92511,0.917021,0.928747,9,cohort x format,False,False,False,0.0,0.932384,-0.014656,no_flag
SYN-003,2026-07-20,turnaround,6.173645,ok,4,6.057391,5.874255,6.103931,9,cohort x format,False,False,False,0.0,5.655991,0.091523,no_flag
SYN-003,2026-07-20,recall_rate,0.18451,ok,4,0.177384,0.169811,0.181985,9,cohort x format,False,False,False,0.0,0.191083,-0.034396,no_flag
SYN-003,2026-07-20,exams,142.0,ok,4,156.75,141.75,158.75,9,cohort x format,,,,,,,
SYN-003,2026-07-27,utilization,0.840336,ok,4,0.836387,0.824755,0.850444,9,cohort x format,False,False,False,0.0,0.84472,-0.00519,no_flag
SYN-003,2026-07-27,attendance,0.945,ok,4,0.941878,0.933333,0.944118,9,cohort x format,False,False,False,0.0,0.934641,0.011084,no_flag
SYN-003,2026-07-27,conversion,0.601411,ok,4,0.591772,0.582402,0.601575,9,cohort x format,False,False,False,0.0,0.615385,-0.022707,no_flag
SYN-003,2026-07-27,on_time,0.918719,ok,4,0.928747,0.92389,0.931452,9,cohort x format,False,False,False,0.0,0.929341,-0.01143,no_flag
SYN-003,2026-07-27,turnaround,6.070197,ok,4,6.050321,5.853317,6.202312,9,cohort x format,False,False,False,0.0,5.676886,0.069283,no_flag
SYN-003,2026-07-27,recall_rate,0.178649,ok,4,0.172888,0.164589,0.180769,9,cohort x format,False,False,False,0.0,0.19163,-0.067738,no_flag
SYN-003,2026-07-27,exams,141.75,ok,4,158.0,140.0,158.75,9,cohort x format,,,,,,,
SYN-003,2026-08-03,utilization,0.83795,ok,4,0.832902,0.825062,0.842822,9,cohort x format,False,False,False,0.0,0.847002,-0.010687,no_flag
SYN-003,2026-08-03,attendance,0.943802,ok,4,0.943066,0.939806,0.944171,9,cohort x format,False,False,False,0.0,0.934906,0.009515,no_flag
SYN-003,2026-08-03,conversion,0.593695,ok,4,0.593043,0.582645,0.604294,9,cohort x format,False,False,False,0.0,0.615318,-0.03514,no_flag
SYN-003,2026-08-03,on_time,0.91791,ok,4,0.926036,0.91134,0.930328,9,cohort x format,False,False,False,0.0,0.929678,-0.012658,no_flag
SYN-003,2026-08-03,turnaround,6.146517,ok,4,6.039549,5.784486,6.169081,9,cohort x format,False,False,False,0.0,5.701788,0.077998,no_flag
SYN-003,2026-08-03,recall_rate,0.168443,ok,4,0.176471,0.17321,0.183575,9,cohort x format,False,False,False,0.0,0.191766,-0.12162,no_flag
SYN-003,2026-08-03,exams,142.75,ok,4,157.0,143.75,161.5,9,cohort x format,,,,,,,
SYN-003,2026-08-10,utilization,0.832877,ok,4,0.843284,0.825767,0.843621,9,cohort x format,False,False,False,0.0,0.845411,-0.014826,no_flag
SYN-003,2026-08-10,attendance,0.945724,ok,4,0.940565,0.936925,0.946299,9,cohort x format,False,False,False,0.0,0.93551,0.010918,no_flag
SYN-003,2026-08-10,conversion,0.591304,ok,4,0.591065,0.575258,0.603744,9,cohort x format,False,False,False,0.0,0.613438,-0.036081,no_flag
SYN-003,2026-08-10,on_time,0.920792,ok,4,0.922078,0.918033,0.931751,9,cohort x format,False,False,False,0.0,0.928058,-0.007829,no_flag
SYN-003,2026-08-10,turnaround,5.947772,ok,4,6.08905,5.743777,6.151527,9,cohort x format,False,False,False,0.0,5.722542,0.039358,no_flag
SYN-003,2026-08-10,recall_rate,0.17161,ok,4,0.182018,0.177165,0.185096,9,cohort x format,False,False,False,0.0,0.190065,-0.097096,no_flag
SYN-003,2026-08-10,exams,143.75,ok,4,158.25,145.5,163.0,9,cohort x format,,,,,,,
SYN-003,2026-08-17,utilization,0.834254,ok,4,0.835427,0.824176,0.848276,9,cohort x format,False,False,False,0.0,0.844599,-0.012249,no_flag
SYN-003,2026-08-17,attendance,0.942053,ok,4,0.942857,0.939837,0.946377,9,cohort x format,False,False,False,0.0,0.938944,0.003311,no_flag
SYN-003,2026-08-17,conversion,0.601054,ok,4,0.596913,0.57085,0.60925,9,cohort x format,False,False,False,0.0,0.611599,-0.017241,no_flag
SYN-003,2026-08-17,on_time,0.921376,ok,4,0.917073,0.913408,0.926667,9,cohort x format,False,False,False,0.0,0.930909,-0.010241,no_flag
SYN-003,2026-08-17,turnaround,5.948894,ok,4,6.079228,5.734932,6.229129,9,cohort x format,False,False,False,0.0,5.744364,0.035605,no_flag
SYN-003,2026-08-17,recall_rate,0.158257,ok,4,0.185484,0.183824,0.187633,9,cohort x format,True,False,True,1.0,0.192849,-0.179376,flag
SYN-003,2026-08-17,exams,142.25,ok,4,156.75,144.5,163.25,9,cohort x format,,,,,,,
SYN-004,2026-02-23,utilization,,insufficient_history,1,,,,0,suppressed,False,False,False,0.0,,,unavailable
SYN-004,2026-02-23,attendance,,insufficient_history,1,,,,0,suppressed,False,False,False,0.0,,,unavailable
SYN-004,2026-02-23,conversion,,insufficient_history,1,,,,0,suppressed,False,False,False,0.0,,,unavailable
SYN-004,2026-02-23,on_time,,insufficient_history,1,,,,0,suppressed,False,False,False,0.0,,,unavailable
SYN-004,2026-02-23,turnaround,,insufficient_history,1,,,,0,suppressed,False,False,False,0.0,,,unavailable
SYN-004,2026-02-23,recall_rate,,insufficient_history,1,,,,0,suppressed,False,False,False,0.0,,,not_eligible
SYN-004,2026-02-23,exams,,insufficient_history,1,,,,0,suppressed,,,,,,,
SYN-004,2026-03-02,utilization,,insufficient_history,2,,,,0,suppressed,False,False,False,0.0,,,unavailable
SYN-004,2026-03-02,attendance,,insufficient_history,2,,,,0,suppressed,False,False,False,0.0,,,unavailable
SYN-004,2026-03-02,conversion,,insufficient_history,2,,,,0,suppressed,False,False,False,0.0,,,unavailable
SYN-004,2026-03-02,on_time,,insufficient_history,2,,,,0,suppressed,False,False,False,0.0,,,unavailable
SYN-004,2026-03-02,turnaround,,insufficient_history,2,,,,0,suppressed,False,False,False,0.0,,,unavailable
SYN-004,2026-03-02,recall_rate,,insufficient_history,2,,,,0,suppressed,False,False,False,0.0,,,not_eligible
SYN-004,2026-03-02,exams,,insufficient_history,2,,,,0,suppressed,,,,,,,
SYN-004,2026-03-09,utilization,0.725714,ok,3,0.705056,0.686821,0.709516,7,cohort x format,False,False,False,0.0,,,no_flag
SYN-004,2026-03-09,attendance,0.944882,ok,3,0.943089,0.941663,0.945326,7,cohort x format,False,False,False,0.0,,,no_flag
SYN-004,2026-03-09,conversion,0.541667,ok,3,0.511312,0.498651,0.52944,7,cohort x format,False,False,False,0.0,,,no_flag
SYN-004,2026-03-09,on_time,0.906832,ok,3,0.885417,0.73607,0.94018,7,cohort x format,False,False,False,0.0,,,no_flag
SYN-004,2026-03-09,turnaround,6.03354,ok,3,6.219565,5.93699,9.683552,7,cohort x format,False,False,False,0.0,,,no_flag
SYN-004,2026-03-09,recall_rate,0.128205,ok,3,,,,0,suppressed,False,False,False,0.0,,,not_eligible
SYN-004,2026-03-09,exams,80.0,ok,3,73.666667,70.0,76.666667,7,cohort x format,,,,,,,
SYN-004,2026-03-16,utilization,0.730361,ok,4,0.707373,0.68925,0.711709,7,cohort x format,False,False,False,0.0,,,no_flag
SYN-004,2026-03-16,attendance,0.94186,ok,4,0.942177,0.940819,0.944721,7,cohort x format,False,False,False,0.0,,,no_flag
SYN-004,2026-03-16,conversion,0.54321,ok,4,0.512579,0.506974,0.53084,7,cohort x format,False,False,False,0.0,,,no_flag
SYN-004,2026-03-16,on_time,0.911628,ok,4,0.885496,0.737704,0.934875,7,cohort x format,False,False,False,0.0,,,no_flag
SYN-004,2026-03-16,turnaround,6.0,ok,4,6.091803,5.887068,9.825648,7,cohort x format,False,False,False,0.0,,,no_flag
SYN-004,2026-03-16,recall_rate,0.132075,ok,4,,,,0,suppressed,False,False,False,0.0,,,not_eligible
SYN-004,2026-03-16,exams,81.0,ok,4,73.25,70.0,77.25,7,cohort x format,,,,,,,
SYN-004,2026-03-23,utilization,0.723849,ok,4,0.717406,0.695184,0.733106,6,cohort x format,False,False,False,0.0,,,no_flag
SYN-004,2026-03-23,attendance,0.947977,ok,4,0.942867,0.938709,0.944076,6,cohort x format,False,False,False,0.0,,,no_flag
SYN-004,2026-03-23,conversion,0.551829,ok,4,0.519864,0.511541,0.533966,6,cohort x format,False,False,False,0.0,,,no_flag
SYN-004,2026-03-23,on_time,0.918182,ok,4,0.812012,0.731861,0.918136,6,cohort x format,False,False,False,0.0,,,no_flag
SYN-004,2026-03-23,turnaround,5.900909,ok,4,7.995118,6.12543,9.704297,6,cohort x format,False,False,False,0.0,,,no_flag
SYN-004,2026-03-23,recall_rate,0.109091,ok,4,,,,0,suppressed,False,False,False,0.0,,,not_eligible
SYN-004,2026-03-23,exams,82.0,ok,4,77.25,70.4375,79.75,6,cohort x format,,,,,,,
SYN-004,2026-03-30,utilization,0.732365,ok,4,0.708502,0.647546,0.731216,7,cohort x format,False,False,False,0.0,,,no_flag
SYN-004,2026-03-30,attendance,0.946176,ok,4,0.938235,0.937777,0.941642,7,cohort x format,False,False,False,0.0,,,no_flag
SYN-004,2026-03-30,conversion,0.541916,ok,4,0.519608,0.500581,0.536031,7,cohort x format,False,False,False,0.0,,,no_flag
SYN-004,2026-03-30,on_time,0.923077,ok,4,0.745856,0.741211,0.912047,7,cohort x format,False,False,False,0.0,,,no_flag
SYN-004,2026-03-30,turnaround,5.979186,ok,4,9.710628,6.173813,9.765424,7,cohort x format,False,False,False,0.0,,,no_flag
SYN-004,2026-03-30,recall_rate,0.105263,ok,4,,,,0,suppressed,False,False,False,0.0,,,not_eligible
SYN-004,2026-03-30,exams,83.5,ok,4,76.5,63.125,79.375,7,cohort x format,,,,,,,
SYN-004,2026-04-06,utilization,0.746888,ok,4,0.717853,0.62663,0.733034,6,cohort x format,False,False,False,0.0,,,no_flag
SYN-004,2026-04-06,attendance,0.941667,ok,4,0.938806,0.936076,0.940322,6,cohort x format,False,False,False,0.0,,,no_flag
SYN-004,2026-04-06,conversion,0.551622,ok,4,0.512462,0.501506,0.519148,6,cohort x format,False,False,False,0.0,,,no_flag
SYN-004,2026-04-06,on_time,0.929825,ok,4,0.831866,0.752859,0.911762,6,cohort x format,False,False,False,0.0,,,no_flag
SYN-004,2026-04-06,turnaround,6.0,ok,4,8.028381,6.383173,9.678988,6,cohort x format,False,False,False,0.0,,,no_flag
SYN-004,2026-04-06,recall_rate,0.105263,ok,4,,,,0,suppressed,False,False,False,0.0,,,not_eligible
SYN-004,2026-04-06,exams,84.75,ok,4,75.375,62.0625,81.75,6,cohort x format,,,,,,,
SYN-004,2026-04-13,utilization,0.741667,ok,4,0.794347,0.779001,0.833379,10,cohort (fallback),False,False,False,0.0,,,no_flag
SYN-004,2026-04-13,attendance,0.938202,ok,4,0.937486,0.935436,0.94135,10,cohort (fallback),False,False,False,0.0,,,no_flag
SYN-004,2026-04-13,conversion,0.556886,ok,4,0.579083,0.554537,0.60098,10,cohort (fallback),False,False,False,0.0,,,no_flag
SYN-004,2026-04-13,on_time,0.925439,ok,4,0.913876,0.906367,0.92649,10,cohort (fallback),False,False,False,0.0,,,no_flag
SYN-004,2026-04-13,turnaround,5.952632,ok,4,5.823683,5.670879,6.313432,10,cohort (fallback),False,False,False,0.0,,,no_flag
SYN-004,2026-04-13,recall_rate,0.116667,ok,4,0.151347,0.147725,0.15365,10,cohort (fallback),True,False,True,1.0,,,flag
SYN-004,2026-04-13,exams,83.5,ok,4,113.5,104.5625,115.75,10,cohort (fallback),,,,,,,
SYN-004,2026-04-20,utilization,0.757764,ok,4,0.793513,0.778764,0.834231,10,cohort (fallback),False,False,False,0.0,,,no_flag
SYN-004,2026-04-20,attendance,0.937158,ok,4,0.938784,0.93502,0.941384,10,cohort (fallback),False,False,False,0.0,,,no_flag
SYN-004,2026-04-20,conversion,0.556851,ok,4,0.576018,0.553389,0.601306,10,cohort (fallback),False,False,False,0.0,,,no_flag
SYN-004,2026-04-20,on_time,0.921739,ok,4,0.917343,0.912434,0.924813,10,cohort (fallback),False,False,False,0.0,,,no_flag
SYN-004,2026-04-20,turnaround,5.951304,ok,4,5.836683,5.665403,6.084891,10,cohort (fallback),False,False,False,0.0,,,no_flag
SYN-004,2026-04-20,recall_rate,0.142857,ok,4,0.15,0.144487,0.154572,10,cohort (fallback),False,False,False,0.0,,,no_flag
SYN-004,2026-04-20,exams,85.75,ok,4,113.625,104.1875,117.5625,10,cohort (fallback),,,,,,,
SYN-004,2026-04-27,utilization,0.756757,ok,4,0.794072,0.77792,0.845863,11,cohort (fallback),False,False,False,0.0,0.732118,0.033654,no_flag
SYN-004,2026-04-27,attendance,0.93956,ok,4,0.941973,0.936781,0.943549,11,cohort (fallback),False,False,False,0.0,0.944444,-0.005171,no_flag
SYN-004,2026-04-27,conversion,0.564327,ok,4,0.563291,0.548637,0.598528,11,cohort (fallback),False,False,False,0.0,0.543611,0.03811,no_flag
SYN-004,2026-04-27,on_time,0.918103,ok,4,0.924242,0.92173,0.929214,11,cohort (fallback),False,False,False,0.0,0.917933,0.000186,no_flag
SYN-004,2026-04-27,turnaround,5.751724,ok,4,5.80101,5.725015,6.204341,11,cohort (fallback),False,False,False,0.0,6.03465,-0.046884,no_flag
SYN-004,2026-04-27,recall_rate,0.15625,ok,4,0.148276,0.139104,0.15275,11,cohort (fallback),False,False,False,0.0,0.111111,0.40625,no_flag
SYN-004,2026-04-27,exams,85.5,ok,4,114.0,94.875,119.5,11,cohort (fallback),,,,,,,
SYN-004,2026-05-04,utilization,0.756303,ok,4,0.795372,0.774327,0.83749,12,cohort (fallback),False,False,False,0.0,0.737981,0.024827,no_flag
SYN-004,2026-05-04,attendance,0.944444,ok,4,0.941638,0.935336,0.944959,12,cohort (fallback),False,False,False,0.0,0.942997,0.001535,no_flag
SYN-004,2026-05-04,conversion,0.561765,ok,4,0.564279,0.550073,0.60089,12,cohort (fallback),False,False,False,0.0,0.547496,0.026062,no_flag
SYN-004,2026-05-04,on_time,0.908297,ok,4,0.927364,0.878445,0.931257,12,cohort (fallback),False,False,False,0.0,0.920308,-0.013052,no_flag
SYN-004,2026-05-04,turnaround,5.824454,ok,4,5.982841,5.867653,6.942051,12,cohort (fallback),False,False,False,0.0,6.013882,-0.031498,no_flag
SYN-004,2026-05-04,recall_rate,0.166667,ok,4,0.146381,0.143936,0.149288,12,cohort (fallback),False,False,False,0.0,0.114583,0.454545,no_flag
SYN-004,2026-05-04,exams,85.0,ok,4,111.125,82.9375,118.3125,12,cohort (fallback),,,,,,,
SYN-004,2026-05-11,utilization,0.765199,ok,4,0.757143,0.748963,0.76659,5,cohort x format,False,False,False,0.0,0.736067,0.039578,no_flag
SYN-004,2026-05-11,attendance,0.947945,ok,4,0.938838,0.935897,0.943396,5,cohort x format,False,False,False,0.0,0.94,0.008452,no_flag
SYN-004,2026-05-11,conversion,0.569364,ok,4,0.554795,0.535256,0.557003,5,cohort x format,False,False,False,0.0,0.550152,0.034922,no_flag
SYN-004,2026-05-11,on_time,0.911392,ok,4,0.918182,0.758454,0.931174,5,cohort x format,False,False,False,0.0,0.918736,-0.007993,no_flag
SYN-004,2026-05-11,turnaround,5.977215,ok,4,6.078636,6.053299,9.395169,5,cohort x format,False,False,False,0.0,5.975621,0.000267,no_flag
SYN-004,2026-05-11,recall_rate,0.169014,ok,4,0.149254,0.140351,0.149254,5,cohort x format,False,False,False,0.0,0.123894,0.364185,no_flag
SYN-004,2026-05-11,exams,86.5,ok,4,78.0,76.75,85.25,5,cohort x format,,,,,,,
SYN-004,2026-05-18,utilization,0.761603,ok,4,0.757143,0.749482,0.764569,5,cohort x format,False,False,False,0.0,0.740895,0.027951,no_flag
SYN-004,2026-05-18,attendance,0.944598,ok,4,0.939683,0.939024,0.943396,5,cohort x format,False,False,False,0.0,0.942416,0.002316,no_flag
SYN-004,2026-05-18,conversion,0.57478,ok,4,0.561688,0.545741,0.564189,5,cohort x format,False,False,False,0.0,0.554396,0.036767,no_flag
SYN-004,2026-05-18,on_time,0.915966,ok,4,0.920319,0.761905,0.925,5,cohort x format,False,False,False,0.0,0.92,-0.004384,no_flag
SYN-004,2026-05-18,turnaround,6.178151,ok,4,6.255605,5.947012,9.305714,5,cohort x format,False,False,False,0.0,5.926667,0.042433,no_flag
SYN-004,2026-05-18,recall_rate,0.171053,ok,4,0.152778,0.144928,0.15625,5,cohort x format,False,False,False,0.0,0.127119,0.345614,no_flag
SYN-004,2026-05-18,exams,85.25,ok,4,79.25,77.0,85.75,5,cohort x format,,,,,,,
SYN-004,2026-05-25,utilization,0.764706,ok,4,0.753094,0.743457,0.771013,6,cohort x format,False,False,False,0.0,0.744548,0.027074,no_flag
SYN-004,2026-05-25,attendance,0.93956,ok,4,0.936986,0.931415,0.94106,6,cohort x format,False,False,False,0.0,0.942817,-0.003454,no_flag
SYN-004,2026-05-25,conversion,0.573099,ok,4,0.558674,0.543658,0.566399,6,cohort x format,False,False,False,0.0,0.553254,0.03587,no_flag
SYN-004,2026-05-25,on_time,0.920502,ok,4,0.843554,0.761097,0.924,6,cohort x format,False,False,False,0.0,0.92053,-3e-05,no_flag
SYN-004,2026-05-25,turnaround,6.351464,ok,4,7.753442,5.96268,9.553597,6,cohort x format,False,False,False,0.0,5.862693,0.08337,no_flag
SYN-004,2026-05-25,recall_rate,0.175,ok,4,0.142776,0.138605,0.149868,6,cohort x format,False,False,False,0.0,0.132231,0.323437,no_flag
SYN-004,2026-05-25,exams,85.5,ok,4,80.0,76.6875,83.3125,6,cohort x format,,,,,,,
SYN-004,2026-06-01,utilization,0.764092,ok,4,0.753867,0.746906,0.768048,6,cohort x format,False,False,False,0.0,0.751566,0.016667,no_flag
SYN-004,2026-06-01,attendance,0.942623,ok,4,0.935217,0.930117,0.940772,6,cohort x format,False,False,False,0.0,0.943056,-0.000459,no_flag
SYN-004,2026-06-01,conversion,0.57971,ok,4,0.552705,0.540724,0.564634,6,cohort x format,False,False,False,0.0,0.556701,0.041331,no_flag
SYN-004,2026-06-01,on_time,0.921811,ok,4,0.842679,0.760598,0.92392,6,cohort x format,False,False,False,0.0,0.919037,0.003018,no_flag
SYN-004,2026-06-01,turnaround,6.374074,ok,4,7.643046,6.009017,9.359262,6,cohort x format,False,False,False,0.0,5.912035,0.078152,no_flag
SYN-004,2026-06-01,recall_rate,0.176471,ok,4,0.146905,0.14206,0.150176,6,cohort x format,False,False,False,0.0,0.138211,0.276817,no_flag
SYN-004,2026-06-01,exams,86.25,ok,4,79.125,76.4375,82.75,6,cohort x format,,,,,,,
SYN-004,2026-06-08,utilization,0.774059,ok,4,0.757751,0.750356,0.77131,6,cohort x format,False,False,False,0.0,0.753396,0.027426,no_flag
SYN-004,2026-06-08,attendance,0.945946,ok,4,0.937167,0.931645,0.939425,6,cohort x format,False,False,False,0.0,0.943135,0.002981,no_flag
SYN-004,2026-06-08,conversion,0.568571,ok,4,0.550534,0.533592,0.569194,6,cohort x format,False,False,False,0.0,0.563235,0.009474,no_flag
SYN-004,2026-06-08,on_time,0.925311,ok,4,0.838042,0.748633,0.922369,6,cohort x format,False,False,False,0.0,0.91828,0.007657,no_flag
SYN-004,2026-06-08,turnaround,6.399585,ok,4,7.501813,5.891245,9.15224,6,cohort x format,False,False,False,0.0,5.965161,0.072827,no_flag
SYN-004,2026-06-08,recall_rate,0.164706,ok,4,0.145716,0.137462,0.155323,6,cohort x format,False,False,False,0.0,0.145038,0.135604,no_flag
SYN-004,2026-06-08,exams,87.5,ok,4,80.875,77.3125,82.9375,6,cohort x format,,,,,,,
SYN-004,2026-06-15,utilization,0.78692,ok,4,0.762784,0.749116,0.781845,6,cohort x format,False,False,False,0.0,0.759666,0.035877,no_flag
SYN-004,2026-06-15,attendance,0.946381,ok,4,0.934311,0.933642,0.935536,6,cohort x format,False,False,False,0.0,0.940853,0.005875,no_flag
SYN-004,2026-06-15,conversion,0.569405,ok,4,0.555756,0.546774,0.568452,6,cohort x format,False,False,False,0.0,0.565789,0.00639,no_flag
SYN-004,2026-06-15,on_time,0.919028,ok,4,0.829629,0.739055,0.921078,6,cohort x format,False,False,False,0.0,0.918803,0.000245,no_flag
SYN-004,2026-06-15,turnaround,6.217409,ok,4,7.399117,5.897308,9.234976,6,cohort x format,False,False,False,0.0,6.066667,0.024848,no_flag
SYN-004,2026-06-15,recall_rate,0.162791,ok,4,0.142164,0.133582,0.151136,6,cohort x format,False,False,False,0.0,0.158273,0.028541,no_flag
SYN-004,2026-06-15,exams,88.25,ok,4,81.625,78.25,82.1875,6,cohort x format,,,,,,,
SYN-004,2026-06-22,utilization,0.791667,ok,4,0.768594,0.758526,0.784808,6,cohort x format,False,False,False,0.0,0.760711,0.040694,no_flag
SYN-004,2026-06-22,attendance,0.947368,ok,4,0.936781,0.933406,0.939045,6,cohort x format,False,False,False,0.0,0.93956,0.00831,no_flag
SYN-004,2026-06-22,conversion,0.575,ok,4,0.562864,0.547793,0.566458,6,cohort x format,False,False,False,0.0,0.568713,0.011054,no_flag
SYN-004,2026-06-22,on_time,0.912351,ok,4,0.825528,0.727669,0.916665,6,cohort x format,False,False,False,0.0,0.919321,-0.007582,no_flag
SYN-004,2026-06-22,turnaround,6.014741,ok,4,7.290322,6.00783,9.178052,6,cohort x format,False,False,False,0.0,6.056051,-0.006821,no_flag
SYN-004,2026-06-22,recall_rate,0.151163,ok,4,0.143797,0.141597,0.151569,6,cohort x format,False,False,False,0.0,0.166667,-0.093023,no_flag
SYN-004,2026-06-22,exams,90.0,ok,4,81.875,80.125,83.8125,6,cohort x format,,,,,,,
SYN-004,2026-06-29,utilization,0.800416,ok,4,0.774951,0.767936,0.792296,6,cohort x format,False,False,False,0.0,0.760209,0.052889,no_flag
SYN-004,2026-06-29,attendance,0.942857,ok,4,0.937589,0.937244,0.938784,6,cohort x format,False,False,False,0.0,0.943526,-0.000709,no_flag
SYN-004,2026-06-29,conversion,0.570248,ok,4,0.562418,0.553697,0.564493,6,cohort x format,False,False,False,0.0,0.570803,-0.000972,no_flag
SYN-004,2026-06-29,on_time,0.912,ok,4,0.826099,0.728803,0.914459,6,cohort x format,False,False,False,0.0,0.915254,-0.003556,no_flag
SYN-004,2026-06-29,turnaround,6.1336,ok,4,7.392805,5.956937,9.232616,6,cohort x format,False,False,False,0.0,6.107415,0.004287,no_flag
SYN-004,2026-06-29,recall_rate,0.144444,ok,4,0.148171,0.143728,0.151136,6,cohort x format,False,False,False,0.0,0.172185,-0.161111,no_flag
SYN-004,2026-06-29,exams,90.75,ok,4,82.625,81.375,85.0,6,cohort x format,,,,,,,
SYN-004,2026-07-06,utilization,0.797101,ok,4,0.785859,0.765073,0.8,5,cohort x format,False,False,False,0.0,0.769634,0.03569,no_flag
SYN-004,2026-07-06,attendance,0.94026,ok,4,0.936416,0.934783,0.943182,5,cohort x format,False,False,False,0.0,0.946939,-0.007053,no_flag
SYN-004,2026-07-06,conversion,0.571823,ok,4,0.561728,0.549419,0.569132,5,cohort x format,False,False,False,0.0,0.568966,0.005023,no_flag
SYN-004,2026-07-06,on_time,0.916335,ok,4,0.90708,0.75814,0.910112,5,cohort x format,False,False,False,0.0,0.91841,-0.00226,no_flag
SYN-004,2026-07-06,turnaround,5.940239,ok,4,6.049558,6.026977,8.867593,5,cohort x format,False,False,False,0.0,6.190167,-0.040375,no_flag
SYN-004,2026-07-06,recall_rate,0.149425,ok,4,0.155556,0.148148,0.157143,5,cohort x format,False,False,False,0.0,0.166667,-0.103448,no_flag
SYN-004,2026-07-06,exams,90.5,ok,4,83.0,81.0,86.0,5,cohort x format,,,,,,,
SYN-004,2026-07-13,utilization,0.793814,ok,4,0.790502,0.782556,0.796243,6,cohort x format,False,False,False,0.0,0.774262,0.025254,no_flag
SYN-004,2026-07-13,attendance,0.942857,ok,4,0.937871,0.933917,0.940825,6,cohort x format,False,False,False,0.0,0.945504,-0.0028,no_flag
SYN-004,2026-07-13,conversion,0.567493,ok,4,0.557968,0.539344,0.566824,6,cohort x format,False,False,False,0.0,0.572046,-0.007959,no_flag
SYN-004,2026-07-13,on_time,0.910931,ok,4,0.829002,0.739961,0.915556,6,cohort x format,False,False,False,0.0,0.917526,-0.007187,no_flag
SYN-004,2026-07-13,turnaround,5.940891,ok,4,7.439875,5.925785,9.457107,6,cohort x format,False,False,False,0.0,6.198144,-0.041505,no_flag
SYN-004,2026-07-13,recall_rate,0.136364,ok,4,0.157261,0.144157,0.159155,6,cohort x format,True,False,True,1.0,0.166667,-0.181818,flag
SYN-004,2026-07-13,exams,90.75,ok,4,82.625,81.5,88.3125,6,cohort x format,,,,,,,
SYN-004,2026-07-20,utilization,0.795876,ok,4,0.788991,0.765535,0.800951,7,cohort x format,False,False,False,0.0,0.778243,0.022658,no_flag
SYN-004,2026-07-20,attendance,0.945596,ok,4,0.937888,0.935867,0.941562,7,cohort x format,False,False,False,0.0,0.943548,0.00217,no_flag
SYN-004,2026-07-20,conversion,0.561644,ok,4,0.564854,0.543203,0.574017,7,cohort x format,False,False,False,0.0,0.574074,-0.021653,no_flag
SYN-004,2026-07-20,on_time,0.923387,ok,4,0.909871,0.760957,0.926348,7,cohort x format,False,False,False,0.0,0.916327,0.007705,no_flag
SYN-004,2026-07-20,turnaround,5.939113,ok,4,5.918352,5.830588,9.100373,7,cohort x format,False,False,False,0.0,6.17898,-0.03882,no_flag
SYN-004,2026-07-20,recall_rate,0.145833,ok,4,0.152941,0.147694,0.156923,7,cohort x format,False,False,False,0.0,0.162651,-0.103395,no_flag
SYN-004,2026-07-20,exams,91.25,ok,4,82.0,79.833333,86.5,7,cohort x format,,,,,,,
SYN-004,2026-07-27,utilization,0.798768,ok,4,0.798643,0.761959,0.808267,7,cohort x format,False,False,False,0.0,0.782292,0.021062,no_flag
SYN-004,2026-07-27,attendance,0.946015,ok,4,0.941358,0.935475,0.94287,7,cohort x format,False,False,False,0.0,0.942743,0.003471,no_flag
SYN-004,2026-07-27,conversion,0.557065,ok,4,0.567213,0.545891,0.5764,7,cohort x format,False,False,False,0.0,0.574859,-0.030953,no_flag
SYN-004,2026-07-27,on_time,0.935484,ok,4,0.9163,0.745283,0.930502,7,cohort x format,False,False,False,0.0,0.916836,0.02034,no_flag
SYN-004,2026-07-27,turnaround,5.914919,ok,4,6.015789,5.968187,9.284006,7,cohort x format,False,False,False,0.0,6.25213,-0.053935,no_flag
SYN-004,2026-07-27,recall_rate,0.153061,ok,4,0.154639,0.15006,0.156854,7,cohort x format,False,False,False,0.0,0.16,-0.043367,no_flag
SYN-004,2026-07-27,exams,92.0,ok,4,83.0,80.958333,86.75,7,cohort x format,,,,,,,
SYN-004,2026-08-03,utilization,0.804124,ok,4,0.797267,0.769102,0.803903,7,cohort x format,False,False,False,0.0,0.78564,0.023527,no_flag
SYN-004,2026-08-03,attendance,0.941026,ok,4,0.938931,0.933308,0.94326,7,cohort x format,False,False,False,0.0,0.943046,-0.002143,no_flag
SYN-004,2026-08-03,conversion,0.561308,ok,4,0.558209,0.538027,0.57407,7,cohort x format,False,False,False,0.0,0.570225,-0.015637,no_flag
SYN-004,2026-08-03,on_time,0.936,ok,4,0.921569,0.741406,0.934877,7,cohort x format,False,False,False,0.0,0.920732,0.016583,no_flag
SYN-004,2026-08-03,turnaround,6.0636,ok,4,6.161991,6.065281,9.259629,7,cohort x format,False,False,False,0.0,6.165244,-0.016487,no_flag
SYN-004,2026-08-03,recall_rate,0.148515,ok,4,0.151163,0.145449,0.155034,7,cohort x format,False,False,False,0.0,0.156977,-0.053905,no_flag
SYN-004,2026-08-03,exams,91.75,ok,4,82.5,81.0,87.25,7,cohort x format,,,,,,,
SYN-004,2026-08-10,utilization,0.794715,ok,4,0.8,0.766194,0.802763,7,cohort x format,False,False,False,0.0,0.790407,0.005451,no_flag
SYN-004,2026-08-10,attendance,0.941176,ok,4,0.941011,0.93639,0.945642,7,cohort x format,False,False,False,0.0,0.944591,-0.003615,no_flag
SYN-004,2026-08-10,conversion,0.567935,ok,4,0.569659,0.543166,0.573604,7,cohort x format,False,False,False,0.0,0.568436,-0.000881,no_flag
SYN-004,2026-08-10,on_time,0.948819,ok,4,0.929204,0.750113,0.933333,7,cohort x format,False,False,False,0.0,0.91498,0.036983,no_flag
SYN-004,2026-08-10,turnaround,5.931102,ok,4,6.459545,6.168899,9.327867,7,cohort x format,False,False,False,0.0,6.07915,-0.024353,no_flag
SYN-004,2026-08-10,recall_rate,0.158879,ok,4,0.151786,0.147434,0.159653,7,cohort x format,False,False,False,0.0,0.149425,0.063264,no_flag
SYN-004,2026-08-10,exams,92.0,ok,4,83.5,80.875,86.375,7,cohort x format,,,,,,,
SYN-004,2026-08-17,utilization,0.799172,ok,4,0.80042,0.767803,0.803419,7,cohort x format,False,False,False,0.0,0.793782,0.00679,no_flag
SYN-004,2026-08-17,attendance,0.937824,ok,4,0.939759,0.936322,0.94599,7,cohort x format,False,False,False,0.0,0.946475,-0.009141,no_flag
SYN-004,2026-08-17,conversion,0.574586,ok,4,0.567485,0.53824,0.571036,7,cohort x format,False,False,False,0.0,0.568276,0.011103,no_flag
SYN-004,2026-08-17,on_time,0.936508,ok,4,0.928571,0.748496,0.932254,7,cohort x format,False,False,False,0.0,0.917836,0.020344,no_flag
SYN-004,2026-08-17,turnaround,6.009524,ok,4,6.55991,6.174091,9.529685,7,cohort x format,False,False,False,0.0,5.977154,0.005416,no_flag
SYN-004,2026-08-17,recall_rate,0.150943,ok,4,0.148148,0.141504,0.16199,7,cohort x format,False,False,False,0.0,0.148352,0.01747,no_flag
SYN-004,2026-08-17,exams,90.5,ok,4,83.75,81.5,85.5,7,cohort x format,,,,,,,
SYN-005,2026-02-23,utilization,,insufficient_history,1,,,,0,suppressed,False,False,False,0.0,,,unavailable
SYN-005,2026-02-23,attendance,,insufficient_history,1,,,,0,suppressed,False,False,False,0.0,,,unavailable
SYN-005,2026-02-23,conversion,,insufficient_history,1,,,,0,suppressed,False,False,False,0.0,,,unavailable
SYN-005,2026-02-23,on_time,,insufficient_history,1,,,,0,suppressed,False,False,False,0.0,,,unavailable
SYN-005,2026-02-23,turnaround,,insufficient_history,1,,,,0,suppressed,False,False,False,0.0,,,unavailable
SYN-005,2026-02-23,recall_rate,,insufficient_history,1,,,,0,suppressed,False,False,False,0.0,,,unavailable
SYN-005,2026-02-23,exams,,insufficient_history,1,,,,0,suppressed,,,,,,,
SYN-005,2026-03-02,utilization,,insufficient_history,2,,,,0,suppressed,False,False,False,0.0,,,unavailable
SYN-005,2026-03-02,attendance,,insufficient_history,2,,,,0,suppressed,False,False,False,0.0,,,unavailable
SYN-005,2026-03-02,conversion,,insufficient_history,2,,,,0,suppressed,False,False,False,0.0,,,unavailable
SYN-005,2026-03-02,on_time,,insufficient_history,2,,,,0,suppressed,False,False,False,0.0,,,unavailable
SYN-005,2026-03-02,turnaround,,insufficient_history,2,,,,0,suppressed,False,False,False,0.0,,,unavailable
SYN-005,2026-03-02,recall_rate,,insufficient_history,2,,,,0,suppressed,False,False,False,0.0,,,unavailable
SYN-005,2026-03-02,exams,,insufficient_history,2,,,,0,suppressed,,,,,,,
SYN-005,2026-03-09,utilization,0.8511,ok,3,0.833331,0.814197,0.864804,8,cohort x format,False,False,False,0.0,,,no_flag
SYN-005,2026-03-09,attendance,0.93837,ok,3,0.939792,0.931449,0.944267,8,cohort x format,False,False,False,0.0,,,no_flag
SYN-005,2026-03-09,conversion,0.625,ok,3,0.602056,0.578846,0.614141,8,cohort x format,False,False,False,0.0,,,no_flag
SYN-005,2026-03-09,on_time,0.914365,ok,3,0.918188,0.91517,0.924192,8,cohort x format,False,False,False,0.0,,,no_flag
SYN-005,2026-03-09,turnaround,6.302762,ok,3,5.870089,5.796721,6.177697,8,cohort x format,False,False,False,0.0,,,no_flag
SYN-005,2026-03-09,recall_rate,0.167095,ok,3,0.182277,0.174289,0.184431,8,cohort x format,False,False,False,0.0,,,no_flag
SYN-005,2026-03-09,exams,157.333333,ok,3,150.0,146.0,155.0,8,cohort x format,,,,,,,
SYN-005,2026-03-16,utilization,0.85372,ok,4,0.834579,0.821353,0.860889,8,cohort x format,False,False,False,0.0,,,no_flag
SYN-005,2026-03-16,attendance,0.93353,ok,4,0.940979,0.934656,0.944022,8,cohort x format,False,False,False,0.0,,,no_flag
SYN-005,2026-03-16,conversion,0.629747,ok,4,0.599596,0.576602,0.609913,8,cohort x format,False,False,False,0.0,,,no_flag
SYN-005,2026-03-16,on_time,0.907216,ok,4,0.92445,0.918298,0.928021,8,cohort x format,False,False,False,0.0,,,no_flag
SYN-005,2026-03-16,turnaround,6.175258,ok,4,5.868516,5.758015,6.186632,8,cohort x format,False,False,False,0.0,,,no_flag
SYN-005,2026-03-16,recall_rate,0.167925,ok,4,0.183583,0.177807,0.184877,8,cohort x format,False,False,False,0.0,,,no_flag
SYN-005,2026-03-16,exams,158.0,ok,4,151.25,147.25,156.625,8,cohort x format,,,,,,,
SYN-005,2026-03-23,utilization,0.850575,ok,4,0.83416,0.825068,0.859293,8,cohort x format,False,False,False,0.0,,,no_flag
SYN-005,2026-03-23,attendance,0.935435,ok,4,0.939427,0.936524,0.941883,8,cohort x format,False,False,False,0.0,,,no_flag
SYN-005,2026-03-23,conversion,0.629213,ok,4,0.596008,0.571999,0.614593,8,cohort x format,False,False,False,0.0,,,no_flag
SYN-005,2026-03-23,on_time,0.910042,ok,4,0.925183,0.920513,0.930609,8,cohort x format,False,False,False,0.0,,,no_flag
SYN-005,2026-03-23,turnaround,6.024268,ok,4,5.939107,5.841734,6.046953,8,cohort x format,False,False,False,0.0,,,no_flag
SYN-005,2026-03-23,recall_rate,0.170732,ok,4,0.182754,0.175688,0.185907,8,cohort x format,False,False,False,0.0,,,no_flag
SYN-005,2026-03-23,exams,155.75,ok,4,153.375,147.0625,157.1875,8,cohort x format,,,,,,,
SYN-005,2026-03-30,utilization,0.843554,ok,4,0.826762,0.825875,0.855905,8,cohort x format,False,False,False,0.0,,,no_flag
SYN-005,2026-03-30,attendance,0.936202,ok,4,0.939062,0.937509,0.944319,8,cohort x format,False,False,False,0.0,,,no_flag
SYN-005,2026-03-30,conversion,0.62916,ok,4,0.596093,0.579307,0.606646,8,cohort x format,False,False,False,0.0,,,no_flag
SYN-005,2026-03-30,on_time,0.925466,ok,4,0.927038,0.922224,0.930679,8,cohort x format,False,False,False,0.0,,,no_flag
SYN-005,2026-03-30,turnaround,6.173292,ok,4,6.056508,5.881407,6.170836,8,cohort x format,False,False,False,0.0,,,no_flag
SYN-005,2026-03-30,recall_rate,0.171103,ok,4,0.18357,0.18093,0.184657,8,cohort x format,False,False,False,0.0,,,no_flag
SYN-005,2026-03-30,exams,157.75,ok,4,152.0,146.9375,157.4375,8,cohort x format,,,,,,,
SYN-005,2026-04-06,utilization,0.833958,ok,4,0.831384,0.822629,0.842999,8,cohort x format,False,False,False,0.0,,,no_flag
SYN-005,2026-04-06,attendance,0.935629,ok,4,0.940814,0.939389,0.942976,8,cohort x format,False,False,False,0.0,,,no_flag
SYN-005,2026-04-06,conversion,0.6224,ok,4,0.59647,0.579316,0.602683,8,cohort x format,False,False,False,0.0,,,no_flag
SYN-005,2026-04-06,on_time,0.921109,ok,4,0.925316,0.918501,0.928975,8,cohort x format,False,False,False,0.0,,,no_flag
SYN-005,2026-04-06,turnaround,6.124733,ok,4,6.038866,5.954281,6.101503,8,cohort x format,False,False,False,0.0,,,no_flag
SYN-005,2026-04-06,recall_rate,0.181132,ok,4,0.182989,0.1764,0.184734,8,cohort x format,False,False,False,0.0,,,no_flag
SYN-005,2026-04-06,exams,156.25,ok,4,151.375,143.1875,159.0,8,cohort x format,,,,,,,
SYN-005,2026-04-13,utilization,0.823821,ok,4,0.833564,0.82601,0.845326,8,cohort x format,False,False,False,0.0,,,no_flag
SYN-005,2026-04-13,attendance,0.944277,ok,4,0.938123,0.935168,0.940805,8,cohort x format,False,False,False,0.0,,,no_flag
SYN-005,2026-04-13,conversion,0.599681,ok,4,0.594268,0.585607,0.607092,8,cohort x format,False,False,False,0.0,,,no_flag
SYN-005,2026-04-13,on_time,0.931264,ok,4,0.922394,0.919874,0.926735,8,cohort x format,False,False,False,0.0,,,no_flag
SYN-005,2026-04-13,turnaround,6.044568,ok,4,5.921943,5.877886,6.032616,8,cohort x format,False,False,False,0.0,,,no_flag
SYN-005,2026-04-13,recall_rate,0.184584,ok,4,0.17554,0.172709,0.181747,8,cohort x format,False,False,False,0.0,,,no_flag
SYN-005,2026-04-13,exams,156.75,ok,4,149.5,141.9375,157.3125,8,cohort x format,,,,,,,
SYN-005,2026-04-20,utilization,0.81941,ok,4,0.837224,0.823246,0.849979,8,cohort x format,False,False,False,0.0,,,no_flag
SYN-005,2026-04-20,attendance,0.937031,ok,4,0.935465,0.928734,0.938349,8,cohort x format,False,False,False,0.0,,,no_flag
SYN-005,2026-04-20,conversion,0.5728,ok,4,0.595115,0.592066,0.612317,8,cohort x format,False,False,False,0.0,,,no_flag
SYN-005,2026-04-20,on_time,0.918794,ok,4,0.919258,0.911264,0.925687,8,cohort x format,False,False,False,0.0,,,no_flag
SYN-005,2026-04-20,turnaround,5.886311,ok,4,5.993459,5.820806,6.041426,8,cohort x format,False,False,False,0.0,,,no_flag
SYN-005,2026-04-20,recall_rate,0.184049,ok,4,0.175093,0.170061,0.180053,8,cohort x format,False,False,False,0.0,,,no_flag
SYN-005,2026-04-20,exams,156.25,ok,4,149.625,142.1875,156.3125,8,cohort x format,,,,,,,
SYN-005,2026-04-27,utilization,0.828358,ok,4,0.837047,0.824513,0.862158,8,cohort x format,False,False,False,0.0,0.843697,-0.018181,no_flag
SYN-005,2026-04-27,attendance,0.941441,ok,4,0.933453,0.919426,0.937608,8,cohort x format,False,False,False,0.0,0.936255,0.00554,no_flag
SYN-005,2026-04-27,conversion,0.527911,ok,4,0.601937,0.592193,0.614183,8,cohort x format,True,False,True,1.0,0.628723,-0.160345,flag
SYN-005,2026-04-27,on_time,0.916877,ok,4,0.924896,0.913682,0.929997,8,cohort x format,False,False,False,0.0,0.919332,-0.002671,no_flag
SYN-005,2026-04-27,turnaround,5.833753,ok,4,5.996074,5.827793,6.221881,8,cohort x format,False,False,False,0.0,6.233797,-0.064173,no_flag
SYN-005,2026-04-27,recall_rate,0.178054,ok,4,0.17803,0.172047,0.184441,8,cohort x format,False,False,False,0.0,0.171355,0.03909,no_flag
SYN-005,2026-04-27,exams,156.75,ok,4,151.25,140.0,156.4375,8,cohort x format,,,,,,,
SYN-005,2026-05-04,utilization,0.825596,ok,4,0.843431,0.830248,0.856102,8,cohort x format,False,False,False,0.0,0.841236,-0.018591,no_flag
SYN-005,2026-05-04,attendance,0.93769,ok,4,0.934689,0.919211,0.936587,8,cohort x format,False,False,False,0.0,0.936806,0.000943,no_flag
SYN-005,2026-05-04,conversion,0.497569,ok,4,0.602996,0.596536,0.616661,8,cohort x format,True,False,True,2.0,0.623519,-0.201998,flag
SYN-005,2026-05-04,on_time,0.913514,ok,4,0.922741,0.914733,0.927558,8,cohort x format,False,False,False,0.0,0.918171,-0.005072,no_flag
SYN-005,2026-05-04,turnaround,5.798649,ok,4,5.950854,5.867087,6.236917,8,cohort x format,False,False,False,0.0,6.202286,-0.065079,no_flag
SYN-005,2026-05-04,recall_rate,0.173719,ok,4,0.17752,0.176297,0.185544,8,cohort x format,False,False,False,0.0,0.17519,-0.008397,no_flag
SYN-005,2026-05-04,exams,154.25,ok,4,152.0,141.25,157.75,8,cohort x format,,,,,,,
SYN-005,2026-05-11,utilization,0.829114,ok,4,0.836532,0.82313,0.853146,8,cohort x format,False,False,False,0.0,0.838649,-0.01137,no_flag
SYN-005,2026-05-11,attendance,0.928244,ok,4,0.935485,0.920683,0.938264,8,cohort x format,False,False,False,0.0,0.938852,-0.011298,no_flag
SYN-005,2026-05-11,conversion,0.472039,ok,4,0.610822,0.589949,0.61895,8,cohort x format,True,True,True,3.0,0.614774,-0.232174,flag
SYN-005,2026-05-11,on_time,0.908832,ok,4,0.924194,0.915506,0.92906,8,cohort x format,False,False,False,0.0,0.918803,-0.010853,no_flag
SYN-005,2026-05-11,turnaround,5.991738,ok,4,6.04899,5.96904,6.115304,8,cohort x format,False,False,False,0.0,6.112286,-0.019722,no_flag
SYN-005,2026-05-11,recall_rate,0.175439,ok,4,0.181663,0.173388,0.187945,8,cohort x format,False,False,False,0.0,0.175953,-0.002924,no_flag
SYN-005,2026-05-11,exams,152.0,ok,4,153.0,140.625,157.375,8,cohort x format,,,,,,,
SYN-005,2026-05-18,utilization,0.836943,ok,4,0.834385,0.817284,0.851863,8,cohort x format,False,False,False,0.0,0.83469,0.002699,no_flag
SYN-005,2026-05-18,attendance,0.929985,ok,4,0.934217,0.926056,0.941515,8,cohort x format,False,False,False,0.0,0.936234,-0.006675,no_flag
SYN-005,2026-05-18,conversion,0.463175,ok,4,0.610275,0.580774,0.623839,8,cohort x format,True,True,True,4.0,0.600962,-0.229277,flag
SYN-005,2026-05-18,on_time,0.915698,ok,4,0.927163,0.9202,0.932235,8,cohort x format,False,False,False,0.0,0.914191,0.001648,no_flag
SYN-005,2026-05-18,turnaround,6.226744,ok,4,6.111369,6.03939,6.152601,8,cohort x format,False,False,False,0.0,5.958856,0.044956,no_flag
SYN-005,2026-05-18,recall_rate,0.175947,ok,4,0.178698,0.172112,0.188236,8,cohort x format,False,False,False,0.0,0.177104,-0.006534,no_flag
SYN-005,2026-05-18,exams,152.75,ok,4,150.125,139.375,158.25,8,cohort x format,,,,,,,
SYN-005,2026-05-25,utilization,0.836888,ok,4,0.840598,0.821316,0.86204,7,cohort x format,False,False,False,0.0,0.835933,0.001143,no_flag
SYN-005,2026-05-25,attendance,0.931034,ok,4,0.939259,0.931204,0.940789,7,cohort x format,False,False,False,0.0,0.938806,-0.008278,no_flag
SYN-005,2026-05-25,conversion,0.463768,ok,4,0.61041,0.571234,0.617611,7,cohort x format,True,True,True,5.0,0.578696,-0.198599,flag
SYN-005,2026-05-25,on_time,0.921348,ok,4,0.92217,0.919117,0.926482,7,cohort x format,False,False,False,0.0,0.921591,-0.000263,no_flag
SYN-005,2026-05-25,turnaround,6.263764,ok,4,5.979717,5.913225,6.148806,7,cohort x format,False,False,False,0.0,6.020114,0.040473,no_flag
SYN-005,2026-05-25,recall_rate,0.178414,ok,4,0.18,0.177337,0.184361,7,cohort x format,False,False,False,0.0,0.17443,0.02284,no_flag
SYN-005,2026-05-25,exams,155.25,ok,4,146.75,141.25,156.625,7,cohort x format,,,,,,,
SYN-005,2026-06-01,utilization,0.839152,ok,4,0.831241,0.822962,0.866326,7,cohort x format,False,False,False,0.0,0.829787,0.011286,no_flag
SYN-005,2026-06-01,attendance,0.933135,ok,4,0.938806,0.933162,0.940335,7,cohort x format,False,False,False,0.0,0.936652,-0.003754,no_flag
SYN-005,2026-06-01,conversion,0.461783,ok,4,0.609626,0.570282,0.617104,7,cohort x format,True,True,True,6.0,0.560386,-0.175955,flag
SYN-005,2026-06-01,on_time,0.927374,ok,4,0.921296,0.917386,0.929389,7,cohort x format,False,False,False,0.0,0.917759,0.010477,no_flag
SYN-005,2026-06-01,turnaround,6.286034,ok,4,5.776627,5.711883,6.125025,7,cohort x format,False,False,False,0.0,5.98093,0.051013,no_flag
SYN-005,2026-06-01,recall_rate,0.177874,ok,4,0.183036,0.175108,0.186056,7,cohort x format,False,False,False,0.0,0.177732,0.000798,no_flag
SYN-005,2026-06-01,exams,157.0,ok,4,145.75,141.875,156.125,7,cohort x format,,,,,,,
SYN-005,2026-06-08,utilization,0.828395,ok,4,0.836066,0.817845,0.869027,7,cohort x format,False,False,False,0.0,0.826441,0.002364,no_flag
SYN-005,2026-06-08,attendance,0.940387,ok,4,0.936688,0.936479,0.939906,7,cohort x format,False,False,False,0.0,0.936315,0.004349,no_flag
SYN-005,2026-06-08,conversion,0.454834,ok,4,0.604693,0.572656,0.614389,7,cohort x format,True,True,True,7.0,0.536842,-0.152761,flag
SYN-005,2026-06-08,on_time,0.940845,ok,4,0.927632,0.916254,0.928817,7,cohort x format,False,False,False,0.0,0.921446,0.021052,no_flag
SYN-005,2026-06-08,turnaround,6.147324,ok,4,5.930019,5.651101,6.161179,7,cohort x format,False,False,False,0.0,6.021446,0.020905,no_flag
SYN-005,2026-06-08,recall_rate,0.176842,ok,4,0.182994,0.176565,0.184216,7,cohort x format,False,False,False,0.0,0.18019,-0.018578,no_flag
SYN-005,2026-06-08,exams,157.75,ok,4,144.25,141.375,157.125,7,cohort x format,,,,,,,
SYN-005,2026-06-15,utilization,0.828784,ok,4,0.842179,0.822727,0.865079,7,cohort x format,False,False,False,0.0,0.828018,0.000926,no_flag
SYN-005,2026-06-15,attendance,0.935629,ok,4,0.939617,0.937248,0.940802,7,cohort x format,False,False,False,0.0,0.933535,0.002243,no_flag
SYN-005,2026-06-15,conversion,0.448,ok,4,0.584806,0.575776,0.611654,7,cohort x format,True,False,True,8.0,0.518608,-0.13615,flag
SYN-005,2026-06-15,on_time,0.939828,ok,4,0.922566,0.917846,0.928896,7,cohort x format,False,False,False,0.0,0.917419,0.024426,no_flag
SYN-005,2026-06-15,turnaround,5.959599,ok,4,5.85918,5.744902,6.053647,7,cohort x format,False,False,False,0.0,6.037419,-0.01289,no_flag
SYN-005,2026-06-15,recall_rate,0.181818,ok,4,0.18543,0.173684,0.186398,7,cohort x format,False,False,False,0.0,0.180171,0.009145,no_flag
SYN-005,2026-06-15,exams,156.25,ok,4,146.5,141.875,157.625,7,cohort x format,,,,,,,
SYN-005,2026-06-22,utilization,0.823529,ok,4,0.839433,0.806832,0.853958,8,cohort x format,False,False,False,0.0,0.832605,-0.0109,no_flag
SYN-005,2026-06-22,attendance,0.930091,ok,4,0.938594,0.934154,0.943731,8,cohort x format,False,False,False,0.0,0.936234,-0.006561,no_flag
SYN-005,2026-06-22,conversion,0.441176,ok,4,0.590045,0.583754,0.608121,8,cohort x format,True,False,True,9.0,0.495994,-0.11052,flag
SYN-005,2026-06-22,on_time,0.929664,ok,4,0.923252,0.921869,0.926545,8,cohort x format,False,False,False,0.0,0.918991,0.011614,no_flag
SYN-005,2026-06-22,turnaround,5.657492,ok,4,5.877593,5.803192,5.94045,8,cohort x format,False,False,False,0.0,6.037052,-0.062872,no_flag
SYN-005,2026-06-22,recall_rate,0.181818,ok,4,0.178898,0.177403,0.181796,8,cohort x format,False,False,False,0.0,0.178228,0.020142,no_flag
SYN-005,2026-06-22,exams,153.0,ok,4,144.5,140.6875,158.5,8,cohort x format,,,,,,,
SYN-005,2026-06-29,utilization,0.827238,ok,4,0.84466,0.821151,0.858086,9,cohort x format,False,False,False,0.0,0.832395,-0.006195,no_flag
SYN-005,2026-06-29,attendance,0.928354,ok,4,0.943182,0.935961,0.945596,9,cohort x format,False,False,False,0.0,0.935387,-0.007519,no_flag
SYN-005,2026-06-29,conversion,0.433498,ok,4,0.593151,0.574586,0.610548,9,cohort x format,True,False,True,10.0,0.479518,-0.095972,flag
SYN-005,2026-06-29,on_time,0.937304,ok,4,0.927536,0.92619,0.927765,9,cohort x format,False,False,False,0.0,0.92033,0.018444,no_flag
SYN-005,2026-06-29,turnaround,5.624138,ok,4,6.000451,5.752547,6.098488,9,cohort x format,False,False,False,0.0,6.038324,-0.068593,no_flag
SYN-005,2026-06-29,recall_rate,0.187373,ok,4,0.177632,0.17735,0.18408,9,cohort x format,False,False,False,0.0,0.175824,0.065682,no_flag
SYN-005,2026-06-29,exams,152.25,ok,4,146.75,142.5,162.25,9,cohort x format,,,,,,,
SYN-005,2026-07-06,utilization,0.827238,ok,4,0.84903,0.836957,0.855769,9,cohort x format,False,False,False,0.0,0.82875,-0.001824,no_flag
SYN-005,2026-07-06,attendance,0.928354,ok,4,0.942051,0.933116,0.942931,9,cohort x format,False,False,False,0.0,0.934389,-0.006459,no_flag
SYN-005,2026-07-06,conversion,0.43514,ok,4,0.588235,0.578864,0.612308,9,cohort x format,True,False,True,11.0,0.463277,-0.060735,flag
SYN-005,2026-07-06,on_time,0.93125,ok,4,0.928962,0.921512,0.930788,9,cohort x format,False,False,False,0.0,0.924929,0.006834,no_flag
SYN-005,2026-07-06,turnaround,5.83375,ok,4,6.049438,5.752983,6.086122,9,cohort x format,False,False,False,0.0,6.069972,-0.038916,no_flag
SYN-005,2026-07-06,recall_rate,0.184874,ok,4,0.182254,0.17418,0.184758,9,cohort x format,False,False,False,0.0,0.176155,0.049498,no_flag
SYN-005,2026-07-06,exams,152.25,ok,4,145.5,143.0,160.75,9,cohort x format,,,,,,,
SYN-005,2026-07-13,utilization,0.826087,ok,4,0.846365,0.836957,0.855181,9,cohort x format,False,False,False,0.0,0.83281,-0.008072,no_flag
SYN-005,2026-07-13,attendance,0.933835,ok,4,0.940058,0.93517,0.941606,9,cohort x format,False,False,False,0.0,0.93283,0.001077,no_flag
SYN-005,2026-07-13,conversion,0.433172,ok,4,0.595365,0.584759,0.609302,9,cohort x format,True,False,True,12.0,0.455502,-0.049021,flag
SYN-005,2026-07-13,on_time,0.923077,ok,4,0.921429,0.914894,0.938575,9,cohort x format,False,False,False,0.0,0.92785,-0.005144,no_flag
SYN-005,2026-07-13,turnaround,5.856308,ok,4,5.996044,5.861354,6.03383,9,cohort x format,False,False,False,0.0,6.092208,-0.038722,no_flag
SYN-005,2026-07-13,recall_rate,0.176724,ok,4,0.176692,0.172867,0.186788,9,cohort x format,False,False,False,0.0,0.178924,-0.012296,no_flag
SYN-005,2026-07-13,exams,155.25,ok,4,146.5,140.25,161.25,9,cohort x format,,,,,,,
SYN-005,2026-07-20,utilization,0.82266,ok,4,0.841646,0.832011,0.850822,9,cohort x format,False,False,False,0.0,0.830201,-0.009083,no_flag
SYN-005,2026-07-20,attendance,0.938623,ok,4,0.938843,0.936691,0.943536,9,cohort x format,False,False,False,0.0,0.930566,0.008658,no_flag
SYN-005,2026-07-20,conversion,0.433812,ok,4,0.589862,0.587302,0.603873,9,cohort x format,True,False,True,13.0,0.452555,-0.041416,flag
SYN-005,2026-07-20,on_time,0.925595,ok,4,0.921739,0.917021,0.928747,9,cohort x format,False,False,False,0.0,0.925329,0.000287,no_flag
SYN-005,2026-07-20,turnaround,6.106548,ok,4,6.057391,5.874255,6.103931,9,cohort x format,False,False,False,0.0,5.973499,0.022273,no_flag
SYN-005,2026-07-20,recall_rate,0.177384,ok,4,0.179551,0.169811,0.18451,9,cohort x format,False,False,False,0.0,0.180151,-0.015362,no_flag
SYN-005,2026-07-20,exams,156.75,ok,4,148.75,141.75,158.75,9,cohort x format,,,,,,,
SYN-005,2026-07-27,utilization,0.824755,ok,4,0.838471,0.832812,0.850444,9,cohort x format,False,False,False,0.0,0.833229,-0.01017,no_flag
SYN-005,2026-07-27,attendance,0.943536,ok,4,0.941878,0.933333,0.945,9,cohort x format,False,False,False,0.0,0.930775,0.01371,no_flag
SYN-005,2026-07-27,conversion,0.429921,ok,4,0.598214,0.587302,0.601575,9,cohort x format,True,False,True,14.0,0.447858,-0.040049,flag
SYN-005,2026-07-27,on_time,0.923977,ok,4,0.928747,0.918719,0.931452,9,cohort x format,False,False,False,0.0,0.932053,-0.008665,no_flag
SYN-005,2026-07-27,turnaround,6.202339,ok,4,6.050321,5.853317,6.070197,9,cohort x format,False,False,False,0.0,5.974151,0.038196,no_flag
SYN-005,2026-07-27,recall_rate,0.172093,ok,4,0.178649,0.164589,0.180769,9,cohort x format,False,False,False,0.0,0.182773,-0.058434,no_flag
SYN-005,2026-07-27,exams,158.75,ok,4,151.25,140.0,158.75,9,cohort x format,,,,,,,
SYN-005,2026-08-03,utilization,0.825062,ok,4,0.835366,0.828571,0.842822,9,cohort x format,False,False,False,0.0,0.827823,-0.003335,no_flag
SYN-005,2026-08-03,attendance,0.944361,ok,4,0.943066,0.939806,0.944012,9,cohort x format,False,False,False,0.0,0.934439,0.010618,no_flag
SYN-005,2026-08-03,conversion,0.429936,ok,4,0.593695,0.591099,0.604294,9,cohort x format,True,False,True,15.0,0.445161,-0.034201,flag
SYN-005,2026-08-03,on_time,0.926036,ok,4,0.921376,0.91134,0.930328,9,cohort x format,False,False,False,0.0,0.936296,-0.010959,no_flag
SYN-005,2026-08-03,turnaround,6.106509,ok,4,6.039549,5.784486,6.169081,9,cohort x format,False,False,False,0.0,5.998667,0.017978,no_flag
SYN-005,2026-08-03,recall_rate,0.17321,ok,4,0.176471,0.171355,0.183575,9,cohort x format,False,False,False,0.0,0.180862,-0.042309,no_flag
SYN-005,2026-08-03,exams,157.0,ok,4,151.75,142.75,161.5,9,cohort x format,,,,,,,
SYN-005,2026-08-10,utilization,0.825767,ok,4,0.843284,0.827943,0.843621,9,cohort x format,False,False,False,0.0,0.827436,-0.002018,no_flag
SYN-005,2026-08-10,attendance,0.940565,ok,4,0.945428,0.936925,0.946299,9,cohort x format,False,False,False,0.0,0.934734,0.006238,no_flag
SYN-005,2026-08-10,conversion,0.423381,ok,4,0.591304,0.582048,0.603744,9,cohort x format,True,False,True,16.0,0.44061,-0.039103,flag
SYN-005,2026-08-10,on_time,0.931751,ok,4,0.920792,0.918033,0.92562,9,cohort x format,False,False,False,0.0,0.931751,0.0,no_flag
SYN-005,2026-08-10,turnaround,6.307122,ok,4,5.950615,5.743777,6.139891,9,cohort x format,False,False,False,0.0,5.909792,0.067232,no_flag
SYN-005,2026-08-10,recall_rate,0.182018,ok,4,0.179226,0.17161,0.185096,9,cohort x format,False,False,False,0.0,0.179266,0.015351,no_flag
SYN-005,2026-08-10,exams,158.25,ok,4,150.25,143.75,163.0,9,cohort x format,,,,,,,
SYN-005,2026-08-17,utilization,0.827329,ok,4,0.835427,0.824176,0.848276,9,cohort x format,False,False,False,0.0,0.823091,0.005149,no_flag
SYN-005,2026-08-17,attendance,0.942943,ok,4,0.942053,0.939837,0.946377,9,cohort x format,False,False,False,0.0,0.934389,0.009154,no_flag
SYN-005,2026-08-17,conversion,0.423567,ok,4,0.598775,0.575549,0.60925,9,cohort x format,True,False,True,17.0,0.43745,-0.031735,flag
SYN-005,2026-08-17,on_time,0.936937,ok,4,0.917073,0.913408,0.921376,9,cohort x format,False,False,False,0.0,0.927602,0.010064,no_flag
SYN-005,2026-08-17,turnaround,6.229129,ok,4,6.063693,5.734932,6.104366,9,cohort x format,False,False,False,0.0,5.885068,0.058463,no_flag
SYN-005,2026-08-17,recall_rate,0.184946,ok,4,0.185484,0.180894,0.187633,9,cohort x format,False,False,False,0.0,0.179654,0.02946,no_flag
SYN-005,2026-08-17,exams,157.0,ok,4,145.75,142.25,163.25,9,cohort x format,,,,,,,
SYN-006,2026-02-23,utilization,,insufficient_history,1,,,,0,suppressed,False,False,False,0.0,,,unavailable
SYN-006,2026-02-23,attendance,,insufficient_history,1,,,,0,suppressed,False,False,False,0.0,,,unavailable
SYN-006,2026-02-23,conversion,,insufficient_history,1,,,,0,suppressed,False,False,False,0.0,,,unavailable
SYN-006,2026-02-23,on_time,,insufficient_history,1,,,,0,suppressed,False,False,False,0.0,,,unavailable
SYN-006,2026-02-23,turnaround,,insufficient_history,1,,,,0,suppressed,False,False,False,0.0,,,unavailable
SYN-006,2026-02-23,recall_rate,,insufficient_history,1,,,,0,suppressed,False,False,False,0.0,,,unavailable
SYN-006,2026-02-23,exams,,insufficient_history,1,,,,0,suppressed,,,,,,,
SYN-006,2026-03-02,utilization,,insufficient_history,2,,,,0,suppressed,False,False,False,0.0,,,unavailable
SYN-006,2026-03-02,attendance,,insufficient_history,2,,,,0,suppressed,False,False,False,0.0,,,unavailable
SYN-006,2026-03-02,conversion,,insufficient_history,2,,,,0,suppressed,False,False,False,0.0,,,unavailable
SYN-006,2026-03-02,on_time,,insufficient_history,2,,,,0,suppressed,False,False,False,0.0,,,unavailable
SYN-006,2026-03-02,turnaround,,insufficient_history,2,,,,0,suppressed,False,False,False,0.0,,,unavailable
SYN-006,2026-03-02,recall_rate,,insufficient_history,2,,,,0,suppressed,False,False,False,0.0,,,unavailable
SYN-006,2026-03-02,exams,,insufficient_history,2,,,,0,suppressed,,,,,,,
SYN-006,2026-03-09,utilization,0.878587,ok,3,0.806794,0.785251,0.833878,7,cohort (fallback),False,False,False,0.0,,,no_flag
SYN-006,2026-03-09,attendance,0.942211,ok,3,0.936675,0.93124,0.940087,7,cohort (fallback),False,False,False,0.0,,,no_flag
SYN-006,2026-03-09,conversion,0.538667,ok,3,0.604167,0.585025,0.625564,7,cohort (fallback),True,False,True,1.0,,,flag
SYN-006,2026-03-09,on_time,0.939759,ok,3,0.933086,0.91864,0.93697,7,cohort (fallback),False,False,False,0.0,,,no_flag
SYN-006,2026-03-09,turnaround,5.590763,ok,3,5.928916,5.641469,6.025175,7,cohort (fallback),False,False,False,0.0,,,no_flag
SYN-006,2026-03-09,recall_rate,0.153846,ok,3,0.147059,0.141941,0.150914,7,cohort (fallback),False,False,False,0.0,,,no_flag
SYN-006,2026-03-09,exams,125.0,ok,3,116.333333,110.166667,118.166667,7,cohort (fallback),,,,,,,
SYN-006,2026-03-16,utilization,0.868333,ok,4,0.807018,0.787437,0.83086,7,cohort (fallback),False,False,False,0.0,,,no_flag
SYN-006,2026-03-16,attendance,0.944338,ok,4,0.93617,0.934568,0.941239,7,cohort (fallback),False,False,False,0.0,,,no_flag
SYN-006,2026-03-16,conversion,0.54065,ok,4,0.588496,0.578466,0.624761,7,cohort (fallback),False,False,False,0.0,,,no_flag
SYN-006,2026-03-16,on_time,0.935583,ok,4,0.929487,0.920472,0.934356,7,cohort (fallback),False,False,False,0.0,,,no_flag
SYN-006,2026-03-16,turnaround,5.711043,ok,4,5.924752,5.61637,6.041655,7,cohort (fallback),False,False,False,0.0,,,no_flag
SYN-006,2026-03-16,recall_rate,0.148,ok,4,0.148387,0.144314,0.151536,7,cohort (fallback),False,False,False,0.0,,,no_flag
SYN-006,2026-03-16,exams,123.0,ok,4,116.5,111.5,117.875,7,cohort (fallback),,,,,,,
SYN-006,2026-03-23,utilization,0.86,ok,4,0.809011,0.782862,0.822323,8,cohort (fallback),False,False,False,0.0,,,no_flag
SYN-006,2026-03-23,attendance,0.943798,ok,4,0.939199,0.934275,0.94195,8,cohort (fallback),False,False,False,0.0,,,no_flag
SYN-006,2026-03-23,conversion,0.544148,ok,4,0.583709,0.575025,0.620395,8,cohort (fallback),False,False,False,0.0,,,no_flag
SYN-006,2026-03-23,on_time,0.94375,ok,4,0.927452,0.917131,0.935615,8,cohort (fallback),False,False,False,0.0,,,no_flag
SYN-006,2026-03-23,turnaround,5.91125,ok,4,5.986926,5.79065,6.093501,8,cohort (fallback),False,False,False,0.0,,,no_flag
SYN-006,2026-03-23,recall_rate,0.148855,ok,4,0.149034,0.146104,0.150418,8,cohort (fallback),False,False,False,0.0,,,no_flag
SYN-006,2026-03-23,exams,121.75,ok,4,114.0,110.0625,117.75,8,cohort (fallback),,,,,,,
SYN-006,2026-03-30,utilization,0.858804,ok,4,0.800358,0.781869,0.814849,8,cohort (fallback),False,False,False,0.0,,,no_flag
SYN-006,2026-03-30,attendance,0.940039,ok,4,0.937437,0.932052,0.940394,8,cohort (fallback),False,False,False,0.0,,,no_flag
SYN-006,2026-03-30,conversion,0.545267,ok,4,0.588118,0.574148,0.613085,8,cohort (fallback),False,False,False,0.0,,,no_flag
SYN-006,2026-03-30,on_time,0.940063,ok,4,0.917473,0.91426,0.926268,8,cohort (fallback),False,False,False,0.0,,,no_flag
SYN-006,2026-03-30,turnaround,5.99653,ok,4,5.85308,5.735846,6.00201,8,cohort (fallback),False,False,False,0.0,,,no_flag
SYN-006,2026-03-30,recall_rate,0.14717,ok,4,0.152376,0.143309,0.154282,8,cohort (fallback),False,False,False,0.0,,,no_flag
SYN-006,2026-03-30,exams,121.5,ok,4,112.125,109.125,115.8125,8,cohort (fallback),,,,,,,
SYN-006,2026-04-06,utilization,0.850649,ok,4,0.797735,0.770979,0.823432,9,cohort (fallback),False,False,False,0.0,,,no_flag
SYN-006,2026-04-06,attendance,0.942748,ok,4,0.938111,0.933868,0.941176,9,cohort (fallback),False,False,False,0.0,,,no_flag
SYN-006,2026-04-06,conversion,0.550607,ok,4,0.575431,0.557652,0.611607,9,cohort (fallback),False,False,False,0.0,,,no_flag
SYN-006,2026-04-06,on_time,0.926829,ok,4,0.912568,0.911864,0.919771,9,cohort (fallback),False,False,False,0.0,,,no_flag
SYN-006,2026-04-06,turnaround,6.096037,ok,4,5.874074,5.796894,6.12163,9,cohort (fallback),False,False,False,0.0,,,no_flag
SYN-006,2026-04-06,recall_rate,0.147601,ok,4,0.147541,0.146417,0.150628,9,cohort (fallback),False,False,False,0.0,,,no_flag
SYN-006,2026-04-06,exams,123.5,ok,4,112.0,103.75,116.0,9,cohort (fallback),,,,,,,
SYN-006,2026-04-13,utilization,0.851792,ok,4,0.790574,0.763699,0.819174,10,cohort (fallback),False,False,False,0.0,,,no_flag
SYN-006,2026-04-13,attendance,0.940727,ok,4,0.937339,0.935436,0.940793,10,cohort (fallback),False,False,False,0.0,,,no_flag
SYN-006,2026-04-13,conversion,0.552846,ok,4,0.579083,0.557441,0.60098,10,cohort (fallback),False,False,False,0.0,,,no_flag
SYN-006,2026-04-13,on_time,0.929878,ok,4,0.913876,0.906367,0.92414,10,cohort (fallback),False,False,False,0.0,,,no_flag
SYN-006,2026-04-13,turnaround,6.377744,ok,4,5.823683,5.670879,6.078531,10,cohort (fallback),False,False,False,0.0,,,no_flag
SYN-006,2026-04-13,recall_rate,0.148276,ok,4,0.151347,0.13858,0.15365,10,cohort (fallback),False,False,False,0.0,,,no_flag
SYN-006,2026-04-13,exams,123.0,ok,4,111.0,88.375,115.375,10,cohort (fallback),,,,,,,
SYN-006,2026-04-20,utilization,0.851064,ok,4,0.787324,0.768256,0.82413,10,cohort (fallback),False,False,False,0.0,,,no_flag
SYN-006,2026-04-20,attendance,0.940385,ok,4,0.937635,0.93502,0.941153,10,cohort (fallback),False,False,False,0.0,,,no_flag
SYN-006,2026-04-20,conversion,0.548057,ok,4,0.576018,0.558161,0.601306,10,cohort (fallback),False,False,False,0.0,,,no_flag
SYN-006,2026-04-20,on_time,0.92638,ok,4,0.917343,0.912434,0.921332,10,cohort (fallback),False,False,False,0.0,,,no_flag
SYN-006,2026-04-20,turnaround,6.113804,ok,4,5.836683,5.665403,5.986441,10,cohort (fallback),False,False,False,0.0,,,no_flag
SYN-006,2026-04-20,recall_rate,0.142857,ok,4,0.15,0.144487,0.154572,10,cohort (fallback),False,False,False,0.0,,,no_flag
SYN-006,2026-04-20,exams,122.25,ok,4,109.75,90.125,116.4375,10,cohort (fallback),,,,,,,
SYN-006,2026-04-27,utilization,0.85173,ok,4,0.787267,0.762812,0.823935,11,cohort (fallback),False,False,False,0.0,0.865787,-0.016236,no_flag
SYN-006,2026-04-27,attendance,0.941973,ok,4,0.941935,0.936781,0.943549,11,cohort (fallback),False,False,False,0.0,0.94155,0.000449,no_flag
SYN-006,2026-04-27,conversion,0.548255,ok,4,0.564327,0.552635,0.598528,11,cohort (fallback),False,False,False,0.0,0.54386,0.008081,no_flag
SYN-006,2026-04-27,on_time,0.923077,ok,4,0.924242,0.919243,0.929214,11,cohort (fallback),False,False,False,0.0,0.936735,-0.01458,no_flag
SYN-006,2026-04-27,turnaround,6.243077,ok,4,5.792331,5.725015,6.064156,11,cohort (fallback),False,False,False,0.0,5.820816,0.072543,no_flag
SYN-006,2026-04-27,recall_rate,0.141844,ok,4,0.151235,0.141887,0.154656,11,cohort (fallback),False,False,False,0.0,0.150754,-0.059102,no_flag
SYN-006,2026-04-27,exams,121.75,ok,4,108.0,84.875,118.75,11,cohort (fallback),,,,,,,
SYN-006,2026-05-04,utilization,0.856899,ok,4,0.790706,0.756736,0.809624,12,cohort (fallback),False,False,False,0.0,0.862488,-0.00648,no_flag
SYN-006,2026-05-04,attendance,0.940358,ok,4,0.943557,0.935336,0.944959,12,cohort (fallback),False,False,False,0.0,0.942516,-0.00229,no_flag
SYN-006,2026-05-04,conversion,0.545455,ok,4,0.565093,0.556975,0.60089,12,cohort (fallback),False,False,False,0.0,0.545455,0.0,no_flag
SYN-006,2026-05-04,on_time,0.929032,ok,4,0.924874,0.871879,0.931257,12,cohort (fallback),False,False,False,0.0,0.932409,-0.003622,no_flag
SYN-006,2026-05-04,turnaround,6.152258,ok,4,5.922615,5.841713,6.942051,12,cohort (fallback),False,False,False,0.0,5.87799,0.04666,no_flag
SYN-006,2026-05-04,recall_rate,0.144295,ok,4,0.147765,0.143936,0.153549,12,cohort (fallback),False,False,False,0.0,0.150215,-0.039406,no_flag
SYN-006,2026-05-04,exams,118.25,ok,4,108.25,82.9375,117.75,12,cohort (fallback),,,,,,,
SYN-006,2026-05-11,utilization,0.862944,ok,4,0.790952,0.765199,0.795069,13,cohort (fallback),False,False,False,0.0,0.859967,0.003462,no_flag
SYN-006,2026-05-11,attendance,0.941176,ok,4,0.943396,0.936128,0.944773,13,cohort (fallback),False,False,False,0.0,0.942529,-0.001435,no_flag
SYN-006,2026-05-11,conversion,0.539583,ok,4,0.569937,0.557003,0.599109,13,cohort (fallback),False,False,False,0.0,0.546748,-0.013104,no_flag
SYN-006,2026-05-11,on_time,0.926045,ok,4,0.929664,0.911392,0.93401,13,cohort (fallback),False,False,False,0.0,0.932722,-0.007158,no_flag
SYN-006,2026-05-11,turnaround,5.704502,ok,4,6.09288,6.01498,6.477982,13,cohort (fallback),False,False,False,0.0,6.045413,-0.056392,no_flag
SYN-006,2026-05-11,recall_rate,0.146341,ok,4,0.149254,0.140351,0.15,13,cohort (fallback),False,False,False,0.0,0.148148,-0.012195,no_flag
SYN-006,2026-05-11,exams,120.0,ok,4,107.0,85.25,117.25,13,cohort (fallback),,,,,,,
SYN-006,2026-05-18,utilization,0.861953,ok,4,0.780186,0.760488,0.799242,12,cohort (fallback),False,False,False,0.0,0.855491,0.007553,no_flag
SYN-006,2026-05-18,attendance,0.941406,ok,4,0.941698,0.938908,0.94499,12,cohort (fallback),False,False,False,0.0,0.942085,-0.00072,no_flag
SYN-006,2026-05-18,conversion,0.53112,ok,4,0.575932,0.560213,0.590413,12,cohort (fallback),False,False,False,0.0,0.546107,-0.027442,no_flag
SYN-006,2026-05-18,on_time,0.925325,ok,4,0.926626,0.877451,0.934367,12,cohort (fallback),False,False,False,0.0,0.934985,-0.010332,no_flag
SYN-006,2026-05-18,turnaround,5.877922,ok,4,6.216878,5.945483,7.201429,12,cohort (fallback),False,False,False,0.0,6.013467,-0.02254,no_flag
SYN-006,2026-05-18,recall_rate,0.149306,ok,4,0.15021,0.144633,0.155213,12,cohort (fallback),False,False,False,0.0,0.145719,0.024609,no_flag
SYN-006,2026-05-18,exams,120.5,ok,4,96.625,83.75,114.1875,12,cohort (fallback),,,,,,,
SYN-006,2026-05-25,utilization,0.853535,ok,4,0.778291,0.761905,0.798574,13,cohort (fallback),False,False,False,0.0,0.855252,-0.002008,no_flag
SYN-006,2026-05-25,attendance,0.942801,ok,4,0.940217,0.933754,0.941973,13,cohort (fallback),False,False,False,0.0,0.941006,0.001908,no_flag
SYN-006,2026-05-25,conversion,0.531381,ok,4,0.567568,0.562628,0.591928,13,cohort (fallback),False,False,False,0.0,0.546763,-0.028133,no_flag
SYN-006,2026-05-25,on_time,0.937908,ok,4,0.924623,0.764977,0.940299,13,cohort (fallback),False,False,False,0.0,0.931464,0.006918,no_flag
SYN-006,2026-05-25,turnaround,5.85,ok,4,6.315773,5.872864,9.274757,13,cohort (fallback),False,False,False,0.0,6.12134,-0.044327,no_flag
SYN-006,2026-05-25,recall_rate,0.146429,ok,4,0.148026,0.143541,0.154545,13,cohort (fallback),False,False,False,0.0,0.144424,0.013879,no_flag
SYN-006,2026-05-25,exams,119.5,ok,4,86.5,80.5,111.5,13,cohort (fallback),,,,,,,
SYN-006,2026-06-01,utilization,0.853577,ok,4,0.776224,0.759834,0.785235,13,cohort (fallback),False,False,False,0.0,0.853699,-0.000143,no_flag
SYN-006,2026-06-01,attendance,0.94152,ok,4,0.938976,0.93038,0.942623,13,cohort (fallback),False,False,False,0.0,0.941577,-6e-05,no_flag
SYN-006,2026-06-01,conversion,0.52795,ok,4,0.572327,0.554455,0.588506,13,cohort (fallback),False,False,False,0.0,0.548087,-0.03674,no_flag
SYN-006,2026-06-01,on_time,0.938511,ok,4,0.924623,0.763547,0.939799,13,cohort (fallback),False,False,False,0.0,0.9279,0.011436,no_flag
SYN-006,2026-06-01,turnaround,5.800971,ok,4,6.239688,5.986697,9.260577,13,cohort (fallback),False,False,False,0.0,6.123354,-0.052648,no_flag
SYN-006,2026-06-01,recall_rate,0.145985,ok,4,0.148649,0.141593,0.154545,13,cohort (fallback),False,False,False,0.0,0.14587,0.000791,no_flag
SYN-006,2026-06-01,exams,120.75,ok,4,86.25,79.75,110.5,13,cohort (fallback),,,,,,,
SYN-006,2026-06-08,utilization,0.850575,ok,4,0.776923,0.760915,0.794314,13,cohort (fallback),False,False,False,0.0,0.857261,-0.0078,no_flag
SYN-006,2026-06-08,attendance,0.942085,ok,4,0.938028,0.930091,0.940574,13,cohort (fallback),False,False,False,0.0,0.940949,0.001208,no_flag
SYN-006,2026-06-08,conversion,0.528689,ok,4,0.57483,0.552288,0.587054,13,cohort (fallback),False,False,False,0.0,0.546296,-0.032231,no_flag
SYN-006,2026-06-08,on_time,0.942675,ok,4,0.925311,0.754902,0.937063,13,cohort (fallback),False,False,False,0.0,0.928013,0.0158,no_flag
SYN-006,2026-06-08,turnaround,5.928344,ok,4,6.087461,5.767974,9.082488,13,cohort (fallback),False,False,False,0.0,6.050078,-0.020121,no_flag
SYN-006,2026-06-08,recall_rate,0.147766,ok,4,0.152542,0.138889,0.16129,13,cohort (fallback),False,False,False,0.0,0.147314,0.003073,no_flag
SYN-006,2026-06-08,exams,122.0,ok,4,87.5,82.0,112.0,13,cohort (fallback),,,,,,,
SYN-006,2026-06-15,utilization,0.859935,ok,4,0.78692,0.766393,0.808896,13,cohort (fallback),False,False,False,0.0,0.856432,0.004091,no_flag
SYN-006,2026-06-15,attendance,0.945076,ok,4,0.935551,0.933535,0.938534,13,cohort (fallback),False,False,False,0.0,0.940891,0.004447,no_flag
SYN-006,2026-06-15,conversion,0.539078,ok,4,0.572391,0.556634,0.588571,13,cohort (fallback),False,False,False,0.0,0.53965,-0.001059,no_flag
SYN-006,2026-06-15,on_time,0.948012,ok,4,0.92233,0.741935,0.933798,13,cohort (fallback),False,False,False,0.0,0.925868,0.023918,no_flag
SYN-006,2026-06-15,turnaround,5.908257,ok,4,6.217409,5.871654,8.823963,13,cohort (fallback),False,False,False,0.0,5.999211,-0.015161,no_flag
SYN-006,2026-06-15,recall_rate,0.152727,ok,4,0.15,0.134328,0.151515,13,cohort (fallback),False,False,False,0.0,0.146087,0.045455,no_flag
SYN-006,2026-06-15,exams,124.75,ok,4,88.25,82.0,112.5,13,cohort (fallback),,,,,,,
SYN-006,2026-06-22,utilization,0.867647,ok,4,0.79063,0.769524,0.806038,12,cohort (fallback),False,False,False,0.0,0.852623,0.017621,no_flag
SYN-006,2026-06-22,attendance,0.943503,ok,4,0.936781,0.932091,0.940179,12,cohort (fallback),False,False,False,0.0,0.942383,0.001188,no_flag
SYN-006,2026-06-22,conversion,0.530938,ok,4,0.571199,0.56325,0.587139,12,cohort (fallback),False,False,False,0.0,0.539896,-0.016593,no_flag
SYN-006,2026-06-22,on_time,0.941176,ok,4,0.915177,0.74223,0.929244,12,cohort (fallback),False,False,False,0.0,0.930269,0.011725,no_flag
SYN-006,2026-06-22,turnaround,5.787926,ok,4,6.157219,6.010582,8.755108,12,cohort (fallback),False,False,False,0.0,6.052456,-0.043706,no_flag
SYN-006,2026-06-22,recall_rate,0.159722,ok,4,0.143797,0.140498,0.151637,12,cohort (fallback),False,False,False,0.0,0.144128,0.108196,no_flag
SYN-006,2026-06-22,exams,125.25,ok,4,89.375,82.1875,109.25,12,cohort (fallback),,,,,,,
SYN-006,2026-06-29,utilization,0.865449,ok,4,0.798398,0.777498,0.804064,12,cohort (fallback),False,False,False,0.0,0.855219,0.011961,no_flag
SYN-006,2026-06-29,attendance,0.944338,ok,4,0.937589,0.934189,0.939864,12,cohort (fallback),False,False,False,0.0,0.940945,0.003606,no_flag
SYN-006,2026-06-29,conversion,0.534553,ok,4,0.567601,0.560893,0.59322,12,cohort (fallback),False,False,False,0.0,0.536611,-0.003835,no_flag
SYN-006,2026-06-29,on_time,0.936909,ok,4,0.913649,0.735957,0.922394,12,cohort (fallback),False,False,False,0.0,0.933764,0.003367,no_flag
SYN-006,2026-06-29,turnaround,5.878549,ok,4,6.180998,5.971248,8.94901,12,cohort (fallback),False,False,False,0.0,5.976898,-0.016455,no_flag
SYN-006,2026-06-29,recall_rate,0.158621,ok,4,0.145393,0.142252,0.151872,12,cohort (fallback),False,False,False,0.0,0.145105,0.093145,no_flag
SYN-006,2026-06-29,exams,123.0,ok,4,89.75,82.6875,109.875,12,cohort (fallback),,,,,,,
SYN-006,2026-07-06,utilization,0.863406,ok,4,0.8,0.788902,0.808287,11,cohort (fallback),False,False,False,0.0,0.856667,0.007867,no_flag
SYN-006,2026-07-06,attendance,0.939453,ok,4,0.93712,0.935415,0.94193,11,cohort (fallback),False,False,False,0.0,0.941634,-0.002316,no_flag
SYN-006,2026-07-06,conversion,0.534304,ok,4,0.571823,0.559332,0.599931,11,cohort (fallback),False,False,False,0.0,0.534091,0.000398,no_flag
SYN-006,2026-07-06,on_time,0.938111,ok,4,0.910112,0.83261,0.928167,11,cohort (fallback),False,False,False,0.0,0.9344,0.003971,no_flag
SYN-006,2026-07-06,turnaround,5.850814,ok,4,6.049558,5.948351,7.61358,11,cohort (fallback),False,False,False,0.0,5.81696,0.00582,no_flag
SYN-006,2026-07-06,recall_rate,0.165605,ok,4,0.148148,0.144509,0.155136,11,cohort (fallback),False,False,False,0.0,0.147059,0.126115,no_flag
SYN-006,2026-07-06,exams,120.25,ok,4,91.75,84.5,110.625,11,cohort (fallback),,,,,,,
SYN-006,2026-07-13,utilization,0.863946,ok,4,0.793696,0.785802,0.799903,12,cohort (fallback),False,False,False,0.0,0.860927,0.003506,no_flag
SYN-006,2026-07-13,attendance,0.937008,ok,4,0.937628,0.934682,0.94137,12,cohort (fallback),False,False,False,0.0,0.943269,-0.006638,no_flag
SYN-006,2026-07-13,conversion,0.531513,ok,4,0.568536,0.558263,0.594216,12,cohort (fallback),False,False,False,0.0,0.535168,-0.006831,no_flag
SYN-006,2026-07-13,on_time,0.92691,ok,4,0.905897,0.753151,0.923753,12,cohort (fallback),False,False,False,0.0,0.937008,-0.010776,no_flag
SYN-006,2026-07-13,turnaround,5.657143,ok,4,6.196806,5.923796,8.767433,12,cohort (fallback),False,False,False,0.0,5.893543,-0.040112,no_flag
SYN-006,2026-07-13,recall_rate,0.15896,ok,4,0.151659,0.144649,0.156944,12,cohort (fallback),False,False,False,0.0,0.150977,0.052873,no_flag
SYN-006,2026-07-13,exams,119.0,ok,4,91.125,82.9375,110.0,12,cohort (fallback),,,,,,,
SYN-006,2026-07-20,utilization,0.861063,ok,4,0.790295,0.780488,0.807851,13,cohort (fallback),False,False,False,0.0,0.860697,0.000426,no_flag
SYN-006,2026-07-20,attendance,0.936255,ok,4,0.937888,0.935673,0.94302,13,cohort (fallback),False,False,False,0.0,0.94316,-0.007321,no_flag
SYN-006,2026-07-20,conversion,0.540426,ok,4,0.571875,0.561077,0.59276,13,cohort (fallback),False,False,False,0.0,0.531154,0.017455,no_flag
SYN-006,2026-07-20,on_time,0.923841,ok,4,0.916418,0.764151,0.925094,13,cohort (fallback),False,False,False,0.0,0.939587,-0.016758,no_flag
SYN-006,2026-07-20,turnaround,5.759934,ok,4,6.073433,5.846154,8.82,13,cohort (fallback),False,False,False,0.0,5.818124,-0.010002,no_flag
SYN-006,2026-07-20,recall_rate,0.150685,ok,4,0.150943,0.145833,0.157635,13,cohort (fallback),False,False,False,0.0,0.153169,-0.016218,no_flag
SYN-006,2026-07-20,exams,117.5,ok,4,91.25,82.0,110.5,13,cohort (fallback),,,,,,,
SYN-006,2026-07-27,utilization,0.87188,ok,4,0.798643,0.775777,0.809195,13,cohort (fallback),False,False,False,0.0,0.859518,0.014383,no_flag
SYN-006,2026-07-27,attendance,0.933206,ok,4,0.941358,0.936128,0.943182,13,cohort (fallback),False,False,False,0.0,0.94294,-0.010323,no_flag
SYN-006,2026-07-27,conversion,0.533742,ok,4,0.573209,0.563253,0.585746,13,cohort (fallback),False,False,False,0.0,0.531282,0.004631,no_flag
SYN-006,2026-07-27,on_time,0.92429,ok,4,0.9163,0.75,0.932432,13,cohort (fallback),False,False,False,0.0,0.9377,-0.0143,no_flag
SYN-006,2026-07-27,turnaround,5.82429,ok,4,6.052769,5.951351,8.948673,13,cohort (fallback),False,False,False,0.0,5.840256,-0.002734,no_flag
SYN-006,2026-07-27,recall_rate,0.147453,ok,4,0.153061,0.148649,0.158537,13,cohort (fallback),False,False,False,0.0,0.152482,-0.032982,no_flag
SYN-006,2026-07-27,exams,122.25,ok,4,92.0,83.0,109.75,13,cohort (fallback),,,,,,,
SYN-006,2026-08-03,utilization,0.874582,ok,4,0.797267,0.778905,0.806452,13,cohort (fallback),False,False,False,0.0,0.856905,0.020629,no_flag
SYN-006,2026-08-03,attendance,0.93499,ok,4,0.941026,0.935091,0.943662,13,cohort (fallback),False,False,False,0.0,0.940777,-0.006151,no_flag
SYN-006,2026-08-03,conversion,0.539877,ok,4,0.57384,0.558209,0.580046,13,cohort (fallback),False,False,False,0.0,0.531476,0.015808,no_flag
SYN-006,2026-08-03,on_time,0.920245,ok,4,0.921569,0.744493,0.936,13,cohort (fallback),False,False,False,0.0,0.940419,-0.021451,no_flag
SYN-006,2026-08-03,turnaround,6.002454,ok,4,6.122264,6.0636,8.99823,13,cohort (fallback),False,False,False,0.0,5.890016,0.01909,no_flag
SYN-006,2026-08-03,recall_rate,0.134286,ok,4,0.151163,0.146667,0.157895,13,cohort (fallback),True,False,True,1.0,0.157025,-0.144812,flag
SYN-006,2026-08-03,exams,122.25,ok,4,91.75,82.5,107.75,13,cohort (fallback),,,,,,,
SYN-006,2026-08-10,utilization,0.865772,ok,4,0.794715,0.781553,0.804622,13,cohort (fallback),False,False,False,0.0,0.861897,0.004496,no_flag
SYN-006,2026-08-10,attendance,0.934109,ok,4,0.941176,0.936364,0.943503,13,cohort (fallback),False,False,False,0.0,0.94112,-0.00745,no_flag
SYN-006,2026-08-10,conversion,0.541494,ok,4,0.574074,0.567935,0.582418,13,cohort (fallback),False,False,False,0.0,0.535385,0.011411,no_flag
SYN-006,2026-08-10,on_time,0.923547,ok,4,0.929664,0.756637,0.935897,13,cohort (fallback),False,False,False,0.0,0.937898,-0.015301,no_flag
SYN-006,2026-08-10,turnaround,6.05107,ok,4,6.301327,6.036471,9.238034,13,cohort (fallback),False,False,False,0.0,5.787898,0.045469,no_flag
SYN-006,2026-08-10,recall_rate,0.13624,ok,4,0.151786,0.148256,0.157143,13,cohort (fallback),True,False,True,2.0,0.1562,-0.127784,flag
SYN-006,2026-08-10,exams,120.5,ok,4,90.75,83.5,109.5,13,cohort (fallback),,,,,,,
SYN-006,2026-08-17,utilization,0.861157,ok,4,0.799796,0.784916,0.806092,12,cohort (fallback),False,False,False,0.0,0.864435,-0.003792,no_flag
SYN-006,2026-08-17,attendance,0.934741,ok,4,0.93933,0.936892,0.945821,12,cohort (fallback),False,False,False,0.0,0.939981,-0.005574,no_flag
SYN-006,2026-08-17,conversion,0.546201,ok,4,0.572524,0.561831,0.589998,12,cohort (fallback),False,False,False,0.0,0.53553,0.019926,no_flag
SYN-006,2026-08-17,on_time,0.925373,ok,4,0.928348,0.757733,0.932578,12,cohort (fallback),False,False,False,0.0,0.9328,-0.007962,no_flag
SYN-006,2026-08-17,turnaround,6.047463,ok,4,6.240497,6.115216,9.486303,12,cohort (fallback),False,False,False,0.0,5.7744,0.047288,no_flag
SYN-006,2026-08-17,recall_rate,0.141361,ok,4,0.149546,0.145288,0.1586,12,cohort (fallback),False,False,False,0.0,0.154671,-0.08605,no_flag
SYN-006,2026-08-17,exams,121.75,ok,4,88.75,83.1875,107.875,12,cohort (fallback),,,,,,,
SYN-007,2026-02-23,utilization,,insufficient_history,1,,,,0,suppressed,False,False,False,0.0,,,unavailable
SYN-007,2026-02-23,attendance,,insufficient_history,1,,,,0,suppressed,False,False,False,0.0,,,unavailable
SYN-007,2026-02-23,conversion,,insufficient_history,1,,,,0,suppressed,False,False,False,0.0,,,unavailable
SYN-007,2026-02-23,on_time,,insufficient_history,1,,,,0,suppressed,False,False,False,0.0,,,unavailable
SYN-007,2026-02-23,turnaround,,insufficient_history,1,,,,0,suppressed,False,False,False,0.0,,,unavailable
SYN-007,2026-02-23,recall_rate,,insufficient_history,1,,,,0,suppressed,False,False,False,0.0,,,unavailable
SYN-007,2026-02-23,exams,,insufficient_history,1,,,,0,suppressed,,,,,,,
SYN-007,2026-03-02,utilization,,insufficient_history,2,,,,0,suppressed,False,False,False,0.0,,,unavailable
SYN-007,2026-03-02,attendance,,insufficient_history,2,,,,0,suppressed,False,False,False,0.0,,,unavailable
SYN-007,2026-03-02,conversion,,insufficient_history,2,,,,0,suppressed,False,False,False,0.0,,,unavailable
SYN-007,2026-03-02,on_time,,insufficient_history,2,,,,0,suppressed,False,False,False,0.0,,,unavailable
SYN-007,2026-03-02,turnaround,,insufficient_history,2,,,,0,suppressed,False,False,False,0.0,,,unavailable
SYN-007,2026-03-02,recall_rate,,insufficient_history,2,,,,0,suppressed,False,False,False,0.0,,,unavailable
SYN-007,2026-03-02,exams,,insufficient_history,2,,,,0,suppressed,,,,,,,
SYN-007,2026-03-09,utilization,0.809689,ok,3,0.847751,0.820619,0.864804,8,cohort x format,False,False,False,0.0,,,no_flag
SYN-007,2026-03-09,attendance,0.948718,ok,3,0.937804,0.931449,0.942714,8,cohort x format,False,False,False,0.0,,,no_flag
SYN-007,2026-03-09,conversion,0.635135,ok,3,0.602056,0.578846,0.611607,8,cohort x format,False,False,False,0.0,,,no_flag
SYN-007,2026-03-09,on_time,0.914201,ok,3,0.918188,0.915211,0.924192,8,cohort x format,False,False,False,0.0,,,no_flag
SYN-007,2026-03-09,turnaround,5.801183,ok,3,6.000197,5.84824,6.3072,8,cohort x format,False,False,False,0.0,,,no_flag
SYN-007,2026-03-09,recall_rate,0.166667,ok,3,0.182277,0.174396,0.184431,8,cohort x format,False,False,False,0.0,,,no_flag
SYN-007,2026-03-09,exams,148.0,ok,3,152.333333,147.0,157.5,8,cohort x format,,,,,,,
SYN-007,2026-03-16,utilization,0.82199,ok,4,0.848691,0.823982,0.860889,8,cohort x format,False,False,False,0.0,,,no_flag
SYN-007,2026-03-16,attendance,0.950637,ok,4,0.93772,0.933154,0.942348,8,cohort x format,False,False,False,0.0,,,no_flag
SYN-007,2026-03-16,conversion,0.629816,ok,4,0.599596,0.576602,0.609896,8,cohort x format,False,False,False,0.0,,,no_flag
SYN-007,2026-03-16,on_time,0.919283,ok,4,0.92445,0.913312,0.928021,8,cohort x format,False,False,False,0.0,,,no_flag
SYN-007,2026-03-16,turnaround,5.655605,ok,4,6.016766,5.790666,6.2469,8,cohort x format,False,False,False,0.0,,,no_flag
SYN-007,2026-03-16,recall_rate,0.173112,ok,4,0.183583,0.17651,0.184877,8,cohort x format,False,False,False,0.0,,,no_flag
SYN-007,2026-03-16,exams,149.25,ok,4,154.25,147.8125,158.125,8,cohort x format,,,,,,,
SYN-007,2026-03-23,utilization,0.824903,ok,4,0.843096,0.830809,0.859293,8,cohort x format,False,False,False,0.0,,,no_flag
SYN-007,2026-03-23,attendance,0.949686,ok,4,0.937314,0.935725,0.94101,8,cohort x format,False,False,False,0.0,,,no_flag
SYN-007,2026-03-23,conversion,0.629139,ok,4,0.596008,0.571999,0.614593,8,cohort x format,False,False,False,0.0,,,no_flag
SYN-007,2026-03-23,on_time,0.930958,ok,4,0.92424,0.910346,0.926939,8,cohort x format,False,False,False,0.0,,,no_flag
SYN-007,2026-03-23,turnaround,5.829621,ok,4,5.961815,5.912417,6.080119,8,cohort x format,False,False,False,0.0,,,no_flag
SYN-007,2026-03-23,recall_rate,0.175824,ok,4,0.182754,0.174144,0.185907,8,cohort x format,False,False,False,0.0,,,no_flag
SYN-007,2026-03-23,exams,151.0,ok,4,155.75,147.0625,157.1875,8,cohort x format,,,,,,,
SYN-007,2026-03-30,utilization,0.827497,ok,4,0.834791,0.825875,0.855905,8,cohort x format,False,False,False,0.0,,,no_flag
SYN-007,2026-03-30,attendance,0.946708,ok,4,0.938645,0.93568,0.940675,8,cohort x format,False,False,False,0.0,,,no_flag
SYN-007,2026-03-30,conversion,0.625828,ok,4,0.596093,0.579307,0.606646,8,cohort x format,False,False,False,0.0,,,no_flag
SYN-007,2026-03-30,on_time,0.930958,ok,4,0.925563,0.922224,0.928959,8,cohort x format,False,False,False,0.0,,,no_flag
SYN-007,2026-03-30,turnaround,6.16637,ok,4,6.056508,5.881407,6.176028,8,cohort x format,False,False,False,0.0,,,no_flag
SYN-007,2026-03-30,recall_rate,0.184615,ok,4,0.18208,0.177104,0.184657,8,cohort x format,False,False,False,0.0,,,no_flag
SYN-007,2026-03-30,exams,151.0,ok,4,154.875,146.9375,158.1875,8,cohort x format,,,,,,,
SYN-007,2026-04-06,utilization,0.821382,ok,4,0.831996,0.829231,0.844078,8,cohort x format,False,False,False,0.0,,,no_flag
SYN-007,2026-04-06,attendance,0.942857,ok,4,0.940146,0.937652,0.941643,8,cohort x format,False,False,False,0.0,,,no_flag
SYN-007,2026-04-06,conversion,0.616162,ok,4,0.59647,0.579316,0.602683,8,cohort x format,False,False,False,0.0,,,no_flag
SYN-007,2026-04-06,on_time,0.931765,ok,4,0.922907,0.918501,0.92651,8,cohort x format,False,False,False,0.0,,,no_flag
SYN-007,2026-04-06,turnaround,5.888235,ok,4,6.06437,6.016145,6.134727,8,cohort x format,False,False,False,0.0,,,no_flag
SYN-007,2026-04-06,recall_rate,0.184584,ok,4,0.181976,0.1764,0.183665,8,cohort x format,False,False,False,0.0,,,no_flag
SYN-007,2026-04-06,exams,148.5,ok,4,155.25,143.1875,159.0,8,cohort x format,,,,,,,
SYN-007,2026-04-13,utilization,0.804404,ok,4,0.833564,0.830173,0.845326,8,cohort x format,False,False,False,0.0,,,no_flag
SYN-007,2026-04-13,attendance,0.942029,ok,4,0.938123,0.935168,0.941367,8,cohort x format,False,False,False,0.0,,,no_flag
SYN-007,2026-04-13,conversion,0.611966,ok,4,0.594268,0.585607,0.601169,8,cohort x format,False,False,False,0.0,,,no_flag
SYN-007,2026-04-13,on_time,0.931116,ok,4,0.922394,0.919874,0.926772,8,cohort x format,False,False,False,0.0,,,no_flag
SYN-007,2026-04-13,turnaround,5.993587,ok,4,5.921943,5.877886,6.070852,8,cohort x format,False,False,False,0.0,,,no_flag
SYN-007,2026-04-13,recall_rate,0.17357,ok,4,0.178417,0.173992,0.183896,8,cohort x format,False,False,False,0.0,,,no_flag
SYN-007,2026-04-13,exams,146.25,ok,4,154.75,141.9375,157.3125,8,cohort x format,,,,,,,
SYN-007,2026-04-20,utilization,0.809711,ok,4,0.837224,0.82567,0.849979,8,cohort x format,False,False,False,0.0,,,no_flag
SYN-007,2026-04-20,attendance,0.944895,ok,4,0.935465,0.928734,0.937089,8,cohort x format,False,False,False,0.0,,,no_flag
SYN-007,2026-04-20,conversion,0.617496,ok,4,0.593486,0.585382,0.600136,8,cohort x format,False,False,False,0.0,,,no_flag
SYN-007,2026-04-20,on_time,0.92381,ok,4,0.918002,0.911264,0.923809,8,cohort x format,False,False,False,0.0,,,no_flag
SYN-007,2026-04-20,turnaround,5.809048,ok,4,5.993459,5.870914,6.041426,8,cohort x format,False,False,False,0.0,,,no_flag
SYN-007,2026-04-20,recall_rate,0.170082,ok,4,0.178478,0.171649,0.183487,8,cohort x format,False,False,False,0.0,,,no_flag
SYN-007,2026-04-20,exams,145.75,ok,4,154.75,142.1875,156.5,8,cohort x format,,,,,,,
SYN-007,2026-04-27,utilization,0.812336,ok,4,0.837047,0.828518,0.862158,8,cohort x format,False,False,False,0.0,0.819444,-0.008675,no_flag
SYN-007,2026-04-27,attendance,0.946688,ok,4,0.933453,0.919426,0.937608,8,cohort x format,False,False,False,0.0,0.945975,0.000754,no_flag
SYN-007,2026-04-27,conversion,0.624573,ok,4,0.596178,0.586499,0.60635,8,cohort x format,False,False,False,0.0,0.630459,-0.009336,no_flag
SYN-007,2026-04-27,on_time,0.92757,ok,4,0.919549,0.913682,0.929997,8,cohort x format,False,False,False,0.0,0.923308,0.004616,no_flag
SYN-007,2026-04-27,turnaround,5.764019,ok,4,5.996074,5.845227,6.221881,8,cohort x format,False,False,False,0.0,5.901203,-0.023247,no_flag
SYN-007,2026-04-27,recall_rate,0.169072,ok,4,0.178313,0.176376,0.184441,8,cohort x format,False,False,False,0.0,0.179161,-0.056314,no_flag
SYN-007,2026-04-27,exams,146.5,ok,4,156.125,140.0,156.8125,8,cohort x format,,,,,,,
SYN-007,2026-05-04,utilization,0.814717,ok,4,0.843431,0.832968,0.856102,8,cohort x format,False,False,False,0.0,0.816357,-0.002008,no_flag
SYN-007,2026-05-04,attendance,0.948387,ok,4,0.934689,0.919211,0.936574,8,cohort x format,False,False,False,0.0,0.945355,0.003207,no_flag
SYN-007,2026-05-04,conversion,0.636054,ok,4,0.599676,0.589181,0.606554,8,cohort x format,False,False,False,0.0,0.624277,0.018865,no_flag
SYN-007,2026-05-04,on_time,0.925,ok,4,0.918483,0.912506,0.927558,8,cohort x format,False,False,False,0.0,0.923984,0.001099,no_flag
SYN-007,2026-05-04,turnaround,5.931818,ok,4,5.92589,5.81667,6.236917,8,cohort x format,False,False,False,0.0,5.849672,0.014043,no_flag
SYN-007,2026-05-04,recall_rate,0.174699,ok,4,0.17752,0.176052,0.185544,8,cohort x format,False,False,False,0.0,0.176471,-0.01004,no_flag
SYN-007,2026-05-04,exams,147.0,ok,4,155.625,141.25,157.75,8,cohort x format,,,,,,,
SYN-007,2026-05-11,utilization,0.823298,ok,4,0.836532,0.827492,0.853146,8,cohort x format,False,False,False,0.0,0.813151,0.012479,no_flag
SYN-007,2026-05-11,attendance,0.949126,ok,4,0.933373,0.91817,0.936402,8,cohort x format,False,False,False,0.0,0.946357,0.002925,no_flag
SYN-007,2026-05-11,conversion,0.646566,ok,4,0.598039,0.583012,0.616065,8,cohort x format,False,False,False,0.0,0.620981,0.041201,no_flag
SYN-007,2026-05-11,on_time,0.926991,ok,4,0.919404,0.909553,0.92906,8,cohort x format,False,False,False,0.0,0.925029,0.002121,no_flag
SYN-007,2026-05-11,turnaround,6.051327,ok,4,6.037511,5.941565,6.115304,8,cohort x format,False,False,False,0.0,5.819723,0.039796,no_flag
SYN-007,2026-05-11,recall_rate,0.188797,ok,4,0.177321,0.173388,0.185006,8,cohort x format,False,False,False,0.0,0.173333,0.089212,no_flag
SYN-007,2026-05-11,exams,149.25,ok,4,154.375,140.625,157.375,8,cohort x format,,,,,,,
SYN-007,2026-05-18,utilization,0.816489,ok,4,0.838028,0.82663,0.851863,8,cohort x format,False,False,False,0.0,0.817352,-0.001055,no_flag
SYN-007,2026-05-18,attendance,0.947883,ok,4,0.931108,0.926056,0.937334,8,cohort x format,False,False,False,0.0,0.947326,0.000587,no_flag
SYN-007,2026-05-18,conversion,0.649485,ok,4,0.592826,0.575954,0.617855,8,cohort x format,False,False,False,0.0,0.62342,0.041808,no_flag
SYN-007,2026-05-18,on_time,0.931264,ok,4,0.92431,0.914825,0.930215,8,cohort x format,False,False,False,0.0,0.927503,0.004055,no_flag
SYN-007,2026-05-18,turnaround,6.12439,ok,4,6.124812,6.03939,6.16165,8,cohort x format,False,False,False,0.0,5.819678,0.052359,no_flag
SYN-007,2026-05-18,recall_rate,0.193617,ok,4,0.176538,0.172112,0.182229,8,cohort x format,False,False,False,0.0,0.173114,0.118436,no_flag
SYN-007,2026-05-18,exams,145.5,ok,4,153.75,139.375,158.25,8,cohort x format,,,,,,,
SYN-007,2026-05-25,utilization,0.817701,ok,4,0.840598,0.830909,0.86204,7,cohort x format,False,False,False,0.0,0.819961,-0.002756,no_flag
SYN-007,2026-05-25,attendance,0.948304,ok,4,0.936482,0.92848,0.939281,7,cohort x format,False,False,False,0.0,0.946698,0.001696,no_flag
SYN-007,2026-05-25,conversion,0.637138,ok,4,0.574286,0.566805,0.611511,7,cohort x format,False,False,False,0.0,0.62521,0.019078,no_flag
SYN-007,2026-05-25,on_time,0.930649,ok,4,0.921348,0.919117,0.923206,7,cohort x format,False,False,False,0.0,0.929304,0.001447,no_flag
SYN-007,2026-05-25,turnaround,6.199776,ok,4,5.979717,5.913225,6.1808,7,cohort x format,False,False,False,0.0,5.970011,0.038487,no_flag
SYN-007,2026-05-25,recall_rate,0.1875,ok,4,0.179337,0.176876,0.180611,7,cohort x format,False,False,False,0.0,0.177114,0.058638,no_flag
SYN-007,2026-05-25,exams,146.75,ok,4,154.75,141.25,156.875,7,cohort x format,,,,,,,
SYN-007,2026-06-01,utilization,0.817819,ok,4,0.839152,0.829673,0.866326,7,cohort x format,False,False,False,0.0,0.818063,-0.000298,no_flag
SYN-007,2026-06-01,attendance,0.947967,ok,4,0.933333,0.933062,0.9391,7,cohort x format,False,False,False,0.0,0.9456,0.002504,no_flag
SYN-007,2026-06-01,conversion,0.632933,ok,4,0.574586,0.562569,0.611433,7,cohort x format,False,False,False,0.0,0.626058,0.010982,no_flag
SYN-007,2026-06-01,on_time,0.937079,ok,4,0.921296,0.917386,0.926811,7,cohort x format,False,False,False,0.0,0.928324,0.009431,no_flag
SYN-007,2026-06-01,turnaround,6.248315,ok,4,5.776627,5.711883,6.143884,7,cohort x format,False,False,False,0.0,5.910405,0.057172,no_flag
SYN-007,2026-06-01,recall_rate,0.191176,ok,4,0.177874,0.175108,0.183141,7,cohort x format,False,False,False,0.0,0.179617,0.064359,no_flag
SYN-007,2026-06-01,exams,145.75,ok,4,155.0,141.875,157.125,7,cohort x format,,,,,,,
SYN-007,2026-06-08,utilization,0.808201,ok,4,0.836066,0.827942,0.869027,7,cohort x format,False,False,False,0.0,0.813802,-0.006883,no_flag
SYN-007,2026-06-08,attendance,0.944354,ok,4,0.936688,0.936479,0.939685,7,cohort x format,False,False,False,0.0,0.9456,-0.001318,no_flag
SYN-007,2026-06-08,conversion,0.639515,ok,4,0.576871,0.567239,0.60911,7,cohort x format,False,False,False,0.0,0.629442,0.016003,no_flag
SYN-007,2026-06-08,on_time,0.930958,ok,4,0.927632,0.916254,0.928817,7,cohort x format,False,False,False,0.0,0.928981,0.002128,no_flag
SYN-007,2026-06-08,turnaround,6.246993,ok,4,5.930019,5.651101,6.112807,7,cohort x format,False,False,False,0.0,6.023482,0.037107,no_flag
SYN-007,2026-06-08,recall_rate,0.183486,ok,4,0.178733,0.17562,0.18397,7,cohort x format,False,False,False,0.0,0.180991,0.013787,no_flag
SYN-007,2026-06-08,exams,144.25,ok,4,155.25,141.375,158.375,7,cohort x format,,,,,,,
SYN-007,2026-06-15,utilization,0.804404,ok,4,0.842179,0.832953,0.865079,7,cohort x format,False,False,False,0.0,0.813078,-0.010668,no_flag
SYN-007,2026-06-15,attendance,0.943639,ok,4,0.93864,0.935742,0.939643,7,cohort x format,False,False,False,0.0,0.946385,-0.002901,no_flag
SYN-007,2026-06-15,conversion,0.636519,ok,4,0.579452,0.571764,0.597379,7,cohort x format,False,False,False,0.0,0.633476,0.004803,no_flag
SYN-007,2026-06-15,on_time,0.922566,ok,4,0.928105,0.917846,0.932235,7,cohort x format,False,False,False,0.0,0.927669,-0.005501,no_flag
SYN-007,2026-06-15,turnaround,6.047788,ok,4,5.85918,5.744902,6.009553,7,cohort x format,False,False,False,0.0,5.972331,0.012634,no_flag
SYN-007,2026-06-15,recall_rate,0.18543,ok,4,0.181818,0.173684,0.186398,7,cohort x format,False,False,False,0.0,0.181628,0.020933,no_flag
SYN-007,2026-06-15,exams,146.5,ok,4,155.75,141.875,157.875,7,cohort x format,,,,,,,
SYN-007,2026-06-22,utilization,0.80799,ok,4,0.839433,0.818486,0.853958,8,cohort x format,False,False,False,0.0,0.81501,-0.008614,no_flag
SYN-007,2026-06-22,attendance,0.934609,ok,4,0.938594,0.932113,0.943731,8,cohort x format,False,False,False,0.0,0.947496,-0.013601,no_flag
SYN-007,2026-06-22,conversion,0.639932,ok,4,0.585388,0.579817,0.596617,8,cohort x format,False,False,False,0.0,0.630861,0.014378,no_flag
SYN-007,2026-06-22,on_time,0.922566,ok,4,0.924068,0.921869,0.930644,8,cohort x format,False,False,False,0.0,0.929143,-0.007078,no_flag
SYN-007,2026-06-22,turnaround,5.849558,ok,4,5.863354,5.726517,5.94045,8,cohort x format,False,False,False,0.0,5.986629,-0.022896,no_flag
SYN-007,2026-06-22,recall_rate,0.189448,ok,4,0.178898,0.177403,0.179889,8,cohort x format,False,False,False,0.0,0.178238,0.062894,no_flag
SYN-007,2026-06-22,exams,146.5,ok,4,147.75,140.6875,158.5,8,cohort x format,,,,,,,
SYN-007,2026-06-29,utilization,0.810078,ok,4,0.84466,0.827238,0.858086,9,cohort x format,False,False,False,0.0,0.816259,-0.007573,no_flag
SYN-007,2026-06-29,attendance,0.936204,ok,4,0.943182,0.930081,0.945596,9,cohort x format,False,False,False,0.0,0.948178,-0.012628,no_flag
SYN-007,2026-06-29,conversion,0.647359,ok,4,0.587413,0.572289,0.594761,9,cohort x format,False,False,False,0.0,0.6345,0.020266,no_flag
SYN-007,2026-06-29,on_time,0.926339,ok,4,0.927614,0.92619,0.928839,9,cohort x format,False,False,False,0.0,0.931073,-0.005085,no_flag
SYN-007,2026-06-29,turnaround,5.682143,ok,4,6.000451,5.752547,6.098488,9,cohort x format,False,False,False,0.0,6.09096,-0.067119,no_flag
SYN-007,2026-06-29,recall_rate,0.18408,ok,4,0.177632,0.17735,0.187373,9,cohort x format,False,False,False,0.0,0.182752,0.007267,no_flag
SYN-007,2026-06-29,exams,146.75,ok,4,152.25,142.5,162.25,9,cohort x format,,,,,,,
SYN-007,2026-07-06,utilization,0.817346,ok,4,0.84903,0.836957,0.855769,9,cohort x format,False,False,False,0.0,0.815789,0.001908,no_flag
SYN-007,2026-07-06,attendance,0.935691,ok,4,0.942051,0.928354,0.942931,9,cohort x format,False,False,False,0.0,0.946774,-0.011706,no_flag
SYN-007,2026-07-06,conversion,0.639175,ok,4,0.587345,0.566929,0.59409,9,cohort x format,False,False,False,0.0,0.643101,-0.006104,no_flag
SYN-007,2026-07-06,on_time,0.935335,ok,4,0.928962,0.921512,0.930788,9,cohort x format,False,False,False,0.0,0.928968,0.006854,no_flag
SYN-007,2026-07-06,turnaround,5.497921,ok,4,6.049438,5.83375,6.086122,9,cohort x format,False,False,False,0.0,6.148835,-0.10586,no_flag
SYN-007,2026-07-06,recall_rate,0.184758,ok,4,0.182254,0.17418,0.184874,9,cohort x format,False,False,False,0.0,0.186275,-0.008144,no_flag
SYN-007,2026-07-06,exams,145.5,ok,4,152.25,143.0,160.75,9,cohort x format,,,,,,,
SYN-007,2026-07-13,utilization,0.830892,ok,4,0.846365,0.836957,0.855181,9,cohort x format,False,False,False,0.0,0.810367,0.025328,no_flag
SYN-007,2026-07-13,attendance,0.939103,ok,4,0.940058,0.933835,0.941606,9,cohort x format,False,False,False,0.0,0.945749,-0.007028,no_flag
SYN-007,2026-07-13,conversion,0.648464,ok,4,0.587963,0.57451,0.598383,9,cohort x format,False,False,False,0.0,0.642979,0.00853,no_flag
SYN-007,2026-07-13,on_time,0.941441,ok,4,0.921429,0.914894,0.92663,9,cohort x format,False,False,False,0.0,0.92691,0.015677,no_flag
SYN-007,2026-07-13,turnaround,5.659234,ok,4,5.996044,5.861354,6.03383,9,cohort x format,False,False,False,0.0,6.086047,-0.07013,no_flag
SYN-007,2026-07-13,recall_rate,0.173246,ok,4,0.176724,0.172867,0.186788,9,cohort x format,False,False,False,0.0,0.189599,-0.086253,no_flag
SYN-007,2026-07-13,exams,146.5,ok,4,155.25,140.25,161.25,9,cohort x format,,,,,,,
SYN-007,2026-07-20,utilization,0.832011,ok,4,0.841646,0.829721,0.850822,9,cohort x format,False,False,False,0.0,0.812785,0.023653,no_flag
SYN-007,2026-07-20,attendance,0.945946,ok,4,0.938722,0.936691,0.940741,9,cohort x format,False,False,False,0.0,0.941413,0.004816,no_flag
SYN-007,2026-07-20,conversion,0.648739,ok,4,0.587402,0.579051,0.593056,9,cohort x format,False,False,False,0.0,0.638534,0.015983,no_flag
SYN-007,2026-07-20,on_time,0.945175,ok,4,0.921739,0.917021,0.925595,9,cohort x format,False,False,False,0.0,0.926585,0.020063,no_flag
SYN-007,2026-07-20,turnaround,5.548904,ok,4,6.075269,5.983473,6.106548,9,cohort x format,False,False,False,0.0,6.023693,-0.07882,no_flag
SYN-007,2026-07-20,recall_rate,0.174797,ok,4,0.179551,0.169811,0.18451,9,cohort x format,False,False,False,0.0,0.188406,-0.072233,no_flag
SYN-007,2026-07-20,exams,148.75,ok,4,156.75,141.75,158.75,9,cohort x format,,,,,,,
SYN-007,2026-07-27,utilization,0.836387,ok,4,0.838471,0.824755,0.850444,9,cohort x format,False,False,False,0.0,0.813893,0.027639,no_flag
SYN-007,2026-07-27,attendance,0.946792,ok,4,0.941878,0.933333,0.944118,9,cohort x format,False,False,False,0.0,0.942029,0.005056,no_flag
SYN-007,2026-07-27,conversion,0.649587,ok,4,0.591772,0.582402,0.601411,9,cohort x format,False,False,False,0.0,0.640171,0.014708,no_flag
SYN-007,2026-07-27,on_time,0.940552,ok,4,0.923977,0.918719,0.929515,9,cohort x format,False,False,False,0.0,0.931691,0.009511,no_flag
SYN-007,2026-07-27,turnaround,5.553715,ok,4,6.060254,5.982548,6.202312,9,cohort x format,False,False,False,0.0,5.964278,-0.068837,no_flag
SYN-007,2026-07-27,recall_rate,0.172888,ok,4,0.178649,0.164589,0.180769,9,cohort x format,False,False,False,0.0,0.187927,-0.080026,no_flag
SYN-007,2026-07-27,exams,151.25,ok,4,158.0,140.0,158.75,9,cohort x format,,,,,,,
SYN-007,2026-08-03,utilization,0.832902,ok,4,0.835366,0.825062,0.842822,9,cohort x format,False,False,False,0.0,0.812788,0.024746,no_flag
SYN-007,2026-08-03,attendance,0.944012,ok,4,0.943066,0.939806,0.944171,9,cohort x format,False,False,False,0.0,0.939984,0.004286,no_flag
SYN-007,2026-08-03,conversion,0.654036,ok,4,0.593043,0.582645,0.597201,9,cohort x format,False,False,False,0.0,0.639344,0.02298,no_flag
SYN-007,2026-08-03,on_time,0.928721,ok,4,0.921376,0.91134,0.930328,9,cohort x format,False,False,False,0.0,0.933107,-0.0047,no_flag
SYN-007,2026-08-03,turnaround,5.784486,ok,4,6.106509,5.882268,6.169081,9,cohort x format,False,False,False,0.0,5.879252,-0.016119,no_flag
SYN-007,2026-08-03,recall_rate,0.174664,ok,4,0.176471,0.171355,0.183575,9,cohort x format,False,False,False,0.0,0.18412,-0.051356,no_flag
SYN-007,2026-08-03,exams,151.75,ok,4,157.0,142.75,161.5,9,cohort x format,,,,,,,
SYN-007,2026-08-10,utilization,0.827943,ok,4,0.843284,0.825767,0.843621,9,cohort x format,False,False,False,0.0,0.817466,0.012817,no_flag
SYN-007,2026-08-10,attendance,0.939063,ok,4,0.945428,0.936925,0.946299,9,cohort x format,False,False,False,0.0,0.941365,-0.002446,no_flag
SYN-007,2026-08-10,conversion,0.642263,ok,4,0.591065,0.575258,0.601227,9,cohort x format,False,False,False,0.0,0.642491,-0.000356,no_flag
SYN-007,2026-08-10,on_time,0.922078,ok,4,0.920792,0.918033,0.931751,9,cohort x format,False,False,False,0.0,0.93192,-0.010561,no_flag
SYN-007,2026-08-10,turnaround,5.663853,ok,4,6.08905,5.947772,6.151527,9,cohort x format,False,False,False,0.0,5.855246,-0.032687,no_flag
SYN-007,2026-08-10,recall_rate,0.177165,ok,4,0.182018,0.17161,0.185096,9,cohort x format,False,False,False,0.0,0.179318,-0.012004,no_flag
SYN-007,2026-08-10,exams,150.25,ok,4,158.25,143.75,163.0,9,cohort x format,,,,,,,
SYN-007,2026-08-17,utilization,0.818908,ok,4,0.835427,0.827329,0.848276,9,cohort x format,False,False,False,0.0,0.819843,-0.001141,no_flag
SYN-007,2026-08-17,attendance,0.939837,ok,4,0.942857,0.940952,0.946377,9,cohort x format,False,False,False,0.0,0.940287,-0.000478,no_flag
SYN-007,2026-08-17,conversion,0.633218,ok,4,0.596913,0.57085,0.601054,9,cohort x format,False,False,False,0.0,0.644369,-0.017306,no_flag
SYN-007,2026-08-17,on_time,0.920091,ok,4,0.917073,0.913408,0.926667,9,cohort x format,False,False,False,0.0,0.933921,-0.014808,no_flag
SYN-007,2026-08-17,turnaround,5.734932,ok,4,6.079228,5.948894,6.229129,9,cohort x format,False,False,False,0.0,5.698568,0.006381,no_flag
SYN-007,2026-08-17,recall_rate,0.180894,ok,4,0.185484,0.183824,0.187633,9,cohort x format,False,False,False,0.0,0.181518,-0.003437,no_flag
SYN-007,2026-08-17,exams,144.5,ok,4,156.75,142.25,163.25,9,cohort x format,,,,,,,
SYN-008,2026-02-23,utilization,,insufficient_history,1,,,,0,suppressed,False,False,False,0.0,,,unavailable
SYN-008,2026-02-23,attendance,,insufficient_history,1,,,,0,suppressed,False,False,False,0.0,,,unavailable
SYN-008,2026-02-23,conversion,,insufficient_history,1,,,,0,suppressed,False,False,False,0.0,,,unavailable
SYN-008,2026-02-23,on_time,,insufficient_history,1,,,,0,suppressed,False,False,False,0.0,,,unavailable
SYN-008,2026-02-23,turnaround,,insufficient_history,1,,,,0,suppressed,False,False,False,0.0,,,unavailable
SYN-008,2026-02-23,recall_rate,,insufficient_history,1,,,,0,suppressed,False,False,False,0.0,,,not_eligible
SYN-008,2026-02-23,exams,,insufficient_history,1,,,,0,suppressed,,,,,,,
SYN-008,2026-03-02,utilization,,insufficient_history,2,,,,0,suppressed,False,False,False,0.0,,,unavailable
SYN-008,2026-03-02,attendance,,insufficient_history,2,,,,0,suppressed,False,False,False,0.0,,,unavailable
SYN-008,2026-03-02,conversion,,insufficient_history,2,,,,0,suppressed,False,False,False,0.0,,,unavailable
SYN-008,2026-03-02,on_time,,insufficient_history,2,,,,0,suppressed,False,False,False,0.0,,,unavailable
SYN-008,2026-03-02,turnaround,,insufficient_history,2,,,,0,suppressed,False,False,False,0.0,,,unavailable
SYN-008,2026-03-02,recall_rate,,insufficient_history,2,,,,0,suppressed,False,False,False,0.0,,,not_eligible
SYN-008,2026-03-02,exams,,insufficient_history,2,,,,0,suppressed,,,,,,,
SYN-008,2026-03-09,utilization,0.713864,ok,3,0.705056,0.686821,0.715441,7,cohort x format,False,False,False,0.0,,,no_flag
SYN-008,2026-03-09,attendance,0.942149,ok,3,0.944223,0.942133,0.945655,7,cohort x format,False,False,False,0.0,,,no_flag
SYN-008,2026-03-09,conversion,0.578947,ok,3,0.511312,0.498651,0.52944,7,cohort x format,False,False,False,0.0,,,no_flag
SYN-008,2026-03-09,on_time,0.949045,ok,3,0.885417,0.73607,0.920807,7,cohort x format,False,False,False,0.0,,,no_flag
SYN-008,2026-03-09,turnaround,5.65414,ok,3,6.219565,6.07927,9.683552,7,cohort x format,False,False,False,0.0,,,no_flag
SYN-008,2026-03-09,recall_rate,,suppressed,3,,,,0,suppressed,False,False,False,0.0,,,not_eligible
SYN-008,2026-03-09,exams,76.0,ok,3,73.666667,70.0,78.166667,7,cohort x format,,,,,,,
SYN-008,2026-03-16,utilization,0.713333,ok,4,0.707373,0.68925,0.720222,7,cohort x format,False,False,False,0.0,,,no_flag
SYN-008,2026-03-16,attendance,0.94081,ok,4,0.942177,0.941344,0.944721,7,cohort x format,False,False,False,0.0,,,no_flag
SYN-008,2026-03-16,conversion,0.572848,ok,4,0.512579,0.506974,0.53084,7,cohort x format,False,False,False,0.0,,,no_flag
SYN-008,2026-03-16,on_time,0.941748,ok,4,0.885496,0.737704,0.923027,7,cohort x format,False,False,False,0.0,,,no_flag
SYN-008,2026-03-16,turnaround,5.760194,ok,4,6.091803,6.005725,9.825648,7,cohort x format,False,False,False,0.0,,,no_flag
SYN-008,2026-03-16,recall_rate,,suppressed,4,,,,0,suppressed,False,False,False,0.0,,,not_eligible
SYN-008,2026-03-16,exams,75.5,ok,4,73.25,70.0,79.25,7,cohort x format,,,,,,,
SYN-008,2026-03-23,utilization,0.735808,ok,4,0.716831,0.695184,0.724712,6,cohort x format,False,False,False,0.0,,,no_flag
SYN-008,2026-03-23,attendance,0.937685,ok,4,0.944035,0.942324,0.946061,6,cohort x format,False,False,False,0.0,,,no_flag
SYN-008,2026-03-23,conversion,0.566456,ok,4,0.519864,0.511541,0.533966,6,cohort x format,False,False,False,0.0,,,no_flag
SYN-008,2026-03-23,on_time,0.938679,ok,4,0.812012,0.731861,0.910859,6,cohort x format,False,False,False,0.0,,,no_flag
SYN-008,2026-03-23,turnaround,6.050943,ok,4,7.995118,6.012904,9.704297,6,cohort x format,False,False,False,0.0,,,no_flag
SYN-008,2026-03-23,recall_rate,,suppressed,4,,,,0,suppressed,False,False,False,0.0,,,not_eligible
SYN-008,2026-03-23,exams,79.0,ok,4,77.75,70.4375,80.1875,6,cohort x format,,,,,,,
SYN-008,2026-03-30,utilization,0.734341,ok,4,0.708502,0.647546,0.730228,7,cohort x format,False,False,False,0.0,,,no_flag
SYN-008,2026-03-30,attendance,0.938235,ok,4,0.94,0.937777,0.943864,7,cohort x format,False,False,False,0.0,,,no_flag
SYN-008,2026-03-30,conversion,0.557994,ok,4,0.519608,0.500581,0.531672,7,cohort x format,False,False,False,0.0,,,no_flag
SYN-008,2026-03-30,on_time,0.928571,ok,4,0.745856,0.741211,0.9093,7,cohort x format,False,False,False,0.0,,,no_flag
SYN-008,2026-03-30,turnaround,6.075238,ok,4,9.710628,6.125787,9.765424,7,cohort x format,False,False,False,0.0,,,no_flag
SYN-008,2026-03-30,recall_rate,0.108696,ok,4,,,,0,suppressed,False,False,False,0.0,,,not_eligible
SYN-008,2026-03-30,exams,79.75,ok,4,76.5,63.125,80.625,7,cohort x format,,,,,,,
SYN-008,2026-04-06,utilization,0.740042,ok,4,0.717853,0.62663,0.733034,6,cohort x format,False,False,False,0.0,,,no_flag
SYN-008,2026-04-06,attendance,0.94051,ok,4,0.938806,0.936076,0.94119,6,cohort x format,False,False,False,0.0,,,no_flag
SYN-008,2026-04-06,conversion,0.551205,ok,4,0.512462,0.501506,0.519148,6,cohort x format,False,False,False,0.0,,,no_flag
SYN-008,2026-04-06,on_time,0.912442,ok,4,0.831866,0.752859,0.923083,6,cohort x format,False,False,False,0.0,,,no_flag
SYN-008,2026-04-06,turnaround,6.48894,ok,4,7.957869,6.086979,9.678988,6,cohort x format,False,False,False,0.0,,,no_flag
SYN-008,2026-04-06,recall_rate,0.122449,ok,4,,,,0,suppressed,False,False,False,0.0,,,not_eligible
SYN-008,2026-04-06,exams,83.0,ok,4,75.375,62.0625,81.75,6,cohort x format,,,,,,,
SYN-008,2026-04-13,utilization,0.742268,ok,4,0.711111,0.607143,0.730769,5,cohort x format,False,False,False,0.0,,,no_flag
SYN-008,2026-04-13,attendance,0.938889,ok,4,0.939024,0.937685,0.941176,5,cohort x format,False,False,False,0.0,,,no_flag
SYN-008,2026-04-13,conversion,0.556213,ok,4,0.511628,0.507508,0.5125,5,cohort x format,False,False,False,0.0,,,no_flag
SYN-008,2026-04-13,on_time,0.910714,ok,4,0.768116,0.752632,0.919463,5,cohort x format,False,False,False,0.0,,,no_flag
SYN-008,2026-04-13,turnaround,6.551786,ok,4,9.005797,6.379866,9.97,5,cohort x format,False,False,False,0.0,,,no_flag
SYN-008,2026-04-13,recall_rate,0.127273,ok,4,,,,0,suppressed,False,False,False,0.0,,,not_eligible
SYN-008,2026-04-13,exams,84.5,ok,4,75.25,60.0,79.0,5,cohort x format,,,,,,,
SYN-008,2026-04-20,utilization,0.740125,ok,4,0.669626,0.548838,0.735839,6,cohort x format,False,False,False,0.0,,,no_flag
SYN-008,2026-04-20,attendance,0.938202,ok,4,0.937605,0.934904,0.94174,6,cohort x format,False,False,False,0.0,,,no_flag
SYN-008,2026-04-20,conversion,0.55988,ok,4,0.508622,0.424799,0.516849,6,cohort x format,False,False,False,0.0,,,no_flag
SYN-008,2026-04-20,on_time,0.915179,ok,4,0.824735,0.750858,0.911234,6,cohort x format,False,False,False,0.0,,,no_flag
SYN-008,2026-04-20,turnaround,6.525893,ok,4,7.969185,6.573797,9.799254,6,cohort x format,False,False,False,0.0,,,no_flag
SYN-008,2026-04-20,recall_rate,0.150943,ok,4,,,,0,suppressed,False,False,False,0.0,,,not_eligible
SYN-008,2026-04-20,exams,83.5,ok,4,69.875,45.625,78.375,6,cohort x format,,,,,,,
SYN-008,2026-04-27,utilization,0.751029,ok,4,0.64218,0.527778,0.738255,5,cohort x format,False,False,False,0.0,0.72518,0.035645,no_flag
SYN-008,2026-04-27,attendance,0.942466,ok,4,0.93617,0.935673,0.936364,5,cohort x format,False,False,False,0.0,0.940476,0.002115,no_flag
SYN-008,2026-04-27,conversion,0.569767,ok,4,0.521036,0.406667,0.52549,5,cohort x format,False,False,False,0.0,0.565401,0.007723,no_flag
SYN-008,2026-04-27,on_time,0.919831,ok,4,0.781095,0.74,0.881579,5,cohort x format,False,False,False,0.0,0.937107,-0.018435,no_flag
SYN-008,2026-04-27,turnaround,6.372152,ok,4,9.165174,6.605263,9.9955,5,cohort x format,False,False,False,0.0,5.986792,0.064368,no_flag
SYN-008,2026-04-27,recall_rate,0.148148,ok,4,,,,0,suppressed,False,False,False,0.0,0.111111,,not_eligible
SYN-008,2026-04-27,exams,86.0,ok,4,63.75,40.0,77.0,5,cohort x format,,,,,,,
SYN-008,2026-05-04,utilization,0.752577,ok,4,,,,0,suppressed,False,False,False,0.0,0.729167,0.032106,no_flag_own_baseline_only
SYN-008,2026-05-04,attendance,0.942466,ok,4,,,,0,suppressed,False,False,False,0.0,0.941176,0.00137,no_flag_own_baseline_only
SYN-008,2026-05-04,conversion,0.575581,ok,4,,,,0,suppressed,False,False,False,0.0,0.5625,0.023256,no_flag_own_baseline_only
SYN-008,2026-05-04,on_time,0.929752,ok,4,,,,0,suppressed,False,False,False,0.0,0.927807,0.002096,no_flag_own_baseline_only
SYN-008,2026-05-04,turnaround,6.107851,ok,4,,,,0,suppressed,False,False,False,0.0,6.138503,-0.004993,no_flag_own_baseline_only
SYN-008,2026-05-04,recall_rate,0.140351,ok,4,,,,0,suppressed,False,False,False,0.0,0.12,,not_eligible
SYN-008,2026-05-04,exams,86.0,ok,4,,,,0,suppressed,,,,,,,
SYN-008,2026-05-11,utilization,0.757143,ok,4,0.765199,0.748963,0.76659,5,cohort x format,False,False,False,0.0,0.728342,0.039543,no_flag
SYN-008,2026-05-11,attendance,0.943396,ok,4,0.938838,0.935897,0.944598,5,cohort x format,False,False,False,0.0,0.939794,0.003833,no_flag
SYN-008,2026-05-11,conversion,0.58,ok,4,0.554795,0.535256,0.557003,5,cohort x format,False,False,False,0.0,0.564063,0.028255,no_flag
SYN-008,2026-05-11,on_time,0.931174,ok,4,0.911392,0.758454,0.918182,5,cohort x format,False,False,False,0.0,0.925581,0.006042,no_flag
SYN-008,2026-05-11,turnaround,6.01498,ok,4,6.078636,6.053299,9.395169,5,cohort x format,False,False,False,0.0,6.172558,-0.025529,no_flag
SYN-008,2026-05-11,recall_rate,0.140351,ok,4,0.149254,0.149254,0.15,5,cohort x format,False,False,False,0.0,0.122222,0.148325,no_flag
SYN-008,2026-05-11,exams,87.5,ok,4,78.0,76.75,85.25,5,cohort x format,,,,,,,
SYN-008,2026-05-18,utilization,0.757143,ok,4,0.761603,0.749482,0.764569,5,cohort x format,False,False,False,0.0,0.738019,0.025912,no_flag
SYN-008,2026-05-18,attendance,0.943396,ok,4,0.939683,0.939024,0.944598,5,cohort x format,False,False,False,0.0,0.937951,0.005806,no_flag
SYN-008,2026-05-18,conversion,0.588571,ok,4,0.561688,0.545741,0.564189,5,cohort x format,False,False,False,0.0,0.563077,0.045277,no_flag
SYN-008,2026-05-18,on_time,0.920319,ok,4,0.915966,0.761905,0.925,5,cohort x format,False,False,False,0.0,0.926606,-0.006785,no_flag
SYN-008,2026-05-18,turnaround,5.947012,ok,4,6.255605,6.178151,9.305714,5,cohort x format,False,False,False,0.0,6.294954,-0.055273,no_flag
SYN-008,2026-05-18,recall_rate,0.142857,ok,4,0.15625,0.152778,0.15942,5,cohort x format,False,False,False,0.0,0.129032,0.107143,no_flag
SYN-008,2026-05-18,exams,87.5,ok,4,79.25,77.0,85.25,5,cohort x format,,,,,,,
SYN-008,2026-05-25,utilization,0.761905,ok,4,0.754494,0.743457,0.771713,6,cohort x format,False,False,False,0.0,0.742887,0.025599,no_flag
SYN-008,2026-05-25,attendance,0.940217,ok,4,0.936657,0.931415,0.940896,6,cohort x format,False,False,False,0.0,0.940426,-0.000221,no_flag
SYN-008,2026-05-25,conversion,0.580925,ok,4,0.558674,0.543658,0.566399,6,cohort x format,False,False,False,0.0,0.564103,0.029821,no_flag
SYN-008,2026-05-25,on_time,0.922131,ok,4,0.84274,0.761097,0.923593,6,cohort x format,False,False,False,0.0,0.923937,-0.001955,no_flag
SYN-008,2026-05-25,turnaround,5.803689,ok,4,7.813111,6.261961,9.553597,6,cohort x format,False,False,False,0.0,6.232662,-0.068827,no_flag
SYN-008,2026-05-25,recall_rate,0.140625,ok,4,0.148221,0.13968,0.158847,6,cohort x format,False,False,False,0.0,0.13,0.081731,no_flag
SYN-008,2026-05-25,exams,86.5,ok,4,80.0,76.6875,83.3125,6,cohort x format,,,,,,,
SYN-008,2026-06-01,utilization,0.759834,ok,4,0.755996,0.746906,0.769113,6,cohort x format,False,False,False,0.0,0.746362,0.018051,no_flag
SYN-008,2026-06-01,attendance,0.940054,ok,4,0.935695,0.930117,0.94222,6,cohort x format,False,False,False,0.0,0.941504,-0.00154,no_flag
SYN-008,2026-06-01,conversion,0.582609,ok,4,0.552705,0.540724,0.564634,6,cohort x format,False,False,False,0.0,0.563609,0.03371,no_flag
SYN-008,2026-06-01,on_time,0.921811,ok,4,0.842679,0.760598,0.92392,6,cohort x format,False,False,False,0.0,0.921569,0.000263,no_flag
SYN-008,2026-06-01,turnaround,6.025514,ok,4,7.817325,6.096157,9.359262,6,cohort x format,False,False,False,0.0,6.288017,-0.041747,no_flag
SYN-008,2026-06-01,recall_rate,0.138462,ok,4,0.149667,0.146033,0.158639,6,cohort x format,False,False,False,0.0,0.132075,0.048352,no_flag
SYN-008,2026-06-01,exams,86.25,ok,4,79.125,76.4375,82.75,6,cohort x format,,,,,,,
SYN-008,2026-06-08,utilization,0.760915,ok,4,0.764323,0.750356,0.774596,6,cohort x format,False,False,False,0.0,0.749744,0.0149,no_flag
SYN-008,2026-06-08,attendance,0.939891,ok,4,0.937167,0.931645,0.941404,6,cohort x format,False,False,False,0.0,0.941176,-0.001366,no_flag
SYN-008,2026-06-08,conversion,0.584302,ok,4,0.550534,0.533592,0.5645,6,cohort x format,False,False,False,0.0,0.568314,0.028133,no_flag
SYN-008,2026-06-08,on_time,0.922764,ok,4,0.838042,0.748633,0.924279,6,cohort x format,False,False,False,0.0,0.921444,0.001433,no_flag
SYN-008,2026-06-08,turnaround,5.921138,ok,4,7.741037,6.010857,9.15224,6,cohort x format,False,False,False,0.0,6.270276,-0.055681,no_flag
SYN-008,2026-06-08,recall_rate,0.136364,ok,4,0.154396,0.142302,0.162592,6,cohort x format,True,False,True,1.0,0.133929,0.018182,flag
SYN-008,2026-06-08,exams,86.0,ok,4,80.875,77.3125,82.9375,6,cohort x format,,,,,,,
SYN-008,2026-06-15,utilization,0.766393,ok,4,0.773047,0.749116,0.786977,6,cohort x format,False,False,False,0.0,0.748713,0.023615,no_flag
SYN-008,2026-06-15,attendance,0.935829,ok,4,0.934311,0.933642,0.938536,6,cohort x format,False,False,False,0.0,0.940853,-0.00534,no_flag
SYN-008,2026-06-15,conversion,0.588571,ok,4,0.555756,0.546774,0.566212,6,cohort x format,False,False,False,0.0,0.574561,0.024384,no_flag
SYN-008,2026-06-15,on_time,0.917323,ok,4,0.830482,0.739055,0.921505,6,cohort x format,False,False,False,0.0,0.917895,-0.000623,no_flag
SYN-008,2026-06-15,turnaround,5.871654,ok,4,7.520686,6.035056,9.234976,6,cohort x format,False,False,False,0.0,6.22,-0.056004,no_flag
SYN-008,2026-06-15,recall_rate,0.130435,ok,4,0.150758,0.138246,0.159972,6,cohort x format,True,False,True,2.0,0.146552,-0.109974,flag
SYN-008,2026-06-15,exams,87.5,ok,4,81.625,78.25,82.1875,6,cohort x format,,,,,,,
SYN-008,2026-06-22,utilization,0.766734,ok,4,0.780024,0.759456,0.791148,6,cohort x format,False,False,False,0.0,0.75645,0.013596,no_flag
SYN-008,2026-06-22,attendance,0.939153,ok,4,0.936781,0.933406,0.940432,6,cohort x format,False,False,False,0.0,0.941337,-0.00232,no_flag
SYN-008,2026-06-22,conversion,0.585915,ok,4,0.562864,0.547793,0.566458,6,cohort x format,False,False,False,0.0,0.575362,0.018342,no_flag
SYN-008,2026-06-22,on_time,0.917323,ok,4,0.824357,0.727669,0.914107,6,cohort x format,False,False,False,0.0,0.920998,-0.00399,no_flag
SYN-008,2026-06-22,turnaround,6.037008,ok,4,7.279189,6.002263,9.178052,6,cohort x format,False,False,False,0.0,6.083784,-0.007689,no_flag
SYN-008,2026-06-22,recall_rate,0.144737,ok,4,0.14701,0.141597,0.153175,6,cohort x format,False,False,False,0.0,0.144068,0.004644,no_flag
SYN-008,2026-06-22,exams,88.75,ok,4,81.875,80.125,83.8125,6,cohort x format,,,,,,,
SYN-008,2026-06-29,utilization,0.769857,ok,4,0.788213,0.770483,0.799407,6,cohort x format,False,False,False,0.0,0.756198,0.018063,no_flag
SYN-008,2026-06-29,attendance,0.939153,ok,4,0.937589,0.937244,0.940815,6,cohort x format,False,False,False,0.0,0.941257,-0.002235,no_flag
SYN-008,2026-06-29,conversion,0.591549,ok,4,0.562418,0.553697,0.564493,6,cohort x format,False,False,False,0.0,0.5791,0.021497,no_flag
SYN-008,2026-06-29,on_time,0.915058,ok,4,0.825767,0.728803,0.912498,6,cohort x format,False,False,False,0.0,0.925773,-0.011574,no_flag
SYN-008,2026-06-29,turnaround,5.750579,ok,4,7.470404,6.017203,9.232616,6,cohort x format,False,False,False,0.0,6.066598,-0.052092,no_flag
SYN-008,2026-06-29,recall_rate,0.154762,ok,4,0.145393,0.143254,0.149085,6,cohort x format,False,False,False,0.0,0.139344,0.110644,no_flag
SYN-008,2026-06-29,exams,88.75,ok,4,82.625,81.375,85.0,6,cohort x format,,,,,,,
SYN-008,2026-07-06,utilization,0.785859,ok,4,0.797101,0.765073,0.8,5,cohort x format,False,False,False,0.0,0.759011,0.035371,no_flag
SYN-008,2026-07-06,attendance,0.943445,ok,4,0.936416,0.934783,0.94026,5,cohort x format,False,False,False,0.0,0.941655,0.0019,no_flag
SYN-008,2026-07-06,conversion,0.594005,ok,4,0.561728,0.549419,0.569132,5,cohort x format,False,False,False,0.0,0.582133,0.020396,no_flag
SYN-008,2026-07-06,on_time,0.910112,ok,4,0.90708,0.75814,0.916335,5,cohort x format,False,False,False,0.0,0.926978,-0.018194,no_flag
SYN-008,2026-07-06,turnaround,5.907865,ok,4,6.049558,6.026977,8.867593,5,cohort x format,False,False,False,0.0,5.968154,-0.010102,no_flag
SYN-008,2026-07-06,recall_rate,0.159574,ok,4,0.149425,0.148148,0.155556,5,cohort x format,False,False,False,0.0,0.138211,0.154568,no_flag
SYN-008,2026-07-06,exams,91.75,ok,4,83.0,81.0,86.0,5,cohort x format,,,,,,,
SYN-008,2026-07-13,utilization,0.797131,ok,4,0.790502,0.782556,0.793755,6,cohort x format,False,False,False,0.0,0.761759,0.046435,no_flag
SYN-008,2026-07-13,attendance,0.940874,ok,4,0.937871,0.933917,0.942312,6,cohort x format,False,False,False,0.0,0.939597,0.001359,no_flag
SYN-008,2026-07-13,conversion,0.592896,ok,4,0.557968,0.539344,0.565259,6,cohort x format,False,False,False,0.0,0.588571,0.007348,no_flag
SYN-008,2026-07-13,on_time,0.920455,ok,4,0.829002,0.739961,0.908414,6,cohort x format,False,False,False,0.0,0.918812,0.001788,no_flag
SYN-008,2026-07-13,turnaround,6.085606,ok,4,7.367517,5.889607,9.457107,6,cohort x format,False,False,False,0.0,5.909109,0.029869,no_flag
SYN-008,2026-07-13,recall_rate,0.157895,ok,4,0.148313,0.137273,0.158837,6,cohort x format,False,False,False,0.0,0.136364,0.157895,no_flag
SYN-008,2026-07-13,exams,91.5,ok,4,82.625,81.5,88.3125,6,cohort x format,,,,,,,
SYN-008,2026-07-20,utilization,0.807851,ok,4,0.788991,0.765535,0.794963,7,cohort x format,False,False,False,0.0,0.764344,0.056921,no_flag
SYN-008,2026-07-20,attendance,0.936061,ok,4,0.940104,0.93678,0.944132,7,cohort x format,False,False,False,0.0,0.939678,-0.003849,no_flag
SYN-008,2026-07-20,conversion,0.598361,ok,4,0.561644,0.543203,0.568364,7,cohort x format,False,False,False,0.0,0.583452,0.025552,no_flag
SYN-008,2026-07-20,on_time,0.925094,ok,4,0.909871,0.760957,0.925494,7,cohort x format,False,False,False,0.0,0.919679,0.005888,no_flag
SYN-008,2026-07-20,turnaround,5.918352,ok,4,5.939113,5.830588,9.100373,7,cohort x format,False,False,False,0.0,5.922691,-0.000733,no_flag
SYN-008,2026-07-20,recall_rate,0.16,ok,4,0.150943,0.145139,0.153394,7,cohort x format,False,False,False,0.0,0.142857,0.12,no_flag
SYN-008,2026-07-20,exams,91.5,ok,4,82.0,79.833333,86.5,7,cohort x format,,,,,,,
SYN-008,2026-07-27,utilization,0.818737,ok,4,0.798643,0.761959,0.803054,7,cohort x format,False,False,False,0.0,0.764887,0.070403,no_flag
SYN-008,2026-07-27,attendance,0.937811,ok,4,0.942559,0.937249,0.943262,7,cohort x format,False,False,False,0.0,0.939597,-0.001901,no_flag
SYN-008,2026-07-27,conversion,0.594164,ok,4,0.563253,0.542797,0.570211,7,cohort x format,False,False,False,0.0,0.587143,0.011959,no_flag
SYN-008,2026-07-27,on_time,0.928571,ok,4,0.9163,0.745283,0.932723,7,cohort x format,False,False,False,0.0,0.918327,0.011156,no_flag
SYN-008,2026-07-27,turnaround,6.015789,ok,4,5.985022,5.933135,9.284006,7,cohort x format,False,False,False,0.0,5.883665,0.022456,no_flag
SYN-008,2026-07-27,recall_rate,0.153061,ok,4,0.154639,0.15006,0.156854,7,cohort x format,False,False,False,0.0,0.147651,0.036642,no_flag
SYN-008,2026-07-27,exams,94.25,ok,4,83.0,80.958333,86.75,7,cohort x format,,,,,,,
SYN-008,2026-08-03,utilization,0.817048,ok,4,0.797267,0.769102,0.802739,7,cohort x format,False,False,False,0.0,0.773566,0.05621,no_flag
SYN-008,2026-08-03,attendance,0.938931,ok,4,0.941026,0.933308,0.94326,7,cohort x format,False,False,False,0.0,0.941722,-0.002963,no_flag
SYN-008,2026-08-03,conversion,0.604336,ok,4,0.558209,0.538027,0.567032,7,cohort x format,False,False,False,0.0,0.589311,0.025496,no_flag
SYN-008,2026-08-03,on_time,0.939623,ok,4,0.921569,0.741406,0.933066,7,cohort x format,False,False,False,0.0,0.916179,0.025588,no_flag
SYN-008,2026-08-03,turnaround,6.122264,ok,4,6.161991,6.035948,9.259629,7,cohort x format,False,False,False,0.0,5.91423,0.035175,no_flag
SYN-008,2026-08-03,recall_rate,0.152174,ok,4,0.148515,0.145449,0.154529,7,cohort x format,False,False,False,0.0,0.15,0.014493,no_flag
SYN-008,2026-08-03,exams,92.25,ok,4,82.5,81.0,87.25,7,cohort x format,,,,,,,
SYN-008,2026-08-10,utilization,0.804622,ok,4,0.794715,0.766194,0.800452,7,cohort x format,False,False,False,0.0,0.781762,0.029241,no_flag
SYN-008,2026-08-10,attendance,0.947781,ok,4,0.941011,0.93639,0.94234,7,cohort x format,False,False,False,0.0,0.938401,0.009995,no_flag
SYN-008,2026-08-10,conversion,0.589532,ok,4,0.567935,0.543166,0.571397,7,cohort x format,False,False,False,0.0,0.590782,-0.002117,no_flag
SYN-008,2026-08-10,on_time,0.933333,ok,4,0.929204,0.750113,0.937121,7,cohort x format,False,False,False,0.0,0.918919,0.015686,no_flag
SYN-008,2026-08-10,turnaround,6.036471,ok,4,6.459545,6.116215,9.327867,7,cohort x format,False,False,False,0.0,5.980695,0.009326,no_flag
SYN-008,2026-08-10,recall_rate,0.14433,ok,4,0.157143,0.151162,0.16052,7,cohort x format,False,False,False,0.0,0.146341,-0.013746,no_flag
SYN-008,2026-08-10,exams,90.75,ok,4,83.5,80.875,86.375,7,cohort x format,,,,,,,
SYN-008,2026-08-17,utilization,0.80042,ok,4,0.799172,0.767803,0.803419,7,cohort x format,False,False,False,0.0,0.787103,0.016919,no_flag
SYN-008,2026-08-17,attendance,0.952756,ok,4,0.938547,0.935961,0.942706,7,cohort x format,False,False,False,0.0,0.937581,0.016185,no_flag
SYN-008,2026-08-17,conversion,0.606061,ok,4,0.567485,0.53824,0.571036,7,cohort x format,False,False,False,0.0,0.592233,0.023348,no_flag
SYN-008,2026-08-17,on_time,0.932075,ok,4,0.928571,0.748496,0.932723,7,cohort x format,False,False,False,0.0,0.921305,0.01169,no_flag
SYN-008,2026-08-17,turnaround,6.197736,ok,4,6.55991,6.079985,9.529685,7,cohort x format,False,False,False,0.0,5.9762,0.03707,no_flag
SYN-008,2026-08-17,recall_rate,0.141414,ok,4,0.150943,0.144871,0.16199,7,cohort x format,False,False,False,0.0,0.153409,-0.078189,no_flag
SYN-008,2026-08-17,exams,90.75,ok,4,83.75,81.5,85.5,7,cohort x format,,,,,,,
SYN-009,2026-02-23,utilization,,insufficient_history,1,,,,0,suppressed,False,False,False,0.0,,,unavailable
SYN-009,2026-02-23,attendance,,insufficient_history,1,,,,0,suppressed,False,False,False,0.0,,,unavailable
SYN-009,2026-02-23,conversion,,insufficient_history,1,,,,0,suppressed,False,False,False,0.0,,,unavailable
SYN-009,2026-02-23,on_time,,insufficient_history,1,,,,0,suppressed,False,False,False,0.0,,,unavailable
SYN-009,2026-02-23,turnaround,,insufficient_history,1,,,,0,suppressed,False,False,False,0.0,,,unavailable
SYN-009,2026-02-23,recall_rate,,insufficient_history,1,,,,0,suppressed,False,False,False,0.0,,,unavailable
SYN-009,2026-02-23,exams,,insufficient_history,1,,,,0,suppressed,,,,,,,
SYN-009,2026-03-02,utilization,,insufficient_history,2,,,,0,suppressed,False,False,False,0.0,,,unavailable
SYN-009,2026-03-02,attendance,,insufficient_history,2,,,,0,suppressed,False,False,False,0.0,,,unavailable
SYN-009,2026-03-02,conversion,,insufficient_history,2,,,,0,suppressed,False,False,False,0.0,,,unavailable
SYN-009,2026-03-02,on_time,,insufficient_history,2,,,,0,suppressed,False,False,False,0.0,,,unavailable
SYN-009,2026-03-02,turnaround,,insufficient_history,2,,,,0,suppressed,False,False,False,0.0,,,unavailable
SYN-009,2026-03-02,recall_rate,,insufficient_history,2,,,,0,suppressed,False,False,False,0.0,,,unavailable
SYN-009,2026-03-02,exams,,insufficient_history,2,,,,0,suppressed,,,,,,,
SYN-009,2026-03-09,utilization,0.844402,ok,3,0.836679,0.814197,0.864804,8,cohort x format,False,False,False,0.0,,,no_flag
SYN-009,2026-03-09,attendance,0.94382,ok,3,0.937804,0.931449,0.943161,8,cohort x format,False,False,False,0.0,,,no_flag
SYN-009,2026-03-09,conversion,0.602381,ok,3,0.604437,0.578846,0.627534,8,cohort x format,False,False,False,0.0,,,no_flag
SYN-009,2026-03-09,on_time,0.908497,ok,3,0.918188,0.915211,0.924192,8,cohort x format,False,False,False,0.0,,,no_flag
SYN-009,2026-03-09,turnaround,5.783333,ok,3,6.000197,5.852703,6.3072,8,cohort x format,False,False,False,0.0,,,no_flag
SYN-009,2026-03-09,recall_rate,0.176829,ok,3,0.182277,0.166988,0.184431,8,cohort x format,False,False,False,0.0,,,no_flag
SYN-009,2026-03-09,exams,140.0,ok,3,152.333333,149.0,157.5,8,cohort x format,,,,,,,
SYN-009,2026-03-16,utilization,0.843662,ok,4,0.839608,0.821353,0.860889,8,cohort x format,False,False,False,0.0,,,no_flag
SYN-009,2026-03-16,attendance,0.943239,ok,4,0.93772,0.933154,0.943131,8,cohort x format,False,False,False,0.0,,,no_flag
SYN-009,2026-03-16,conversion,0.59823,ok,4,0.60212,0.576602,0.629764,8,cohort x format,False,False,False,0.0,,,no_flag
SYN-009,2026-03-16,on_time,0.90709,ok,4,0.92445,0.918298,0.928021,8,cohort x format,False,False,False,0.0,,,no_flag
SYN-009,2026-03-16,turnaround,5.938631,ok,4,5.946651,5.758015,6.2469,8,cohort x format,False,False,False,0.0,,,no_flag
SYN-009,2026-03-16,recall_rate,0.179372,ok,4,0.183583,0.171815,0.184877,8,cohort x format,False,False,False,0.0,,,no_flag
SYN-009,2026-03-16,exams,141.25,ok,4,154.25,149.8125,158.125,8,cohort x format,,,,,,,
SYN-009,2026-03-23,utilization,0.835616,ok,4,0.84164,0.825068,0.859293,8,cohort x format,False,False,False,0.0,,,no_flag
SYN-009,2026-03-23,attendance,0.940984,ok,4,0.937314,0.935725,0.941883,8,cohort x format,False,False,False,0.0,,,no_flag
SYN-009,2026-03-23,conversion,0.592334,ok,4,0.606422,0.571999,0.62145,8,cohort x format,False,False,False,0.0,,,no_flag
SYN-009,2026-03-23,on_time,0.910448,ok,4,0.925183,0.920412,0.930609,8,cohort x format,False,False,False,0.0,,,no_flag
SYN-009,2026-03-23,turnaround,5.845771,ok,4,5.961815,5.908379,6.080119,8,cohort x format,False,False,False,0.0,,,no_flag
SYN-009,2026-03-23,recall_rate,0.175281,ok,4,0.182754,0.174551,0.185907,8,cohort x format,False,False,False,0.0,,,no_flag
SYN-009,2026-03-23,exams,143.5,ok,4,155.75,150.3125,157.1875,8,cohort x format,,,,,,,
SYN-009,2026-03-30,utilization,0.826027,ok,4,0.835526,0.825875,0.855905,8,cohort x format,False,False,False,0.0,,,no_flag
SYN-009,2026-03-30,attendance,0.93864,ok,4,0.939062,0.93568,0.944319,8,cohort x format,False,False,False,0.0,,,no_flag
SYN-009,2026-03-30,conversion,0.591873,ok,4,0.603187,0.579307,0.612759,8,cohort x format,False,False,False,0.0,,,no_flag
SYN-009,2026-03-30,on_time,0.923469,ok,4,0.927038,0.923722,0.930679,8,cohort x format,False,False,False,0.0,,,no_flag
SYN-009,2026-03-30,turnaround,5.884694,ok,4,6.123315,5.992452,6.176028,8,cohort x format,False,False,False,0.0,,,no_flag
SYN-009,2026-03-30,recall_rate,0.184615,ok,4,0.18208,0.177104,0.184657,8,cohort x format,False,False,False,0.0,,,no_flag
SYN-009,2026-03-30,exams,141.5,ok,4,154.875,150.4375,158.1875,8,cohort x format,,,,,,,
SYN-009,2026-04-06,utilization,0.823045,ok,4,0.831996,0.828815,0.844078,8,cohort x format,False,False,False,0.0,,,no_flag
SYN-009,2026-04-06,attendance,0.943333,ok,4,0.940146,0.937652,0.941524,8,cohort x format,False,False,False,0.0,,,no_flag
SYN-009,2026-04-06,conversion,0.606007,ok,4,0.59647,0.579316,0.605222,8,cohort x format,False,False,False,0.0,,,no_flag
SYN-009,2026-04-06,on_time,0.925926,ok,4,0.922907,0.918501,0.928975,8,cohort x format,False,False,False,0.0,,,no_flag
SYN-009,2026-04-06,turnaround,5.976296,ok,4,6.06437,5.99413,6.134727,8,cohort x format,False,False,False,0.0,,,no_flag
SYN-009,2026-04-06,recall_rate,0.183158,ok,4,0.181976,0.1764,0.184734,8,cohort x format,False,False,False,0.0,,,no_flag
SYN-009,2026-04-06,exams,141.5,ok,4,155.25,147.3125,159.0,8,cohort x format,,,,,,,
SYN-009,2026-04-13,utilization,0.833103,ok,4,0.833158,0.819658,0.845326,8,cohort x format,False,False,False,0.0,,,no_flag
SYN-009,2026-04-13,attendance,0.940397,ok,4,0.938123,0.935168,0.942591,8,cohort x format,False,False,False,0.0,,,no_flag
SYN-009,2026-04-13,conversion,0.605634,ok,4,0.594268,0.585607,0.602627,8,cohort x format,False,False,False,0.0,,,no_flag
SYN-009,2026-04-13,on_time,0.94321,ok,4,0.922394,0.919874,0.926735,8,cohort x format,False,False,False,0.0,,,no_flag
SYN-009,2026-04-13,turnaround,5.645679,ok,4,5.969675,5.897422,6.070852,8,cohort x format,False,False,False,0.0,,,no_flag
SYN-009,2026-04-13,recall_rate,0.183932,ok,4,0.17554,0.172709,0.181747,8,cohort x format,False,False,False,0.0,,,no_flag
SYN-009,2026-04-13,exams,142.0,ok,4,154.75,145.125,157.3125,8,cohort x format,,,,,,,
SYN-009,2026-04-20,utilization,0.837017,ok,4,0.832594,0.816986,0.849979,8,cohort x format,False,False,False,0.0,,,no_flag
SYN-009,2026-04-20,attendance,0.912541,ok,4,0.936705,0.934446,0.938349,8,cohort x format,False,False,False,0.0,,,no_flag
SYN-009,2026-04-20,conversion,0.61302,ok,4,0.593486,0.585382,0.600136,8,cohort x format,False,False,False,0.0,,,no_flag
SYN-009,2026-04-20,on_time,0.933333,ok,4,0.918002,0.911264,0.921931,8,cohort x format,False,False,False,0.0,,,no_flag
SYN-009,2026-04-20,turnaround,5.993827,ok,4,5.939701,5.820806,6.041426,8,cohort x format,False,False,False,0.0,,,no_flag
SYN-009,2026-04-20,recall_rate,0.183299,ok,4,0.175093,0.170061,0.18024,8,cohort x format,False,False,False,0.0,,,no_flag
SYN-009,2026-04-20,exams,138.25,ok,4,154.75,145.1875,156.5,8,cohort x format,,,,,,,
SYN-009,2026-04-27,utilization,0.838889,ok,4,0.831889,0.824353,0.862158,8,cohort x format,False,False,False,0.0,0.831012,0.009479,no_flag
SYN-009,2026-04-27,attendance,0.88245,ok,4,0.935584,0.932445,0.940077,8,cohort x format,False,False,False,0.0,0.944134,-0.065334,no_flag
SYN-009,2026-04-27,conversion,0.615385,ok,4,0.596178,0.586499,0.60635,8,cohort x format,False,False,False,0.0,0.597633,0.029703,no_flag
SYN-009,2026-04-27,on_time,0.931818,ok,4,0.919549,0.913682,0.928025,8,cohort x format,False,False,False,0.0,0.916805,0.016375,no_flag
SYN-009,2026-04-27,turnaround,6.366919,ok,4,5.908209,5.81632,6.068773,8,cohort x format,False,False,False,0.0,5.782196,0.101125,no_flag
SYN-009,2026-04-27,recall_rate,0.182573,ok,4,0.177772,0.172047,0.18144,8,cohort x format,False,False,False,0.0,0.17971,0.015928,no_flag
SYN-009,2026-04-27,exams,133.25,ok,4,156.125,145.375,156.8125,8,cohort x format,,,,,,,
SYN-009,2026-05-04,utilization,0.835425,ok,4,0.843431,0.822876,0.856102,8,cohort x format,False,False,False,0.0,0.832006,0.004109,no_flag
SYN-009,2026-05-04,attendance,0.884808,ok,4,0.935528,0.933562,0.937703,8,cohort x format,False,False,False,0.0,0.943541,-0.062247,no_flag
SYN-009,2026-05-04,conversion,0.603774,ok,4,0.599676,0.589181,0.616661,8,cohort x format,False,False,False,0.0,0.604462,-0.00114,no_flag
SYN-009,2026-05-04,on_time,0.925065,ok,4,0.918483,0.912506,0.92751,8,cohort x format,False,False,False,0.0,0.918425,0.00723,no_flag
SYN-009,2026-05-04,turnaround,6.28553,ok,4,5.906854,5.81667,6.032719,8,cohort x format,False,False,False,0.0,5.893249,0.066564,no_flag
SYN-009,2026-05-04,recall_rate,0.176829,ok,4,0.17752,0.174454,0.185544,8,cohort x format,False,False,False,0.0,0.180573,-0.020732,no_flag
SYN-009,2026-05-04,exams,132.5,ok,4,155.625,146.125,157.75,8,cohort x format,,,,,,,
SYN-009,2026-05-11,utilization,0.822626,ok,4,0.836532,0.82766,0.853146,8,cohort x format,False,False,False,0.0,0.838328,-0.01873,no_flag
SYN-009,2026-05-11,attendance,0.887946,ok,4,0.935485,0.930758,0.938264,8,cohort x format,False,False,False,0.0,0.941812,-0.057194,no_flag
SYN-009,2026-05-11,conversion,0.615679,ok,4,0.598039,0.583012,0.61895,8,cohort x format,False,False,False,0.0,0.601942,0.022821,no_flag
SYN-009,2026-05-11,on_time,0.909794,ok,4,0.924194,0.915266,0.92906,8,cohort x format,False,False,False,0.0,0.925061,-0.016504,no_flag
SYN-009,2026-05-11,turnaround,6.657732,ok,4,6.037511,5.941565,6.057786,8,cohort x format,True,False,True,1.0,5.792875,0.149297,flag
SYN-009,2026-05-11,recall_rate,0.17364,ok,4,0.181663,0.174737,0.187945,8,cohort x format,False,False,False,0.0,0.181719,-0.044459,no_flag
SYN-009,2026-05-11,exams,130.75,ok,4,154.375,147.6875,157.375,8,cohort x format,,,,,,,
SYN-009,2026-05-18,utilization,0.817549,ok,4,0.838028,0.826365,0.851863,8,cohort x format,False,False,False,0.0,0.836314,-0.022438,no_flag
SYN-009,2026-05-18,attendance,0.914821,ok,4,0.934217,0.929939,0.941515,8,cohort x format,False,False,False,0.0,0.926809,-0.012935,no_flag
SYN-009,2026-05-18,conversion,0.621974,ok,4,0.592826,0.575954,0.619719,8,cohort x format,False,False,False,0.0,0.602484,0.032348,no_flag
SYN-009,2026-05-18,on_time,0.91067,ok,4,0.927163,0.921073,0.932235,8,cohort x format,False,False,False,0.0,0.921933,-0.012217,no_flag
SYN-009,2026-05-18,turnaround,6.156576,ok,4,6.111369,6.03939,6.157675,8,cohort x format,False,False,False,0.0,5.920074,0.039949,no_flag
SYN-009,2026-05-18,recall_rate,0.172414,ok,4,0.178698,0.174761,0.188236,8,cohort x format,False,False,False,0.0,0.179487,-0.039409,no_flag
SYN-009,2026-05-18,exams,134.25,ok,4,153.75,144.375,158.25,8,cohort x format,,,,,,,
SYN-009,2026-05-25,utilization,0.82493,ok,4,0.840598,0.827295,0.86204,7,cohort x format,False,False,False,0.0,0.832414,-0.008991,no_flag
SYN-009,2026-05-25,attendance,0.942275,ok,4,0.936482,0.92848,0.939281,7,cohort x format,False,False,False,0.0,0.910522,0.034873,no_flag
SYN-009,2026-05-25,conversion,0.612613,ok,4,0.574286,0.566805,0.616509,7,cohort x format,False,False,False,0.0,0.603276,0.015477,no_flag
SYN-009,2026-05-25,on_time,0.910412,ok,4,0.92217,0.920294,0.926482,7,cohort x format,False,False,False,0.0,0.927665,-0.018599,no_flag
SYN-009,2026-05-25,turnaround,5.745521,ok,4,6.097835,5.965435,6.23177,7,cohort x format,False,False,False,0.0,6.12703,-0.062267,no_flag
SYN-009,2026-05-25,recall_rate,0.169265,ok,4,0.18,0.178876,0.184361,7,cohort x format,False,False,False,0.0,0.183565,-0.077899,no_flag
SYN-009,2026-05-25,exams,138.75,ok,4,154.75,145.25,156.875,7,cohort x format,,,,,,,
SYN-009,2026-06-01,utilization,0.831241,ok,4,0.839152,0.822962,0.866326,7,cohort x format,False,False,False,0.0,0.829184,0.002481,no_flag
SYN-009,2026-06-01,attendance,0.941275,ok,4,0.933333,0.933062,0.9391,7,cohort x format,False,False,False,0.0,0.914095,0.029734,no_flag
SYN-009,2026-06-01,conversion,0.609626,ok,4,0.574586,0.562569,0.617104,7,cohort x format,False,False,False,0.0,0.604927,0.007767,no_flag
SYN-009,2026-06-01,on_time,0.908434,ok,4,0.926247,0.920648,0.929952,7,cohort x format,False,False,False,0.0,0.925505,-0.018445,no_flag
SYN-009,2026-06-01,turnaround,5.698072,ok,4,6.001735,5.75116,6.267174,7,cohort x format,False,False,False,0.0,6.127399,-0.070067,no_flag
SYN-009,2026-06-01,recall_rate,0.169374,ok,4,0.183036,0.176889,0.186056,7,cohort x format,False,False,False,0.0,0.179938,-0.058711,no_flag
SYN-009,2026-06-01,exams,140.25,ok,4,155.0,144.625,157.125,7,cohort x format,,,,,,,
SYN-009,2026-06-08,utilization,0.827489,ok,4,0.836066,0.818298,0.869027,7,cohort x format,False,False,False,0.0,0.827897,-0.000493,no_flag
SYN-009,2026-06-08,attendance,0.938983,ok,4,0.936688,0.936479,0.940608,7,cohort x format,False,False,False,0.0,0.914501,0.026771,no_flag
SYN-009,2026-06-08,conversion,0.604693,ok,4,0.576871,0.567239,0.614389,7,cohort x format,False,False,False,0.0,0.610449,-0.009429,no_flag
SYN-009,2026-06-08,on_time,0.909314,ok,4,0.928571,0.923855,0.93001,7,cohort x format,False,False,False,0.0,0.92686,-0.018931,no_flag
SYN-009,2026-06-08,turnaround,5.636765,ok,4,6.078289,5.790753,6.195696,7,cohort x format,False,False,False,0.0,6.140858,-0.082088,no_flag
SYN-009,2026-06-08,recall_rate,0.167064,ok,4,0.182994,0.177788,0.184216,7,cohort x format,False,False,False,0.0,0.178759,-0.065422,no_flag
SYN-009,2026-06-08,exams,138.5,ok,4,155.25,144.25,158.375,7,cohort x format,,,,,,,
SYN-009,2026-06-15,utilization,0.842179,ok,4,0.837121,0.818559,0.865079,7,cohort x format,False,False,False,0.0,0.827323,0.017956,no_flag
SYN-009,2026-06-15,attendance,0.93864,ok,4,0.939617,0.935742,0.940802,7,cohort x format,False,False,False,0.0,0.913663,0.027337,no_flag
SYN-009,2026-06-15,conversion,0.584806,ok,4,0.579452,0.571764,0.611654,7,cohort x format,False,False,False,0.0,0.617431,-0.052841,no_flag
SYN-009,2026-06-15,on_time,0.916049,ok,4,0.928105,0.921105,0.932235,7,cohort x format,False,False,False,0.0,0.92203,-0.006486,no_flag
SYN-009,2026-06-15,turnaround,6.059506,ok,4,5.85918,5.744902,6.003693,7,cohort x format,False,False,False,0.0,6.075,-0.00255,no_flag
SYN-009,2026-06-15,recall_rate,0.170068,ok,4,0.18543,0.178571,0.186398,7,cohort x format,False,False,False,0.0,0.17801,-0.044618,no_flag
SYN-009,2026-06-15,exams,141.5,ok,4,155.75,144.375,157.875,7,cohort x format,,,,,,,
SYN-009,2026-06-22,utilization,0.846047,ok,4,0.831419,0.806832,0.84909,8,cohort x format,False,False,False,0.0,0.831939,0.016959,no_flag
SYN-009,2026-06-22,attendance,0.932787,ok,4,0.938594,0.93348,0.943731,8,cohort x format,False,False,False,0.0,0.911987,0.022808,no_flag
SYN-009,2026-06-22,conversion,0.594025,ok,4,0.585388,0.579817,0.608121,8,cohort x format,False,False,False,0.0,0.613971,-0.032487,no_flag
SYN-009,2026-06-22,on_time,0.921951,ok,4,0.924068,0.92233,0.930644,8,cohort x format,False,False,False,0.0,0.92089,0.001152,no_flag
SYN-009,2026-06-22,turnaround,6.353415,ok,4,5.835319,5.726517,5.913696,8,cohort x format,False,False,False,0.0,6.049691,0.050205,no_flag
SYN-009,2026-06-22,recall_rate,0.178808,ok,4,0.179117,0.177403,0.183726,8,cohort x format,False,False,False,0.0,0.176155,0.015062,no_flag
SYN-009,2026-06-22,exams,142.25,ok,4,149.75,140.875,158.5,8,cohort x format,,,,,,,
SYN-009,2026-06-29,utilization,0.854167,ok,4,0.843137,0.821151,0.858086,9,cohort x format,False,False,False,0.0,0.833333,0.025,no_flag
SYN-009,2026-06-29,attendance,0.930081,ok,4,0.943182,0.935961,0.945596,9,cohort x format,False,False,False,0.0,0.912971,0.018742,no_flag
SYN-009,2026-06-29,conversion,0.587413,ok,4,0.593151,0.572289,0.610548,9,cohort x format,False,False,False,0.0,0.606783,-0.031923,no_flag
SYN-009,2026-06-29,on_time,0.933985,ok,4,0.927536,0.92619,0.927765,9,cohort x format,False,False,False,0.0,0.916459,0.019124,no_flag
SYN-009,2026-06-29,turnaround,6.503912,ok,4,5.937101,5.682143,6.035714,9,cohort x format,False,False,False,0.0,5.981546,0.08733,no_flag
SYN-009,2026-06-29,recall_rate,0.180645,ok,4,0.177632,0.17735,0.187373,9,cohort x format,False,False,False,0.0,0.173348,0.042097,no_flag
SYN-009,2026-06-29,exams,143.0,ok,4,152.25,142.5,162.25,9,cohort x format,,,,,,,
SYN-009,2026-07-06,utilization,0.855769,ok,4,0.845963,0.827238,0.855542,9,cohort x format,False,False,False,0.0,0.825052,0.03723,no_flag
SYN-009,2026-07-06,attendance,0.927769,ok,4,0.942051,0.933116,0.942931,9,cohort x format,False,False,False,0.0,0.913486,0.015636,no_flag
SYN-009,2026-07-06,conversion,0.588235,ok,4,0.587345,0.566929,0.612308,9,cohort x format,False,False,False,0.0,0.610028,-0.035724,no_flag
SYN-009,2026-07-06,on_time,0.935714,ok,4,0.928962,0.921512,0.930788,9,cohort x format,False,False,False,0.0,0.909548,0.028769,no_flag
SYN-009,2026-07-06,turnaround,6.472857,ok,4,5.887746,5.752983,6.05084,9,cohort x format,False,False,False,0.0,6.134422,0.05517,no_flag
SYN-009,2026-07-06,recall_rate,0.183158,ok,4,0.182254,0.17418,0.184874,9,cohort x format,False,False,False,0.0,0.170569,0.073808,no_flag
SYN-009,2026-07-06,exams,144.5,ok,4,152.25,143.0,160.75,9,cohort x format,,,,,,,
SYN-009,2026-07-13,utilization,0.839779,ok,4,0.846365,0.830892,0.855181,9,cohort x format,False,False,False,0.0,0.829847,0.011969,no_flag
SYN-009,2026-07-13,attendance,0.922697,ok,4,0.940058,0.93517,0.941606,9,cohort x format,False,False,False,0.0,0.926891,-0.004524,no_flag
SYN-009,2026-07-13,conversion,0.595365,ok,4,0.587963,0.57451,0.609302,9,cohort x format,False,False,False,0.0,0.602901,-0.012499,no_flag
SYN-009,2026-07-13,on_time,0.938575,ok,4,0.921429,0.914894,0.92663,9,cohort x format,False,False,False,0.0,0.913366,0.0276,no_flag
SYN-009,2026-07-13,turnaround,6.282801,ok,4,5.925507,5.856308,6.01119,9,cohort x format,False,False,False,0.0,6.107921,0.028632,no_flag
SYN-009,2026-07-13,recall_rate,0.186788,ok,4,0.176692,0.172867,0.186404,9,cohort x format,False,False,False,0.0,0.171271,0.090602,no_flag
SYN-009,2026-07-13,exams,140.25,ok,4,155.25,144.25,161.25,9,cohort x format,,,,,,,
SYN-009,2026-07-20,utilization,0.835165,ok,4,0.841646,0.829721,0.850822,9,cohort x format,False,False,False,0.0,0.83554,-0.000449,no_flag
SYN-009,2026-07-20,attendance,0.932566,ok,4,0.938843,0.938623,0.943536,9,cohort x format,False,False,False,0.0,0.937448,-0.005208,no_flag
SYN-009,2026-07-20,conversion,0.587302,ok,4,0.589862,0.579051,0.603873,9,cohort x format,False,False,False,0.0,0.603203,-0.026361,no_flag
SYN-009,2026-07-20,on_time,0.928747,ok,4,0.921739,0.917021,0.925595,9,cohort x format,False,False,False,0.0,0.91616,0.013738,no_flag
SYN-009,2026-07-20,turnaround,6.103931,ok,4,6.057391,5.874255,6.106548,9,cohort x format,False,False,False,0.0,6.04836,0.009188,no_flag
SYN-009,2026-07-20,recall_rate,0.179551,ok,4,0.177384,0.169811,0.18451,9,cohort x format,False,False,False,0.0,0.174058,0.031561,no_flag
SYN-009,2026-07-20,exams,141.75,ok,4,156.75,142.0,158.75,9,cohort x format,,,,,,,
SYN-009,2026-07-27,utilization,0.818554,ok,4,0.838471,0.832812,0.850444,9,cohort x format,False,False,False,0.0,0.842728,-0.028685,no_flag
SYN-009,2026-07-27,attendance,0.933333,ok,4,0.943536,0.933824,0.945,9,cohort x format,False,False,False,0.0,0.93559,-0.002412,no_flag
SYN-009,2026-07-27,conversion,0.598214,ok,4,0.591772,0.582402,0.601575,9,cohort x format,False,False,False,0.0,0.598411,-0.000329,no_flag
SYN-009,2026-07-27,on_time,0.928747,ok,4,0.923977,0.918719,0.931452,9,cohort x format,False,False,False,0.0,0.921117,0.008284,no_flag
SYN-009,2026-07-27,turnaround,5.853317,ok,4,6.060254,5.982548,6.202312,9,cohort x format,False,False,False,0.0,6.098058,-0.040134,no_flag
SYN-009,2026-07-27,recall_rate,0.18136,ok,4,0.172888,0.164589,0.180747,9,cohort x format,False,False,False,0.0,0.175223,0.035024,no_flag
SYN-009,2026-07-27,exams,140.0,ok,4,158.0,141.75,158.75,9,cohort x format,,,,,,,
SYN-009,2026-08-03,utilization,0.828571,ok,4,0.835366,0.825062,0.842822,9,cohort x format,False,False,False,0.0,0.841777,-0.015687,no_flag
SYN-009,2026-08-03,attendance,0.944171,ok,4,0.943066,0.939806,0.944012,9,cohort x format,False,False,False,0.0,0.933223,0.011731,no_flag
SYN-009,2026-08-03,conversion,0.593043,ok,4,0.593695,0.582645,0.604294,9,cohort x format,False,False,False,0.0,0.59629,-0.005444,no_flag
SYN-009,2026-08-03,on_time,0.921376,ok,4,0.926036,0.91134,0.930328,9,cohort x format,False,False,False,0.0,0.922705,-0.001441,no_flag
SYN-009,2026-08-03,turnaround,5.561425,ok,4,6.106509,5.882268,6.169081,9,cohort x format,False,False,False,0.0,6.06087,-0.082405,no_flag
SYN-009,2026-08-03,recall_rate,0.183575,ok,4,0.174664,0.171355,0.18254,9,cohort x format,False,False,False,0.0,0.175615,0.045324,no_flag
SYN-009,2026-08-03,exams,143.75,ok,4,157.0,142.75,161.5,9,cohort x format,,,,,,,
SYN-009,2026-08-10,utilization,0.843621,ok,4,0.832877,0.825767,0.843521,9,cohort x format,False,False,False,0.0,0.840972,0.00315,no_flag
SYN-009,2026-08-10,attendance,0.946341,ok,4,0.940565,0.936925,0.945724,9,cohort x format,False,False,False,0.0,0.930636,0.016876,no_flag
SYN-009,2026-08-10,conversion,0.591065,ok,4,0.591304,0.575258,0.603744,9,cohort x format,False,False,False,0.0,0.590062,0.0017,no_flag
SYN-009,2026-08-10,on_time,0.919708,ok,4,0.922078,0.918033,0.931751,9,cohort x format,False,False,False,0.0,0.92734,-0.00823,no_flag
SYN-009,2026-08-10,turnaround,5.541119,ok,4,6.08905,5.947772,6.151527,9,cohort x format,False,False,False,0.0,6.171429,-0.102133,no_flag
SYN-009,2026-08-10,recall_rate,0.185096,ok,4,0.179226,0.17161,0.184358,9,cohort x format,False,False,False,0.0,0.178409,0.037482,no_flag
SYN-009,2026-08-10,exams,145.5,ok,4,158.25,143.75,163.0,9,cohort x format,,,,,,,
SYN-009,2026-08-17,utilization,0.848276,ok,4,0.834254,0.824176,0.846154,9,cohort x format,False,False,False,0.0,0.84058,0.009156,no_flag
SYN-009,2026-08-17,attendance,0.947967,ok,4,0.942053,0.939837,0.942943,9,cohort x format,False,False,False,0.0,0.932677,0.016395,no_flag
SYN-009,2026-08-17,conversion,0.596913,ok,4,0.598775,0.57085,0.60925,9,cohort x format,False,False,False,0.0,0.590669,0.01057,no_flag
SYN-009,2026-08-17,on_time,0.917073,ok,4,0.920091,0.913408,0.926667,9,cohort x format,False,False,False,0.0,0.925337,-0.00893,no_flag
SYN-009,2026-08-17,turnaround,5.540732,ok,4,6.079228,5.948894,6.229129,9,cohort x format,False,False,False,0.0,6.229131,-0.110513,no_flag
SYN-009,2026-08-17,recall_rate,0.186047,ok,4,0.184946,0.180894,0.187633,9,cohort x format,False,False,False,0.0,0.179157,0.038456,no_flag
SYN-009,2026-08-17,exams,145.75,ok,4,156.75,142.25,163.25,9,cohort x format,,,,,,,
SYN-010,2026-02-23,utilization,,insufficient_history,1,,,,0,suppressed,False,False,False,0.0,,,unavailable
SYN-010,2026-02-23,attendance,,insufficient_history,1,,,,0,suppressed,False,False,False,0.0,,,unavailable
SYN-010,2026-02-23,conversion,,insufficient_history,1,,,,0,suppressed,False,False,False,0.0,,,unavailable
SYN-010,2026-02-23,on_time,,insufficient_history,1,,,,0,suppressed,False,False,False,0.0,,,unavailable
SYN-010,2026-02-23,turnaround,,insufficient_history,1,,,,0,suppressed,False,False,False,0.0,,,unavailable
SYN-010,2026-02-23,recall_rate,,insufficient_history,1,,,,0,suppressed,False,False,False,0.0,,,unavailable
SYN-010,2026-02-23,exams,,insufficient_history,1,,,,0,suppressed,,,,,,,
SYN-010,2026-03-02,utilization,,insufficient_history,2,,,,0,suppressed,False,False,False,0.0,,,unavailable
SYN-010,2026-03-02,attendance,,insufficient_history,2,,,,0,suppressed,False,False,False,0.0,,,unavailable
SYN-010,2026-03-02,conversion,,insufficient_history,2,,,,0,suppressed,False,False,False,0.0,,,unavailable
SYN-010,2026-03-02,on_time,,insufficient_history,2,,,,0,suppressed,False,False,False,0.0,,,unavailable
SYN-010,2026-03-02,turnaround,,insufficient_history,2,,,,0,suppressed,False,False,False,0.0,,,unavailable
SYN-010,2026-03-02,recall_rate,,insufficient_history,2,,,,0,suppressed,False,False,False,0.0,,,unavailable
SYN-010,2026-03-02,exams,,insufficient_history,2,,,,0,suppressed,,,,,,,
SYN-010,2026-03-09,utilization,0.831111,ok,3,0.806794,0.785251,0.857616,7,cohort (fallback),False,False,False,0.0,,,no_flag
SYN-010,2026-03-09,attendance,0.946524,ok,3,0.936675,0.93124,0.940087,7,cohort (fallback),False,False,False,0.0,,,no_flag
SYN-010,2026-03-09,conversion,0.644068,ok,3,0.585434,0.574543,0.611942,7,cohort (fallback),False,False,False,0.0,,,no_flag
SYN-010,2026-03-09,on_time,0.933086,ok,3,0.936441,0.91864,0.93863,7,cohort (fallback),False,False,False,0.0,,,no_flag
SYN-010,2026-03-09,turnaround,5.463569,ok,3,5.928916,5.641469,6.025175,7,cohort (fallback),False,False,False,0.0,,,no_flag
SYN-010,2026-03-09,recall_rate,0.147982,ok,3,0.147059,0.141941,0.153846,7,cohort (fallback),False,False,False,0.0,,,no_flag
SYN-010,2026-03-09,exams,118.0,ok,3,116.333333,110.166667,118.666667,7,cohort (fallback),,,,,,,
SYN-010,2026-03-16,utilization,0.828666,ok,4,0.807018,0.787437,0.850694,7,cohort (fallback),False,False,False,0.0,,,no_flag
SYN-010,2026-03-16,attendance,0.942346,ok,4,0.93617,0.934568,0.941239,7,cohort (fallback),False,False,False,0.0,,,no_flag
SYN-010,2026-03-16,conversion,0.632911,ok,4,0.581933,0.570016,0.605704,7,cohort (fallback),False,False,False,0.0,,,no_flag
SYN-010,2026-03-16,on_time,0.937677,ok,4,0.929487,0.920472,0.933309,7,cohort (fallback),False,False,False,0.0,,,no_flag
SYN-010,2026-03-16,turnaround,5.472238,ok,4,5.924752,5.735772,6.041655,7,cohort (fallback),False,False,False,0.0,,,no_flag
SYN-010,2026-03-16,recall_rate,0.148387,ok,4,0.148,0.144314,0.151536,7,cohort (fallback),False,False,False,0.0,,,no_flag
SYN-010,2026-03-16,exams,118.5,ok,4,116.5,111.5,118.125,7,cohort (fallback),,,,,,,
SYN-010,2026-03-23,utilization,0.819967,ok,4,0.809011,0.782862,0.837044,8,cohort (fallback),False,False,False,0.0,,,no_flag
SYN-010,2026-03-23,attendance,0.936128,ok,4,0.941498,0.935009,0.942965,8,cohort (fallback),False,False,False,0.0,,,no_flag
SYN-010,2026-03-23,conversion,0.635394,ok,4,0.580279,0.557421,0.593876,8,cohort (fallback),False,False,False,0.0,,,no_flag
SYN-010,2026-03-23,on_time,0.928977,ok,4,0.930354,0.917131,0.938877,8,cohort (fallback),False,False,False,0.0,,,no_flag
SYN-010,2026-03-23,turnaround,5.64375,ok,4,5.992243,5.885367,6.093501,8,cohort (fallback),False,False,False,0.0,,,no_flag
SYN-010,2026-03-23,recall_rate,0.149351,ok,4,0.148786,0.146104,0.150418,8,cohort (fallback),False,False,False,0.0,,,no_flag
SYN-010,2026-03-23,exams,117.25,ok,4,114.0,110.0625,119.5,8,cohort (fallback),,,,,,,
SYN-010,2026-03-30,utilization,0.813531,ok,4,0.800358,0.781869,0.828804,8,cohort (fallback),False,False,False,0.0,,,no_flag
SYN-010,2026-03-30,attendance,0.933063,ok,4,0.940019,0.93341,0.940394,8,cohort (fallback),False,False,False,0.0,,,no_flag
SYN-010,2026-03-30,conversion,0.630435,ok,4,0.581958,0.554556,0.596651,8,cohort (fallback),False,False,False,0.0,,,no_flag
SYN-010,2026-03-30,on_time,0.915942,ok,4,0.921458,0.91426,0.933728,8,cohort (fallback),False,False,False,0.0,,,no_flag
SYN-010,2026-03-30,turnaround,5.902899,ok,4,5.893198,5.735846,6.012055,8,cohort (fallback),False,False,False,0.0,,,no_flag
SYN-010,2026-03-30,recall_rate,0.15142,ok,4,0.150252,0.143309,0.154282,8,cohort (fallback),False,False,False,0.0,,,no_flag
SYN-010,2026-03-30,exams,115.0,ok,4,112.125,109.125,118.5,8,cohort (fallback),,,,,,,
SYN-010,2026-04-06,utilization,0.823432,ok,4,0.797735,0.770979,0.829604,9,cohort (fallback),False,False,False,0.0,,,no_flag
SYN-010,2026-04-06,attendance,0.933868,ok,4,0.941043,0.936735,0.942688,9,cohort (fallback),False,False,False,0.0,,,no_flag
SYN-010,2026-04-06,conversion,0.626609,ok,4,0.567265,0.553125,0.586057,9,cohort (fallback),False,False,False,0.0,,,no_flag
SYN-010,2026-04-06,on_time,0.919771,ok,4,0.912568,0.911864,0.926829,9,cohort (fallback),False,False,False,0.0,,,no_flag
SYN-010,2026-04-06,turnaround,5.901719,ok,4,5.874074,5.796894,6.12163,9,cohort (fallback),False,False,False,0.0,,,no_flag
SYN-010,2026-04-06,recall_rate,0.146417,ok,4,0.147601,0.147059,0.150628,9,cohort (fallback),False,False,False,0.0,,,no_flag
SYN-010,2026-04-06,exams,116.5,ok,4,112.0,103.75,116.0,9,cohort (fallback),,,,,,,
SYN-010,2026-04-13,utilization,0.826667,ok,4,0.790574,0.763699,0.825886,10,cohort (fallback),False,False,False,0.0,,,no_flag
SYN-010,2026-04-13,attendance,0.933468,ok,4,0.938349,0.935882,0.94135,10,cohort (fallback),False,False,False,0.0,,,no_flag
SYN-010,2026-04-13,conversion,0.641469,ok,4,0.56573,0.553982,0.595455,10,cohort (fallback),False,False,False,0.0,,,no_flag
SYN-010,2026-04-13,on_time,0.911602,ok,4,0.918197,0.906367,0.927788,10,cohort (fallback),False,False,False,0.0,,,no_flag
SYN-010,2026-04-13,turnaround,5.806906,ok,4,5.896546,5.670879,6.313432,10,cohort (fallback),False,False,False,0.0,,,no_flag
SYN-010,2026-04-13,recall_rate,0.153846,ok,4,0.149569,0.13858,0.152754,10,cohort (fallback),False,False,False,0.0,,,no_flag
SYN-010,2026-04-13,exams,115.75,ok,4,111.0,88.375,115.375,10,cohort (fallback),,,,,,,
SYN-010,2026-04-20,utilization,0.834437,ok,4,0.787324,0.768256,0.82413,10,cohort (fallback),False,False,False,0.0,,,no_flag
SYN-010,2026-04-20,attendance,0.934524,ok,4,0.938784,0.936671,0.941384,10,cohort (fallback),False,False,False,0.0,,,no_flag
SYN-010,2026-04-20,conversion,0.630573,ok,4,0.562619,0.552079,0.590563,10,cohort (fallback),False,False,False,0.0,,,no_flag
SYN-010,2026-04-20,on_time,0.92011,ok,4,0.917343,0.912434,0.92522,10,cohort (fallback),False,False,False,0.0,,,no_flag
SYN-010,2026-04-20,turnaround,5.735537,ok,4,5.944567,5.665403,6.084891,10,cohort (fallback),False,False,False,0.0,,,no_flag
SYN-010,2026-04-20,recall_rate,0.158416,ok,4,0.149689,0.142857,0.152206,10,cohort (fallback),False,False,False,0.0,,,no_flag
SYN-010,2026-04-20,exams,117.75,ok,4,109.75,90.125,116.4375,10,cohort (fallback),,,,,,,
SYN-010,2026-04-27,utilization,0.84918,ok,4,0.787267,0.762812,0.823935,11,cohort (fallback),False,False,False,0.0,0.823009,0.0318,no_flag
SYN-010,2026-04-27,attendance,0.932432,ok,4,0.941973,0.939105,0.943549,11,cohort (fallback),False,False,False,0.0,0.938172,-0.006118,no_flag
SYN-010,2026-04-27,conversion,0.63147,ok,4,0.563291,0.548637,0.586623,11,cohort (fallback),False,False,False,0.0,0.633238,-0.002792,no_flag
SYN-010,2026-04-27,on_time,0.931694,ok,4,0.924171,0.919243,0.926887,11,cohort (fallback),False,False,False,0.0,0.923954,0.008377,no_flag
SYN-010,2026-04-27,turnaround,5.568033,ok,4,5.80101,5.744242,6.204341,11,cohort (fallback),False,False,False,0.0,5.695437,-0.02237,no_flag
SYN-010,2026-04-27,recall_rate,0.151235,ok,4,0.148276,0.139104,0.154656,11,cohort (fallback),False,False,False,0.0,0.147903,0.022526,no_flag
SYN-010,2026-04-27,exams,120.75,ok,4,108.0,84.875,118.75,11,cohort (fallback),,,,,,,
SYN-010,2026-05-04,utilization,0.837479,ok,4,0.790706,0.756736,0.809634,12,cohort (fallback),False,False,False,0.0,0.826705,0.013033,no_flag
SYN-010,2026-05-04,attendance,0.930693,ok,4,0.943557,0.938766,0.944959,12,cohort (fallback),False,False,False,0.0,0.93929,-0.009152,no_flag
SYN-010,2026-05-04,conversion,0.623404,ok,4,0.560951,0.550073,0.591537,12,cohort (fallback),False,False,False,0.0,0.634146,-0.016939,no_flag
SYN-010,2026-05-04,on_time,0.935028,ok,4,0.924874,0.871879,0.929423,12,cohort (fallback),False,False,False,0.0,0.925566,0.010223,no_flag
SYN-010,2026-05-04,turnaround,5.537571,ok,4,5.982841,5.867653,6.942051,12,cohort (fallback),False,False,False,0.0,5.711003,-0.030368,no_flag
SYN-010,2026-05-04,recall_rate,0.156069,ok,4,0.146381,0.143936,0.149288,12,cohort (fallback),False,False,False,0.0,0.147059,0.061272,no_flag
SYN-010,2026-05-04,exams,117.5,ok,4,108.25,82.9375,118.3125,12,cohort (fallback),,,,,,,
SYN-010,2026-05-11,utilization,0.836394,ok,4,0.790952,0.765199,0.795069,13,cohort (fallback),False,False,False,0.0,0.827672,0.010538,no_flag
SYN-010,2026-05-11,attendance,0.936128,ok,4,0.943396,0.938838,0.944773,13,cohort (fallback),False,False,False,0.0,0.937938,-0.00193,no_flag
SYN-010,2026-05-11,conversion,0.624733,ok,4,0.569364,0.554795,0.58,13,cohort (fallback),False,False,False,0.0,0.63714,-0.019472,no_flag
SYN-010,2026-05-11,on_time,0.939828,ok,4,0.926045,0.911392,0.931174,13,cohort (fallback),False,False,False,0.0,0.924476,0.016607,no_flag
SYN-010,2026-05-11,turnaround,5.806017,ok,4,6.09288,6.01498,6.477982,13,cohort (fallback),False,False,False,0.0,5.641678,0.029129,no_flag
SYN-010,2026-05-11,recall_rate,0.151862,ok,4,0.149254,0.140351,0.149533,13,cohort (fallback),False,False,False,0.0,0.151125,0.004877,no_flag
SYN-010,2026-05-11,exams,117.25,ok,4,107.0,85.25,119.25,13,cohort (fallback),,,,,,,
SYN-010,2026-05-18,utilization,0.846154,ok,4,0.839112,0.823603,0.867627,11,cohort (fallback),False,False,False,0.0,0.82716,0.022962,no_flag
SYN-010,2026-05-18,attendance,0.943434,ok,4,0.935103,0.929893,0.941889,11,cohort (fallback),False,False,False,0.0,0.935323,0.008672,no_flag
SYN-010,2026-05-18,conversion,0.64454,ok,4,0.604069,0.579582,0.621713,11,cohort (fallback),False,False,False,0.0,0.632979,0.018264,no_flag
SYN-010,2026-05-18,on_time,0.932773,ok,4,0.928571,0.919281,0.933907,11,cohort (fallback),False,False,False,0.0,0.924476,0.008975,no_flag
SYN-010,2026-05-18,turnaround,5.777031,ok,4,6.116209,6.015455,6.153926,11,cohort (fallback),False,False,False,0.0,5.69035,0.015233,no_flag
SYN-010,2026-05-18,recall_rate,0.162304,ok,4,0.175947,0.172571,0.184192,11,cohort (fallback),False,False,False,0.0,0.153846,0.054974,no_flag
SYN-010,2026-05-18,exams,116.75,ok,4,152.75,140.875,158.125,11,cohort (fallback),,,,,,,
SYN-010,2026-05-25,utilization,0.83705,ok,4,0.844332,0.82792,0.873082,10,cohort (fallback),False,False,False,0.0,0.831414,0.006778,no_flag
SYN-010,2026-05-25,attendance,0.94877,ok,4,0.937718,0.93216,0.939291,10,cohort (fallback),False,False,False,0.0,0.93274,0.017187,no_flag
SYN-010,2026-05-25,conversion,0.645788,ok,4,0.592348,0.568363,0.62011,10,cohort (fallback),False,False,False,0.0,0.630965,0.023493,no_flag
SYN-010,2026-05-25,on_time,0.929972,ok,4,0.923206,0.919767,0.928325,10,cohort (fallback),False,False,False,0.0,0.924051,0.006408,no_flag
SYN-010,2026-05-25,turnaround,5.903081,ok,4,6.038776,5.894261,6.197948,10,cohort (fallback),False,False,False,0.0,5.73052,0.030113,no_flag
SYN-010,2026-05-25,recall_rate,0.174927,ok,4,0.178876,0.172713,0.180917,10,cohort (fallback),False,False,False,0.0,0.151326,0.155962,no_flag
SYN-010,2026-05-25,exams,115.75,ok,4,150.75,142.0625,157.6875,10,cohort (fallback),,,,,,,
SYN-010,2026-06-01,utilization,0.850594,ok,4,0.841966,0.828889,0.883157,10,cohort (fallback),False,False,False,0.0,0.830438,0.024271,no_flag
SYN-010,2026-06-01,attendance,0.952096,ok,4,0.937798,0.933185,0.940805,10,cohort (fallback),False,False,False,0.0,0.932271,0.021265,no_flag
SYN-010,2026-06-01,conversion,0.651992,ok,4,0.592106,0.565802,0.619036,10,cohort (fallback),False,False,False,0.0,0.625,0.043187,no_flag
SYN-010,2026-06-01,on_time,0.924119,ok,4,0.923772,0.920149,0.931241,10,cohort (fallback),False,False,False,0.0,0.927454,-0.003595,no_flag
SYN-010,2026-06-01,turnaround,5.846612,ok,4,5.967364,5.738427,6.233755,10,cohort (fallback),False,False,False,0.0,5.71835,0.02243,no_flag
SYN-010,2026-06-01,recall_rate,0.18239,ok,4,0.176889,0.174358,0.183193,10,cohort (fallback),False,False,False,0.0,0.151424,0.204496,no_flag
SYN-010,2026-06-01,exams,119.25,ok,4,150.375,143.75,157.1875,10,cohort (fallback),,,,,,,
SYN-010,2026-06-08,utilization,0.85473,ok,4,0.840529,0.827716,0.885073,10,cohort (fallback),False,False,False,0.0,0.831526,0.027905,no_flag
SYN-010,2026-06-08,attendance,0.950593,ok,4,0.937836,0.936392,0.940718,10,cohort (fallback),False,False,False,0.0,0.934804,0.01689,no_flag
SYN-010,2026-06-08,conversion,0.650728,ok,4,0.590782,0.569064,0.61482,10,cohort (fallback),False,False,False,0.0,0.633047,0.027929,no_flag
SYN-010,2026-06-08,on_time,0.920765,ok,4,0.928102,0.921017,0.930484,10,cohort (fallback),False,False,False,0.0,0.925457,-0.00507,no_flag
SYN-010,2026-06-08,turnaround,5.697814,ok,4,5.902725,5.680043,6.130065,10,cohort (fallback),False,False,False,0.0,5.80647,-0.018713,no_flag
SYN-010,2026-06-08,recall_rate,0.188679,ok,4,0.178697,0.177039,0.183363,10,cohort (fallback),False,False,False,0.0,0.152799,0.234822,no_flag
SYN-010,2026-06-08,exams,120.25,ok,4,149.875,144.25,158.6875,10,cohort (fallback),,,,,,,
SYN-010,2026-06-15,utilization,0.849246,ok,4,0.843312,0.830868,0.880558,10,cohort (fallback),False,False,False,0.0,0.840202,0.010765,no_flag
SYN-010,2026-06-15,attendance,0.944773,ok,4,0.939129,0.935685,0.941369,10,cohort (fallback),False,False,False,0.0,0.938939,0.006214,no_flag
SYN-010,2026-06-15,conversion,0.640919,ok,4,0.582129,0.571597,0.612506,10,cohort (fallback),False,False,False,0.0,0.637527,0.00532,no_flag
SYN-010,2026-06-15,on_time,0.913408,ok,4,0.925335,0.918842,0.933509,10,cohort (fallback),False,False,False,0.0,0.926389,-0.014013,no_flag
SYN-010,2026-06-15,turnaround,5.772905,ok,4,5.855407,5.780233,6.02574,10,cohort (fallback),False,False,False,0.0,5.756111,0.002918,no_flag
SYN-010,2026-06-15,recall_rate,0.1875,ok,4,0.183624,0.175644,0.186754,10,cohort (fallback),False,False,False,0.0,0.160584,0.167614,no_flag
SYN-010,2026-06-15,exams,119.75,ok,4,151.125,142.875,157.5625,10,cohort (fallback),,,,,,,
SYN-010,2026-06-22,utilization,0.859797,ok,4,0.839557,0.81576,0.866118,11,cohort (fallback),False,False,False,0.0,0.843252,0.01962,no_flag
SYN-010,2026-06-22,attendance,0.941061,ok,4,0.938144,0.933698,0.943993,11,cohort (fallback),False,False,False,0.0,0.940358,0.000748,no_flag
SYN-010,2026-06-22,conversion,0.643006,ok,4,0.586066,0.578751,0.611647,11,cohort (fallback),False,False,False,0.0,0.638478,0.007093,no_flag
SYN-010,2026-06-22,on_time,0.918079,ok,4,0.924198,0.922259,0.930022,11,cohort (fallback),False,False,False,0.0,0.930844,-0.013713,no_flag
SYN-010,2026-06-22,turnaround,5.501977,ok,4,5.849558,5.720819,5.921764,11,cohort (fallback),False,False,False,0.0,5.733472,-0.040376,no_flag
SYN-010,2026-06-22,recall_rate,0.187668,ok,4,0.178988,0.17713,0.185633,11,cohort (fallback),False,False,False,0.0,0.163418,0.148388,no_flag
SYN-010,2026-06-22,exams,119.75,ok,4,146.5,142.375,158.5,11,cohort (fallback),,,,,,,
SYN-010,2026-06-29,utilization,0.859829,ok,4,0.844161,0.825716,0.864211,12,cohort (fallback),False,False,False,0.0,0.84396,0.018803,no_flag
SYN-010,2026-06-29,attendance,0.940358,ok,4,0.939693,0.933689,0.945744,12,cohort (fallback),False,False,False,0.0,0.941352,-0.001056,no_flag
SYN-010,2026-06-29,conversion,0.655391,ok,4,0.590282,0.574012,0.612297,12,cohort (fallback),False,False,False,0.0,0.637804,0.027575,no_flag
SYN-010,2026-06-29,on_time,0.918079,ok,4,0.927575,0.926302,0.929187,12,cohort (fallback),False,False,False,0.0,0.929461,-0.012245,no_flag
SYN-010,2026-06-29,turnaround,5.527966,ok,4,5.955866,5.677978,6.051408,12,cohort (fallback),False,False,False,0.0,5.695297,-0.029381,no_flag
SYN-010,2026-06-29,recall_rate,0.182058,ok,4,0.179138,0.176116,0.188606,12,cohort (fallback),False,False,False,0.0,0.168675,0.079344,no_flag
SYN-010,2026-06-29,exams,118.25,ok,4,149.5,141.875,159.625,12,cohort (fallback),,,,,,,
SYN-010,2026-07-06,utilization,0.857877,ok,4,0.847497,0.834527,0.863031,12,cohort (fallback),False,False,False,0.0,0.845508,0.014629,no_flag
SYN-010,2026-07-06,attendance,0.938124,ok,4,0.938871,0.931925,0.943145,12,cohort (fallback),False,False,False,0.0,0.943396,-0.005589,no_flag
SYN-010,2026-07-06,conversion,0.659574,ok,4,0.58779,0.575881,0.613077,12,cohort (fallback),False,False,False,0.0,0.637895,0.033986,no_flag
SYN-010,2026-07-06,on_time,0.917127,ok,4,0.929429,0.921918,0.930903,12,cohort (fallback),False,False,False,0.0,0.93007,-0.013916,no_flag
SYN-010,2026-07-06,turnaround,5.717127,ok,4,5.933976,5.806336,6.059661,12,cohort (fallback),False,False,False,0.0,5.750629,-0.005826,no_flag
SYN-010,2026-07-06,recall_rate,0.179894,ok,4,0.182706,0.173135,0.184952,12,cohort (fallback),False,False,False,0.0,0.169415,0.061853,no_flag
SYN-010,2026-07-06,exams,117.5,ok,4,148.875,142.625,159.8125,12,cohort (fallback),,,,,,,
SYN-010,2026-07-13,utilization,0.857877,ok,4,0.843432,0.83544,0.861777,12,cohort (fallback),False,False,False,0.0,0.847716,0.011986,no_flag
SYN-010,2026-07-13,attendance,0.938124,ok,4,0.939581,0.934836,0.941669,12,cohort (fallback),False,False,False,0.0,0.944112,-0.006342,no_flag
SYN-010,2026-07-13,conversion,0.670213,ok,4,0.596874,0.582197,0.610356,12,cohort (fallback),False,False,False,0.0,0.642706,0.042798,no_flag
SYN-010,2026-07-13,on_time,0.921622,ok,4,0.924854,0.91568,0.934644,12,cohort (fallback),False,False,False,0.0,0.923077,-0.001577,no_flag
SYN-010,2026-07-13,turnaround,5.772432,ok,4,5.960776,5.847258,6.059658,12,cohort (fallback),False,False,False,0.0,5.774965,-0.000439,no_flag
SYN-010,2026-07-13,recall_rate,0.170868,ok,4,0.175159,0.172535,0.1865,12,cohort (fallback),False,False,False,0.0,0.174095,-0.018532,no_flag
SYN-010,2026-07-13,exams,117.5,ok,4,150.875,141.5625,160.875,12,cohort (fallback),,,,,,,
SYN-010,2026-07-20,utilization,0.837288,ok,4,0.842954,0.831438,0.85651,12,cohort (fallback),False,False,False,0.0,0.848511,-0.013226,no_flag
SYN-010,2026-07-20,attendance,0.94332,ok,4,0.938783,0.935659,0.94366,12,cohort (fallback),False,False,False,0.0,0.944835,-0.001603,no_flag
SYN-010,2026-07-20,conversion,0.669528,ok,4,0.591459,0.585239,0.608023,12,cohort (fallback),False,False,False,0.0,0.644374,0.039037,no_flag
SYN-010,2026-07-20,on_time,0.919571,ok,4,0.925353,0.918295,0.929541,12,cohort (fallback),False,False,False,0.0,0.924051,-0.004848,no_flag
SYN-010,2026-07-20,turnaround,5.885523,ok,4,6.06633,5.847028,6.123322,12,cohort (fallback),False,False,False,0.0,5.703376,0.031937,no_flag
SYN-010,2026-07-20,recall_rate,0.165289,ok,4,0.17609,0.167717,0.182617,12,cohort (fallback),False,False,False,0.0,0.181564,-0.089638,no_flag
SYN-010,2026-07-20,exams,116.5,ok,4,152.25,141.9375,158.75,12,cohort (fallback),,,,,,,
SYN-010,2026-07-27,utilization,0.839864,ok,4,0.839404,0.830798,0.85552,12,cohort (fallback),False,False,False,0.0,0.855196,-0.017928,no_flag
SYN-010,2026-07-27,attendance,0.945233,ok,4,0.942707,0.933415,0.945148,12,cohort (fallback),False,False,False,0.0,0.946215,-0.001038,no_flag
SYN-010,2026-07-27,conversion,0.665236,ok,4,0.595629,0.586077,0.607334,12,cohort (fallback),False,False,False,0.0,0.653684,0.017672,no_flag
SYN-010,2026-07-27,on_time,0.930481,ok,4,0.926362,0.920181,0.933149,12,cohort (fallback),False,False,False,0.0,0.921162,0.010117,no_flag
SYN-010,2026-07-27,turnaround,5.959358,ok,4,6.055287,5.799748,6.202319,12,cohort (fallback),False,False,False,0.0,5.690595,0.047229,no_flag
SYN-010,2026-07-27,recall_rate,0.172702,ok,4,0.173713,0.163851,0.180752,12,cohort (fallback),False,False,False,0.0,0.182209,-0.052179,no_flag
SYN-010,2026-07-27,exams,116.5,ok,4,153.875,141.3125,158.75,12,cohort (fallback),,,,,,,
SYN-010,2026-08-03,utilization,0.843003,ok,4,0.836658,0.827694,0.849103,12,cohort (fallback),False,False,False,0.0,0.856293,-0.015519,no_flag
SYN-010,2026-08-03,attendance,0.945344,ok,4,0.943434,0.938631,0.944178,12,cohort (fallback),False,False,False,0.0,0.944389,0.001011,no_flag
SYN-010,2026-08-03,conversion,0.650964,ok,4,0.595448,0.588985,0.609568,12,cohort (fallback),False,False,False,0.0,0.6551,-0.006314,no_flag
SYN-010,2026-08-03,on_time,0.936813,ok,4,0.923706,0.915733,0.929123,12,cohort (fallback),False,False,False,0.0,0.918956,0.019432,no_flag
SYN-010,2026-08-03,turnaround,6.045604,ok,4,6.073029,5.780838,6.173751,12,cohort (fallback),False,False,False,0.0,5.707418,0.059254,no_flag
SYN-010,2026-08-03,recall_rate,0.179894,ok,4,0.175567,0.170627,0.182798,12,cohort (fallback),False,False,False,0.0,0.183908,-0.021825,no_flag
SYN-010,2026-08-03,exams,116.75,ok,4,154.375,142.1875,160.9375,12,cohort (fallback),,,,,,,
SYN-010,2026-08-10,utilization,0.846939,ok,4,0.838543,0.827399,0.849896,12,cohort (fallback),False,False,False,0.0,0.853514,-0.007704,no_flag
SYN-010,2026-08-10,attendance,0.945783,ok,4,0.939814,0.936767,0.945868,12,cohort (fallback),False,False,False,0.0,0.941468,0.004583,no_flag
SYN-010,2026-08-10,conversion,0.643312,ok,4,0.592216,0.58035,0.606478,12,cohort (fallback),False,False,False,0.0,0.655427,-0.018484,no_flag
SYN-010,2026-08-10,on_time,0.935754,ok,4,0.920496,0.915699,0.927153,12,cohort (fallback),False,False,False,0.0,0.917582,0.019804,no_flag
SYN-010,2026-08-10,turnaround,6.119274,ok,4,6.019832,5.872031,6.15375,12,cohort (fallback),False,False,False,0.0,5.772665,0.060043,no_flag
SYN-010,2026-08-10,recall_rate,0.184282,ok,4,0.178196,0.171015,0.184542,12,cohort (fallback),False,False,False,0.0,0.178932,0.029898,no_flag
SYN-010,2026-08-10,exams,117.75,ok,4,152.125,142.375,160.9375,12,cohort (fallback),,,,,,,
SYN-010,2026-08-17,utilization,0.855196,ok,4,0.835427,0.824176,0.848276,13,cohort (fallback),False,False,False,0.0,0.848562,0.007818,no_flag
SYN-010,2026-08-17,attendance,0.940239,ok,4,0.942053,0.939837,0.943515,13,cohort (fallback),False,False,False,0.0,0.942173,-0.002053,no_flag
SYN-010,2026-08-17,conversion,0.644068,ok,4,0.596913,0.575549,0.60925,13,cohort (fallback),False,False,False,0.0,0.656085,-0.018316,no_flag
SYN-010,2026-08-17,on_time,0.941341,ok,4,0.920091,0.913408,0.926667,13,cohort (fallback),False,False,False,0.0,0.918845,0.024483,no_flag
SYN-010,2026-08-17,turnaround,6.119274,ok,4,6.104366,5.948894,6.229129,13,cohort (fallback),False,False,False,0.0,5.698762,0.07379,no_flag
SYN-010,2026-08-17,recall_rate,0.199468,ok,4,0.183824,0.173112,0.186047,13,cohort (fallback),False,False,False,0.0,0.17663,0.129296,no_flag
SYN-010,2026-08-17,exams,118.0,ok,4,145.75,138.0,157.0,13,cohort (fallback),,,,,,,
SYN-011,2026-02-23,utilization,,insufficient_history,1,,,,0,suppressed,False,False,False,0.0,,,unavailable
SYN-011,2026-02-23,attendance,,insufficient_history,1,,,,0,suppressed,False,False,False,0.0,,,unavailable
SYN-011,2026-02-23,conversion,,insufficient_history,1,,,,0,suppressed,False,False,False,0.0,,,unavailable
SYN-011,2026-02-23,on_time,,insufficient_history,1,,,,0,suppressed,False,False,False,0.0,,,unavailable
SYN-011,2026-02-23,turnaround,,insufficient_history,1,,,,0,suppressed,False,False,False,0.0,,,unavailable
SYN-011,2026-02-23,recall_rate,,insufficient_history,1,,,,0,suppressed,False,False,False,0.0,,,not_eligible
SYN-011,2026-02-23,exams,,insufficient_history,1,,,,0,suppressed,,,,,,,
SYN-011,2026-03-02,utilization,,insufficient_history,2,,,,0,suppressed,False,False,False,0.0,,,unavailable
SYN-011,2026-03-02,attendance,,insufficient_history,2,,,,0,suppressed,False,False,False,0.0,,,unavailable
SYN-011,2026-03-02,conversion,,insufficient_history,2,,,,0,suppressed,False,False,False,0.0,,,unavailable
SYN-011,2026-03-02,on_time,,insufficient_history,2,,,,0,suppressed,False,False,False,0.0,,,unavailable
SYN-011,2026-03-02,turnaround,,insufficient_history,2,,,,0,suppressed,False,False,False,0.0,,,unavailable
SYN-011,2026-03-02,recall_rate,,insufficient_history,2,,,,0,suppressed,False,False,False,0.0,,,not_eligible
SYN-011,2026-03-02,exams,,insufficient_history,2,,,,0,suppressed,,,,,,,
SYN-011,2026-03-09,utilization,0.680851,ok,3,0.705167,0.698923,0.719789,7,cohort x format,False,False,False,0.0,,,no_flag
SYN-011,2026-03-09,attendance,0.946429,ok,3,0.943089,0.941663,0.944552,7,cohort x format,False,False,False,0.0,,,no_flag
SYN-011,2026-03-09,conversion,0.533019,ok,3,0.511312,0.498651,0.533764,7,cohort x format,False,False,False,0.0,,,no_flag
SYN-011,2026-03-09,on_time,0.934783,ok,3,0.885417,0.73607,0.926205,7,cohort x format,False,False,False,0.0,,,no_flag
SYN-011,2026-03-09,turnaround,6.219565,ok,3,6.125,5.89126,9.683552,7,cohort x format,False,False,False,0.0,,,no_flag
SYN-011,2026-03-09,recall_rate,0.125,ok,3,,,,0,suppressed,False,False,False,0.0,,,not_eligible
SYN-011,2026-03-09,exams,70.666667,ok,3,76.0,71.5,78.166667,7,cohort x format,,,,,,,
SYN-011,2026-03-16,utilization,0.681818,ok,4,0.710084,0.702028,0.721847,7,cohort x format,False,False,False,0.0,,,no_flag
SYN-011,2026-03-16,attendance,0.943333,ok,4,0.94186,0.940819,0.944142,7,cohort x format,False,False,False,0.0,,,no_flag
SYN-011,2026-03-16,conversion,0.530035,ok,4,0.512579,0.506974,0.537428,7,cohort x format,False,False,False,0.0,,,no_flag
SYN-011,2026-03-16,on_time,0.934426,ok,4,0.885496,0.737704,0.923476,7,cohort x format,False,False,False,0.0,,,no_flag
SYN-011,2026-03-16,turnaround,6.091803,ok,4,6.01145,5.881343,9.825648,7,cohort x format,False,False,False,0.0,,,no_flag
SYN-011,2026-03-16,recall_rate,0.12963,ok,4,,,,0,suppressed,False,False,False,0.0,,,not_eligible
SYN-011,2026-03-16,exams,70.75,ok,4,75.5,71.25,79.25,7,cohort x format,,,,,,,
SYN-011,2026-03-23,utilization,0.68018,ok,4,0.81748,0.798701,0.837044,8,cohort (fallback),True,False,True,1.0,,,flag
SYN-011,2026-03-23,attendance,0.94702,ok,4,0.939199,0.934275,0.94195,8,cohort (fallback),False,False,False,0.0,,,no_flag
SYN-011,2026-03-23,conversion,0.531469,ok,4,0.583709,0.575025,0.620395,8,cohort (fallback),False,False,False,0.0,,,no_flag
SYN-011,2026-03-23,on_time,0.934783,ok,4,0.927452,0.917131,0.938877,8,cohort (fallback),False,False,False,0.0,,,no_flag
SYN-011,2026-03-23,turnaround,6.11413,ok,4,5.905934,5.79065,6.076583,8,cohort (fallback),False,False,False,0.0,,,no_flag
SYN-011,2026-03-23,recall_rate,0.142857,ok,4,0.149103,0.148335,0.150418,8,cohort (fallback),False,False,False,0.0,,,no_flag
SYN-011,2026-03-23,exams,71.5,ok,4,115.625,113.4375,119.5,8,cohort (fallback),,,,,,,
SYN-011,2026-03-30,utilization,0.680272,ok,4,0.810457,0.791734,0.828804,8,cohort (fallback),True,False,True,2.0,,,flag
SYN-011,2026-03-30,attendance,0.94,ok,4,0.937456,0.932052,0.940394,8,cohort (fallback),False,False,False,0.0,,,no_flag
SYN-011,2026-03-30,conversion,0.539007,ok,4,0.588118,0.574148,0.613085,8,cohort (fallback),False,False,False,0.0,,,no_flag
SYN-011,2026-03-30,on_time,0.923913,ok,4,0.917473,0.91426,0.933728,8,cohort (fallback),False,False,False,0.0,,,no_flag
SYN-011,2026-03-30,turnaround,5.803261,ok,4,5.943017,5.735846,6.012055,8,cohort (fallback),False,False,False,0.0,,,no_flag
SYN-011,2026-03-30,recall_rate,0.142857,ok,4,0.152376,0.146242,0.154282,8,cohort (fallback),False,False,False,0.0,,,no_flag
SYN-011,2026-03-30,exams,70.5,ok,4,114.0,111.25,118.5,8,cohort (fallback),,,,,,,
SYN-011,2026-04-06,utilization,0.689888,ok,4,0.798046,0.791862,0.829604,9,cohort (fallback),True,False,True,3.0,,,flag
SYN-011,2026-04-06,attendance,0.938111,ok,4,0.941043,0.933868,0.942688,9,cohort (fallback),False,False,False,0.0,,,no_flag
SYN-011,2026-04-06,conversion,0.527778,ok,4,0.575431,0.557652,0.611607,9,cohort (fallback),False,False,False,0.0,,,no_flag
SYN-011,2026-04-06,on_time,0.912568,ok,4,0.916149,0.911864,0.926829,9,cohort (fallback),False,False,False,0.0,,,no_flag
SYN-011,2026-04-06,turnaround,5.748087,ok,4,5.901719,5.857627,6.12163,9,cohort (fallback),False,False,False,0.0,,,no_flag
SYN-011,2026-04-06,recall_rate,0.147541,ok,4,0.147601,0.146417,0.150628,9,cohort (fallback),False,False,False,0.0,,,no_flag
SYN-011,2026-04-06,exams,72.0,ok,4,114.75,111.5,116.5,9,cohort (fallback),,,,,,,
SYN-011,2026-04-13,utilization,0.692135,ok,4,0.794347,0.779001,0.833379,10,cohort (fallback),True,False,True,4.0,,,flag
SYN-011,2026-04-13,attendance,0.941558,ok,4,0.937339,0.935436,0.940169,10,cohort (fallback),False,False,False,0.0,,,no_flag
SYN-011,2026-04-13,conversion,0.537931,ok,4,0.579083,0.557441,0.60098,10,cohort (fallback),False,False,False,0.0,,,no_flag
SYN-011,2026-04-13,on_time,0.904762,ok,4,0.918197,0.911289,0.927788,10,cohort (fallback),False,False,False,0.0,,,no_flag
SYN-011,2026-04-13,turnaround,5.746561,ok,4,5.896546,5.685966,6.313432,10,cohort (fallback),False,False,False,0.0,,,no_flag
SYN-011,2026-04-13,recall_rate,0.147541,ok,4,0.151347,0.138764,0.15365,10,cohort (fallback),False,False,False,0.0,,,no_flag
SYN-011,2026-04-13,exams,72.5,ok,4,113.5,104.5625,115.75,10,cohort (fallback),,,,,,,
SYN-011,2026-04-20,utilization,0.693002,ok,4,0.793513,0.778764,0.834231,10,cohort (fallback),True,False,True,5.0,,,flag
SYN-011,2026-04-20,attendance,0.938111,ok,4,0.938308,0.93502,0.941384,10,cohort (fallback),False,False,False,0.0,,,no_flag
SYN-011,2026-04-20,conversion,0.541667,ok,4,0.576018,0.558161,0.601306,10,cohort (fallback),False,False,False,0.0,,,no_flag
SYN-011,2026-04-20,on_time,0.911458,ok,4,0.918937,0.915751,0.92522,10,cohort (fallback),False,False,False,0.0,,,no_flag
SYN-011,2026-04-20,turnaround,5.7,ok,4,5.944567,5.674288,6.084891,10,cohort (fallback),False,False,False,0.0,,,no_flag
SYN-011,2026-04-20,recall_rate,0.15,ok,4,0.149689,0.142857,0.154572,10,cohort (fallback),False,False,False,0.0,,,no_flag
SYN-011,2026-04-20,exams,72.0,ok,4,113.625,104.1875,117.5625,10,cohort (fallback),,,,,,,
SYN-011,2026-04-27,utilization,0.698198,ok,4,0.794072,0.77792,0.845863,11,cohort (fallback),True,False,True,6.0,0.680303,0.026305,flag
SYN-011,2026-04-27,attendance,0.941935,ok,4,0.941973,0.936781,0.943549,11,cohort (fallback),False,False,False,0.0,0.942094,-0.000168,no_flag
SYN-011,2026-04-27,conversion,0.547945,ok,4,0.564327,0.552635,0.598528,11,cohort (fallback),False,False,False,0.0,0.529551,0.034736,no_flag
SYN-011,2026-04-27,on_time,0.924242,ok,4,0.924171,0.919243,0.929214,11,cohort (fallback),False,False,False,0.0,0.926199,-0.002113,no_flag
SYN-011,2026-04-27,turnaround,5.80101,ok,4,5.792331,5.725015,6.204341,11,cohort (fallback),False,False,False,0.0,5.997048,-0.032689,no_flag
SYN-011,2026-04-27,recall_rate,0.16129,ok,4,0.148276,0.139104,0.15275,11,cohort (fallback),False,False,False,0.0,0.130952,0.231672,no_flag
SYN-011,2026-04-27,exams,73.0,ok,4,114.0,95.5,119.5,11,cohort (fallback),,,,,,,
SYN-011,2026-05-04,utilization,0.7,ok,4,0.795372,0.774327,0.83749,12,cohort (fallback),True,False,True,7.0,0.686047,0.020339,flag
SYN-011,2026-05-04,attendance,0.944805,ok,4,0.941638,0.935336,0.944688,12,cohort (fallback),False,False,False,0.0,0.94162,0.003383,no_flag
SYN-011,2026-05-04,conversion,0.560137,ok,4,0.565093,0.550073,0.60089,12,cohort (fallback),False,False,False,0.0,0.53,0.056863,no_flag
SYN-011,2026-05-04,on_time,0.93,ok,4,0.924874,0.871879,0.93068,12,cohort (fallback),False,False,False,0.0,0.922118,0.008547,no_flag
SYN-011,2026-05-04,turnaround,5.904,ok,4,5.982841,5.841713,6.942051,12,cohort (fallback),False,False,False,0.0,5.950779,-0.007861,no_flag
SYN-011,2026-05-04,recall_rate,0.145161,ok,4,0.147765,0.143936,0.153549,12,cohort (fallback),False,False,False,0.0,0.138614,0.047235,no_flag
SYN-011,2026-05-04,exams,72.75,ok,4,111.125,84.9375,118.3125,12,cohort (fallback),,,,,,,
SYN-011,2026-05-11,utilization,0.710706,ok,4,0.765199,0.757143,0.76659,5,cohort x format,False,False,False,0.0,0.687006,0.034498,no_flag
SYN-011,2026-05-11,attendance,0.935897,ok,4,0.943396,0.938838,0.944598,5,cohort x format,False,False,False,0.0,0.942434,-0.006936,no_flag
SYN-011,2026-05-11,conversion,0.554795,ok,4,0.557003,0.535256,0.569364,5,cohort x format,False,False,False,0.0,0.534031,0.03888,no_flag
SYN-011,2026-05-11,on_time,0.93401,ok,4,0.911392,0.758454,0.918182,5,cohort x format,False,False,False,0.0,0.919355,0.015941,no_flag
SYN-011,2026-05-11,turnaround,6.053299,ok,4,6.078636,6.01498,9.395169,5,cohort x format,False,False,False,0.0,5.916398,0.023139,no_flag
SYN-011,2026-05-11,recall_rate,0.149254,ok,4,0.149254,0.140351,0.15,5,cohort x format,False,False,False,0.0,0.13913,0.072761,no_flag
SYN-011,2026-05-11,exams,73.0,ok,4,85.25,78.0,86.5,5,cohort x format,,,,,,,
SYN-011,2026-05-18,utilization,0.715909,ok,4,0.761603,0.757143,0.764569,5,cohort x format,False,False,False,0.0,0.686584,0.042712,no_flag
SYN-011,2026-05-18,attendance,0.939683,ok,4,0.943396,0.939024,0.944598,5,cohort x format,False,False,False,0.0,0.942529,-0.00302,no_flag
SYN-011,2026-05-18,conversion,0.564189,ok,4,0.561688,0.545741,0.57478,5,cohort x format,False,False,False,0.0,0.536585,0.051443,no_flag
SYN-011,2026-05-18,on_time,0.925,ok,4,0.915966,0.761905,0.920319,5,cohort x format,False,False,False,0.0,0.922872,0.002305,no_flag
SYN-011,2026-05-18,turnaround,5.923,ok,4,6.255605,6.178151,9.305714,5,cohort x format,False,False,False,0.0,5.90266,0.003446,no_flag
SYN-011,2026-05-18,recall_rate,0.152778,ok,4,0.15625,0.144928,0.15942,5,cohort x format,False,False,False,0.0,0.146552,0.042484,no_flag
SYN-011,2026-05-18,exams,74.0,ok,4,85.25,79.25,85.75,5,cohort x format,,,,,,,
SYN-011,2026-05-25,utilization,0.713964,ok,4,0.763305,0.748688,0.771713,6,cohort x format,False,False,False,0.0,0.689266,0.035833,no_flag
SYN-011,2026-05-25,attendance,0.933754,ok,4,0.939889,0.932867,0.94106,6,cohort x format,False,False,False,0.0,0.940984,-0.007683,no_flag
SYN-011,2026-05-25,conversion,0.567568,ok,4,0.558674,0.543658,0.570548,6,cohort x format,False,False,False,0.0,0.543554,0.044179,no_flag
SYN-011,2026-05-25,on_time,0.924623,ok,4,0.84274,0.761097,0.921724,6,cohort x format,False,False,False,0.0,0.924084,0.000584,no_flag
SYN-011,2026-05-25,turnaround,5.872864,ok,4,7.813111,6.261961,9.553597,6,cohort x format,False,False,False,0.0,5.802094,0.012197,no_flag
SYN-011,2026-05-25,recall_rate,0.136986,ok,4,0.148221,0.141701,0.158847,6,cohort x format,False,False,False,0.0,0.152542,-0.101979,no_flag
SYN-011,2026-05-25,exams,74.0,ok,4,82.375,79.75,85.1875,6,cohort x format,,,,,,,
SYN-011,2026-06-01,utilization,0.718182,ok,4,0.761963,0.750883,0.769113,6,cohort x format,False,False,False,0.0,0.694915,0.033481,no_flag
SYN-011,2026-06-01,attendance,0.93038,ok,4,0.940533,0.932535,0.94222,6,cohort x format,False,False,False,0.0,0.941463,-0.011773,no_flag
SYN-011,2026-06-01,conversion,0.568027,ok,4,0.552705,0.540724,0.573396,6,cohort x format,False,False,False,0.0,0.544041,0.044088,no_flag
SYN-011,2026-06-01,on_time,0.924623,ok,4,0.842679,0.760598,0.921811,6,cohort x format,False,False,False,0.0,0.921671,0.003203,no_flag
SYN-011,2026-06-01,turnaround,6.003518,ok,4,7.817325,6.112654,9.359262,6,cohort x format,False,False,False,0.0,5.829504,0.029851,no_flag
SYN-011,2026-06-01,recall_rate,0.141026,ok,4,0.149667,0.146033,0.158639,6,cohort x format,False,False,False,0.0,0.146341,-0.036325,no_flag
SYN-011,2026-06-01,exams,73.5,ok,4,81.75,78.8125,85.625,6,cohort x format,,,,,,,
SYN-011,2026-06-08,utilization,0.712018,ok,4,0.767487,0.756169,0.774596,6,cohort x format,False,False,False,0.0,0.701357,0.0152,no_flag
SYN-011,2026-06-08,attendance,0.936306,ok,4,0.938959,0.932075,0.941869,6,cohort x format,False,False,False,0.0,0.93871,-0.002561,no_flag
SYN-011,2026-06-08,conversion,0.57483,ok,4,0.550534,0.533592,0.5645,6,cohort x format,False,False,False,0.0,0.546392,0.052047,no_flag
SYN-011,2026-06-08,on_time,0.921182,ok,4,0.838833,0.748633,0.924674,6,cohort x format,False,False,False,0.0,0.919689,0.001624,no_flag
SYN-011,2026-06-08,turnaround,5.881281,ok,4,7.741037,6.04075,9.15224,6,cohort x format,False,False,False,0.0,5.903109,-0.003698,no_flag
SYN-011,2026-06-08,recall_rate,0.136986,ok,4,0.154396,0.142302,0.162592,6,cohort x format,True,False,True,1.0,0.148438,-0.077145,flag
SYN-011,2026-06-08,exams,73.5,ok,4,82.625,80.3125,85.3125,6,cohort x format,,,,,,,
SYN-011,2026-06-15,utilization,0.722727,ok,4,0.776657,0.760979,0.786977,6,cohort x format,False,False,False,0.0,0.704417,0.025994,no_flag
SYN-011,2026-06-15,attendance,0.933962,ok,4,0.935244,0.933816,0.938828,6,cohort x format,False,False,False,0.0,0.938907,-0.005266,no_flag
SYN-011,2026-06-15,conversion,0.572391,ok,4,0.555756,0.546774,0.566212,6,cohort x format,False,False,False,0.0,0.553082,0.034911,no_flag
SYN-011,2026-06-15,on_time,0.92233,ok,4,0.829629,0.739055,0.918602,6,cohort x format,False,False,False,0.0,0.918367,0.004315,no_flag
SYN-011,2026-06-15,turnaround,5.974272,ok,4,7.520686,5.958092,9.234976,6,cohort x format,False,False,False,0.0,5.813776,0.027606,no_flag
SYN-011,2026-06-15,recall_rate,0.133333,ok,4,0.150758,0.138246,0.159972,6,cohort x format,True,False,True,2.0,0.151515,-0.12,flag
SYN-011,2026-06-15,exams,74.25,ok,4,82.125,81.4375,86.1875,6,cohort x format,,,,,,,
SYN-011,2026-06-22,utilization,0.733781,ok,4,0.780024,0.767664,0.791148,6,cohort x format,False,False,False,0.0,0.706081,0.03923,no_flag
SYN-011,2026-06-22,attendance,0.932927,ok,4,0.938936,0.935813,0.940541,6,cohort x format,False,False,False,0.0,0.937799,-0.005195,no_flag
SYN-011,2026-06-22,conversion,0.562092,ok,4,0.565517,0.548179,0.5731,6,cohort x format,False,False,False,0.0,0.557823,0.007652,no_flag
SYN-011,2026-06-22,on_time,0.914692,ok,4,0.824357,0.727669,0.91608,6,cohort x format,False,False,False,0.0,0.924433,-0.010538,no_flag
SYN-011,2026-06-22,turnaround,5.998104,ok,4,7.290322,6.020308,9.178052,6,cohort x format,False,False,False,0.0,5.837028,0.027596,no_flag
SYN-011,2026-06-22,recall_rate,0.141176,ok,4,0.14795,0.143327,0.153175,6,cohort x format,False,False,False,0.0,0.148148,-0.047059,no_flag
SYN-011,2026-06-22,exams,76.5,ok,4,83.375,81.5625,87.625,6,cohort x format,,,,,,,
SYN-011,2026-06-29,utilization,0.736142,ok,4,0.788213,0.772404,0.799407,6,cohort x format,False,False,False,0.0,0.709091,0.038149,no_flag
SYN-011,2026-06-29,attendance,0.930723,ok,4,0.938415,0.937544,0.941184,6,cohort x format,False,False,False,0.0,0.9375,-0.007229,no_flag
SYN-011,2026-06-29,conversion,0.563107,ok,4,0.563342,0.553697,0.568925,6,cohort x format,False,False,False,0.0,0.564103,-0.001765,no_flag
SYN-011,2026-06-29,on_time,0.920188,ok,4,0.825767,0.728803,0.912498,6,cohort x format,False,False,False,0.0,0.927318,-0.007689,no_flag
SYN-011,2026-06-29,turnaround,5.978404,ok,4,7.470404,5.995736,9.232616,6,cohort x format,False,False,False,0.0,5.953634,0.00416,no_flag
SYN-011,2026-06-29,recall_rate,0.15,ok,4,0.145393,0.143254,0.150222,6,cohort x format,False,False,False,0.0,0.142857,0.05,no_flag
SYN-011,2026-06-29,exams,77.25,ok,4,84.25,82.5625,88.0,6,cohort x format,,,,,,,
SYN-011,2026-07-06,utilization,0.746637,ok,4,0.797101,0.785859,0.8,5,cohort x format,False,False,False,0.0,0.711364,0.049585,no_flag
SYN-011,2026-07-06,attendance,0.933934,ok,4,0.94026,0.936416,0.943182,5,cohort x format,False,False,False,0.0,0.936102,-0.002316,no_flag
SYN-011,2026-07-06,conversion,0.569132,ok,4,0.561728,0.549419,0.571823,5,cohort x format,False,False,False,0.0,0.564846,0.007587,no_flag
SYN-011,2026-07-06,on_time,0.934884,ok,4,0.90708,0.75814,0.910112,5,cohort x format,False,False,False,0.0,0.9275,0.007961,no_flag
SYN-011,2026-07-06,turnaround,6.026977,ok,4,6.049558,5.940239,8.867593,5,cohort x format,False,False,False,0.0,5.966,0.010221,no_flag
SYN-011,2026-07-06,recall_rate,0.155556,ok,4,0.149425,0.148148,0.157143,5,cohort x format,False,False,False,0.0,0.142857,0.088889,no_flag
SYN-011,2026-07-06,exams,77.75,ok,4,86.0,83.0,90.5,5,cohort x format,,,,,,,
SYN-011,2026-07-13,utilization,0.750567,ok,4,0.793696,0.788963,0.796302,6,cohort x format,False,False,False,0.0,0.719318,0.043442,no_flag
SYN-011,2026-07-13,attendance,0.933535,ok,4,0.940776,0.936468,0.942361,6,cohort x format,False,False,False,0.0,0.936809,-0.003495,no_flag
SYN-011,2026-07-13,conversion,0.569579,ok,4,0.557968,0.539344,0.565259,6,cohort x format,False,False,False,0.0,0.568297,0.002257,no_flag
SYN-011,2026-07-13,on_time,0.933649,ok,4,0.829002,0.739961,0.908414,6,cohort x format,False,False,False,0.0,0.923645,0.010831,no_flag
SYN-011,2026-07-13,turnaround,5.872512,ok,4,7.439875,5.97707,9.457107,6,cohort x format,False,False,False,0.0,5.949015,-0.01286,no_flag
SYN-011,2026-07-13,recall_rate,0.159574,ok,4,0.148313,0.137273,0.157578,6,cohort x format,False,False,False,0.0,0.142857,0.117021,no_flag
SYN-011,2026-07-13,exams,77.25,ok,4,86.625,82.3125,90.5625,6,cohort x format,,,,,,,
SYN-011,2026-07-20,utilization,0.750583,ok,4,0.79405,0.784739,0.801864,7,cohort x format,False,False,False,0.0,0.723906,0.036852,no_flag
SYN-011,2026-07-20,attendance,0.937888,ok,4,0.940104,0.935867,0.944132,7,cohort x format,False,False,False,0.0,0.933333,0.00488,no_flag
SYN-011,2026-07-20,conversion,0.576159,ok,4,0.561644,0.543203,0.568364,7,cohort x format,False,False,False,0.0,0.564784,0.02014,no_flag
SYN-011,2026-07-20,on_time,0.932692,ok,4,0.909871,0.760957,0.92424,7,cohort x format,False,False,False,0.0,0.919512,0.014334,no_flag
SYN-011,2026-07-20,turnaround,5.846154,ok,4,5.939113,5.866687,9.100373,7,cohort x format,False,False,False,0.0,5.937317,-0.015354,no_flag
SYN-011,2026-07-20,recall_rate,0.153846,ok,4,0.150943,0.145139,0.156471,7,cohort x format,False,False,False,0.0,0.139241,0.104895,no_flag
SYN-011,2026-07-20,exams,75.5,ok,4,82.75,81.0,90.75,7,cohort x format,,,,,,,
SYN-011,2026-07-27,utilization,0.75174,ok,4,0.798768,0.78541,0.808267,7,cohort x format,False,False,False,0.0,0.727273,0.033643,no_flag
SYN-011,2026-07-27,attendance,0.941358,ok,4,0.942559,0.935475,0.943262,7,cohort x format,False,False,False,0.0,0.930556,0.011609,no_flag
SYN-011,2026-07-27,conversion,0.567213,ok,4,0.563253,0.542797,0.5764,7,cohort x format,False,False,False,0.0,0.565506,0.003019,no_flag
SYN-011,2026-07-27,on_time,0.933014,ok,4,0.9163,0.745283,0.930502,7,cohort x format,False,False,False,0.0,0.92233,0.011584,no_flag
SYN-011,2026-07-27,turnaround,5.717703,ok,4,6.015789,5.968187,9.284006,7,cohort x format,False,False,False,0.0,5.990534,-0.045544,no_flag
SYN-011,2026-07-27,recall_rate,0.147059,ok,4,0.154639,0.153061,0.156854,7,cohort x format,False,False,False,0.0,0.14557,0.01023,no_flag
SYN-011,2026-07-27,exams,76.25,ok,4,83.25,82.333333,91.125,7,cohort x format,,,,,,,
SYN-011,2026-08-03,utilization,0.753456,ok,4,0.801354,0.788086,0.805288,7,cohort x format,False,False,False,0.0,0.729425,0.032945,no_flag
SYN-011,2026-08-03,attendance,0.93578,ok,4,0.941026,0.934884,0.94326,7,cohort x format,False,False,False,0.0,0.935085,0.000743,no_flag
SYN-011,2026-08-03,conversion,0.545752,ok,4,0.561308,0.544256,0.57407,7,cohort x format,False,False,False,0.0,0.571901,-0.045723,no_flag
SYN-011,2026-08-03,on_time,0.921569,ok,4,0.930131,0.741406,0.937811,7,cohort x format,False,False,False,0.0,0.92823,-0.007176,no_flag
SYN-011,2026-08-03,turnaround,5.662745,ok,4,6.161991,6.092932,9.259629,7,cohort x format,False,False,False,0.0,5.95622,-0.049272,no_flag
SYN-011,2026-08-03,recall_rate,0.144231,ok,4,0.151163,0.147591,0.155034,7,cohort x format,False,False,False,0.0,0.147239,-0.020433,no_flag
SYN-011,2026-08-03,exams,76.5,ok,4,83.75,81.875,91.25,7,cohort x format,,,,,,,
SYN-011,2026-08-10,utilization,0.755149,ok,4,0.8,0.785556,0.802763,7,cohort x format,False,False,False,0.0,0.736663,0.025094,no_flag
SYN-011,2026-08-10,attendance,0.936364,ok,4,0.941176,0.938714,0.945642,7,cohort x format,False,False,False,0.0,0.933744,0.002805,no_flag
SYN-011,2026-08-10,conversion,0.553398,ok,4,0.569659,0.550434,0.573604,7,cohort x format,False,False,False,0.0,0.570957,-0.030754,no_flag
SYN-011,2026-08-10,on_time,0.933333,ok,4,0.929204,0.750113,0.937121,7,cohort x format,False,False,False,0.0,0.928058,0.005685,no_flag
SYN-011,2026-08-10,turnaround,5.876667,ok,4,6.459545,6.168899,9.327867,7,cohort x format,False,False,False,0.0,5.922782,-0.007786,no_flag
SYN-011,2026-08-10,recall_rate,0.136364,ok,4,0.157143,0.151162,0.16052,7,cohort x format,True,False,True,1.0,0.147929,-0.078182,flag
SYN-011,2026-08-10,exams,77.25,ok,4,83.75,82.25,89.875,7,cohort x format,,,,,,,
SYN-011,2026-08-17,utilization,0.754545,ok,4,0.80042,0.786954,0.803419,7,cohort x format,False,False,False,0.0,0.742009,0.016895,no_flag
SYN-011,2026-08-17,attendance,0.939759,ok,4,0.938547,0.935961,0.94599,7,cohort x format,False,False,False,0.0,0.935385,0.004677,no_flag
SYN-011,2026-08-17,conversion,0.544872,ok,4,0.568452,0.549547,0.574103,7,cohort x format,False,False,False,0.0,0.569079,-0.042537,no_flag
SYN-011,2026-08-17,on_time,0.933014,ok,4,0.928571,0.748496,0.932254,7,cohort x format,False,False,False,0.0,0.923628,0.010163,no_flag
SYN-011,2026-08-17,turnaround,5.972249,ok,4,6.55991,6.174091,9.529685,7,cohort x format,False,False,False,0.0,5.922673,0.008371,no_flag
SYN-011,2026-08-17,recall_rate,0.138211,ok,4,0.150943,0.144871,0.16199,7,cohort x format,False,False,False,0.0,0.147727,-0.064415,no_flag
SYN-011,2026-08-17,exams,78.0,ok,4,84.0,82.625,88.75,7,cohort x format,,,,,,,
SYN-012,2026-02-23,utilization,,insufficient_history,1,,,,0,suppressed,False,False,False,0.0,,,unavailable
SYN-012,2026-02-23,attendance,,insufficient_history,1,,,,0,suppressed,False,False,False,0.0,,,unavailable
SYN-012,2026-02-23,conversion,,insufficient_history,1,,,,0,suppressed,False,False,False,0.0,,,unavailable
SYN-012,2026-02-23,on_time,,insufficient_history,1,,,,0,suppressed,False,False,False,0.0,,,unavailable
SYN-012,2026-02-23,turnaround,,insufficient_history,1,,,,0,suppressed,False,False,False,0.0,,,unavailable
SYN-012,2026-02-23,recall_rate,,insufficient_history,1,,,,0,suppressed,False,False,False,0.0,,,not_eligible
SYN-012,2026-02-23,exams,,insufficient_history,1,,,,0,suppressed,,,,,,,
SYN-012,2026-03-02,utilization,,insufficient_history,2,,,,0,suppressed,False,False,False,0.0,,,unavailable
SYN-012,2026-03-02,attendance,,insufficient_history,2,,,,0,suppressed,False,False,False,0.0,,,unavailable
SYN-012,2026-03-02,conversion,,insufficient_history,2,,,,0,suppressed,False,False,False,0.0,,,unavailable
SYN-012,2026-03-02,on_time,,insufficient_history,2,,,,0,suppressed,False,False,False,0.0,,,unavailable
SYN-012,2026-03-02,turnaround,,insufficient_history,2,,,,0,suppressed,False,False,False,0.0,,,unavailable
SYN-012,2026-03-02,recall_rate,,insufficient_history,2,,,,0,suppressed,False,False,False,0.0,,,unavailable
SYN-012,2026-03-02,exams,,insufficient_history,2,,,,0,suppressed,,,,,,,
SYN-012,2026-03-09,utilization,0.945755,ok,3,0.806794,0.785251,0.833878,7,cohort (fallback),False,False,False,0.0,,,no_flag
SYN-012,2026-03-09,attendance,0.837905,ok,3,0.939474,0.935292,0.941456,7,cohort (fallback),True,False,True,1.0,,,flag
SYN-012,2026-03-09,conversion,0.604167,ok,3,0.585434,0.574543,0.625564,7,cohort (fallback),False,False,False,0.0,,,no_flag
SYN-012,2026-03-09,on_time,0.925,ok,3,0.936441,0.922683,0.93863,7,cohort (fallback),False,False,False,0.0,,,no_flag
SYN-012,2026-03-09,turnaround,6.051667,ok,3,5.681667,5.596017,5.9638,7,cohort (fallback),False,False,False,0.0,,,no_flag
SYN-012,2026-03-09,recall_rate,0.141026,ok,3,0.147982,0.144958,0.153846,7,cohort (fallback),False,False,False,0.0,,,no_flag
SYN-012,2026-03-09,exams,112.0,ok,3,118.0,112.333333,118.666667,7,cohort (fallback),,,,,,,
SYN-012,2026-03-16,utilization,0.944154,ok,4,0.807018,0.787437,0.83086,7,cohort (fallback),False,False,False,0.0,,,no_flag
SYN-012,2026-03-16,attendance,0.83549,ok,4,0.940711,0.935719,0.942056,7,cohort (fallback),True,False,True,2.0,,,flag
SYN-012,2026-03-16,conversion,0.588496,ok,4,0.581933,0.570016,0.624761,7,cohort (fallback),False,False,False,0.0,,,no_flag
SYN-012,2026-03-16,on_time,0.926752,ok,4,0.931034,0.921839,0.93663,7,cohort (fallback),False,False,False,0.0,,,no_flag
SYN-012,2026-03-16,turnaround,6.086624,ok,4,5.760502,5.59164,5.96072,7,cohort (fallback),False,False,False,0.0,,,no_flag
SYN-012,2026-03-16,recall_rate,0.140187,ok,4,0.148387,0.147248,0.151536,7,cohort (fallback),False,False,False,0.0,,,no_flag
SYN-012,2026-03-16,exams,113.0,ok,4,117.25,113.25,118.75,7,cohort (fallback),,,,,,,
SYN-012,2026-03-23,utilization,0.947826,ok,4,0.809011,0.782862,0.822323,8,cohort (fallback),False,False,False,0.0,,,no_flag
SYN-012,2026-03-23,attendance,0.836697,ok,4,0.941498,0.936862,0.942965,8,cohort (fallback),True,False,True,3.0,,,flag
SYN-012,2026-03-23,conversion,0.58114,ok,4,0.582848,0.557421,0.620395,8,cohort (fallback),False,False,False,0.0,,,no_flag
SYN-012,2026-03-23,on_time,0.917197,ok,4,0.93188,0.923678,0.938877,8,cohort (fallback),False,False,False,0.0,,,no_flag
SYN-012,2026-03-23,turnaround,6.086624,ok,4,5.905934,5.79065,6.083459,8,cohort (fallback),False,False,False,0.0,,,no_flag
SYN-012,2026-03-23,recall_rate,0.147186,ok,4,0.149103,0.147253,0.150418,8,cohort (fallback),False,False,False,0.0,,,no_flag
SYN-012,2026-03-23,exams,114.0,ok,4,115.625,110.0625,119.5,8,cohort (fallback),,,,,,,
SYN-012,2026-03-30,utilization,0.93913,ok,4,0.800358,0.781869,0.814849,8,cohort (fallback),False,False,False,0.0,,,no_flag
SYN-012,2026-03-30,attendance,0.837037,ok,4,0.940019,0.934421,0.940394,8,cohort (fallback),True,False,True,4.0,,,flag
SYN-012,2026-03-30,conversion,0.579646,ok,4,0.588118,0.554556,0.613085,8,cohort (fallback),False,False,False,0.0,,,no_flag
SYN-012,2026-03-30,on_time,0.915309,ok,4,0.921458,0.914734,0.933728,8,cohort (fallback),False,False,False,0.0,,,no_flag
SYN-012,2026-03-30,turnaround,6.058632,ok,4,5.85308,5.735846,5.986485,8,cohort (fallback),False,False,False,0.0,,,no_flag
SYN-012,2026-03-30,recall_rate,0.14346,ok,4,0.152376,0.146092,0.154282,8,cohort (fallback),False,False,False,0.0,,,no_flag
SYN-012,2026-03-30,exams,113.0,ok,4,113.125,109.125,118.5,8,cohort (fallback),,,,,,,
SYN-012,2026-04-06,utilization,0.934744,ok,4,0.797735,0.770979,0.823432,9,cohort (fallback),False,False,False,0.0,,,no_flag
SYN-012,2026-04-06,attendance,0.841509,ok,4,0.941043,0.936735,0.942688,9,cohort (fallback),True,False,True,5.0,,,flag
SYN-012,2026-04-06,conversion,0.567265,ok,4,0.575431,0.553125,0.611607,9,cohort (fallback),False,False,False,0.0,,,no_flag
SYN-012,2026-04-06,on_time,0.911864,ok,4,0.916149,0.912226,0.926829,9,cohort (fallback),False,False,False,0.0,,,no_flag
SYN-012,2026-04-06,turnaround,5.857627,ok,4,5.901719,5.796894,6.12163,9,cohort (fallback),False,False,False,0.0,,,no_flag
SYN-012,2026-04-06,recall_rate,0.148649,ok,4,0.147541,0.146417,0.150628,9,cohort (fallback),False,False,False,0.0,,,no_flag
SYN-012,2026-04-06,exams,111.5,ok,4,114.75,103.75,116.5,9,cohort (fallback),,,,,,,
SYN-012,2026-04-13,utilization,0.93381,ok,4,0.790574,0.763699,0.819174,10,cohort (fallback),False,False,False,0.0,,,no_flag
SYN-012,2026-04-13,attendance,0.837165,ok,4,0.938349,0.935882,0.94135,10,cohort (fallback),True,False,True,6.0,,,flag
SYN-012,2026-04-13,conversion,0.585812,ok,4,0.56573,0.553982,0.60098,10,cohort (fallback),False,False,False,0.0,,,no_flag
SYN-012,2026-04-13,on_time,0.911184,ok,4,0.918197,0.906472,0.927788,10,cohort (fallback),False,False,False,0.0,,,no_flag
SYN-012,2026-04-13,turnaround,5.840461,ok,4,5.879769,5.670879,6.313432,10,cohort (fallback),False,False,False,0.0,,,no_flag
SYN-012,2026-04-13,recall_rate,0.162037,ok,4,0.149569,0.13858,0.152754,10,cohort (fallback),False,False,False,0.0,,,no_flag
SYN-012,2026-04-13,exams,109.25,ok,4,113.5,88.375,115.75,10,cohort (fallback),,,,,,,
SYN-012,2026-04-20,utilization,0.934783,ok,4,0.787324,0.768256,0.82413,10,cohort (fallback),False,False,False,0.0,,,no_flag
SYN-012,2026-04-20,attendance,0.829457,ok,4,0.938784,0.936671,0.941384,10,cohort (fallback),True,False,True,7.0,,,flag
SYN-012,2026-04-20,conversion,0.591121,ok,4,0.562619,0.552079,0.600748,10,cohort (fallback),False,False,False,0.0,,,no_flag
SYN-012,2026-04-20,on_time,0.917763,ok,4,0.918517,0.912434,0.92522,10,cohort (fallback),False,False,False,0.0,,,no_flag
SYN-012,2026-04-20,turnaround,5.937829,ok,4,5.843421,5.665403,6.084891,10,cohort (fallback),False,False,False,0.0,,,no_flag
SYN-012,2026-04-20,recall_rate,0.157635,ok,4,0.149689,0.142857,0.152206,10,cohort (fallback),False,False,False,0.0,,,no_flag
SYN-012,2026-04-20,exams,107.0,ok,4,113.625,90.125,117.5625,10,cohort (fallback),,,,,,,
SYN-012,2026-04-27,utilization,0.945455,ok,4,0.787267,0.762812,0.823935,11,cohort (fallback),False,False,False,0.0,0.939323,0.006527,no_flag
SYN-012,2026-04-27,attendance,0.830769,ok,4,0.941973,0.939105,0.943549,11,cohort (fallback),True,False,True,8.0,0.838509,-0.009231,flag
SYN-012,2026-04-27,conversion,0.583333,ok,4,0.563291,0.548637,0.598528,11,cohort (fallback),False,False,False,0.0,0.586667,-0.005682,no_flag
SYN-012,2026-04-27,on_time,0.927393,ok,4,0.924171,0.919243,0.928707,11,cohort (fallback),False,False,False,0.0,0.922747,0.005035,no_flag
SYN-012,2026-04-27,turnaround,5.962706,ok,4,5.792331,5.725015,6.204341,11,cohort (fallback),False,False,False,0.0,5.995708,-0.005504,no_flag
SYN-012,2026-04-27,recall_rate,0.162037,ok,4,0.148276,0.139104,0.15275,11,cohort (fallback),False,False,False,0.0,0.144172,0.123916,no_flag
SYN-012,2026-04-27,exams,108.0,ok,4,114.0,84.875,119.5,11,cohort (fallback),,,,,,,
SYN-012,2026-05-04,utilization,0.951872,ok,4,0.790706,0.756736,0.809624,12,cohort (fallback),False,False,False,0.0,0.939455,0.013217,no_flag
SYN-012,2026-05-04,attendance,0.829588,ok,4,0.943557,0.938766,0.944959,12,cohort (fallback),True,False,True,9.0,0.839957,-0.012345,flag
SYN-012,2026-05-04,conversion,0.589165,ok,4,0.560951,0.550073,0.60089,12,cohort (fallback),False,False,False,0.0,0.58312,0.010366,no_flag
SYN-012,2026-05-04,on_time,0.940439,ok,4,0.924874,0.871879,0.929423,12,cohort (fallback),False,False,False,0.0,0.917757,0.024714,no_flag
SYN-012,2026-05-04,turnaround,6.024451,ok,4,5.922615,5.841713,6.942051,12,cohort (fallback),False,False,False,0.0,5.944673,0.01342,no_flag
SYN-012,2026-05-04,recall_rate,0.167464,ok,4,0.146381,0.143936,0.149288,12,cohort (fallback),False,False,False,0.0,0.145503,0.150935,no_flag
SYN-012,2026-05-04,exams,110.75,ok,4,108.625,82.9375,118.3125,12,cohort (fallback),,,,,,,
SYN-012,2026-05-11,utilization,0.958559,ok,4,0.790952,0.765199,0.795069,13,cohort (fallback),False,False,False,0.0,0.939046,0.020779,no_flag
SYN-012,2026-05-11,attendance,0.836466,ok,4,0.943396,0.938838,0.944773,13,cohort (fallback),True,False,True,10.0,0.836312,0.000184,flag
SYN-012,2026-05-11,conversion,0.579775,ok,4,0.569364,0.554795,0.599109,13,cohort (fallback),False,False,False,0.0,0.587177,-0.012605,no_flag
SYN-012,2026-05-11,on_time,0.941748,ok,4,0.926045,0.911392,0.931174,13,cohort (fallback),False,False,False,0.0,0.919094,0.024648,no_flag
SYN-012,2026-05-11,turnaround,6.09288,ok,4,6.078636,5.977215,6.477982,13,cohort (fallback),False,False,False,0.0,5.965534,0.021347,no_flag
SYN-012,2026-05-11,recall_rate,0.149533,ok,4,0.149254,0.140351,0.15,13,cohort (fallback),False,False,False,0.0,0.151163,-0.010784,no_flag
SYN-012,2026-05-11,exams,111.25,ok,4,107.0,85.25,119.25,13,cohort (fallback),,,,,,,
SYN-012,2026-05-18,utilization,0.955437,ok,4,0.780186,0.760488,0.799242,12,cohort (fallback),False,False,False,0.0,0.941437,0.01487,no_flag
SYN-012,2026-05-18,attendance,0.839552,ok,4,0.942401,0.939518,0.94499,12,cohort (fallback),True,False,True,11.0,0.833176,0.007653,flag
SYN-012,2026-05-18,conversion,0.584444,ok,4,0.569485,0.553274,0.590413,12,cohort (fallback),False,False,False,0.0,0.585973,-0.002608,no_flag
SYN-012,2026-05-18,on_time,0.942492,ok,4,0.925162,0.877451,0.932565,12,cohort (fallback),False,False,False,0.0,0.917476,0.027266,no_flag
SYN-012,2026-05-18,turnaround,5.940895,ok,4,6.216878,5.941009,7.201429,12,cohort (fallback),False,False,False,0.0,6.01343,-0.012062,no_flag
SYN-012,2026-05-18,recall_rate,0.154867,ok,4,0.149419,0.144633,0.153646,12,cohort (fallback),False,False,False,0.0,0.152074,0.01837,no_flag
SYN-012,2026-05-18,exams,112.5,ok,4,96.625,83.75,119.4375,12,cohort (fallback),,,,,,,
SYN-012,2026-05-25,utilization,0.949911,ok,4,0.778291,0.761905,0.798574,13,cohort (fallback),False,False,False,0.0,0.942222,0.00816,no_flag
SYN-012,2026-05-25,attendance,0.839925,ok,4,0.940678,0.935268,0.94246,13,cohort (fallback),True,False,True,12.0,0.833962,0.007149,flag
SYN-012,2026-05-25,conversion,0.591928,ok,4,0.564211,0.554455,0.580925,13,cohort (fallback),False,False,False,0.0,0.581448,0.018024,no_flag
SYN-012,2026-05-25,on_time,0.942675,ok,4,0.924623,0.764977,0.937908,13,cohort (fallback),False,False,False,0.0,0.921311,0.023188,no_flag
SYN-012,2026-05-25,turnaround,5.767834,ok,4,6.315773,5.872864,9.274757,13,cohort (fallback),False,False,False,0.0,6.010984,-0.040451,no_flag
SYN-012,2026-05-25,recall_rate,0.159817,ok,4,0.146497,0.143541,0.153571,13,cohort (fallback),False,False,False,0.0,0.152318,0.049236,no_flag
SYN-012,2026-05-25,exams,111.5,ok,4,86.5,80.5,118.0,13,cohort (fallback),,,,,,,
SYN-012,2026-06-01,utilization,0.942134,ok,4,0.776224,0.759834,0.785235,13,cohort (fallback),False,False,False,0.0,0.943262,-0.001196,no_flag
SYN-012,2026-06-01,attendance,0.834933,ok,4,0.940054,0.935039,0.942623,13,cohort (fallback),True,False,True,13.0,0.835526,-0.00071,flag
SYN-012,2026-06-01,conversion,0.588506,ok,4,0.568027,0.550955,0.582609,13,cohort (fallback),False,False,False,0.0,0.578178,0.017863,no_flag
SYN-012,2026-06-01,on_time,0.944262,ok,4,0.924623,0.763547,0.938511,13,cohort (fallback),False,False,False,0.0,0.92671,0.01894,no_flag
SYN-012,2026-06-01,turnaround,5.838689,ok,4,6.239688,5.986697,9.260577,13,cohort (fallback),False,False,False,0.0,5.9443,-0.017767,no_flag
SYN-012,2026-06-01,recall_rate,0.154545,ok,4,0.145985,0.141593,0.150943,13,cohort (fallback),False,False,False,0.0,0.157773,-0.020455,no_flag
SYN-012,2026-06-01,exams,108.75,ok,4,86.25,79.75,117.5,13,cohort (fallback),,,,,,,
SYN-012,2026-06-08,utilization,0.935135,ok,4,0.776923,0.760915,0.794314,13,cohort (fallback),False,False,False,0.0,0.94614,-0.011631,no_flag
SYN-012,2026-06-08,attendance,0.834297,ok,4,0.938614,0.930788,0.942085,13,cohort (fallback),True,False,True,14.0,0.836812,-0.003006,flag
SYN-012,2026-06-08,conversion,0.588915,ok,4,0.568571,0.54878,0.584302,13,cohort (fallback),False,False,False,0.0,0.582766,0.01055,no_flag
SYN-012,2026-06-08,on_time,0.947712,ok,4,0.925311,0.754902,0.937063,13,cohort (fallback),False,False,False,0.0,0.926591,0.022795,no_flag
SYN-012,2026-06-08,turnaround,5.767974,ok,4,6.087461,5.881281,9.082488,13,cohort (fallback),False,False,False,0.0,5.9677,-0.033468,no_flag
SYN-012,2026-06-08,recall_rate,0.16129,ok,4,0.151852,0.138889,0.15625,13,cohort (fallback),False,False,False,0.0,0.155814,0.035147,no_flag
SYN-012,2026-06-08,exams,108.25,ok,4,87.5,82.0,114.75,13,cohort (fallback),,,,,,,
SYN-012,2026-06-15,utilization,0.935135,ok,4,0.78692,0.766393,0.808896,13,cohort (fallback),False,False,False,0.0,0.945193,-0.010641,no_flag
SYN-012,2026-06-15,attendance,0.83237,ok,4,0.935829,0.933962,0.939828,13,cohort (fallback),True,False,True,15.0,0.834601,-0.002673,flag
SYN-012,2026-06-15,conversion,0.578704,ok,4,0.569405,0.554878,0.588571,13,cohort (fallback),False,False,False,0.0,0.587699,-0.015306,no_flag
SYN-012,2026-06-15,on_time,0.946667,ok,4,0.92233,0.741935,0.933798,13,cohort (fallback),False,False,False,0.0,0.930308,0.017584,no_flag
SYN-012,2026-06-15,turnaround,5.777333,ok,4,6.217409,5.908257,8.823963,13,cohort (fallback),False,False,False,0.0,5.939384,-0.027284,no_flag
SYN-012,2026-06-15,recall_rate,0.151261,ok,4,0.15,0.134328,0.152727,13,cohort (fallback),False,False,False,0.0,0.156177,-0.031481,no_flag
SYN-012,2026-06-15,exams,108.0,ok,4,88.25,82.0,114.25,13,cohort (fallback),,,,,,,
SYN-012,2026-06-22,utilization,0.933573,ok,4,0.79063,0.769524,0.806038,12,cohort (fallback),False,False,False,0.0,0.947701,-0.014908,no_flag
SYN-012,2026-06-22,attendance,0.828846,ok,4,0.938936,0.932789,0.941628,12,cohort (fallback),True,False,True,16.0,0.835395,-0.007839,flag
SYN-012,2026-06-22,conversion,0.575406,ok,4,0.566636,0.557325,0.587139,12,cohort (fallback),False,False,False,0.0,0.587699,-0.020918,no_flag
SYN-012,2026-06-22,on_time,0.946488,ok,4,0.915177,0.74223,0.929244,12,cohort (fallback),False,False,False,0.0,0.93517,0.012103,no_flag
SYN-012,2026-06-22,turnaround,6.035786,ok,4,6.157219,5.963397,8.755108,12,cohort (fallback),False,False,False,0.0,5.863533,0.029377,no_flag
SYN-012,2026-06-22,recall_rate,0.141631,ok,4,0.145838,0.140498,0.153257,12,cohort (fallback),False,False,False,0.0,0.16092,-0.119865,no_flag
SYN-012,2026-06-22,exams,107.75,ok,4,89.375,82.1875,113.875,12,cohort (fallback),,,,,,,
SYN-012,2026-06-29,utilization,0.935714,ok,4,0.798398,0.777498,0.804064,12,cohort (fallback),False,False,False,0.0,0.947038,-0.011957,no_flag
SYN-012,2026-06-29,attendance,0.830153,ok,4,0.938415,0.936542,0.94043,12,cohort (fallback),True,False,True,17.0,0.832227,-0.002493,flag
SYN-012,2026-06-29,conversion,0.583908,ok,4,0.564031,0.556545,0.59322,12,cohort (fallback),False,False,False,0.0,0.588838,-0.008373,no_flag
SYN-012,2026-06-29,on_time,0.944262,ok,4,0.913649,0.735957,0.922394,12,cohort (fallback),False,False,False,0.0,0.942308,0.002074,no_flag
SYN-012,2026-06-29,turnaround,5.985246,ok,4,6.180998,5.931973,8.94901,12,cohort (fallback),False,False,False,0.0,5.933654,0.008695,no_flag
SYN-012,2026-06-29,recall_rate,0.141762,ok,4,0.148171,0.142747,0.153291,12,cohort (fallback),False,False,False,0.0,0.160839,-0.118607,no_flag
SYN-012,2026-06-29,exams,108.75,ok,4,89.75,82.6875,113.5625,12,cohort (fallback),,,,,,,
SYN-012,2026-07-06,utilization,0.939929,ok,4,0.8,0.788902,0.808287,11,cohort (fallback),False,False,False,0.0,0.946847,-0.007306,no_flag
SYN-012,2026-07-06,attendance,0.828947,ok,4,0.939453,0.936231,0.94193,11,cohort (fallback),True,False,True,18.0,0.835395,-0.007718,flag
SYN-012,2026-07-06,conversion,0.587302,ok,4,0.569132,0.553177,0.599931,11,cohort (fallback),False,False,False,0.0,0.584282,0.005167,no_flag
SYN-012,2026-07-06,on_time,0.942308,ok,4,0.910112,0.83261,0.928167,11,cohort (fallback),False,False,False,0.0,0.944715,-0.002549,no_flag
SYN-012,2026-07-06,turnaround,5.935897,ok,4,6.049558,5.948351,7.61358,11,cohort (fallback),False,False,False,0.0,5.93122,0.000789,no_flag
SYN-012,2026-07-06,recall_rate,0.140741,ok,4,0.149425,0.145905,0.156349,11,cohort (fallback),False,False,False,0.0,0.155452,-0.094638,no_flag
SYN-012,2026-07-06,exams,110.25,ok,4,91.75,84.5,113.25,11,cohort (fallback),,,,,,,
SYN-012,2026-07-13,utilization,0.936842,ok,4,0.793696,0.785802,0.799903,12,cohort (fallback),False,False,False,0.0,0.945341,-0.00899,no_flag
SYN-012,2026-07-13,attendance,0.835206,ok,4,0.937735,0.93567,0.94137,12,cohort (fallback),True,False,True,19.0,0.836019,-0.000972,flag
SYN-012,2026-07-13,conversion,0.587444,ok,4,0.564484,0.551366,0.594216,12,cohort (fallback),False,False,False,0.0,0.581633,0.009991,no_flag
SYN-012,2026-07-13,on_time,0.940063,ok,4,0.905897,0.753151,0.922068,12,cohort (fallback),False,False,False,0.0,0.944535,-0.004735,no_flag
SYN-012,2026-07-13,turnaround,6.21735,ok,4,6.130934,5.869793,8.767433,12,cohort (fallback),False,False,False,0.0,5.860848,0.060828,no_flag
SYN-012,2026-07-13,recall_rate,0.148014,ok,4,0.155777,0.144649,0.158161,12,cohort (fallback),False,False,False,0.0,0.153017,-0.032694,no_flag
SYN-012,2026-07-13,exams,111.5,ok,4,91.125,82.9375,111.3125,12,cohort (fallback),,,,,,,
SYN-012,2026-07-20,utilization,0.934859,ok,4,0.790295,0.780488,0.807851,13,cohort (fallback),False,False,False,0.0,0.941756,-0.007324,no_flag
SYN-012,2026-07-20,attendance,0.838041,ok,4,0.937888,0.936061,0.94302,13,cohort (fallback),True,False,True,20.0,0.834443,0.004312,flag
SYN-012,2026-07-20,conversion,0.588764,ok,4,0.564854,0.55287,0.59276,13,cohort (fallback),False,False,False,0.0,0.583808,0.008488,no_flag
SYN-012,2026-07-20,on_time,0.924528,ok,4,0.916418,0.764151,0.925094,13,cohort (fallback),False,False,False,0.0,0.944535,-0.021182,no_flag
SYN-012,2026-07-20,turnaround,6.095597,ok,4,5.939113,5.815021,8.82,13,cohort (fallback),False,False,False,0.0,5.898532,0.033409,no_flag
SYN-012,2026-07-20,recall_rate,0.147368,ok,4,0.150943,0.145833,0.157635,13,cohort (fallback),False,False,False,0.0,0.150442,-0.020433,no_flag
SYN-012,2026-07-20,exams,111.25,ok,4,91.25,82.0,110.5,13,cohort (fallback),,,,,,,
SYN-012,2026-07-27,utilization,0.934046,ok,4,0.798643,0.775777,0.809195,13,cohort (fallback),False,False,False,0.0,0.938904,-0.005174,no_flag
SYN-012,2026-07-27,attendance,0.837786,ok,4,0.941358,0.936128,0.943182,13,cohort (fallback),True,False,True,21.0,0.832536,0.006306,flag
SYN-012,2026-07-27,conversion,0.580866,ok,4,0.567213,0.557065,0.585746,13,cohort (fallback),False,False,False,0.0,0.586207,-0.009112,no_flag
SYN-012,2026-07-27,on_time,0.915309,ok,4,0.920489,0.75,0.932432,13,cohort (fallback),False,False,False,0.0,0.944262,-0.030662,no_flag
SYN-012,2026-07-27,turnaround,6.052769,ok,4,6.015789,5.914919,8.948673,13,cohort (fallback),False,False,False,0.0,5.911967,0.023816,no_flag
SYN-012,2026-07-27,recall_rate,0.143357,ok,4,0.153061,0.148649,0.158537,13,cohort (fallback),False,False,False,0.0,0.147609,-0.028809,no_flag
SYN-012,2026-07-27,exams,109.75,ok,4,92.0,83.0,112.25,13,cohort (fallback),,,,,,,
SYN-012,2026-08-03,utilization,0.922383,ok,4,0.797267,0.778905,0.806452,13,cohort (fallback),False,False,False,0.0,0.937556,-0.016184,no_flag
SYN-012,2026-08-03,attendance,0.843444,ok,4,0.941026,0.935091,0.943662,13,cohort (fallback),True,False,True,22.0,0.831589,0.014256,flag
SYN-012,2026-08-03,conversion,0.580046,ok,4,0.572755,0.545752,0.575385,13,cohort (fallback),False,False,False,0.0,0.588101,-0.013695,no_flag
SYN-012,2026-08-03,on_time,0.912752,ok,4,0.921569,0.744493,0.936,13,cohort (fallback),False,False,False,0.0,0.944984,-0.034109,no_flag
SYN-012,2026-08-03,turnaround,6.105705,ok,4,6.122264,6.008297,8.99823,13,cohort (fallback),False,False,False,0.0,5.852751,0.04322,no_flag
SYN-012,2026-08-03,recall_rate,0.144295,ok,4,0.151163,0.146667,0.157895,13,cohort (fallback),False,False,False,0.0,0.149897,-0.037372,no_flag
SYN-012,2026-08-03,exams,107.75,ok,4,91.75,82.5,114.5,13,cohort (fallback),,,,,,,
SYN-012,2026-08-10,utilization,0.928058,ok,4,0.794715,0.781553,0.804622,13,cohort (fallback),False,False,False,0.0,0.936,-0.008486,no_flag
SYN-012,2026-08-10,attendance,0.848837,ok,4,0.941176,0.936364,0.943503,13,cohort (fallback),False,False,False,0.0,0.833808,0.018025,no_flag
SYN-012,2026-08-10,conversion,0.575342,ok,4,0.573134,0.553398,0.582418,13,cohort (fallback),False,False,False,0.0,0.583144,-0.013378,no_flag
SYN-012,2026-08-10,on_time,0.91,ok,4,0.929664,0.756637,0.935897,13,cohort (fallback),False,False,False,0.0,0.943274,-0.035275,no_flag
SYN-012,2026-08-10,turnaround,6.055667,ok,4,6.301327,6.036471,9.238034,13,cohort (fallback),False,False,False,0.0,6.003404,0.008706,no_flag
SYN-012,2026-08-10,recall_rate,0.140221,ok,4,0.151786,0.148256,0.157143,13,cohort (fallback),False,False,False,0.0,0.149515,-0.062156,no_flag
SYN-012,2026-08-10,exams,109.5,ok,4,90.75,83.5,113.75,13,cohort (fallback),,,,,,,
SYN-012,2026-08-17,utilization,0.931532,ok,4,0.799796,0.784916,0.806092,12,cohort (fallback),False,False,False,0.0,0.934222,-0.00288,no_flag
SYN-012,2026-08-17,attendance,0.84913,ok,4,0.93933,0.937053,0.945821,12,cohort (fallback),False,False,False,0.0,0.833492,0.018762,no_flag
SYN-012,2026-08-17,conversion,0.585421,ok,4,0.56994,0.545869,0.581872,12,cohort (fallback),False,False,False,0.0,0.582192,0.005547,no_flag
SYN-012,2026-08-17,on_time,0.914191,ok,4,0.928348,0.757733,0.932578,12,cohort (fallback),False,False,False,0.0,0.93517,-0.022433,no_flag
SYN-012,2026-08-17,turnaround,6.242244,ok,4,6.218243,6.037978,9.486303,12,cohort (fallback),False,False,False,0.0,6.066613,0.028951,no_flag
SYN-012,2026-08-17,recall_rate,0.14652,ok,4,0.149546,0.141548,0.1586,12,cohort (fallback),False,False,False,0.0,0.144788,0.011966,no_flag
SYN-012,2026-08-17,exams,109.75,ok,4,88.75,83.1875,109.25,12,cohort (fallback),,,,,,,
SYN-013,2026-02-23,utilization,,insufficient_history,1,,,,0,suppressed,False,False,False,0.0,,,unavailable
SYN-013,2026-02-23,attendance,,insufficient_history,1,,,,0,suppressed,False,False,False,0.0,,,unavailable
SYN-013,2026-02-23,conversion,,insufficient_history,1,,,,0,suppressed,False,False,False,0.0,,,unavailable
SYN-013,2026-02-23,on_time,,insufficient_history,1,,,,0,suppressed,False,False,False,0.0,,,unavailable
SYN-013,2026-02-23,turnaround,,insufficient_history,1,,,,0,suppressed,False,False,False,0.0,,,unavailable
SYN-013,2026-02-23,recall_rate,,insufficient_history,1,,,,0,suppressed,False,False,False,0.0,,,unavailable
SYN-013,2026-02-23,exams,,insufficient_history,1,,,,0,suppressed,,,,,,,
SYN-013,2026-03-02,utilization,,insufficient_history,2,,,,0,suppressed,False,False,False,0.0,,,unavailable
SYN-013,2026-03-02,attendance,,insufficient_history,2,,,,0,suppressed,False,False,False,0.0,,,unavailable
SYN-013,2026-03-02,conversion,,insufficient_history,2,,,,0,suppressed,False,False,False,0.0,,,unavailable
SYN-013,2026-03-02,on_time,,insufficient_history,2,,,,0,suppressed,False,False,False,0.0,,,unavailable
SYN-013,2026-03-02,turnaround,,insufficient_history,2,,,,0,suppressed,False,False,False,0.0,,,unavailable
SYN-013,2026-03-02,recall_rate,,insufficient_history,2,,,,0,suppressed,False,False,False,0.0,,,unavailable
SYN-013,2026-03-02,exams,,insufficient_history,2,,,,0,suppressed,,,,,,,
SYN-013,2026-03-09,utilization,0.806794,ok,3,0.831111,0.785251,0.857616,7,cohort (fallback),False,False,False,0.0,,,no_flag
SYN-013,2026-03-09,attendance,0.939474,ok,3,0.936675,0.93124,0.941456,7,cohort (fallback),False,False,False,0.0,,,no_flag
SYN-013,2026-03-09,conversion,0.585434,ok,3,0.604167,0.574543,0.625564,7,cohort (fallback),False,False,False,0.0,,,no_flag
SYN-013,2026-03-09,on_time,0.943775,ok,3,0.933086,0.91864,0.93697,7,cohort (fallback),False,False,False,0.0,,,no_flag
SYN-013,2026-03-09,turnaround,5.928916,ok,3,5.681667,5.596017,6.025175,7,cohort (fallback),False,False,False,0.0,,,no_flag
SYN-013,2026-03-09,recall_rate,0.142857,ok,3,0.147982,0.144042,0.153846,7,cohort (fallback),False,False,False,0.0,,,no_flag
SYN-013,2026-03-09,exams,119.0,ok,3,116.333333,110.166667,118.166667,7,cohort (fallback),,,,,,,
SYN-013,2026-03-16,utilization,0.807018,ok,4,0.828666,0.787437,0.850694,7,cohort (fallback),False,False,False,0.0,,,no_flag
SYN-013,2026-03-16,attendance,0.940711,ok,4,0.93617,0.934568,0.942056,7,cohort (fallback),False,False,False,0.0,,,no_flag
SYN-013,2026-03-16,conversion,0.581933,ok,4,0.588496,0.570016,0.624761,7,cohort (fallback),False,False,False,0.0,,,no_flag
SYN-013,2026-03-16,on_time,0.948795,ok,4,0.929487,0.920472,0.933309,7,cohort (fallback),False,False,False,0.0,,,no_flag
SYN-013,2026-03-16,turnaround,5.996687,ok,4,5.760502,5.59164,6.005688,7,cohort (fallback),False,False,False,0.0,,,no_flag
SYN-013,2026-03-16,recall_rate,0.146497,ok,4,0.148387,0.145066,0.151536,7,cohort (fallback),False,False,False,0.0,,,no_flag
SYN-013,2026-03-16,exams,119.0,ok,4,116.5,111.5,117.875,7,cohort (fallback),,,,,,,
SYN-013,2026-03-23,utilization,0.814992,ok,4,0.811499,0.782862,0.837044,8,cohort (fallback),False,False,False,0.0,,,no_flag
SYN-013,2026-03-23,attendance,0.941292,ok,4,0.939405,0.934275,0.942965,8,cohort (fallback),False,False,False,0.0,,,no_flag
SYN-013,2026-03-23,conversion,0.586279,ok,4,0.580279,0.557421,0.620395,8,cohort (fallback),False,False,False,0.0,,,no_flag
SYN-013,2026-03-23,on_time,0.941176,ok,4,0.927452,0.917131,0.935615,8,cohort (fallback),False,False,False,0.0,,,no_flag
SYN-013,2026-03-23,turnaround,6.073235,ok,4,5.905934,5.79065,6.093501,8,cohort (fallback),False,False,False,0.0,,,no_flag
SYN-013,2026-03-23,recall_rate,0.141566,ok,4,0.149103,0.148335,0.150418,8,cohort (fallback),False,False,False,0.0,,,no_flag
SYN-013,2026-03-23,exams,120.25,ok,4,114.0,110.0625,117.75,8,cohort (fallback),,,,,,,
SYN-013,2026-03-30,utilization,0.807384,ok,4,0.803432,0.781869,0.828804,8,cohort (fallback),False,False,False,0.0,,,no_flag
SYN-013,2026-03-30,attendance,0.940358,ok,4,0.937437,0.932052,0.940155,8,cohort (fallback),False,False,False,0.0,,,no_flag
SYN-013,2026-03-30,conversion,0.591966,ok,4,0.581958,0.554556,0.613085,8,cohort (fallback),False,False,False,0.0,,,no_flag
SYN-013,2026-03-30,on_time,0.934911,ok,4,0.917473,0.91426,0.926268,8,cohort (fallback),False,False,False,0.0,,,no_flag
SYN-013,2026-03-30,turnaround,5.983136,ok,4,5.85308,5.735846,6.012055,8,cohort (fallback),False,False,False,0.0,,,no_flag
SYN-013,2026-03-30,recall_rate,0.13783,ok,4,0.152376,0.146242,0.154282,8,cohort (fallback),False,False,False,0.0,,,no_flag
SYN-013,2026-03-30,exams,118.25,ok,4,112.125,109.125,116.0625,8,cohort (fallback),,,,,,,
SYN-013,2026-04-06,utilization,0.797735,ok,4,0.798046,0.770979,0.829604,9,cohort (fallback),False,False,False,0.0,,,no_flag
SYN-013,2026-04-06,attendance,0.941176,ok,4,0.938111,0.933868,0.942688,9,cohort (fallback),False,False,False,0.0,,,no_flag
SYN-013,2026-04-06,conversion,0.575431,ok,4,0.567265,0.553125,0.611607,9,cohort (fallback),False,False,False,0.0,,,no_flag
SYN-013,2026-04-06,on_time,0.932099,ok,4,0.912568,0.911864,0.919771,9,cohort (fallback),False,False,False,0.0,,,no_flag
SYN-013,2026-04-06,turnaround,5.874074,ok,4,5.901719,5.796894,6.12163,9,cohort (fallback),False,False,False,0.0,,,no_flag
SYN-013,2026-04-06,recall_rate,0.138728,ok,4,0.147601,0.147059,0.150628,9,cohort (fallback),False,False,False,0.0,,,no_flag
SYN-013,2026-04-06,exams,116.0,ok,4,112.0,103.75,116.5,9,cohort (fallback),,,,,,,
SYN-013,2026-04-13,utilization,0.792,ok,4,0.792921,0.763699,0.833379,10,cohort (fallback),False,False,False,0.0,,,no_flag
SYN-013,2026-04-13,attendance,0.935354,ok,4,0.938349,0.935882,0.94135,10,cohort (fallback),False,False,False,0.0,,,no_flag
SYN-013,2026-04-13,conversion,0.572354,ok,4,0.572459,0.553982,0.60098,10,cohort (fallback),False,False,False,0.0,,,no_flag
SYN-013,2026-04-13,on_time,0.928571,ok,4,0.913876,0.906367,0.92414,10,cohort (fallback),False,False,False,0.0,,,no_flag
SYN-013,2026-04-13,turnaround,5.645652,ok,4,5.896546,5.761647,6.313432,10,cohort (fallback),False,False,False,0.0,,,no_flag
SYN-013,2026-04-13,recall_rate,0.135593,ok,4,0.151347,0.147725,0.15365,10,cohort (fallback),True,False,True,1.0,,,flag
SYN-013,2026-04-13,exams,115.75,ok,4,111.0,88.375,115.375,10,cohort (fallback),,,,,,,
SYN-013,2026-04-20,utilization,0.777251,ok,4,0.793513,0.76977,0.834231,10,cohort (fallback),False,False,False,0.0,,,no_flag
SYN-013,2026-04-20,attendance,0.932927,ok,4,0.938784,0.936671,0.941384,10,cohort (fallback),False,False,False,0.0,,,no_flag
SYN-013,2026-04-20,conversion,0.562092,ok,4,0.576018,0.552079,0.601306,10,cohort (fallback),False,False,False,0.0,,,no_flag
SYN-013,2026-04-20,on_time,0.935484,ok,4,0.917343,0.912434,0.921332,10,cohort (fallback),False,False,False,0.0,,,no_flag
SYN-013,2026-04-20,turnaround,5.653871,ok,4,5.944567,5.708884,6.084891,10,cohort (fallback),False,False,False,0.0,,,no_flag
SYN-013,2026-04-20,recall_rate,0.131343,ok,4,0.15,0.144487,0.154572,10,cohort (fallback),True,False,True,2.0,,,flag
SYN-013,2026-04-20,exams,114.75,ok,4,109.75,90.125,117.5625,10,cohort (fallback),,,,,,,
SYN-013,2026-04-27,utilization,0.787267,ok,4,0.794072,0.762812,0.845863,11,cohort (fallback),False,False,False,0.0,0.807487,-0.02504,no_flag
SYN-013,2026-04-27,attendance,0.934911,ok,4,0.941973,0.939105,0.943549,11,cohort (fallback),False,False,False,0.0,0.940397,-0.005834,no_flag
SYN-013,2026-04-27,conversion,0.563291,ok,4,0.564327,0.548637,0.598528,11,cohort (fallback),False,False,False,0.0,0.584507,-0.036297,no_flag
SYN-013,2026-04-27,on_time,0.934579,ok,4,0.924171,0.919243,0.926887,11,cohort (fallback),False,False,False,0.0,0.938,-0.003647,no_flag
SYN-013,2026-04-27,turnaround,5.73676,ok,4,5.80101,5.732497,6.204341,11,cohort (fallback),False,False,False,0.0,5.9706,-0.039165,no_flag
SYN-013,2026-04-27,recall_rate,0.135359,ok,4,0.151235,0.144627,0.154656,11,cohort (fallback),True,False,True,3.0,0.143451,-0.05641,flag
SYN-013,2026-04-27,exams,118.5,ok,4,108.0,84.875,119.5,11,cohort (fallback),,,,,,,
SYN-013,2026-05-04,utilization,0.788491,ok,4,0.795372,0.756736,0.83749,12,cohort (fallback),False,False,False,0.0,0.801653,-0.016418,no_flag
SYN-013,2026-05-04,attendance,0.936884,ok,4,0.943557,0.937219,0.944959,12,cohort (fallback),False,False,False,0.0,0.940435,-0.003777,no_flag
SYN-013,2026-05-04,conversion,0.568421,ok,4,0.560951,0.550073,0.60089,12,cohort (fallback),False,False,False,0.0,0.579781,-0.019593,no_flag
SYN-013,2026-05-04,on_time,0.941358,ok,4,0.924874,0.871879,0.929423,12,cohort (fallback),False,False,False,0.0,0.937173,0.004466,no_flag
SYN-013,2026-05-04,turnaround,5.874383,ok,4,5.982841,5.841713,6.942051,12,cohort (fallback),False,False,False,0.0,5.897906,-0.003988,no_flag
SYN-013,2026-05-04,recall_rate,0.142857,ok,4,0.147765,0.144295,0.153549,12,cohort (fallback),False,False,False,0.0,0.140381,0.017637,no_flag
SYN-013,2026-05-04,exams,118.75,ok,4,108.25,82.9375,117.6875,12,cohort (fallback),,,,,,,
SYN-013,2026-05-11,utilization,0.790952,ok,4,0.791958,0.765199,0.834711,13,cohort (fallback),False,False,False,0.0,0.799521,-0.010718,no_flag
SYN-013,2026-05-11,attendance,0.944773,ok,4,0.94186,0.936128,0.944598,13,cohort (fallback),False,False,False,0.0,0.938062,0.007154,no_flag
SYN-013,2026-05-11,conversion,0.569937,ok,4,0.569364,0.554795,0.599109,13,cohort (fallback),False,False,False,0.0,0.57721,-0.012599,no_flag
SYN-013,2026-05-11,on_time,0.93578,ok,4,0.926045,0.911392,0.931174,13,cohort (fallback),False,False,False,0.0,0.938838,-0.003257,no_flag
SYN-013,2026-05-11,turnaround,6.125994,ok,4,6.078636,5.977215,6.477982,13,cohort (fallback),False,False,False,0.0,5.823853,0.05188,no_flag
SYN-013,2026-05-11,recall_rate,0.138462,ok,4,0.149254,0.145907,0.15,13,cohort (fallback),False,False,False,0.0,0.140719,-0.016039,no_flag
SYN-013,2026-05-11,exams,119.75,ok,4,107.0,85.25,117.25,13,cohort (fallback),,,,,,,
SYN-013,2026-05-18,utilization,0.79375,ok,4,0.780186,0.760488,0.811236,12,cohort (fallback),False,False,False,0.0,0.796032,-0.002866,no_flag
SYN-013,2026-05-18,attendance,0.944882,ok,4,0.940703,0.938908,0.944777,12,cohort (fallback),False,False,False,0.0,0.937188,0.008209,no_flag
SYN-013,2026-05-18,conversion,0.577083,ok,4,0.569485,0.553274,0.590413,12,cohort (fallback),False,False,False,0.0,0.574468,0.004552,no_flag
SYN-013,2026-05-18,on_time,0.942943,ok,4,0.925162,0.877451,0.932565,12,cohort (fallback),False,False,False,0.0,0.938462,0.004775,no_flag
SYN-013,2026-05-18,turnaround,6.04985,ok,4,6.216878,5.936421,7.201429,12,cohort (fallback),False,False,False,0.0,5.873231,0.030072,no_flag
SYN-013,2026-05-18,recall_rate,0.150888,ok,4,0.149419,0.144633,0.155213,12,cohort (fallback),False,False,False,0.0,0.136432,0.105956,no_flag
SYN-013,2026-05-18,exams,120.0,ok,4,96.625,83.75,114.1875,12,cohort (fallback),,,,,,,
SYN-013,2026-05-25,utilization,0.781395,ok,4,0.778291,0.761905,0.802795,13,cohort (fallback),False,False,False,0.0,0.797159,-0.019774,no_flag
SYN-013,2026-05-25,attendance,0.94246,ok,4,0.940217,0.933754,0.941973,13,cohort (fallback),False,False,False,0.0,0.937624,0.005158,no_flag
SYN-013,2026-05-25,conversion,0.564211,ok,4,0.567568,0.554455,0.591928,13,cohort (fallback),False,False,False,0.0,0.577614,-0.023204,no_flag
SYN-013,2026-05-25,on_time,0.941718,ok,4,0.924623,0.764977,0.937908,13,cohort (fallback),False,False,False,0.0,0.93475,0.007455,no_flag
SYN-013,2026-05-25,turnaround,6.00184,ok,4,6.315773,5.85,9.274757,13,cohort (fallback),False,False,False,0.0,5.863126,0.023659,no_flag
SYN-013,2026-05-25,recall_rate,0.154545,ok,4,0.146497,0.143541,0.153571,13,cohort (fallback),False,False,False,0.0,0.136558,0.131723,no_flag
SYN-013,2026-05-25,exams,118.75,ok,4,86.5,80.5,111.5,13,cohort (fallback),,,,,,,
SYN-013,2026-06-01,utilization,0.777948,ok,4,0.776224,0.759834,0.794992,13,cohort (fallback),False,False,False,0.0,0.793021,-0.019008,no_flag
SYN-013,2026-06-01,attendance,0.938976,ok,4,0.940054,0.93038,0.942623,13,cohort (fallback),False,False,False,0.0,0.939,-2.5e-05,no_flag
SYN-013,2026-06-01,conversion,0.572327,ok,4,0.568027,0.550955,0.588506,13,cohort (fallback),False,False,False,0.0,0.571885,0.000773,no_flag
SYN-013,2026-06-01,on_time,0.933535,ok,4,0.924623,0.763547,0.939799,13,cohort (fallback),False,False,False,0.0,0.936728,-0.003409,no_flag
SYN-013,2026-06-01,turnaround,5.95287,ok,4,6.239688,5.986697,9.260577,13,cohort (fallback),False,False,False,0.0,5.874228,0.013388,no_flag
SYN-013,2026-06-01,recall_rate,0.159509,ok,4,0.145985,0.141593,0.150943,13,cohort (fallback),False,False,False,0.0,0.140784,0.133009,no_flag
SYN-013,2026-06-01,exams,119.25,ok,4,86.25,79.75,110.5,13,cohort (fallback),,,,,,,
SYN-013,2026-06-08,utilization,0.776923,ok,4,0.77881,0.760915,0.8,13,cohort (fallback),False,False,False,0.0,0.791469,-0.018379,no_flag
SYN-013,2026-06-08,attendance,0.938614,ok,4,0.938028,0.930091,0.942085,13,cohort (fallback),False,False,False,0.0,0.94012,-0.001602,no_flag
SYN-013,2026-06-08,conversion,0.578059,ok,4,0.568571,0.54878,0.587054,13,cohort (fallback),False,False,False,0.0,0.571125,0.012141,no_flag
SYN-013,2026-06-08,on_time,0.939394,ok,4,0.925311,0.754902,0.937063,13,cohort (fallback),False,False,False,0.0,0.932203,0.007713,no_flag
SYN-013,2026-06-08,turnaround,5.675152,ok,4,6.087461,5.881281,9.082488,13,cohort (fallback),False,False,False,0.0,5.887673,-0.036096,no_flag
SYN-013,2026-06-08,recall_rate,0.166163,ok,4,0.151852,0.138889,0.15625,13,cohort (fallback),False,False,False,0.0,0.136966,0.21317,no_flag
SYN-013,2026-06-08,exams,118.5,ok,4,87.5,82.0,112.0,13,cohort (fallback),,,,,,,
SYN-013,2026-06-15,utilization,0.780186,ok,4,0.786996,0.766393,0.809745,13,cohort (fallback),False,False,False,0.0,0.785546,-0.006824,no_flag
SYN-013,2026-06-15,attendance,0.938492,ok,4,0.935551,0.933535,0.939828,13,cohort (fallback),False,False,False,0.0,0.939,-0.000541,no_flag
SYN-013,2026-06-15,conversion,0.581395,ok,4,0.569405,0.554878,0.588571,13,cohort (fallback),False,False,False,0.0,0.569755,0.02043,no_flag
SYN-013,2026-06-15,on_time,0.927711,ok,4,0.92233,0.741935,0.936073,13,cohort (fallback),False,False,False,0.0,0.939347,-0.012387,no_flag
SYN-013,2026-06-15,turnaround,5.91506,ok,4,6.217409,5.871654,8.823963,13,cohort (fallback),False,False,False,0.0,5.858942,0.009578,no_flag
SYN-013,2026-06-15,recall_rate,0.165109,ok,4,0.15,0.134328,0.151515,13,cohort (fallback),False,False,False,0.0,0.141159,0.169667,no_flag
SYN-013,2026-06-15,exams,118.25,ok,4,88.25,82.0,112.5,13,cohort (fallback),,,,,,,
SYN-013,2026-06-22,utilization,0.801562,ok,4,0.839433,0.819644,0.853958,8,cohort x format,False,False,False,0.0,0.784329,0.021972,no_flag
SYN-013,2026-06-22,attendance,0.94347,ok,4,0.936377,0.932113,0.940412,8,cohort x format,False,False,False,0.0,0.938675,0.005108,no_flag
SYN-013,2026-06-22,conversion,0.584711,ok,4,0.590045,0.579817,0.608121,8,cohort x format,False,False,False,0.0,0.563751,0.037178,no_flag
SYN-013,2026-06-22,on_time,0.924198,ok,4,0.923252,0.921869,0.930644,8,cohort x format,False,False,False,0.0,0.938176,-0.014899,no_flag
SYN-013,2026-06-22,turnaround,5.937901,ok,4,5.835319,5.726517,5.916245,8,cohort x format,False,False,False,0.0,5.870325,0.011512,no_flag
SYN-013,2026-06-22,recall_rate,0.179245,ok,4,0.178898,0.177403,0.183726,8,cohort x format,False,False,False,0.0,0.144509,0.240377,no_flag
SYN-013,2026-06-22,exams,121.0,ok,4,149.75,142.4375,158.5,8,cohort x format,,,,,,,
SYN-013,2026-06-29,utilization,0.821151,ok,4,0.84466,0.827238,0.858086,9,cohort x format,False,False,False,0.0,0.783179,0.048484,no_flag
SYN-013,2026-06-29,attendance,0.943182,ok,4,0.936204,0.930081,0.945596,9,cohort x format,False,False,False,0.0,0.937931,0.005598,no_flag
SYN-013,2026-06-29,conversion,0.572289,ok,4,0.593151,0.574586,0.610548,9,cohort x format,False,False,False,0.0,0.570378,0.00335,no_flag
SYN-013,2026-06-29,on_time,0.927536,ok,4,0.927614,0.92619,0.928839,9,cohort x format,False,False,False,0.0,0.937405,-0.010527,no_flag
SYN-013,2026-06-29,turnaround,5.937101,ok,4,6.000451,5.682143,6.098488,9,cohort x format,False,False,False,0.0,5.914046,0.003898,no_flag
SYN-013,2026-06-29,recall_rate,0.165714,ok,4,0.180645,0.17735,0.187373,9,cohort x format,False,False,False,0.0,0.150972,0.097652,no_flag
SYN-013,2026-06-29,exams,124.5,ok,4,152.25,143.0,162.25,9,cohort x format,,,,,,,
SYN-013,2026-07-06,utilization,0.836957,ok,4,0.84903,0.827238,0.855769,9,cohort x format,False,False,False,0.0,0.783888,0.067698,no_flag
SYN-013,2026-07-06,attendance,0.942486,ok,4,0.935691,0.928354,0.942931,9,cohort x format,False,False,False,0.0,0.9417,0.000835,no_flag
SYN-013,2026-07-06,conversion,0.566929,ok,4,0.588235,0.578864,0.612308,9,cohort x format,False,False,False,0.0,0.573977,-0.012279,no_flag
SYN-013,2026-07-06,on_time,0.921512,ok,4,0.930337,0.922053,0.93125,9,cohort x format,False,False,False,0.0,0.937595,-0.017154,no_flag
SYN-013,2026-07-06,turnaround,6.129942,ok,4,5.887746,5.752983,6.05084,9,cohort x format,False,False,False,0.0,5.899543,0.039054,no_flag
SYN-013,2026-07-06,recall_rate,0.163588,ok,4,0.183158,0.175676,0.184874,9,cohort x format,True,False,True,1.0,0.152439,0.07314,flag
SYN-013,2026-07-06,exams,127.0,ok,4,152.25,144.5,160.75,9,cohort x format,,,,,,,
SYN-013,2026-07-13,utilization,0.836957,ok,4,0.846365,0.830892,0.855181,9,cohort x format,False,False,False,0.0,0.786936,0.063563,no_flag
SYN-013,2026-07-13,attendance,0.946197,ok,4,0.939103,0.933835,0.940431,9,cohort x format,False,False,False,0.0,0.9417,0.004775,no_flag
SYN-013,2026-07-13,conversion,0.57451,ok,4,0.595365,0.584759,0.609302,9,cohort x format,False,False,False,0.0,0.579224,-0.008138,no_flag
SYN-013,2026-07-13,on_time,0.915942,ok,4,0.923077,0.914894,0.938575,9,cohort x format,False,False,False,0.0,0.935338,-0.020737,no_flag
SYN-013,2026-07-13,turnaround,5.925507,ok,4,5.996044,5.856308,6.03383,9,cohort x format,False,False,False,0.0,5.982556,-0.009536,no_flag
SYN-013,2026-07-13,recall_rate,0.169811,ok,4,0.176724,0.173246,0.186788,9,cohort x format,False,False,False,0.0,0.157815,0.076016,no_flag
SYN-013,2026-07-13,exams,127.5,ok,4,155.25,144.25,161.25,9,cohort x format,,,,,,,
SYN-013,2026-07-20,utilization,0.829721,ok,4,0.841646,0.832011,0.850822,9,cohort x format,False,False,False,0.0,0.79144,0.04837,no_flag
SYN-013,2026-07-20,attendance,0.94403,ok,4,0.938722,0.936691,0.940741,9,cohort x format,False,False,False,0.0,0.94297,0.001124,no_flag
SYN-013,2026-07-20,conversion,0.579051,ok,4,0.589862,0.587302,0.603873,9,cohort x format,False,False,False,0.0,0.574557,0.007823,no_flag
SYN-013,2026-07-20,on_time,0.921739,ok,4,0.92511,0.917021,0.928747,9,cohort x format,False,False,False,0.0,0.932735,-0.011789,no_flag
SYN-013,2026-07-20,turnaround,6.057391,ok,4,6.075269,5.874255,6.106548,9,cohort x format,False,False,False,0.0,5.969058,0.014798,no_flag
SYN-013,2026-07-20,recall_rate,0.158768,ok,4,0.179551,0.174797,0.18451,9,cohort x format,True,False,True,1.0,0.166667,-0.047393,flag
SYN-013,2026-07-20,exams,126.5,ok,4,156.75,142.0,158.75,9,cohort x format,,,,,,,
SYN-013,2026-07-27,utilization,0.832812,ok,4,0.838471,0.824755,0.850444,9,cohort x format,False,False,False,0.0,0.799383,0.041819,no_flag
SYN-013,2026-07-27,attendance,0.945591,ok,4,0.941878,0.933333,0.944118,9,cohort x format,False,False,False,0.0,0.94112,0.004751,no_flag
SYN-013,2026-07-27,conversion,0.587302,ok,4,0.598214,0.582402,0.601575,9,cohort x format,False,False,False,0.0,0.572308,0.026199,no_flag
SYN-013,2026-07-27,on_time,0.907514,ok,4,0.928747,0.92389,0.931452,9,cohort x format,False,False,False,0.0,0.930473,-0.024674,no_flag
SYN-013,2026-07-27,turnaround,6.202312,ok,4,6.050321,5.853317,6.070197,9,cohort x format,False,False,False,0.0,5.944822,0.043313,no_flag
SYN-013,2026-07-27,recall_rate,0.164589,ok,4,0.178649,0.172093,0.180769,9,cohort x format,False,False,False,0.0,0.162722,0.011471,no_flag
SYN-013,2026-07-27,exams,126.0,ok,4,158.0,141.75,158.75,9,cohort x format,,,,,,,
SYN-013,2026-08-03,utilization,0.81746,ok,4,0.835366,0.828571,0.842822,9,cohort x format,False,False,False,0.0,0.806801,0.013212,no_flag
SYN-013,2026-08-03,attendance,0.939806,ok,4,0.943802,0.940837,0.944171,9,cohort x format,False,False,False,0.0,0.940613,-0.000858,no_flag
SYN-013,2026-08-03,conversion,0.582645,ok,4,0.593695,0.591099,0.604294,9,cohort x format,False,False,False,0.0,0.572301,0.018073,no_flag
SYN-013,2026-08-03,on_time,0.898507,ok,4,0.926036,0.91791,0.930328,9,cohort x format,False,False,False,0.0,0.930267,-0.03414,no_flag
SYN-013,2026-08-03,turnaround,6.187761,ok,4,6.039549,5.784486,6.146517,9,cohort x format,False,False,False,0.0,5.90727,0.047482,no_flag
SYN-013,2026-08-03,recall_rate,0.171355,ok,4,0.176471,0.17321,0.183575,9,cohort x format,False,False,False,0.0,0.164789,0.03985,no_flag
SYN-013,2026-08-03,exams,121.0,ok,4,157.0,143.75,161.5,9,cohort x format,,,,,,,
SYN-013,2026-08-10,utilization,0.822222,ok,4,0.843284,0.827943,0.843621,9,cohort x format,False,False,False,0.0,0.808527,0.016938,no_flag
SYN-013,2026-08-10,attendance,0.936293,ok,4,0.945428,0.939063,0.946299,9,cohort x format,False,False,False,0.0,0.942474,-0.006557,no_flag
SYN-013,2026-08-10,conversion,0.575258,ok,4,0.591304,0.582048,0.603744,9,cohort x format,False,False,False,0.0,0.577823,-0.00444,no_flag
SYN-013,2026-08-10,on_time,0.907738,ok,4,0.922078,0.919708,0.931751,9,cohort x format,False,False,False,0.0,0.921713,-0.015162,no_flag
SYN-013,2026-08-10,turnaround,6.160417,ok,4,5.950615,5.743777,6.139891,9,cohort x format,False,False,False,0.0,5.920384,0.040543,no_flag
SYN-013,2026-08-10,recall_rate,0.169231,ok,4,0.182018,0.177165,0.185096,9,cohort x format,False,False,False,0.0,0.167785,0.008615,no_flag
SYN-013,2026-08-10,exams,121.25,ok,4,158.25,145.5,163.0,9,cohort x format,,,,,,,
SYN-013,2026-08-17,utilization,0.824176,ok,4,0.835427,0.827329,0.848276,9,cohort x format,False,False,False,0.0,0.815708,0.010381,no_flag
SYN-013,2026-08-17,attendance,0.940952,ok,4,0.942857,0.939837,0.946377,9,cohort x format,False,False,False,0.0,0.943756,-0.002971,no_flag
SYN-013,2026-08-17,conversion,0.57085,ok,4,0.598775,0.575549,0.60925,9,cohort x format,False,False,False,0.0,0.581818,-0.018851,no_flag
SYN-013,2026-08-17,on_time,0.902077,ok,4,0.920091,0.917012,0.926667,9,cohort x format,False,False,False,0.0,0.922965,-0.022631,no_flag
SYN-013,2026-08-17,turnaround,6.079228,ok,4,6.063693,5.734932,6.229129,9,cohort x format,False,False,False,0.0,5.99782,0.013573,no_flag
SYN-013,2026-08-17,recall_rate,0.183824,ok,4,0.185484,0.180894,0.187633,9,cohort x format,False,False,False,0.0,0.167568,0.097011,no_flag
SYN-013,2026-08-17,exams,123.5,ok,4,156.75,144.5,163.25,9,cohort x format,,,,,,,
SYN-014,2026-02-23,utilization,,insufficient_history,1,,,,0,suppressed,False,False,False,0.0,,,unavailable
SYN-014,2026-02-23,attendance,,insufficient_history,1,,,,0,suppressed,False,False,False,0.0,,,unavailable
SYN-014,2026-02-23,conversion,,insufficient_history,1,,,,0,suppressed,False,False,False,0.0,,,unavailable
SYN-014,2026-02-23,on_time,,insufficient_history,1,,,,0,suppressed,False,False,False,0.0,,,unavailable
SYN-014,2026-02-23,turnaround,,insufficient_history,1,,,,0,suppressed,False,False,False,0.0,,,unavailable
SYN-014,2026-02-23,recall_rate,,not_applicable,0,,,,0,suppressed,False,False,False,0.0,,,not_eligible
SYN-014,2026-02-23,exams,,insufficient_history,1,,,,0,suppressed,,,,,,,
SYN-014,2026-03-02,utilization,,insufficient_history,2,,,,0,suppressed,False,False,False,0.0,,,unavailable
SYN-014,2026-03-02,attendance,,insufficient_history,2,,,,0,suppressed,False,False,False,0.0,,,unavailable
SYN-014,2026-03-02,conversion,,insufficient_history,2,,,,0,suppressed,False,False,False,0.0,,,unavailable
SYN-014,2026-03-02,on_time,,insufficient_history,2,,,,0,suppressed,False,False,False,0.0,,,unavailable
SYN-014,2026-03-02,turnaround,,insufficient_history,2,,,,0,suppressed,False,False,False,0.0,,,unavailable
SYN-014,2026-03-02,recall_rate,,not_applicable,0,,,,0,suppressed,False,False,False,0.0,,,not_eligible
SYN-014,2026-03-02,exams,,insufficient_history,2,,,,0,suppressed,,,,,,,
SYN-014,2026-03-09,utilization,0.569492,ok,3,0.705167,0.698923,0.719789,7,cohort x format,True,False,True,1.0,,,flag
SYN-014,2026-03-09,attendance,0.940476,ok,3,0.944223,0.942619,0.945655,7,cohort x format,False,False,False,0.0,,,no_flag
SYN-014,2026-03-09,conversion,0.487342,ok,3,0.525862,0.506711,0.537343,7,cohort x format,False,False,False,0.0,,,no_flag
SYN-014,2026-03-09,on_time,0.885417,ok,3,0.906832,0.73607,0.94018,7,cohort x format,False,False,False,0.0,,,no_flag
SYN-014,2026-03-09,turnaround,6.125,ok,3,6.219565,5.89126,9.683552,7,cohort x format,False,False,False,0.0,,,no_flag
SYN-014,2026-03-09,recall_rate,,not_applicable,0,,,,0,suppressed,False,False,False,0.0,,,not_eligible
SYN-014,2026-03-09,exams,52.666667,ok,3,76.0,72.166667,78.166667,7,cohort x format,,,,,,,
SYN-014,2026-03-16,utilization,0.575377,ok,4,0.710084,0.702028,0.721847,7,cohort x format,True,False,True,2.0,,,flag
SYN-014,2026-03-16,attendance,0.938865,ok,4,0.942177,0.941344,0.944721,7,cohort x format,False,False,False,0.0,,,no_flag
SYN-014,2026-03-16,conversion,0.483721,ok,4,0.530035,0.510556,0.537428,7,cohort x format,False,False,False,0.0,,,no_flag
SYN-014,2026-03-16,on_time,0.885496,ok,4,0.911628,0.737704,0.934875,7,cohort x format,False,False,False,0.0,,,no_flag
SYN-014,2026-03-16,turnaround,6.01145,ok,4,6.091803,5.881343,9.825648,7,cohort x format,False,False,False,0.0,,,no_flag
SYN-014,2026-03-16,recall_rate,,not_applicable,0,,,,0,suppressed,False,False,False,0.0,,,not_eligible
SYN-014,2026-03-16,exams,53.75,ok,4,75.5,72.0,79.25,7,cohort x format,,,,,,,
SYN-014,2026-03-23,utilization,0.598522,ok,4,0.724425,0.713321,0.733106,6,cohort x format,True,False,True,3.0,,,flag
SYN-014,2026-03-23,attendance,0.934156,ok,4,0.944035,0.942324,0.946061,6,cohort x format,False,False,False,0.0,,,no_flag
SYN-014,2026-03-23,conversion,0.484581,ok,4,0.530432,0.518114,0.548247,6,cohort x format,False,False,False,0.0,,,no_flag
SYN-014,2026-03-23,on_time,0.888889,ok,4,0.826658,0.731861,0.925459,6,cohort x format,False,False,False,0.0,,,no_flag
SYN-014,2026-03-23,turnaround,6.348889,ok,4,7.846145,5.938418,9.704297,6,cohort x format,False,False,False,0.0,,,no_flag
SYN-014,2026-03-23,recall_rate,,not_applicable,0,,,,0,suppressed,False,False,False,0.0,,,not_eligible
SYN-014,2026-03-23,exams,56.75,ok,4,79.5,76.375,80.1875,6,cohort x format,,,,,,,
SYN-014,2026-03-30,utilization,0.588235,ok,4,0.72809,0.707679,0.733353,7,cohort x format,True,False,True,4.0,,,flag
SYN-014,2026-03-30,attendance,0.9375,ok,4,0.94,0.938144,0.943864,7,cohort x format,False,False,False,0.0,,,no_flag
SYN-014,2026-03-30,conversion,0.484444,ok,4,0.521429,0.518163,0.546275,7,cohort x format,False,False,False,0.0,,,no_flag
SYN-014,2026-03-30,on_time,0.895522,ok,4,0.745856,0.741211,0.925824,7,cohort x format,False,False,False,0.0,,,no_flag
SYN-014,2026-03-30,turnaround,6.272388,ok,4,9.710628,6.027212,9.765424,7,cohort x format,False,False,False,0.0,,,no_flag
SYN-014,2026-03-30,recall_rate,,not_applicable,0,,,,0,suppressed,False,False,False,0.0,,,not_eligible
SYN-014,2026-03-30,exams,56.25,ok,4,79.0,73.25,81.0,7,cohort x format,,,,,,,
SYN-014,2026-04-06,utilization,0.597122,ok,4,0.728874,0.716502,0.73933,6,cohort x format,True,False,True,5.0,,,flag
SYN-014,2026-04-06,attendance,0.939759,ok,4,0.939182,0.936076,0.941377,6,cohort x format,False,False,False,0.0,,,no_flag
SYN-014,2026-04-06,conversion,0.5,ok,4,0.519066,0.509243,0.543211,6,cohort x format,False,False,False,0.0,,,no_flag
SYN-014,2026-04-06,on_time,0.909722,ok,4,0.833227,0.752859,0.923763,6,cohort x format,False,False,False,0.0,,,no_flag
SYN-014,2026-04-06,turnaround,6.347917,ok,4,8.028381,6.122235,9.678988,6,cohort x format,False,False,False,0.0,,,no_flag
SYN-014,2026-04-06,recall_rate,,insufficient_history,1,,,,0,suppressed,False,False,False,0.0,,,not_eligible
SYN-014,2026-04-06,exams,58.5,ok,4,80.5,74.0625,83.0,6,cohort x format,,,,,,,
SYN-014,2026-04-13,utilization,0.607143,ok,4,0.730769,0.711111,0.742268,5,cohort x format,True,False,True,6.0,,,flag
SYN-014,2026-04-13,attendance,0.941176,ok,4,0.938889,0.937685,0.939024,5,cohort x format,False,False,False,0.0,,,no_flag
SYN-014,2026-04-13,conversion,0.5125,ok,4,0.511628,0.507508,0.525316,5,cohort x format,False,False,False,0.0,,,no_flag
SYN-014,2026-04-13,on_time,0.919463,ok,4,0.768116,0.752632,0.910714,5,cohort x format,False,False,False,0.0,,,no_flag
SYN-014,2026-04-13,turnaround,6.379866,ok,4,9.005797,6.551786,9.97,5,cohort x format,False,False,False,0.0,,,no_flag
SYN-014,2026-04-13,recall_rate,,insufficient_history,2,,,,0,suppressed,False,False,False,0.0,,,not_eligible
SYN-014,2026-04-13,exams,60.0,ok,4,79.0,75.25,83.25,5,cohort x format,,,,,,,
SYN-014,2026-04-20,utilization,0.617371,ok,4,0.731003,0.574966,0.7404,6,cohort x format,False,False,False,0.0,,,no_flag
SYN-014,2026-04-20,attendance,0.939163,ok,4,0.937124,0.934904,0.941499,6,cohort x format,False,False,False,0.0,,,no_flag
SYN-014,2026-04-20,conversion,0.518219,ok,4,0.508622,0.424799,0.522415,6,cohort x format,False,False,False,0.0,,,no_flag
SYN-014,2026-04-20,on_time,0.922581,ok,4,0.824735,0.750858,0.905682,6,cohort x format,False,False,False,0.0,,,no_flag
SYN-014,2026-04-20,turnaround,6.451613,ok,4,7.969185,6.629507,9.799254,6,cohort x format,False,False,False,0.0,,,no_flag
SYN-014,2026-04-20,recall_rate,,suppressed,3,,,,0,suppressed,False,False,False,0.0,,,not_eligible
SYN-014,2026-04-20,exams,61.75,ok,4,78.25,49.6875,82.0625,6,cohort x format,,,,,,,
SYN-014,2026-04-27,utilization,0.64218,ok,4,0.738255,0.527778,0.751029,5,cohort x format,False,False,False,0.0,0.579901,0.107396,no_flag
SYN-014,2026-04-27,attendance,0.940959,ok,4,0.93617,0.935673,0.936364,5,cohort x format,False,False,False,0.0,0.9375,0.00369,no_flag
SYN-014,2026-04-27,conversion,0.52549,ok,4,0.521036,0.406667,0.532468,5,cohort x format,False,False,False,0.0,0.484848,0.083824,no_flag
SYN-014,2026-04-27,on_time,0.932515,ok,4,0.781095,0.74,0.881579,5,cohort x format,False,False,False,0.0,0.893939,0.043153,no_flag
SYN-014,2026-04-27,turnaround,6.247853,ok,4,9.165174,6.605263,9.9955,5,cohort x format,False,False,False,0.0,6.228788,0.003061,no_flag
SYN-014,2026-04-27,recall_rate,,suppressed,4,,,,0,suppressed,False,False,False,0.0,,,not_eligible
SYN-014,2026-04-27,exams,63.75,ok,4,77.0,40.0,77.25,5,cohort x format,,,,,,,
SYN-014,2026-05-04,utilization,0.661972,ok,4,,,,0,suppressed,False,False,False,0.0,0.585674,0.130273,no_flag_own_baseline_only
SYN-014,2026-05-04,attendance,0.946809,ok,4,,,,0,suppressed,False,False,False,0.0,0.940048,0.007192,no_flag_own_baseline_only
SYN-014,2026-05-04,conversion,0.520599,ok,4,,,,0,suppressed,False,False,False,0.0,0.494898,0.051933,no_flag_own_baseline_only
SYN-014,2026-05-04,on_time,0.94012,ok,4,,,,0,suppressed,False,False,False,0.0,0.9,0.044578,no_flag_own_baseline_only
SYN-014,2026-05-04,turnaround,6.196407,ok,4,,,,0,suppressed,False,False,False,0.0,6.25875,-0.009961,no_flag_own_baseline_only
SYN-014,2026-05-04,recall_rate,,suppressed,4,,,,0,suppressed,False,False,False,0.0,,,not_eligible
SYN-014,2026-05-04,exams,66.75,ok,4,,,,0,suppressed,,,,,,,
SYN-014,2026-05-11,utilization,0.678241,ok,4,,,,0,suppressed,False,False,False,0.0,0.591687,0.146283,no_flag_own_baseline_only
SYN-014,2026-05-11,attendance,0.952218,ok,4,,,,0,suppressed,False,False,False,0.0,0.940083,0.012909,no_flag_own_baseline_only
SYN-014,2026-05-11,conversion,0.519713,ok,4,,,,0,suppressed,False,False,False,0.0,0.498901,0.041716,no_flag_own_baseline_only
SYN-014,2026-05-11,on_time,0.942197,ok,4,,,,0,suppressed,False,False,False,0.0,0.903571,0.042747,no_flag_own_baseline_only
SYN-014,2026-05-11,turnaround,6.292486,ok,4,,,,0,suppressed,False,False,False,0.0,6.2075,0.013691,no_flag_own_baseline_only
SYN-014,2026-05-11,recall_rate,,suppressed,4,,,,0,suppressed,False,False,False,0.0,,,not_eligible
SYN-014,2026-05-11,exams,69.75,ok,4,,,,0,suppressed,,,,,,,
SYN-014,2026-05-18,utilization,0.685649,ok,4,,,,0,suppressed,False,False,False,0.0,0.608173,0.127392,no_flag_own_baseline_only
SYN-014,2026-05-18,attendance,0.953488,ok,4,,,,0,suppressed,False,False,False,0.0,0.936759,0.017859,no_flag_own_baseline_only
SYN-014,2026-05-18,conversion,0.536585,ok,4,,,,0,suppressed,False,False,False,0.0,0.50211,0.068662,no_flag_own_baseline_only
SYN-014,2026-05-18,on_time,0.941176,ok,4,,,,0,suppressed,False,False,False,0.0,0.906897,0.037799,no_flag_own_baseline_only
SYN-014,2026-05-18,turnaround,6.006417,ok,4,,,,0,suppressed,False,False,False,0.0,6.403793,-0.062053,no_flag_own_baseline_only
SYN-014,2026-05-18,recall_rate,,suppressed,4,,,,0,suppressed,False,False,False,0.0,,,not_eligible
SYN-014,2026-05-18,exams,71.75,ok,4,,,,0,suppressed,,,,,,,
SYN-014,2026-05-25,utilization,0.694878,ok,4,,,,0,suppressed,False,False,False,0.0,0.615663,0.128666,no_flag_own_baseline_only
SYN-014,2026-05-25,attendance,0.955128,ok,4,,,,0,suppressed,False,False,False,0.0,0.939335,0.016814,no_flag_own_baseline_only
SYN-014,2026-05-25,conversion,0.540268,ok,4,,,,0,suppressed,False,False,False,0.0,0.50625,0.067197,no_flag_own_baseline_only
SYN-014,2026-05-25,on_time,0.932642,ok,4,,,,0,suppressed,False,False,False,0.0,0.915825,0.018363,no_flag_own_baseline_only
SYN-014,2026-05-25,turnaround,5.945078,ok,4,,,,0,suppressed,False,False,False,0.0,6.258923,-0.050144,no_flag_own_baseline_only
SYN-014,2026-05-25,recall_rate,,suppressed,4,,,,0,suppressed,False,False,False,0.0,,,not_eligible
SYN-014,2026-05-25,exams,74.5,ok,4,,,,0,suppressed,,,,,,,
SYN-014,2026-06-01,utilization,0.690949,ok,4,,,,0,suppressed,False,False,False,0.0,0.629893,0.096931,no_flag_own_baseline_only
SYN-014,2026-06-01,attendance,0.948882,ok,4,,,,0,suppressed,False,False,False,0.0,0.943503,0.005701,no_flag_own_baseline_only
SYN-014,2026-06-01,conversion,0.542088,ok,4,,,,0,suppressed,False,False,False,0.0,0.510978,0.060882,no_flag_own_baseline_only
SYN-014,2026-06-01,on_time,0.92228,ok,4,,,,0,suppressed,False,False,False,0.0,0.926045,-0.004066,no_flag_own_baseline_only
SYN-014,2026-06-01,turnaround,5.897409,ok,4,,,,0,suppressed,False,False,False,0.0,6.266559,-0.058908,no_flag_own_baseline_only
SYN-014,2026-06-01,recall_rate,,suppressed,4,,,,0,suppressed,False,False,False,0.0,,,not_eligible
SYN-014,2026-06-01,exams,74.25,ok,4,,,,0,suppressed,,,,,,,
SYN-014,2026-06-08,utilization,0.692308,ok,4,,,,0,suppressed,False,False,False,0.0,0.643192,0.076362,no_flag_own_baseline_only
SYN-014,2026-06-08,attendance,0.946032,ok,4,,,,0,suppressed,False,False,False,0.0,0.94708,-0.001107,no_flag_own_baseline_only
SYN-014,2026-06-08,conversion,0.543624,ok,4,,,,0,suppressed,False,False,False,0.0,0.516378,0.052765,no_flag_own_baseline_only
SYN-014,2026-06-08,on_time,0.913265,ok,4,,,,0,suppressed,False,False,False,0.0,0.931677,-0.019762,no_flag_own_baseline_only
SYN-014,2026-06-08,turnaround,5.803571,ok,4,,,,0,suppressed,False,False,False,0.0,6.332919,-0.083587,no_flag_own_baseline_only
SYN-014,2026-06-08,recall_rate,0.106383,ok,4,,,,0,suppressed,False,False,False,0.0,0.121951,,not_eligible
SYN-014,2026-06-08,exams,74.5,ok,4,,,,0,suppressed,,,,,,,
SYN-014,2026-06-15,utilization,0.701754,ok,4,,,,0,suppressed,False,False,False,0.0,0.652023,0.076272,no_flag_own_baseline_only
SYN-014,2026-06-15,attendance,0.94375,ok,4,,,,0,suppressed,False,False,False,0.0,0.946809,-0.00323,no_flag_own_baseline_only
SYN-014,2026-06-15,conversion,0.533113,ok,4,,,,0,suppressed,False,False,False,0.0,0.52809,0.009511,no_flag_own_baseline_only
SYN-014,2026-06-15,on_time,0.90625,ok,4,,,,0,suppressed,False,False,False,0.0,0.932749,-0.028409,no_flag_own_baseline_only
SYN-014,2026-06-15,turnaround,6.009896,ok,4,,,,0,suppressed,False,False,False,0.0,6.208187,-0.03194,no_flag_own_baseline_only
SYN-014,2026-06-15,recall_rate,0.104167,ok,4,,,,0,suppressed,False,False,False,0.0,0.115385,,not_eligible
SYN-014,2026-06-15,exams,75.5,ok,4,,,,0,suppressed,,,,,,,
SYN-014,2026-06-22,utilization,0.715517,ok,4,,,,0,suppressed,False,False,False,0.0,0.669346,0.06898,no_flag_own_baseline_only
SYN-014,2026-06-22,attendance,0.939759,ok,4,,,,0,suppressed,False,False,False,0.0,0.948542,-0.009259,no_flag_own_baseline_only
SYN-014,2026-06-22,conversion,0.538462,ok,4,,,,0,suppressed,False,False,False,0.0,0.533454,0.009387,no_flag_own_baseline_only
SYN-014,2026-06-22,on_time,0.910448,ok,4,,,,0,suppressed,False,False,False,0.0,0.932584,-0.023737,no_flag_own_baseline_only
SYN-014,2026-06-22,turnaround,6.121891,ok,4,,,,0,suppressed,False,False,False,0.0,6.083708,0.006276,no_flag_own_baseline_only
SYN-014,2026-06-22,recall_rate,0.1,ok,4,,,,0,suppressed,False,False,False,0.0,0.112903,,not_eligible
SYN-014,2026-06-22,exams,78.0,ok,4,,,,0,suppressed,,,,,,,
SYN-014,2026-06-29,utilization,0.721868,ok,4,,,,0,suppressed,False,False,False,0.0,0.676906,0.066424,no_flag_own_baseline_only
SYN-014,2026-06-29,attendance,0.938235,ok,4,,,,0,suppressed,False,False,False,0.0,0.947899,-0.010195,no_flag_own_baseline_only
SYN-014,2026-06-29,conversion,0.554859,ok,4,,,,0,suppressed,False,False,False,0.0,0.531915,0.043135,no_flag_own_baseline_only
SYN-014,2026-06-29,on_time,0.915493,ok,4,,,,0,suppressed,False,False,False,0.0,0.930556,-0.016187,no_flag_own_baseline_only
SYN-014,2026-06-29,turnaround,6.033333,ok,4,,,,0,suppressed,False,False,False,0.0,6.036111,-0.00046,no_flag_own_baseline_only
SYN-014,2026-06-29,recall_rate,0.12,ok,4,,,,0,suppressed,False,False,False,0.0,0.115942,,not_eligible
SYN-014,2026-06-29,exams,79.75,ok,4,,,,0,suppressed,,,,,,,
SYN-014,2026-07-06,utilization,0.729787,ok,4,,,,0,suppressed,False,False,False,0.0,0.685457,0.064673,no_flag_own_baseline_only
SYN-014,2026-07-06,attendance,0.93586,ok,4,,,,0,suppressed,False,False,False,0.0,0.949013,-0.01386,no_flag_own_baseline_only
SYN-014,2026-07-06,conversion,0.560748,ok,4,,,,0,suppressed,False,False,False,0.0,0.532062,0.053913,no_flag_own_baseline_only
SYN-014,2026-07-06,on_time,0.912037,ok,4,,,,0,suppressed,False,False,False,0.0,0.926829,-0.01596,no_flag_own_baseline_only
SYN-014,2026-07-06,turnaround,5.887037,ok,4,,,,0,suppressed,False,False,False,0.0,6.032791,-0.02416,no_flag_own_baseline_only
SYN-014,2026-07-06,recall_rate,0.104167,ok,4,,,,0,suppressed,False,False,False,0.0,0.118421,,not_eligible
SYN-014,2026-07-06,exams,80.25,ok,4,,,,0,suppressed,,,,,,,
SYN-014,2026-07-13,utilization,0.737179,ok,4,,,,0,suppressed,False,False,False,0.0,0.693855,0.062441,no_flag_own_baseline_only
SYN-014,2026-07-13,attendance,0.936232,ok,4,,,,0,suppressed,False,False,False,0.0,0.94847,-0.012903,no_flag_own_baseline_only
SYN-014,2026-07-13,conversion,0.569659,ok,4,,,,0,suppressed,False,False,False,0.0,0.534805,0.065173,no_flag_own_baseline_only
SYN-014,2026-07-13,on_time,0.923077,ok,4,,,,0,suppressed,False,False,False,0.0,0.923483,-0.00044,no_flag_own_baseline_only
SYN-014,2026-07-13,turnaround,5.606787,ok,4,,,,0,suppressed,False,False,False,0.0,6.008179,-0.066808,no_flag_own_baseline_only
SYN-014,2026-07-13,recall_rate,0.111111,ok,4,,,,0,suppressed,False,False,False,0.0,0.108434,,not_eligible
SYN-014,2026-07-13,exams,80.75,ok,4,,,,0,suppressed,,,,,,,
SYN-014,2026-07-20,utilization,0.735484,ok,4,0.79405,0.784739,0.801864,7,cohort x format,False,False,False,0.0,0.705367,0.042697,no_flag
SYN-014,2026-07-20,attendance,0.935673,ok,4,0.940104,0.936975,0.944132,7,cohort x format,False,False,False,0.0,0.947205,-0.012175,no_flag
SYN-014,2026-07-20,conversion,0.571875,ok,4,0.561644,0.543203,0.570506,7,cohort x format,False,False,False,0.0,0.539344,0.060315,no_flag
SYN-014,2026-07-20,on_time,0.927602,ok,4,0.909871,0.760957,0.92424,7,cohort x format,False,False,False,0.0,0.92132,0.006818,no_flag
SYN-014,2026-07-20,turnaround,5.632127,ok,4,5.939113,5.882253,9.100373,7,cohort x format,False,False,False,0.0,6.035279,-0.066799,no_flag
SYN-014,2026-07-20,recall_rate,0.126984,ok,4,0.152941,0.148388,0.156923,7,cohort x format,True,False,True,1.0,0.101124,0.255732,flag
SYN-014,2026-07-20,exams,80.0,ok,4,82.75,80.833333,90.75,7,cohort x format,,,,,,,
SYN-014,2026-07-27,utilization,0.749455,ok,4,0.798768,0.78541,0.808267,7,cohort x format,False,False,False,0.0,0.70671,0.060485,no_flag
SYN-014,2026-07-27,attendance,0.93314,ok,4,0.942559,0.939584,0.943262,7,cohort x format,False,False,False,0.0,0.943338,-0.010811,no_flag
SYN-014,2026-07-27,conversion,0.573209,ok,4,0.563253,0.542797,0.573402,7,cohort x format,False,False,False,0.0,0.548701,0.044664,no_flag
SYN-014,2026-07-27,on_time,0.932432,ok,4,0.9163,0.745283,0.930793,7,cohort x format,False,False,False,0.0,0.918719,0.014926,no_flag
SYN-014,2026-07-27,turnaround,5.951351,ok,4,6.015789,5.949971,9.284006,7,cohort x format,False,False,False,0.0,5.968719,-0.00291,no_flag
SYN-014,2026-07-27,recall_rate,0.130435,ok,4,0.154639,0.153061,0.156854,7,cohort x format,True,False,True,2.0,0.10989,0.186957,flag
SYN-014,2026-07-27,exams,80.25,ok,4,83.25,82.333333,91.125,7,cohort x format,,,,,,,
SYN-014,2026-08-03,utilization,0.7593,ok,4,0.801354,0.788086,0.805288,7,cohort x format,False,False,False,0.0,0.711351,0.067405,no_flag
SYN-014,2026-08-03,attendance,0.930836,ok,4,0.941026,0.937356,0.94326,7,cohort x format,False,False,False,0.0,0.940729,-0.010517,no_flag
SYN-014,2026-08-03,conversion,0.572755,ok,4,0.558209,0.538027,0.568346,7,cohort x format,False,False,False,0.0,0.552504,0.036654,no_flag
SYN-014,2026-08-03,on_time,0.941176,ok,4,0.921569,0.741406,0.933066,7,cohort x format,False,False,False,0.0,0.912621,0.031289,no_flag
SYN-014,2026-08-03,turnaround,6.161991,ok,4,6.122264,6.035948,9.259629,7,cohort x format,False,False,False,0.0,5.84733,0.053813,no_flag
SYN-014,2026-08-03,recall_rate,0.146667,ok,4,0.151163,0.146373,0.155034,7,cohort x format,False,False,False,0.0,0.105263,0.393333,no_flag
SYN-014,2026-08-03,exams,80.75,ok,4,83.75,81.875,91.25,7,cohort x format,,,,,,,
SYN-014,2026-08-10,utilization,0.755991,ok,4,0.8,0.785556,0.802763,7,cohort x format,False,False,False,0.0,0.719697,0.05043,no_flag
SYN-014,2026-08-10,attendance,0.930836,ok,4,0.941176,0.938714,0.945642,7,cohort x format,False,False,False,0.0,0.93985,-0.009591,no_flag
SYN-014,2026-08-10,conversion,0.569659,ok,4,0.567935,0.543166,0.573604,7,cohort x format,False,False,False,0.0,0.552,0.031992,no_flag
SYN-014,2026-08-10,on_time,0.940909,ok,4,0.929204,0.750113,0.933333,7,cohort x format,False,False,False,0.0,0.915254,0.02803,no_flag
SYN-014,2026-08-10,turnaround,6.459545,ok,4,6.301327,5.983786,9.327867,7,cohort x format,False,False,False,0.0,5.794189,0.114832,no_flag
SYN-014,2026-08-10,recall_rate,0.157143,ok,4,0.151786,0.147434,0.16052,7,cohort x format,False,False,False,0.0,0.107843,0.457143,no_flag
SYN-014,2026-08-10,exams,80.75,ok,4,83.75,82.25,89.875,7,cohort x format,,,,,,,
SYN-014,2026-08-17,utilization,0.76087,ok,4,0.80042,0.786954,0.803419,7,cohort x format,False,False,False,0.0,0.725511,0.048736,no_flag
SYN-014,2026-08-17,attendance,0.931429,ok,4,0.939759,0.938186,0.94599,7,cohort x format,False,False,False,0.0,0.937685,-0.006673,no_flag
SYN-014,2026-08-17,conversion,0.57362,ok,4,0.567485,0.53824,0.571519,7,cohort x format,False,False,False,0.0,0.55538,0.032842,no_flag
SYN-014,2026-08-17,on_time,0.932432,ok,4,0.928571,0.748496,0.932545,7,cohort x format,False,False,False,0.0,0.919431,0.01414,no_flag
SYN-014,2026-08-17,turnaround,6.55991,ok,4,6.197736,6.079985,9.529685,7,cohort x format,False,False,False,0.0,5.865403,0.118407,no_flag
SYN-014,2026-08-17,recall_rate,0.166667,ok,4,0.148148,0.141504,0.155829,7,cohort x format,False,False,False,0.0,0.115044,0.448718,no_flag
SYN-014,2026-08-17,exams,81.5,ok,4,84.0,82.625,88.75,7,cohort x format,,,,,,,
SYN-015,2026-02-23,utilization,,insufficient_history,1,,,,0,suppressed,False,False,False,0.0,,,unavailable
SYN-015,2026-02-23,attendance,,insufficient_history,1,,,,0,suppressed,False,False,False,0.0,,,unavailable
SYN-015,2026-02-23,conversion,,insufficient_history,1,,,,0,suppressed,False,False,False,0.0,,,unavailable
SYN-015,2026-02-23,on_time,,insufficient_history,1,,,,0,suppressed,False,False,False,0.0,,,unavailable
SYN-015,2026-02-23,turnaround,,insufficient_history,1,,,,0,suppressed,False,False,False,0.0,,,unavailable
SYN-015,2026-02-23,recall_rate,,insufficient_history,1,,,,0,suppressed,False,False,False,0.0,,,unavailable
SYN-015,2026-02-23,exams,,insufficient_history,1,,,,0,suppressed,,,,,,,
SYN-015,2026-03-02,utilization,,insufficient_history,2,,,,0,suppressed,False,False,False,0.0,,,unavailable
SYN-015,2026-03-02,attendance,,insufficient_history,2,,,,0,suppressed,False,False,False,0.0,,,unavailable
SYN-015,2026-03-02,conversion,,insufficient_history,2,,,,0,suppressed,False,False,False,0.0,,,unavailable
SYN-015,2026-03-02,on_time,,insufficient_history,2,,,,0,suppressed,False,False,False,0.0,,,unavailable
SYN-015,2026-03-02,turnaround,,insufficient_history,2,,,,0,suppressed,False,False,False,0.0,,,unavailable
SYN-015,2026-03-02,recall_rate,,insufficient_history,2,,,,0,suppressed,False,False,False,0.0,,,unavailable
SYN-015,2026-03-02,exams,,insufficient_history,2,,,,0,suppressed,,,,,,,
SYN-015,2026-03-09,utilization,0.870769,ok,3,0.833331,0.814197,0.854029,8,cohort x format,False,False,False,0.0,,,no_flag
SYN-015,2026-03-09,attendance,0.925795,ok,3,0.940358,0.936262,0.944267,8,cohort x format,False,False,False,0.0,,,no_flag
SYN-015,2026-03-09,conversion,0.566794,ok,3,0.604762,0.596341,0.627534,8,cohort x format,False,False,False,0.0,,,no_flag
SYN-015,2026-03-09,on_time,0.954545,ok,3,0.915821,0.914324,0.920474,8,cohort x format,False,False,False,0.0,,,no_flag
SYN-015,2026-03-09,turnaround,6.595455,ok,3,5.870089,5.796721,6.173259,8,cohort x format,True,False,True,1.0,,,flag
SYN-015,2026-03-09,recall_rate,0.181122,ok,3,0.180131,0.166988,0.184431,8,cohort x format,False,False,False,0.0,,,no_flag
SYN-015,2026-03-09,exams,174.666667,ok,3,150.0,146.0,154.833333,8,cohort x format,,,,,,,
SYN-015,2026-03-16,utilization,0.873288,ok,4,0.834579,0.821353,0.854479,8,cohort x format,False,False,False,0.0,,,no_flag
SYN-015,2026-03-16,attendance,0.932026,ok,4,0.940979,0.935032,0.944022,8,cohort x format,False,False,False,0.0,,,no_flag
SYN-015,2026-03-16,conversion,0.569425,ok,4,0.60212,0.592994,0.629764,8,cohort x format,False,False,False,0.0,,,no_flag
SYN-015,2026-03-16,on_time,0.939834,ok,4,0.921762,0.913312,0.925228,8,cohort x format,False,False,False,0.0,,,no_flag
SYN-015,2026-03-16,turnaround,6.461826,ok,4,5.868516,5.758015,6.11499,8,cohort x format,True,False,True,2.0,,,flag
SYN-015,2026-03-16,recall_rate,0.184701,ok,4,0.181108,0.171815,0.184593,8,cohort x format,False,False,False,0.0,,,no_flag
SYN-015,2026-03-16,exams,178.25,ok,4,151.25,147.25,156.5,8,cohort x format,,,,,,,
SYN-015,2026-03-23,utilization,0.870413,ok,4,0.83416,0.825068,0.851827,8,cohort x format,False,False,False,0.0,,,no_flag
SYN-015,2026-03-23,attendance,0.936759,ok,4,0.939427,0.935725,0.941883,8,cohort x format,False,False,False,0.0,,,no_flag
SYN-015,2026-03-23,conversion,0.568214,ok,4,0.606422,0.587566,0.62145,8,cohort x format,False,False,False,0.0,,,no_flag
SYN-015,2026-03-23,on_time,0.923868,ok,4,0.925183,0.910346,0.930609,8,cohort x format,False,False,False,0.0,,,no_flag
SYN-015,2026-03-23,turnaround,6.409877,ok,4,5.939107,5.841734,5.991102,8,cohort x format,False,False,False,0.0,,,no_flag
SYN-015,2026-03-23,recall_rate,0.184211,ok,4,0.178561,0.174144,0.185907,8,cohort x format,False,False,False,0.0,,,no_flag
SYN-015,2026-03-23,exams,177.75,ok,4,153.375,147.0625,156.0,8,cohort x format,,,,,,,
SYN-015,2026-03-30,utilization,0.869565,ok,4,0.826762,0.825875,0.845504,8,cohort x format,False,False,False,0.0,,,no_flag
SYN-015,2026-03-30,attendance,0.939474,ok,4,0.938645,0.93568,0.944319,8,cohort x format,False,False,False,0.0,,,no_flag
SYN-015,2026-03-30,conversion,0.581232,ok,4,0.603187,0.587287,0.612759,8,cohort x format,False,False,False,0.0,,,no_flag
SYN-015,2026-03-30,on_time,0.918489,ok,4,0.927038,0.924967,0.930679,8,cohort x format,False,False,False,0.0,,,no_flag
SYN-015,2026-03-30,turnaround,6.192247,ok,4,6.056508,5.881407,6.1681,8,cohort x format,False,False,False,0.0,,,no_flag
SYN-015,2026-03-30,recall_rate,0.184783,ok,4,0.18208,0.177104,0.184615,8,cohort x format,False,False,False,0.0,,,no_flag
SYN-015,2026-03-30,exams,178.5,ok,4,152.0,146.9375,157.0,8,cohort x format,,,,,,,
SYN-015,2026-04-06,utilization,0.874439,ok,4,0.831384,0.822629,0.832878,8,cohort x format,False,False,False,0.0,,,no_flag
SYN-015,2026-04-06,attendance,0.939744,ok,4,0.940814,0.937652,0.942976,8,cohort x format,False,False,False,0.0,,,no_flag
SYN-015,2026-04-06,conversion,0.581173,ok,4,0.599918,0.589445,0.608546,8,cohort x format,False,False,False,0.0,,,no_flag
SYN-015,2026-04-06,on_time,0.912281,ok,4,0.925316,0.920704,0.928975,8,cohort x format,False,False,False,0.0,,,no_flag
SYN-015,2026-04-06,turnaround,6.223002,ok,4,6.038866,5.954281,6.091509,8,cohort x format,False,False,False,0.0,,,no_flag
SYN-015,2026-04-06,recall_rate,0.185255,ok,4,0.181976,0.1764,0.183514,8,cohort x format,False,False,False,0.0,,,no_flag
SYN-015,2026-04-06,exams,183.25,ok,4,151.375,143.1875,156.875,8,cohort x format,,,,,,,
SYN-015,2026-04-13,utilization,0.873288,ok,4,0.832697,0.819658,0.83452,8,cohort x format,False,False,False,0.0,,,no_flag
SYN-015,2026-04-13,attendance,0.935948,ok,4,0.940348,0.935168,0.942591,8,cohort x format,False,False,False,0.0,,,no_flag
SYN-015,2026-04-13,conversion,0.586592,ok,4,0.5979,0.589976,0.607092,8,cohort x format,False,False,False,0.0,,,no_flag
SYN-015,2026-04-13,on_time,0.921415,ok,4,0.923905,0.920503,0.931153,8,cohort x format,False,False,False,0.0,,,no_flag
SYN-015,2026-04-13,turnaround,6.149705,ok,4,5.921943,5.877886,6.006332,8,cohort x format,False,False,False,0.0,,,no_flag
SYN-015,2026-04-13,recall_rate,0.183884,ok,4,0.17554,0.172709,0.181759,8,cohort x format,False,False,False,0.0,,,no_flag
SYN-015,2026-04-13,exams,179.0,ok,4,149.5,141.9375,156.8125,8,cohort x format,,,,,,,
SYN-015,2026-04-20,utilization,0.885488,ok,4,0.832387,0.816986,0.83761,8,cohort x format,False,False,False,0.0,,,no_flag
SYN-015,2026-04-20,attendance,0.93726,ok,4,0.935465,0.928734,0.938178,8,cohort x format,False,False,False,0.0,,,no_flag
SYN-015,2026-04-20,conversion,0.592896,ok,4,0.595115,0.585382,0.612317,8,cohort x format,False,False,False,0.0,,,no_flag
SYN-015,2026-04-20,on_time,0.921305,ok,4,0.918002,0.911264,0.925687,8,cohort x format,False,False,False,0.0,,,no_flag
SYN-015,2026-04-20,turnaround,5.99309,ok,4,5.940069,5.820806,6.041426,8,cohort x format,False,False,False,0.0,,,no_flag
SYN-015,2026-04-20,recall_rate,0.189139,ok,4,0.175093,0.170061,0.180053,8,cohort x format,False,False,False,0.0,,,no_flag
SYN-015,2026-04-20,exams,183.0,ok,4,149.625,142.1875,156.0625,8,cohort x format,,,,,,,
SYN-015,2026-04-27,utilization,0.903409,ok,4,0.831889,0.824353,0.841269,8,cohort x format,False,False,False,0.0,0.870526,0.037774,no_flag
SYN-015,2026-04-27,attendance,0.939623,ok,4,0.933453,0.919426,0.938063,8,cohort x format,False,False,False,0.0,0.933508,0.00655,no_flag
SYN-015,2026-04-27,conversion,0.5917,ok,4,0.601937,0.586991,0.614183,8,cohort x format,False,False,False,0.0,0.575445,0.028248,no_flag
SYN-015,2026-04-27,on_time,0.929389,ok,4,0.919549,0.913682,0.928632,8,cohort x format,False,False,False,0.0,0.930894,-0.001617,no_flag
SYN-015,2026-04-27,turnaround,5.967366,ok,4,5.936916,5.81632,6.221881,8,cohort x format,False,False,False,0.0,6.335772,-0.058147,no_flag
SYN-015,2026-04-27,recall_rate,0.19295,ok,4,0.177772,0.172047,0.179572,8,cohort x format,False,False,False,0.0,0.179775,0.073284,no_flag
SYN-015,2026-04-27,exams,186.75,ok,4,151.25,140.0,156.375,8,cohort x format,,,,,,,
SYN-015,2026-05-04,utilization,0.888249,ok,4,0.838838,0.822876,0.844805,8,cohort x format,False,False,False,0.0,0.872892,0.017593,no_flag
SYN-015,2026-05-04,attendance,0.937743,ok,4,0.934689,0.919211,0.936574,8,cohort x format,False,False,False,0.0,0.933878,0.004139,no_flag
SYN-015,2026-05-04,conversion,0.594744,ok,4,0.602996,0.590973,0.616661,8,cohort x format,False,False,False,0.0,0.575179,0.034016,no_flag
SYN-015,2026-05-04,on_time,0.935039,ok,4,0.918483,0.912506,0.925016,8,cohort x format,False,False,False,0.0,0.92948,0.005981,no_flag
SYN-015,2026-05-04,turnaround,5.88189,ok,4,5.950854,5.81667,6.236917,8,cohort x format,False,False,False,0.0,6.374566,-0.077288,no_flag
SYN-015,2026-05-04,recall_rate,0.189781,ok,4,0.177022,0.174454,0.179433,8,cohort x format,False,False,False,0.0,0.183496,0.03425,no_flag
SYN-015,2026-05-04,exams,180.75,ok,4,150.625,141.25,157.1875,8,cohort x format,,,,,,,
SYN-015,2026-05-11,utilization,0.882151,ok,4,0.832263,0.82313,0.83911,8,cohort x format,False,False,False,0.0,0.873288,0.010149,no_flag
SYN-015,2026-05-11,attendance,0.935149,ok,4,0.933708,0.91817,0.938264,8,cohort x format,False,False,False,0.0,0.933987,0.001244,no_flag
SYN-015,2026-05-11,conversion,0.589459,ok,4,0.610822,0.583501,0.61895,8,cohort x format,False,False,False,0.0,0.578027,0.019778,no_flag
SYN-015,2026-05-11,on_time,0.933602,ok,4,0.919404,0.909553,0.927215,8,cohort x format,False,False,False,0.0,0.930373,0.00347,no_flag
SYN-015,2026-05-11,turnaround,5.72173,ok,4,6.04899,6.019213,6.115304,8,cohort x format,False,False,False,0.0,6.301514,-0.092007,no_flag
SYN-015,2026-05-11,recall_rate,0.184122,ok,4,0.177321,0.173388,0.187945,8,cohort x format,False,False,False,0.0,0.184314,-0.001042,no_flag
SYN-015,2026-05-11,exams,180.25,ok,4,150.625,140.625,156.75,8,cohort x format,,,,,,,
SYN-015,2026-05-18,utilization,0.879953,ok,4,0.8333,0.817284,0.839959,8,cohort x format,False,False,False,0.0,0.877993,0.002233,no_flag
SYN-015,2026-05-18,attendance,0.929801,ok,4,0.934217,0.926194,0.941515,8,cohort x format,False,False,False,0.0,0.937013,-0.007696,no_flag
SYN-015,2026-05-18,conversion,0.578348,ok,4,0.610275,0.578381,0.623839,8,cohort x format,False,False,False,0.0,0.580735,-0.00411,no_flag
SYN-015,2026-05-18,on_time,0.935146,ok,4,0.92431,0.914825,0.929245,8,cohort x format,False,False,False,0.0,0.922542,0.013663,no_flag
SYN-015,2026-05-18,turnaround,5.923431,ok,4,6.137833,6.093271,6.16165,8,cohort x format,False,False,False,0.0,6.19424,-0.04372,no_flag
SYN-015,2026-05-18,recall_rate,0.180266,ok,4,0.176538,0.172112,0.188236,8,cohort x format,False,False,False,0.0,0.186679,-0.034356,no_flag
SYN-015,2026-05-18,exams,175.5,ok,4,149.125,139.375,155.5,8,cohort x format,,,,,,,
SYN-015,2026-05-25,utilization,0.876014,ok,4,0.836888,0.821316,0.844332,7,cohort x format,False,False,False,0.0,0.886545,-0.011879,no_flag
SYN-015,2026-05-25,attendance,0.925926,ok,4,0.939259,0.933758,0.940789,7,cohort x format,False,False,False,0.0,0.93955,-0.0145,no_flag
SYN-015,2026-05-25,conversion,0.574286,ok,4,0.61041,0.566805,0.617611,7,cohort x format,False,False,False,0.0,0.586585,-0.020967,no_flag
SYN-015,2026-05-25,on_time,0.928721,ok,4,0.921348,0.919117,0.923206,7,cohort x format,False,False,False,0.0,0.924051,0.005054,no_flag
SYN-015,2026-05-25,turnaround,5.951153,ok,4,6.097835,5.927507,6.23177,7,cohort x format,False,False,False,0.0,6.077507,-0.02079,no_flag
SYN-015,2026-05-25,recall_rate,0.179337,ok,4,0.18,0.176876,0.184361,7,cohort x format,False,False,False,0.0,0.188818,-0.050209,no_flag
SYN-015,2026-05-25,exams,175.0,ok,4,146.75,141.25,155.0,7,cohort x format,,,,,,,
SYN-015,2026-06-01,utilization,0.887872,ok,4,0.831241,0.822962,0.841966,7,cohort x format,False,False,False,0.0,0.88125,0.007514,no_flag
SYN-015,2026-06-01,attendance,0.93299,ok,4,0.938806,0.933234,0.940335,7,cohort x format,False,False,False,0.0,0.938749,-0.006135,no_flag
SYN-015,2026-06-01,conversion,0.574586,ok,4,0.609626,0.562569,0.617104,7,cohort x format,False,False,False,0.0,0.587912,-0.022667,no_flag
SYN-015,2026-06-01,on_time,0.92,ok,4,0.926247,0.918035,0.929952,7,cohort x format,False,False,False,0.0,0.923604,-0.003902,no_flag
SYN-015,2026-06-01,turnaround,5.6188,ok,4,6.001735,5.75116,6.267174,7,cohort x format,False,False,False,0.0,6.053281,-0.071776,no_flag
SYN-015,2026-06-01,recall_rate,0.174312,ok,4,0.183036,0.176889,0.186056,7,cohort x format,False,False,False,0.0,0.187558,-0.070624,no_flag
SYN-015,2026-06-01,exams,181.0,ok,4,145.75,141.875,156.0,7,cohort x format,,,,,,,
SYN-015,2026-06-08,utilization,0.89306,ok,4,0.828395,0.817845,0.840529,7,cohort x format,False,False,False,0.0,0.877714,0.017484,no_flag
SYN-015,2026-06-08,attendance,0.936306,ok,4,0.938983,0.93667,0.940608,7,cohort x format,False,False,False,0.0,0.935547,0.000811,no_flag
SYN-015,2026-06-08,conversion,0.576871,ok,4,0.604693,0.567239,0.614389,7,cohort x format,False,False,False,0.0,0.588031,-0.018978,no_flag
SYN-015,2026-06-08,on_time,0.920078,ok,4,0.928571,0.92003,0.93001,7,cohort x format,False,False,False,0.0,0.927435,-0.007933,no_flag
SYN-015,2026-06-08,turnaround,5.930019,ok,4,6.078289,5.651101,6.195696,7,cohort x format,False,False,False,0.0,5.93827,-0.001389,no_flag
SYN-015,2026-06-08,recall_rate,0.174397,ok,4,0.182994,0.177788,0.184216,7,cohort x format,False,False,False,0.0,0.184015,-0.052267,no_flag
SYN-015,2026-06-08,exams,183.75,ok,4,144.25,141.375,156.5,7,cohort x format,,,,,,,
SYN-015,2026-06-15,utilization,0.885714,ok,4,0.837121,0.818559,0.843312,7,cohort x format,False,False,False,0.0,0.882759,0.003348,no_flag
SYN-015,2026-06-15,attendance,0.941935,ok,4,0.93864,0.935742,0.939643,7,cohort x format,False,False,False,0.0,0.933594,0.008935,no_flag
SYN-015,2026-06-15,conversion,0.579452,ok,4,0.584806,0.571764,0.611654,7,cohort x format,False,False,False,0.0,0.585774,-0.010793,no_flag
SYN-015,2026-06-15,on_time,0.929688,ok,4,0.922566,0.917846,0.931444,7,cohort x format,False,False,False,0.0,0.927928,0.001896,no_flag
SYN-015,2026-06-15,turnaround,5.85918,ok,4,5.959599,5.744902,6.053647,7,cohort x format,False,False,False,0.0,5.95976,-0.016877,no_flag
SYN-015,2026-06-15,recall_rate,0.172043,ok,4,0.18543,0.178571,0.186398,7,cohort x format,False,False,False,0.0,0.184731,-0.068686,no_flag
SYN-015,2026-06-15,exams,182.5,ok,4,146.5,141.875,156.0,7,cohort x format,,,,,,,
SYN-015,2026-06-22,utilization,0.87769,ok,4,0.831419,0.806832,0.84118,8,cohort x format,False,False,False,0.0,0.889845,-0.01366,no_flag
SYN-015,2026-06-22,attendance,0.944516,ok,4,0.936377,0.932113,0.940151,8,cohort x format,False,False,False,0.0,0.932946,0.012401,no_flag
SYN-015,2026-06-22,conversion,0.586066,ok,4,0.589368,0.579817,0.608121,8,cohort x format,False,False,False,0.0,0.583276,0.004783,no_flag
SYN-015,2026-06-22,on_time,0.933586,ok,4,0.923252,0.921869,0.925565,8,cohort x format,False,False,False,0.0,0.929071,0.00486,no_flag
SYN-015,2026-06-22,turnaround,5.749526,ok,4,5.877593,5.780184,5.94045,8,cohort x format,False,False,False,0.0,5.95964,-0.035256,no_flag
SYN-015,2026-06-22,recall_rate,0.17509,ok,4,0.179117,0.178649,0.183726,8,cohort x format,False,False,False,0.0,0.186312,-0.06023,no_flag
SYN-015,2026-06-22,exams,183.0,ok,4,144.5,140.6875,154.3125,8,cohort x format,,,,,,,
SYN-015,2026-06-29,utilization,0.883295,ok,4,0.843137,0.821151,0.854167,9,cohort x format,False,False,False,0.0,0.88806,-0.005365,no_flag
SYN-015,2026-06-29,attendance,0.945596,ok,4,0.936204,0.930081,0.943314,9,cohort x format,False,False,False,0.0,0.935359,0.010945,no_flag
SYN-015,2026-06-29,conversion,0.593151,ok,4,0.587413,0.572289,0.610548,9,cohort x format,False,False,False,0.0,0.584658,0.014526,no_flag
SYN-015,2026-06-29,on_time,0.928839,ok,4,0.927536,0.92619,0.927765,9,cohort x format,False,False,False,0.0,0.927579,0.001358,no_flag
SYN-015,2026-06-29,turnaround,6.135768,ok,4,5.937101,5.682143,6.035714,9,cohort x format,False,False,False,0.0,5.751389,0.066832,no_flag
SYN-015,2026-06-29,recall_rate,0.172161,ok,4,0.180645,0.17735,0.187373,9,cohort x format,False,False,False,0.0,0.182068,-0.054411,no_flag
SYN-015,2026-06-29,exams,182.5,ok,4,146.75,142.5,158.75,9,cohort x format,,,,,,,
SYN-015,2026-07-06,utilization,0.887227,ok,4,0.845963,0.827238,0.855542,9,cohort x format,False,False,False,0.0,0.887621,-0.000444,no_flag
SYN-015,2026-07-06,attendance,0.942931,ok,4,0.935691,0.928354,0.942486,9,cohort x format,False,False,False,0.0,0.935733,0.007693,no_flag
SYN-015,2026-07-06,conversion,0.587345,ok,4,0.588235,0.566929,0.612308,9,cohort x format,False,False,False,0.0,0.583104,0.007273,no_flag
SYN-015,2026-07-06,on_time,0.922053,ok,4,0.930337,0.921512,0.93125,9,cohort x format,False,False,False,0.0,0.926733,-0.005049,no_flag
SYN-015,2026-07-06,turnaround,6.086122,ok,4,5.887746,5.752983,6.05084,9,cohort x format,False,False,False,0.0,5.827525,0.044375,no_flag
SYN-015,2026-07-06,recall_rate,0.164875,ok,4,0.183158,0.175676,0.184874,9,cohort x format,False,False,False,0.0,0.179487,-0.081413,no_flag
SYN-015,2026-07-06,exams,181.75,ok,4,145.5,143.0,158.5,9,cohort x format,,,,,,,
SYN-015,2026-07-13,utilization,0.881564,ok,4,0.839779,0.830892,0.851485,9,cohort x format,False,False,False,0.0,0.882862,-0.00147,no_flag
SYN-015,2026-07-13,attendance,0.940431,ok,4,0.939103,0.933835,0.941606,9,cohort x format,False,False,False,0.0,0.935948,0.00479,no_flag
SYN-015,2026-07-13,conversion,0.598383,ok,4,0.587963,0.57451,0.609302,9,cohort x format,False,False,False,0.0,0.578911,0.033636,no_flag
SYN-015,2026-07-13,on_time,0.911111,ok,4,0.923077,0.915942,0.938575,9,cohort x format,False,False,False,0.0,0.932323,-0.022752,no_flag
SYN-015,2026-07-13,turnaround,6.138333,ok,4,5.925507,5.856308,6.01119,9,cohort x format,False,False,False,0.0,5.890202,0.042126,no_flag
SYN-015,2026-07-13,recall_rate,0.169039,ok,4,0.176724,0.173246,0.186788,9,cohort x format,False,False,False,0.0,0.176037,-0.039751,no_flag
SYN-015,2026-07-13,exams,185.5,ok,4,146.5,140.25,160.75,9,cohort x format,,,,,,,
SYN-015,2026-07-20,utilization,0.873576,ok,4,0.835165,0.829721,0.849719,9,cohort x format,False,False,False,0.0,0.876861,-0.003746,no_flag
SYN-015,2026-07-20,attendance,0.938722,ok,4,0.938843,0.936691,0.943536,9,cohort x format,False,False,False,0.0,0.935336,0.00362,no_flag
SYN-015,2026-07-20,conversion,0.593056,ok,4,0.587402,0.579051,0.603873,9,cohort x format,False,False,False,0.0,0.580307,0.021968,no_flag
SYN-015,2026-07-20,on_time,0.91423,ok,4,0.92511,0.918719,0.928747,9,cohort x format,False,False,False,0.0,0.931275,-0.018303,no_flag
SYN-015,2026-07-20,turnaround,6.287914,ok,4,6.057391,5.874255,6.103931,9,cohort x format,False,False,False,0.0,5.845319,0.075718,no_flag
SYN-015,2026-07-20,recall_rate,0.155932,ok,4,0.179551,0.174797,0.18451,9,cohort x format,True,False,True,1.0,0.177132,-0.119684,flag
SYN-015,2026-07-20,exams,180.0,ok,4,148.75,141.75,158.75,9,cohort x format,,,,,,,
SYN-015,2026-07-27,utilization,0.870748,ok,4,0.836387,0.824755,0.840336,9,cohort x format,False,False,False,0.0,0.885584,-0.016752,no_flag
SYN-015,2026-07-27,attendance,0.932292,ok,4,0.943536,0.933824,0.945,9,cohort x format,False,False,False,0.0,0.939276,-0.007436,no_flag
SYN-015,2026-07-27,conversion,0.582402,ok,4,0.598214,0.587302,0.601575,9,cohort x format,False,False,False,0.0,0.583906,-0.002576,no_flag
SYN-015,2026-07-27,on_time,0.931452,ok,4,0.923977,0.918719,0.929515,9,cohort x format,False,False,False,0.0,0.924565,0.007449,no_flag
SYN-015,2026-07-27,turnaround,6.380645,ok,4,6.050321,5.853317,6.070197,9,cohort x format,False,False,False,0.0,5.885783,0.084077,no_flag
SYN-015,2026-07-27,recall_rate,0.155752,ok,4,0.178649,0.172093,0.180769,9,cohort x format,True,False,True,2.0,0.173236,-0.100922,flag
SYN-015,2026-07-27,exams,179.0,ok,4,151.25,140.0,158.75,9,cohort x format,,,,,,,
SYN-015,2026-08-03,utilization,0.867946,ok,4,0.832902,0.825062,0.83795,9,cohort x format,False,False,False,0.0,0.89016,-0.024955,no_flag
SYN-015,2026-08-03,attendance,0.93498,ok,4,0.943802,0.940837,0.944171,9,cohort x format,False,False,False,0.0,0.939589,-0.004904,no_flag
SYN-015,2026-08-03,conversion,0.591099,ok,4,0.593695,0.582645,0.604294,9,cohort x format,False,False,False,0.0,0.582079,0.015495,no_flag
SYN-015,2026-08-03,on_time,0.936,ok,4,0.921376,0.91134,0.928721,9,cohort x format,False,False,False,0.0,0.921078,0.016201,no_flag
SYN-015,2026-08-03,turnaround,6.2056,ok,4,6.039549,5.784486,6.146517,9,cohort x format,False,False,False,0.0,6.009047,0.032709,no_flag
SYN-015,2026-08-03,recall_rate,0.161121,ok,4,0.176471,0.17321,0.183575,9,cohort x format,False,False,False,0.0,0.169553,-0.049734,no_flag
SYN-015,2026-08-03,exams,179.75,ok,4,151.75,142.75,160.75,9,cohort x format,,,,,,,
SYN-015,2026-08-10,utilization,0.868721,ok,4,0.832877,0.825767,0.843521,9,cohort x format,False,False,False,0.0,0.883616,-0.016856,no_flag
SYN-015,2026-08-10,attendance,0.936925,ok,4,0.945428,0.939063,0.946299,9,cohort x format,False,False,False,0.0,0.941176,-0.004517,no_flag
SYN-015,2026-08-10,conversion,0.582048,ok,4,0.591304,0.575258,0.603744,9,cohort x format,False,False,False,0.0,0.588995,-0.011794,no_flag
SYN-015,2026-08-10,on_time,0.940937,ok,4,0.920792,0.918033,0.92562,9,cohort x format,False,False,False,0.0,0.920152,0.022588,no_flag
SYN-015,2026-08-10,turnaround,6.151527,ok,4,5.950615,5.743777,6.139891,9,cohort x format,False,False,False,0.0,6.002471,0.024832,no_flag
SYN-015,2026-08-10,recall_rate,0.163121,ok,4,0.182018,0.177165,0.185096,9,cohort x format,True,False,True,1.0,0.170536,-0.043481,flag
SYN-015,2026-08-10,exams,178.25,ok,4,150.25,143.75,160.25,9,cohort x format,,,,,,,
SYN-015,2026-08-17,utilization,0.86689,ok,4,0.834254,0.824176,0.846154,9,cohort x format,False,False,False,0.0,0.875639,-0.009991,no_flag
SYN-015,2026-08-17,attendance,0.939355,ok,4,0.942857,0.940952,0.946377,9,cohort x format,False,False,False,0.0,0.941634,-0.002421,no_flag
SYN-015,2026-08-17,conversion,0.575549,ok,4,0.598775,0.57085,0.60925,9,cohort x format,False,False,False,0.0,0.589532,-0.023718,no_flag
SYN-015,2026-08-17,on_time,0.935743,ok,4,0.917073,0.913408,0.921376,9,cohort x format,False,False,False,0.0,0.924038,0.012667,no_flag
SYN-015,2026-08-17,turnaround,6.275904,ok,4,6.063693,5.734932,6.104366,9,cohort x format,False,False,False,0.0,6.015096,0.043359,no_flag
SYN-015,2026-08-17,recall_rate,0.173112,ok,4,0.185484,0.183824,0.187633,9,cohort x format,False,False,False,0.0,0.16521,0.047833,no_flag
SYN-015,2026-08-17,exams,182.0,ok,4,145.75,142.25,157.0,9,cohort x format,,,,,,,
SYN-016,2026-02-23,utilization,,insufficient_history,1,,,,0,suppressed,False,False,False,0.0,,,unavailable
SYN-016,2026-02-23,attendance,,insufficient_history,1,,,,0,suppressed,False,False,False,0.0,,,unavailable
SYN-016,2026-02-23,conversion,,insufficient_history,1,,,,0,suppressed,False,False,False,0.0,,,unavailable
SYN-016,2026-02-23,on_time,,insufficient_history,1,,,,0,suppressed,False,False,False,0.0,,,unavailable
SYN-016,2026-02-23,turnaround,,insufficient_history,1,,,,0,suppressed,False,False,False,0.0,,,unavailable
SYN-016,2026-02-23,recall_rate,,insufficient_history,1,,,,0,suppressed,False,False,False,0.0,,,unavailable
SYN-016,2026-02-23,exams,,insufficient_history,1,,,,0,suppressed,,,,,,,
SYN-016,2026-03-02,utilization,,insufficient_history,2,,,,0,suppressed,False,False,False,0.0,,,unavailable
SYN-016,2026-03-02,attendance,,insufficient_history,2,,,,0,suppressed,False,False,False,0.0,,,unavailable
SYN-016,2026-03-02,conversion,,insufficient_history,2,,,,0,suppressed,False,False,False,0.0,,,unavailable
SYN-016,2026-03-02,on_time,,insufficient_history,2,,,,0,suppressed,False,False,False,0.0,,,unavailable
SYN-016,2026-03-02,turnaround,,insufficient_history,2,,,,0,suppressed,False,False,False,0.0,,,unavailable
SYN-016,2026-03-02,recall_rate,,insufficient_history,2,,,,0,suppressed,False,False,False,0.0,,,unavailable
SYN-016,2026-03-02,exams,,insufficient_history,2,,,,0,suppressed,,,,,,,
SYN-016,2026-03-09,utilization,0.849265,ok,3,0.847751,0.81734,0.868781,10,cohort (fallback),False,False,False,0.0,,,no_flag
SYN-016,2026-03-09,attendance,0.937229,ok,3,0.937804,0.933431,0.943452,10,cohort (fallback),False,False,False,0.0,,,no_flag
SYN-016,2026-03-09,conversion,0.570439,ok,3,0.604762,0.585559,0.627544,10,cohort (fallback),False,False,False,0.0,,,no_flag
SYN-016,2026-03-09,on_time,0.956667,ok,3,0.918188,0.914647,0.930151,10,cohort (fallback),False,False,False,0.0,,,no_flag
SYN-016,2026-03-09,turnaround,6.334333,ok,3,6.000197,5.818357,6.316075,10,cohort (fallback),False,False,False,0.0,,,no_flag
SYN-016,2026-03-09,recall_rate,0.186667,ok,3,0.178976,0.167738,0.183965,10,cohort (fallback),False,False,False,0.0,,,no_flag
SYN-016,2026-03-09,exams,144.333333,ok,3,152.333333,148.333333,157.833333,10,cohort (fallback),,,,,,,
SYN-016,2026-03-16,utilization,0.841004,ok,4,0.848691,0.822866,0.869155,10,cohort (fallback),False,False,False,0.0,,,no_flag
SYN-016,2026-03-16,attendance,0.940299,ok,4,0.93772,0.932402,0.942942,10,cohort (fallback),False,False,False,0.0,,,no_flag
SYN-016,2026-03-16,conversion,0.574956,ok,4,0.60212,0.582523,0.62851,10,cohort (fallback),False,False,False,0.0,,,no_flag
SYN-016,2026-03-16,on_time,0.951654,ok,4,0.92445,0.916329,0.930183,10,cohort (fallback),False,False,False,0.0,,,no_flag
SYN-016,2026-03-16,turnaround,6.16056,ok,4,6.016766,5.775196,6.390184,10,cohort (fallback),False,False,False,0.0,,,no_flag
SYN-016,2026-03-16,recall_rate,0.177829,ok,4,0.181108,0.169221,0.184607,10,cohort (fallback),False,False,False,0.0,,,no_flag
SYN-016,2026-03-16,exams,141.75,ok,4,154.25,149.4375,157.8125,10,cohort (fallback),,,,,,,
SYN-016,2026-03-23,utilization,0.841886,ok,4,0.843096,0.827018,0.866706,10,cohort (fallback),False,False,False,0.0,,,no_flag
SYN-016,2026-03-23,attendance,0.942339,ok,4,0.937314,0.935532,0.941062,10,cohort (fallback),False,False,False,0.0,,,no_flag
SYN-016,2026-03-23,conversion,0.58042,ok,4,0.605704,0.578029,0.617456,10,cohort (fallback),False,False,False,0.0,,,no_flag
SYN-016,2026-03-23,on_time,0.942065,ok,4,0.925183,0.913803,0.930842,10,cohort (fallback),False,False,False,0.0,,,no_flag
SYN-016,2026-03-23,turnaround,6.210831,ok,4,5.961815,5.867986,6.191821,10,cohort (fallback),False,False,False,0.0,,,no_flag
SYN-016,2026-03-23,recall_rate,0.182232,ok,4,0.178561,0.171869,0.185245,10,cohort (fallback),False,False,False,0.0,,,no_flag
SYN-016,2026-03-23,exams,143.0,ok,4,155.75,148.9375,157.5,10,cohort (fallback),,,,,,,
SYN-016,2026-03-30,utilization,0.839385,ok,4,0.835526,0.825914,0.865012,10,cohort (fallback),False,False,False,0.0,,,no_flag
SYN-016,2026-03-30,attendance,0.946755,ok,4,0.938645,0.934636,0.943076,10,cohort (fallback),False,False,False,0.0,,,no_flag
SYN-016,2026-03-30,conversion,0.595782,ok,4,0.603187,0.583893,0.60783,10,cohort (fallback),False,False,False,0.0,,,no_flag
SYN-016,2026-03-30,on_time,0.933985,ok,4,0.927038,0.923969,0.930865,10,cohort (fallback),False,False,False,0.0,,,no_flag
SYN-016,2026-03-30,turnaround,5.833007,ok,4,6.069776,5.921709,6.171561,10,cohort (fallback),False,False,False,0.0,,,no_flag
SYN-016,2026-03-30,recall_rate,0.171053,ok,4,0.18208,0.173695,0.184615,10,cohort (fallback),False,False,False,0.0,,,no_flag
SYN-016,2026-03-30,exams,142.25,ok,4,154.25,149.3125,157.5,10,cohort (fallback),,,,,,,
SYN-016,2026-04-06,utilization,0.83871,ok,4,0.831996,0.825107,0.864319,10,cohort (fallback),False,False,False,0.0,,,no_flag
SYN-016,2026-04-06,attendance,0.941472,ok,4,0.940146,0.9384,0.942413,10,cohort (fallback),False,False,False,0.0,,,no_flag
SYN-016,2026-04-06,conversion,0.584369,ok,4,0.599918,0.58455,0.610832,10,cohort (fallback),False,False,False,0.0,,,no_flag
SYN-016,2026-04-06,on_time,0.921519,ok,4,0.925316,0.919896,0.930403,10,cohort (fallback),False,False,False,0.0,,,no_flag
SYN-016,2026-04-06,turnaround,5.921266,ok,4,6.038866,5.918117,6.113659,10,cohort (fallback),False,False,False,0.0,,,no_flag
SYN-016,2026-04-06,recall_rate,0.171247,ok,4,0.181976,0.177511,0.184228,10,cohort (fallback),False,False,False,0.0,,,no_flag
SYN-016,2026-04-06,exams,140.75,ok,4,155.25,144.9375,158.25,10,cohort (fallback),,,,,,,
SYN-016,2026-04-13,utilization,0.842837,ok,4,0.833564,0.825939,0.863967,10,cohort (fallback),False,False,False,0.0,,,no_flag
SYN-016,2026-04-13,attendance,0.937294,ok,4,0.940254,0.935748,0.941621,10,cohort (fallback),False,False,False,0.0,,,no_flag
SYN-016,2026-04-13,conversion,0.588028,ok,4,0.5979,0.588048,0.610007,10,cohort (fallback),False,False,False,0.0,,,no_flag
SYN-016,2026-04-13,on_time,0.92402,ok,4,0.923905,0.921624,0.930405,10,cohort (fallback),False,False,False,0.0,,,no_flag
SYN-016,2026-04-13,turnaround,5.988971,ok,4,5.921943,5.846298,6.031822,10,cohort (fallback),False,False,False,0.0,,,no_flag
SYN-016,2026-04-13,recall_rate,0.176606,ok,4,0.177185,0.173998,0.183172,10,cohort (fallback),False,False,False,0.0,,,no_flag
SYN-016,2026-04-13,exams,142.0,ok,4,154.75,143.0625,157.1875,10,cohort (fallback),,,,,,,
SYN-016,2026-04-20,utilization,0.845404,ok,4,0.837224,0.821497,0.870105,10,cohort (fallback),False,False,False,0.0,,,no_flag
SYN-016,2026-04-20,attendance,0.93575,ok,4,0.936705,0.934237,0.938161,10,cohort (fallback),False,False,False,0.0,,,no_flag
SYN-016,2026-04-20,conversion,0.577465,ok,4,0.595115,0.590406,0.612786,10,cohort (fallback),False,False,False,0.0,,,no_flag
SYN-016,2026-04-20,on_time,0.923267,ok,4,0.920049,0.913635,0.923752,10,cohort (fallback),False,False,False,0.0,,,no_flag
SYN-016,2026-04-20,turnaround,5.862871,ok,4,5.939701,5.812967,6.015477,10,cohort (fallback),False,False,False,0.0,,,no_flag
SYN-016,2026-04-20,recall_rate,0.165094,ok,4,0.178205,0.170611,0.182217,10,cohort (fallback),False,False,False,0.0,,,no_flag
SYN-016,2026-04-20,exams,142.0,ok,4,153.0,144.0625,156.1875,10,cohort (fallback),,,,,,,
SYN-016,2026-04-27,utilization,0.841226,ok,4,0.837047,0.828412,0.865974,10,cohort (fallback),False,False,False,0.0,0.843228,-0.002375,no_flag
SYN-016,2026-04-27,attendance,0.93543,ok,4,0.933453,0.931253,0.938951,10,cohort (fallback),False,False,False,0.0,0.940594,-0.00549,no_flag
SYN-016,2026-04-27,conversion,0.578761,ok,4,0.601937,0.591864,0.614984,10,cohort (fallback),False,False,False,0.0,0.583626,-0.008335,no_flag
SYN-016,2026-04-27,on_time,0.925,ok,4,0.924896,0.915628,0.929382,10,cohort (fallback),False,False,False,0.0,0.940199,-0.016166,no_flag
SYN-016,2026-04-27,turnaround,5.8905,ok,4,5.913153,5.837578,6.156756,10,cohort (fallback),False,False,False,0.0,6.053156,-0.026871,no_flag
SYN-016,2026-04-27,recall_rate,0.179724,ok,4,0.178313,0.174151,0.185474,10,cohort (fallback),False,False,False,0.0,0.175115,0.026316,no_flag
SYN-016,2026-04-27,exams,141.25,ok,4,154.0,143.125,156.625,10,cohort (fallback),,,,,,,
SYN-016,2026-05-04,utilization,0.847765,ok,4,0.843431,0.828053,0.867101,10,cohort (fallback),False,False,False,0.0,0.843278,0.005322,no_flag
SYN-016,2026-05-04,attendance,0.93575,ok,4,0.934689,0.929341,0.937318,10,cohort (fallback),False,False,False,0.0,0.939623,-0.004122,no_flag
SYN-016,2026-05-04,conversion,0.584507,ok,4,0.602996,0.595342,0.617894,10,cohort (fallback),False,False,False,0.0,0.578313,0.01071,no_flag
SYN-016,2026-05-04,on_time,0.93154,ok,4,0.922741,0.914256,0.932546,10,cohort (fallback),False,False,False,0.0,0.936691,-0.005498,no_flag
SYN-016,2026-05-04,turnaround,5.801956,ok,4,5.906854,5.832508,6.158376,10,cohort (fallback),False,False,False,0.0,6.099568,-0.048792,no_flag
SYN-016,2026-05-04,recall_rate,0.173171,ok,4,0.177022,0.173964,0.182652,10,cohort (fallback),False,False,False,0.0,0.177232,-0.022913,no_flag
SYN-016,2026-05-04,exams,142.0,ok,4,153.875,144.375,157.5625,10,cohort (fallback),,,,,,,
SYN-016,2026-05-11,utilization,0.857345,ok,4,0.836532,0.824752,0.865146,10,cohort (fallback),False,False,False,0.0,0.841922,0.018318,no_flag
SYN-016,2026-05-11,attendance,0.940692,ok,4,0.935485,0.929082,0.937771,10,cohort (fallback),False,False,False,0.0,0.938792,0.002023,no_flag
SYN-016,2026-05-11,conversion,0.57268,ok,4,0.610822,0.589622,0.62049,10,cohort (fallback),False,False,False,0.0,0.581498,-0.015165,no_flag
SYN-016,2026-05-11,on_time,0.9325,ok,4,0.924194,0.911698,0.931409,10,cohort (fallback),False,False,False,0.0,0.937578,-0.005416,no_flag
SYN-016,2026-05-11,turnaround,6.0665,ok,4,6.04899,6.000896,6.089479,10,cohort (fallback),False,False,False,0.0,6.073159,-0.001096,no_flag
SYN-016,2026-05-11,recall_rate,0.175676,ok,4,0.177321,0.172884,0.186776,10,cohort (fallback),False,False,False,0.0,0.177215,-0.008687,no_flag
SYN-016,2026-05-11,exams,142.75,ok,4,153.625,144.5625,156.75,10,cohort (fallback),,,,,,,
SYN-016,2026-05-18,utilization,0.855301,ok,4,0.839112,0.823603,0.863054,11,cohort (fallback),False,False,False,0.0,0.843641,0.01382,no_flag
SYN-016,2026-05-18,attendance,0.943049,ok,4,0.935103,0.929893,0.942082,11,cohort (fallback),False,False,False,0.0,0.939044,0.004264,no_flag
SYN-016,2026-05-18,conversion,0.580817,ok,4,0.616482,0.579965,0.625703,11,cohort (fallback),False,False,False,0.0,0.578947,0.003229,no_flag
SYN-016,2026-05-18,on_time,0.932668,ok,4,0.928571,0.919281,0.93396,11,cohort (fallback),False,False,False,0.0,0.932584,9e-05,no_flag
SYN-016,2026-05-18,turnaround,6.116209,ok,4,6.098347,5.938149,6.153926,11,cohort (fallback),False,False,False,0.0,6.035331,0.013401,no_flag
SYN-016,2026-05-18,recall_rate,0.172727,ok,4,0.175947,0.17181,0.184192,11,cohort (fallback),False,False,False,0.0,0.173812,-0.006242,no_flag
SYN-016,2026-05-18,exams,140.75,ok,4,152.75,137.75,158.125,11,cohort (fallback),,,,,,,
SYN-016,2026-05-25,utilization,0.864286,ok,4,0.838824,0.82792,0.869027,10,cohort (fallback),False,False,False,0.0,0.840307,0.028536,no_flag
SYN-016,2026-05-25,attendance,0.935537,ok,4,0.939106,0.932396,0.941532,10,cohort (fallback),False,False,False,0.0,0.941079,-0.005889,no_flag
SYN-016,2026-05-25,conversion,0.568905,ok,4,0.611511,0.569708,0.624692,10,cohort (fallback),False,False,False,0.0,0.587302,-0.031325,no_flag
SYN-016,2026-05-25,on_time,0.927136,ok,4,0.923206,0.919767,0.929659,10,cohort (fallback),False,False,False,0.0,0.929543,-0.002589,no_flag
SYN-016,2026-05-25,turnaround,6.192462,ok,4,5.965435,5.882243,6.174291,10,cohort (fallback),False,False,False,0.0,5.861434,0.056476,no_flag
SYN-016,2026-05-25,recall_rate,0.171838,ok,4,0.178876,0.17503,0.180917,10,cohort (fallback),False,False,False,0.0,0.175281,-0.019644,no_flag
SYN-016,2026-05-25,exams,141.5,ok,4,150.75,140.0,157.6875,10,cohort (fallback),,,,,,,
SYN-016,2026-06-01,utilization,0.869014,ok,4,0.841966,0.828889,0.878552,10,cohort (fallback),False,False,False,0.0,0.843247,0.030557,no_flag
SYN-016,2026-06-01,attendance,0.936791,ok,4,0.9391,0.933185,0.94243,10,cohort (fallback),False,False,False,0.0,0.938589,-0.001916,no_flag
SYN-016,2026-06-01,conversion,0.565744,ok,4,0.611433,0.56813,0.627637,10,cohort (fallback),False,False,False,0.0,0.584439,-0.031987,no_flag
SYN-016,2026-06-01,on_time,0.920596,ok,4,0.925183,0.920324,0.931241,10,cohort (fallback),False,False,False,0.0,0.926617,-0.006498,no_flag
SYN-016,2026-06-01,turnaround,6.190074,ok,4,5.889802,5.738427,6.18667,10,cohort (fallback),False,False,False,0.0,5.860572,0.056224,no_flag
SYN-016,2026-06-01,recall_rate,0.173077,ok,4,0.180132,0.174848,0.183193,10,cohort (fallback),False,False,False,0.0,0.17214,0.00544,no_flag
SYN-016,2026-06-01,exams,144.5,ok,4,150.375,141.0625,157.1875,10,cohort (fallback),,,,,,,
SYN-016,2026-06-08,utilization,0.861111,ok,4,0.840529,0.827716,0.883478,10,cohort (fallback),False,False,False,0.0,0.850035,0.01303,no_flag
SYN-016,2026-06-08,attendance,0.932258,ok,4,0.939685,0.936661,0.940959,10,cohort (fallback),False,False,False,0.0,0.938994,-0.007174,no_flag
SYN-016,2026-06-08,conversion,0.570934,ok,4,0.60911,0.570548,0.621681,10,cohort (fallback),False,False,False,0.0,0.580334,-0.016196,no_flag
SYN-016,2026-06-08,on_time,0.923833,ok,4,0.928102,0.92025,0.930484,10,cohort (fallback),False,False,False,0.0,0.928218,-0.004724,no_flag
SYN-016,2026-06-08,turnaround,5.87543,ok,4,5.847864,5.663069,6.130065,10,cohort (fallback),False,False,False,0.0,6.027351,-0.025205,no_flag
SYN-016,2026-06-08,recall_rate,0.17866,ok,4,0.180864,0.177039,0.184581,10,cohort (fallback),False,False,False,0.0,0.176136,0.014328,no_flag
SYN-016,2026-06-08,exams,144.5,ok,4,149.75,139.9375,158.6875,10,cohort (fallback),,,,,,,
SYN-016,2026-06-15,utilization,0.86509,ok,4,0.843312,0.830868,0.876597,10,cohort (fallback),False,False,False,0.0,0.850282,0.017415,no_flag
SYN-016,2026-06-15,attendance,0.930868,ok,4,0.939643,0.936551,0.943213,10,cohort (fallback),False,False,False,0.0,0.939369,-0.009049,no_flag
SYN-016,2026-06-15,conversion,0.556131,ok,4,0.597379,0.573938,0.616156,10,cohort (fallback),False,False,False,0.0,0.579134,-0.039718,no_flag
SYN-016,2026-06-15,on_time,0.918575,ok,4,0.925335,0.916948,0.933509,10,cohort (fallback),False,False,False,0.0,0.92795,-0.010103,no_flag
SYN-016,2026-06-15,turnaround,5.766158,ok,4,5.855407,5.785293,6.02574,10,cohort (fallback),False,False,False,0.0,5.989068,-0.03722,no_flag
SYN-016,2026-06-15,recall_rate,0.189066,ok,4,0.183624,0.175644,0.186754,10,cohort (fallback),False,False,False,0.0,0.168981,0.118857,no_flag
SYN-016,2026-06-15,exams,144.75,ok,4,151.125,141.6875,157.5625,10,cohort (fallback),,,,,,,
SYN-016,2026-06-22,utilization,0.854545,ok,4,0.839557,0.81576,0.868743,11,cohort (fallback),False,False,False,0.0,0.852609,0.002271,no_flag
SYN-016,2026-06-22,attendance,0.93617,ok,4,0.939044,0.933698,0.943993,11,cohort (fallback),False,False,False,0.0,0.935484,0.000734,no_flag
SYN-016,2026-06-22,conversion,0.564685,ok,4,0.594025,0.582797,0.619098,11,cohort (fallback),False,False,False,0.0,0.573828,-0.015934,no_flag
SYN-016,2026-06-22,on_time,0.928753,ok,4,0.923937,0.921786,0.930022,11,cohort (fallback),False,False,False,0.0,0.926065,0.002903,no_flag
SYN-016,2026-06-22,turnaround,5.692112,ok,4,5.849558,5.703509,5.921764,11,cohort (fallback),False,False,False,0.0,6.041103,-0.057769,no_flag
SYN-016,2026-06-22,recall_rate,0.189655,ok,4,0.178988,0.17713,0.184743,11,cohort (fallback),False,False,False,0.0,0.17585,0.078506,no_flag
SYN-016,2026-06-22,exams,143.0,ok,4,146.5,139.125,158.5,11,cohort (fallback),,,,,,,
SYN-016,2026-06-29,utilization,0.843662,ok,4,0.849413,0.825716,0.865518,12,cohort (fallback),False,False,False,0.0,0.858345,-0.017106,no_flag
SYN-016,2026-06-29,attendance,0.934891,ok,4,0.94177,0.934491,0.945744,12,cohort (fallback),False,False,False,0.0,0.936275,-0.001477,no_flag
SYN-016,2026-06-29,conversion,0.580357,ok,4,0.593956,0.574012,0.618766,12,cohort (fallback),False,False,False,0.0,0.575044,0.00924,no_flag
SYN-016,2026-06-29,on_time,0.926396,ok,4,0.927575,0.924163,0.929187,12,cohort (fallback),False,False,False,0.0,0.926108,0.000311,no_flag
SYN-016,2026-06-29,turnaround,5.665482,ok,4,5.955866,5.667642,6.051408,12,cohort (fallback),False,False,False,0.0,5.994581,-0.054899,no_flag
SYN-016,2026-06-29,recall_rate,0.195329,ok,4,0.179138,0.176116,0.184903,12,cohort (fallback),False,False,False,0.0,0.173123,0.128265,no_flag
SYN-016,2026-06-29,exams,140.0,ok,4,149.5,140.8125,159.625,12,cohort (fallback),,,,,,,
SYN-016,2026-07-06,utilization,0.844011,ok,4,0.852286,0.834527,0.864612,12,cohort (fallback),False,False,False,0.0,0.859244,-0.017728,no_flag
SYN-016,2026-07-06,attendance,0.933993,ok,4,0.940087,0.931925,0.943145,12,cohort (fallback),False,False,False,0.0,0.93643,-0.002602,no_flag
SYN-016,2026-07-06,conversion,0.581272,ok,4,0.591163,0.575881,0.61867,12,cohort (fallback),False,False,False,0.0,0.571802,0.016563,no_flag
SYN-016,2026-07-06,on_time,0.924623,ok,4,0.929429,0.920415,0.930903,12,cohort (fallback),False,False,False,0.0,0.928129,-0.003777,no_flag
SYN-016,2026-07-06,turnaround,5.824121,ok,4,5.933976,5.744019,6.059661,12,cohort (fallback),False,False,False,0.0,5.970136,-0.024458,no_flag
SYN-016,2026-07-06,recall_rate,0.185185,ok,4,0.181074,0.173135,0.184787,12,cohort (fallback),False,False,False,0.0,0.177096,0.045679,no_flag
SYN-016,2026-07-06,exams,141.5,ok,4,148.875,140.875,159.8125,12,cohort (fallback),,,,,,,
SYN-016,2026-07-13,utilization,0.840499,ok,4,0.848925,0.83544,0.863799,12,cohort (fallback),False,False,False,0.0,0.860268,-0.02298,no_flag
SYN-016,2026-07-13,attendance,0.937294,ok,4,0.939581,0.934836,0.941669,12,cohort (fallback),False,False,False,0.0,0.936833,0.000491,no_flag
SYN-016,2026-07-13,conversion,0.600352,ok,4,0.596874,0.582197,0.619763,12,cohort (fallback),False,False,False,0.0,0.568301,0.056398,no_flag
SYN-016,2026-07-13,on_time,0.933333,ok,4,0.922349,0.91568,0.934134,12,cohort (fallback),False,False,False,0.0,0.925693,0.008254,no_flag
SYN-016,2026-07-13,turnaround,6.137143,ok,4,5.89343,5.816918,6.01685,12,cohort (fallback),False,False,False,0.0,5.942947,0.032677,no_flag
SYN-016,2026-07-13,recall_rate,0.173626,ok,4,0.174969,0.171372,0.1865,12,cohort (fallback),False,False,False,0.0,0.180887,-0.040141,no_flag
SYN-016,2026-07-13,exams,142.0,ok,4,150.875,138.4375,160.875,12,cohort (fallback),,,,,,,
SYN-016,2026-07-20,utilization,0.844262,ok,4,0.839467,0.831438,0.85651,12,cohort (fallback),False,False,False,0.0,0.859364,-0.017573,no_flag
SYN-016,2026-07-20,attendance,0.932039,ok,4,0.939792,0.93814,0.94366,12,cohort (fallback),False,False,False,0.0,0.935855,-0.004078,no_flag
SYN-016,2026-07-20,conversion,0.600694,ok,4,0.591459,0.585239,0.625065,12,cohort (fallback),False,False,False,0.0,0.566784,0.05983,no_flag
SYN-016,2026-07-20,on_time,0.931925,ok,4,0.923425,0.918295,0.927385,12,cohort (fallback),False,False,False,0.0,0.927939,0.004295,no_flag
SYN-016,2026-07-20,turnaround,6.203521,ok,4,6.020432,5.847028,6.104585,12,cohort (fallback),False,False,False,0.0,5.943869,0.043684,no_flag
SYN-016,2026-07-20,recall_rate,0.161435,ok,4,0.17609,0.168681,0.182617,12,cohort (fallback),False,False,False,0.0,0.1812,-0.109081,no_flag
SYN-016,2026-07-20,exams,144.0,ok,4,152.25,138.875,158.75,12,cohort (fallback),,,,,,,
SYN-016,2026-07-27,utilization,0.844993,ok,4,0.839167,0.830798,0.85552,12,cohort (fallback),False,False,False,0.0,0.856338,-0.013248,no_flag
SYN-016,2026-07-27,attendance,0.933442,ok,4,0.943827,0.933701,0.945323,12,cohort (fallback),False,False,False,0.0,0.935855,-0.002579,no_flag
SYN-016,2026-07-27,conversion,0.593043,ok,4,0.599813,0.586077,0.627404,12,cohort (fallback),False,False,False,0.0,0.572935,0.035097,no_flag
SYN-016,2026-07-27,on_time,0.938242,ok,4,0.926362,0.920181,0.930724,12,cohort (fallback),False,False,False,0.0,0.923463,0.016004,no_flag
SYN-016,2026-07-27,turnaround,6.256057,ok,4,6.016435,5.799748,6.103226,12,cohort (fallback),False,False,False,0.0,5.93074,0.054853,no_flag
SYN-016,2026-07-27,recall_rate,0.145455,ok,4,0.173713,0.170217,0.180752,12,cohort (fallback),True,False,True,1.0,0.184893,-0.213304,flag
SYN-016,2026-07-27,exams,143.75,ok,4,153.875,137.875,158.75,12,cohort (fallback),,,,,,,
SYN-016,2026-08-03,utilization,0.840559,ok,4,0.836658,0.827694,0.849239,12,cohort (fallback),False,False,False,0.0,0.852573,-0.014091,no_flag
SYN-016,2026-08-03,attendance,0.935108,ok,4,0.943907,0.940579,0.94424,12,cohort (fallback),False,False,False,0.0,0.933116,0.002135,no_flag
SYN-016,2026-08-03,conversion,0.599644,ok,4,0.595448,0.588985,0.627082,12,cohort (fallback),False,False,False,0.0,0.576049,0.04096,no_flag
SYN-016,2026-08-03,on_time,0.928058,ok,4,0.923706,0.915733,0.930542,12,cohort (fallback),False,False,False,0.0,0.924224,0.004148,no_flag
SYN-016,2026-08-03,turnaround,6.328297,ok,4,6.042577,5.780838,6.152158,12,cohort (fallback),False,False,False,0.0,5.850062,0.081749,no_flag
SYN-016,2026-08-03,recall_rate,0.144841,ok,4,0.178182,0.172746,0.182798,12,cohort (fallback),True,False,True,2.0,0.182135,-0.204757,flag
SYN-016,2026-08-03,exams,140.5,ok,4,154.375,139.875,160.9375,12,cohort (fallback),,,,,,,
SYN-016,2026-08-10,utilization,0.833803,ok,4,0.843402,0.827399,0.852384,12,cohort (fallback),False,False,False,0.0,0.852778,-0.022251,no_flag
SYN-016,2026-08-10,attendance,0.934122,ok,4,0.942996,0.9385,0.945912,12,cohort (fallback),False,False,False,0.0,0.934039,8.8e-05,no_flag
SYN-016,2026-08-10,conversion,0.593128,ok,4,0.596266,0.58035,0.619288,12,cohort (fallback),False,False,False,0.0,0.57803,0.026121,no_flag
SYN-016,2026-08-10,on_time,0.9202,ok,4,0.921435,0.915699,0.932719,12,cohort (fallback),False,False,False,0.0,0.926199,-0.006478,no_flag
SYN-016,2026-08-10,turnaround,6.294015,ok,4,6.019832,5.872031,6.1428,12,cohort (fallback),False,False,False,0.0,5.957811,0.056431,no_flag
SYN-016,2026-08-10,recall_rate,0.152542,ok,4,0.180622,0.174681,0.184542,12,cohort (fallback),True,True,True,3.0,0.181208,-0.158192,flag
SYN-016,2026-08-10,exams,138.25,ok,4,152.125,141.0625,160.9375,12,cohort (fallback),,,,,,,
SYN-016,2026-08-17,utilization,0.843391,ok,4,0.835427,0.824176,0.855196,13,cohort (fallback),False,False,False,0.0,0.849343,-0.007009,no_flag
SYN-016,2026-08-17,attendance,0.940375,ok,4,0.942053,0.939837,0.943515,13,cohort (fallback),False,False,False,0.0,0.934093,0.006725,no_flag
SYN-016,2026-08-17,conversion,0.592391,ok,4,0.598775,0.575549,0.610942,13,cohort (fallback),False,False,False,0.0,0.582753,0.01654,no_flag
SYN-016,2026-08-17,on_time,0.911616,ok,4,0.920601,0.917012,0.935743,13,cohort (fallback),False,False,False,0.0,0.930403,-0.020192,no_flag
SYN-016,2026-08-17,turnaround,6.421465,ok,4,6.104366,5.948894,6.212017,13,cohort (fallback),False,False,False,0.0,5.95812,0.077767,no_flag
SYN-016,2026-08-17,recall_rate,0.161987,ok,4,0.184946,0.174946,0.187633,13,cohort (fallback),True,False,True,4.0,0.175824,-0.078699,flag
SYN-016,2026-08-17,exams,138.0,ok,4,145.75,135.5,157.0,13,cohort (fallback),,,,,,,
SYN-017,2026-02-23,utilization,,insufficient_history,1,,,,0,suppressed,False,False,False,0.0,,,unavailable
SYN-017,2026-02-23,attendance,,insufficient_history,1,,,,0,suppressed,False,False,False,0.0,,,unavailable
SYN-017,2026-02-23,conversion,,insufficient_history,1,,,,0,suppressed,False,False,False,0.0,,,unavailable
SYN-017,2026-02-23,on_time,,insufficient_history,1,,,,0,suppressed,False,False,False,0.0,,,unavailable
SYN-017,2026-02-23,turnaround,,insufficient_history,1,,,,0,suppressed,False,False,False,0.0,,,unavailable
SYN-017,2026-02-23,recall_rate,,insufficient_history,1,,,,0,suppressed,False,False,False,0.0,,,unavailable
SYN-017,2026-02-23,exams,,insufficient_history,1,,,,0,suppressed,,,,,,,
SYN-017,2026-03-02,utilization,,insufficient_history,2,,,,0,suppressed,False,False,False,0.0,,,unavailable
SYN-017,2026-03-02,attendance,,insufficient_history,2,,,,0,suppressed,False,False,False,0.0,,,unavailable
SYN-017,2026-03-02,conversion,,insufficient_history,2,,,,0,suppressed,False,False,False,0.0,,,unavailable
SYN-017,2026-03-02,on_time,,insufficient_history,2,,,,0,suppressed,False,False,False,0.0,,,unavailable
SYN-017,2026-03-02,turnaround,,insufficient_history,2,,,,0,suppressed,False,False,False,0.0,,,unavailable
SYN-017,2026-03-02,recall_rate,,insufficient_history,2,,,,0,suppressed,False,False,False,0.0,,,unavailable
SYN-017,2026-03-02,exams,,insufficient_history,2,,,,0,suppressed,,,,,,,
SYN-017,2026-03-09,utilization,0.8157,ok,3,0.847751,0.819116,0.864804,8,cohort x format,False,False,False,0.0,,,no_flag
SYN-017,2026-03-09,attendance,0.937238,ok,3,0.940358,0.931449,0.944267,8,cohort x format,False,False,False,0.0,,,no_flag
SYN-017,2026-03-09,conversion,0.607143,ok,3,0.602056,0.578846,0.627534,8,cohort x format,False,False,False,0.0,,,no_flag
SYN-017,2026-03-09,on_time,0.916149,ok,3,0.91786,0.914324,0.924192,8,cohort x format,False,False,False,0.0,,,no_flag
SYN-017,2026-03-09,turnaround,5.869876,ok,3,6.000197,5.796721,6.3072,8,cohort x format,False,False,False,0.0,,,no_flag
SYN-017,2026-03-09,recall_rate,0.197222,ok,3,0.178976,0.166988,0.18361,8,cohort x format,False,False,False,0.0,,,no_flag
SYN-017,2026-03-09,exams,149.333333,ok,3,152.333333,146.0,157.5,8,cohort x format,,,,,,,
SYN-017,2026-03-16,utilization,0.819444,ok,4,0.848691,0.824619,0.860889,8,cohort x format,False,False,False,0.0,,,no_flag
SYN-017,2026-03-16,attendance,0.939908,ok,4,0.938791,0.933154,0.944022,8,cohort x format,False,False,False,0.0,,,no_flag
SYN-017,2026-03-16,conversion,0.603279,ok,4,0.599596,0.576602,0.629764,8,cohort x format,False,False,False,0.0,,,no_flag
SYN-017,2026-03-16,on_time,0.924658,ok,4,0.921762,0.913312,0.928021,8,cohort x format,False,False,False,0.0,,,no_flag
SYN-017,2026-03-16,turnaround,5.798402,ok,4,6.016766,5.758015,6.2469,8,cohort x format,False,False,False,0.0,,,no_flag
SYN-017,2026-03-16,recall_rate,0.198294,ok,4,0.181108,0.171815,0.184417,8,cohort x format,False,False,False,0.0,,,no_flag
SYN-017,2026-03-16,exams,152.5,ok,4,153.0,147.25,158.125,8,cohort x format,,,,,,,
SYN-017,2026-03-23,utilization,0.825123,ok,4,0.843096,0.830754,0.859293,8,cohort x format,False,False,False,0.0,,,no_flag
SYN-017,2026-03-23,attendance,0.935821,ok,4,0.939427,0.936428,0.941883,8,cohort x format,False,False,False,0.0,,,no_flag
SYN-017,2026-03-23,conversion,0.599681,ok,4,0.602748,0.571999,0.62145,8,cohort x format,False,False,False,0.0,,,no_flag
SYN-017,2026-03-23,on_time,0.930493,ok,4,0.92424,0.910346,0.927055,8,cohort x format,False,False,False,0.0,,,no_flag
SYN-017,2026-03-23,turnaround,5.803812,ok,4,5.961815,5.912417,6.080119,8,cohort x format,False,False,False,0.0,,,no_flag
SYN-017,2026-03-23,recall_rate,0.197556,ok,4,0.178561,0.174144,0.184555,8,cohort x format,False,False,False,0.0,,,no_flag
SYN-017,2026-03-23,exams,156.75,ok,4,153.375,147.0625,156.4375,8,cohort x format,,,,,,,
SYN-017,2026-03-30,utilization,0.825877,ok,4,0.835526,0.825988,0.855905,8,cohort x format,False,False,False,0.0,,,no_flag
SYN-017,2026-03-30,attendance,0.934114,ok,4,0.939062,0.938031,0.944319,8,cohort x format,False,False,False,0.0,,,no_flag
SYN-017,2026-03-30,conversion,0.600313,ok,4,0.598967,0.579307,0.612759,8,cohort x format,False,False,False,0.0,,,no_flag
SYN-017,2026-03-30,on_time,0.930586,ok,4,0.925563,0.922224,0.929052,8,cohort x format,False,False,False,0.0,,,no_flag
SYN-017,2026-03-30,turnaround,6.08026,ok,4,6.099562,5.881407,6.176028,8,cohort x format,False,False,False,0.0,,,no_flag
SYN-017,2026-03-30,recall_rate,0.190377,ok,4,0.18208,0.177104,0.184615,8,cohort x format,False,False,False,0.0,,,no_flag
SYN-017,2026-03-30,exams,159.5,ok,4,152.0,146.9375,157.0,8,cohort x format,,,,,,,
SYN-017,2026-04-06,utilization,0.832518,ok,4,0.831384,0.822629,0.844078,8,cohort x format,False,False,False,0.0,,,no_flag
SYN-017,2026-04-06,attendance,0.938326,ok,4,0.940814,0.938715,0.942976,8,cohort x format,False,False,False,0.0,,,no_flag
SYN-017,2026-04-06,conversion,0.594679,ok,4,0.599918,0.579316,0.608546,8,cohort x format,False,False,False,0.0,,,no_flag
SYN-017,2026-04-06,on_time,0.928261,ok,4,0.922907,0.918501,0.927224,8,cohort x format,False,False,False,0.0,,,no_flag
SYN-017,2026-04-06,turnaround,6.080435,ok,4,6.038866,5.954281,6.134727,8,cohort x format,False,False,False,0.0,,,no_flag
SYN-017,2026-04-06,recall_rate,0.185185,ok,4,0.181976,0.1764,0.183514,8,cohort x format,False,False,False,0.0,,,no_flag
SYN-017,2026-04-06,exams,159.75,ok,4,151.375,143.1875,156.875,8,cohort x format,,,,,,,
SYN-017,2026-04-13,utilization,0.836005,ok,4,0.832697,0.819658,0.843841,8,cohort x format,False,False,False,0.0,,,no_flag
SYN-017,2026-04-13,attendance,0.933628,ok,4,0.940348,0.935881,0.942591,8,cohort x format,False,False,False,0.0,,,no_flag
SYN-017,2026-04-13,conversion,0.592417,ok,4,0.5979,0.585607,0.607092,8,cohort x format,False,False,False,0.0,,,no_flag
SYN-017,2026-04-13,on_time,0.925275,ok,4,0.922394,0.919874,0.931153,8,cohort x format,False,False,False,0.0,,,no_flag
SYN-017,2026-04-13,turnaround,6.183297,ok,4,5.921943,5.877886,6.006332,8,cohort x format,False,False,False,0.0,,,no_flag
SYN-017,2026-04-13,recall_rate,0.170124,ok,4,0.178417,0.174853,0.183896,8,cohort x format,False,False,False,0.0,,,no_flag
SYN-017,2026-04-13,exams,158.25,ok,4,149.5,141.9375,156.8125,8,cohort x format,,,,,,,
SYN-017,2026-04-20,utilization,0.827757,ok,4,0.837224,0.816986,0.849979,8,cohort x format,False,False,False,0.0,,,no_flag
SYN-017,2026-04-20,attendance,0.934132,ok,4,0.936705,0.929049,0.938349,8,cohort x format,False,False,False,0.0,,,no_flag
SYN-017,2026-04-20,conversion,0.596154,ok,4,0.593486,0.585382,0.612317,8,cohort x format,False,False,False,0.0,,,no_flag
SYN-017,2026-04-20,on_time,0.917211,ok,4,0.920049,0.911264,0.925687,8,cohort x format,False,False,False,0.0,,,no_flag
SYN-017,2026-04-20,turnaround,6.336819,ok,4,5.939701,5.820806,6.001044,8,cohort x format,False,False,False,0.0,,,no_flag
SYN-017,2026-04-20,recall_rate,0.172199,ok,4,0.178478,0.170061,0.183487,8,cohort x format,False,False,False,0.0,,,no_flag
SYN-017,2026-04-20,exams,156.0,ok,4,149.625,142.1875,156.5,8,cohort x format,,,,,,,
SYN-017,2026-04-27,utilization,0.835206,ok,4,0.83373,0.824353,0.862158,8,cohort x format,False,False,False,0.0,0.82392,0.013698,no_flag
SYN-017,2026-04-27,attendance,0.93423,ok,4,0.934807,0.919426,0.940077,8,cohort x format,False,False,False,0.0,0.936492,-0.002415,no_flag
SYN-017,2026-04-27,conversion,0.6,ok,4,0.598115,0.586499,0.614183,8,cohort x format,False,False,False,0.0,0.606028,-0.009947,no_flag
SYN-017,2026-04-27,on_time,0.909091,ok,4,0.924896,0.91646,0.929997,8,cohort x format,False,False,False,0.0,0.925595,-0.017831,no_flag
SYN-017,2026-04-27,turnaround,6.285281,ok,4,5.908209,5.81632,6.068773,8,cohort x format,False,False,False,0.0,5.992708,0.048822,no_flag
SYN-017,2026-04-27,recall_rate,0.173038,ok,4,0.178313,0.175385,0.184441,8,cohort x format,False,False,False,0.0,0.193007,-0.103461,no_flag
SYN-017,2026-04-27,exams,156.25,ok,4,151.25,140.0,156.8125,8,cohort x format,,,,,,,
SYN-017,2026-05-04,utilization,0.845387,ok,4,0.838838,0.822876,0.855521,8,cohort x format,False,False,False,0.0,0.825499,0.024092,no_flag
SYN-017,2026-05-04,attendance,0.930678,ok,4,0.935528,0.922095,0.937703,8,cohort x format,False,False,False,0.0,0.937877,-0.007676,no_flag
SYN-017,2026-05-04,conversion,0.602219,ok,4,0.600454,0.589181,0.616661,8,cohort x format,False,False,False,0.0,0.599816,0.004006,no_flag
SYN-017,2026-05-04,on_time,0.909483,ok,4,0.922741,0.915741,0.927558,8,cohort x format,False,False,False,0.0,0.923274,-0.014937,no_flag
SYN-017,2026-05-04,turnaround,6.284052,ok,4,5.906854,5.81667,6.032719,8,cohort x format,False,False,False,0.0,5.993734,0.048437,no_flag
SYN-017,2026-05-04,recall_rate,0.184261,ok,4,0.177022,0.174454,0.180717,8,cohort x format,False,False,False,0.0,0.190476,-0.03263,no_flag
SYN-017,2026-05-04,exams,157.75,ok,4,150.625,141.25,157.1875,8,cohort x format,,,,,,,
SYN-017,2026-05-11,utilization,0.835411,ok,4,0.833384,0.82313,0.853146,8,cohort x format,False,False,False,0.0,0.827823,0.009167,no_flag
SYN-017,2026-05-11,attendance,0.935821,ok,4,0.933373,0.91817,0.938264,8,cohort x format,False,False,False,0.0,0.936699,-0.000938,no_flag
SYN-017,2026-05-11,conversion,0.617225,ok,4,0.598039,0.583012,0.617791,8,cohort x format,False,False,False,0.0,0.597747,0.032585,no_flag
SYN-017,2026-05-11,on_time,0.906582,ok,4,0.924194,0.915506,0.92906,8,cohort x format,False,False,False,0.0,0.924972,-0.019882,no_flag
SYN-017,2026-05-11,turnaround,6.229724,ok,4,6.037511,5.941565,6.057786,8,cohort x format,False,False,False,0.0,5.994513,0.039238,no_flag
SYN-017,2026-05-11,recall_rate,0.192,ok,4,0.177321,0.173388,0.185006,8,cohort x format,False,False,False,0.0,0.184017,0.043383,no_flag
SYN-017,2026-05-11,exams,156.75,ok,4,150.625,140.625,157.375,8,cohort x format,,,,,,,
SYN-017,2026-05-18,utilization,0.8425,ok,4,0.8333,0.817284,0.849323,8,cohort x format,False,False,False,0.0,0.826436,0.019438,no_flag
SYN-017,2026-05-18,attendance,0.936202,ok,4,0.931108,0.926056,0.941515,8,cohort x format,False,False,False,0.0,0.934978,0.001309,no_flag
SYN-017,2026-05-18,conversion,0.616482,ok,4,0.592826,0.575954,0.623839,8,cohort x format,False,False,False,0.0,0.597922,0.031041,no_flag
SYN-017,2026-05-18,on_time,0.912206,ok,4,0.927163,0.921073,0.932235,8,cohort x format,False,False,False,0.0,0.923757,-0.012505,no_flag
SYN-017,2026-05-18,turnaround,6.176874,ok,4,6.111369,6.03939,6.152601,8,cohort x format,False,False,False,0.0,6.074144,0.016913,no_flag
SYN-017,2026-05-18,recall_rate,0.188119,ok,4,0.176538,0.172112,0.182346,8,cohort x format,False,False,False,0.0,0.184995,0.016887,no_flag
SYN-017,2026-05-18,exams,157.75,ok,4,149.125,139.375,156.0,8,cohort x format,,,,,,,
SYN-017,2026-05-25,utilization,0.840598,ok,4,0.836888,0.821316,0.86204,7,cohort x format,False,False,False,0.0,0.830467,0.012199,no_flag
SYN-017,2026-05-25,attendance,0.939259,ok,4,0.936482,0.92848,0.940789,7,cohort x format,False,False,False,0.0,0.934172,0.005446,no_flag
SYN-017,2026-05-25,conversion,0.61041,ok,4,0.574286,0.566805,0.617611,7,cohort x format,False,False,False,0.0,0.600158,0.017082,no_flag
SYN-017,2026-05-25,on_time,0.924242,ok,4,0.921348,0.919117,0.925445,7,cohort x format,False,False,False,0.0,0.919827,0.004801,no_flag
SYN-017,2026-05-25,turnaround,6.097835,ok,4,5.979717,5.913225,6.23177,7,cohort x format,False,False,False,0.0,6.182882,-0.013755,no_flag
SYN-017,2026-05-25,recall_rate,0.196819,ok,4,0.179337,0.176876,0.180611,7,cohort x format,False,False,False,0.0,0.181538,0.084173,no_flag
SYN-017,2026-05-25,exams,158.5,ok,4,146.75,141.25,155.0,7,cohort x format,,,,,,,
SYN-017,2026-06-01,utilization,0.828105,ok,4,0.839152,0.82453,0.866326,7,cohort x format,False,False,False,0.0,0.838889,-0.012854,no_flag
SYN-017,2026-06-01,attendance,0.939394,ok,4,0.933333,0.933062,0.940041,7,cohort x format,False,False,False,0.0,0.934511,0.005225,no_flag
SYN-017,2026-06-01,conversion,0.620968,ok,4,0.574586,0.562569,0.611433,7,cohort x format,False,False,False,0.0,0.598425,0.03767,no_flag
SYN-017,2026-06-01,on_time,0.926247,ok,4,0.921296,0.917386,0.929952,7,cohort x format,False,False,False,0.0,0.918831,0.008071,no_flag
SYN-017,2026-06-01,turnaround,6.001735,ok,4,5.776627,5.711883,6.267174,7,cohort x format,False,False,False,0.0,6.182684,-0.029267,no_flag
SYN-017,2026-06-01,recall_rate,0.188867,ok,4,0.177874,0.175108,0.183141,7,cohort x format,False,False,False,0.0,0.184694,0.022594,no_flag
SYN-017,2026-06-01,exams,155.0,ok,4,145.75,141.875,157.125,7,cohort x format,,,,,,,
SYN-017,2026-06-08,utilization,0.836066,ok,4,0.828395,0.817845,0.869027,7,cohort x format,False,False,False,0.0,0.83571,0.000426,no_flag
SYN-017,2026-06-08,attendance,0.936652,ok,4,0.938983,0.936497,0.940608,7,cohort x format,False,False,False,0.0,0.934718,0.002069,no_flag
SYN-017,2026-06-08,conversion,0.613527,ok,4,0.576871,0.567239,0.609972,7,cohort x format,False,False,False,0.0,0.604762,0.014493,no_flag
SYN-017,2026-06-08,on_time,0.927632,ok,4,0.928571,0.916254,0.93001,7,cohort x format,False,False,False,0.0,0.915767,0.012956,no_flag
SYN-017,2026-06-08,turnaround,6.078289,ok,4,5.930019,5.651101,6.195696,7,cohort x format,False,False,False,0.0,6.206911,-0.020722,no_flag
SYN-017,2026-06-08,recall_rate,0.188213,ok,4,0.178733,0.17562,0.18324,7,cohort x format,False,False,False,0.0,0.181263,0.038343,no_flag
SYN-017,2026-06-08,exams,155.25,ok,4,144.25,141.375,158.375,7,cohort x format,,,,,,,
SYN-017,2026-06-15,utilization,0.837121,ok,4,0.842179,0.818559,0.865079,7,cohort x format,False,False,False,0.0,0.835096,0.002425,no_flag
SYN-017,2026-06-15,attendance,0.939668,ok,4,0.93864,0.935742,0.940776,7,cohort x format,False,False,False,0.0,0.935171,0.004809,no_flag
SYN-017,2026-06-15,conversion,0.609952,ok,4,0.579452,0.571764,0.599081,7,cohort x format,False,False,False,0.0,0.606375,0.0059,no_flag
SYN-017,2026-06-15,on_time,0.928105,ok,4,0.922566,0.917846,0.932235,7,cohort x format,False,False,False,0.0,0.914687,0.014669,no_flag
SYN-017,2026-06-15,turnaround,5.851634,ok,4,5.959599,5.748675,6.053647,7,cohort x format,False,False,False,0.0,6.256156,-0.06466,no_flag
SYN-017,2026-06-15,recall_rate,0.18711,ok,4,0.181818,0.173684,0.185559,7,cohort x format,False,False,False,0.0,0.180344,0.037515,no_flag
SYN-017,2026-06-15,exams,155.75,ok,4,146.5,141.875,157.875,7,cohort x format,,,,,,,
SYN-017,2026-06-22,utilization,0.839308,ok,4,0.831543,0.806832,0.853958,8,cohort x format,False,False,False,0.0,0.837905,0.001674,no_flag
SYN-017,2026-06-22,attendance,0.938144,ok,4,0.936827,0.932113,0.943731,8,cohort x format,False,False,False,0.0,0.936756,0.001482,no_flag
SYN-017,2026-06-22,conversion,0.604396,ok,4,0.585388,0.579817,0.600343,8,cohort x format,False,False,False,0.0,0.605242,-0.001399,no_flag
SYN-017,2026-06-22,on_time,0.906926,ok,4,0.924068,0.922413,0.930644,8,cohort x format,False,False,False,0.0,0.916667,-0.010626,no_flag
SYN-017,2026-06-22,turnaround,5.905628,ok,4,5.835319,5.726517,5.94045,8,cohort x format,False,False,False,0.0,6.191558,-0.046181,no_flag
SYN-017,2026-06-22,recall_rate,0.178174,ok,4,0.179117,0.177879,0.183726,8,cohort x format,False,False,False,0.0,0.185,-0.036899,no_flag
SYN-017,2026-06-22,exams,159.25,ok,4,144.5,140.6875,154.3125,8,cohort x format,,,,,,,
SYN-017,2026-06-29,utilization,0.843137,ok,4,0.84466,0.821151,0.858086,9,cohort x format,False,False,False,0.0,0.836773,0.007606,no_flag
SYN-017,2026-06-29,attendance,0.943314,ok,4,0.936204,0.930081,0.945596,9,cohort x format,False,False,False,0.0,0.934978,0.008916,no_flag
SYN-017,2026-06-29,conversion,0.594761,ok,4,0.587413,0.572289,0.610548,9,cohort x format,False,False,False,0.0,0.611511,-0.027391,no_flag
SYN-017,2026-06-29,on_time,0.902808,ok,4,0.927614,0.926339,0.928839,9,cohort x format,False,False,False,0.0,0.917838,-0.016376,no_flag
SYN-017,2026-06-29,turnaround,6.098488,ok,4,5.937101,5.682143,6.035714,9,cohort x format,False,False,False,0.0,6.143351,-0.007303,no_flag
SYN-017,2026-06-29,recall_rate,0.177632,ok,4,0.180645,0.17735,0.187373,9,cohort x format,False,False,False,0.0,0.186523,-0.047672,no_flag
SYN-017,2026-06-29,exams,162.25,ok,4,146.75,142.5,158.75,9,cohort x format,,,,,,,
SYN-017,2026-07-06,utilization,0.845963,ok,4,0.84903,0.827238,0.855769,9,cohort x format,False,False,False,0.0,0.835737,0.012236,no_flag
SYN-017,2026-07-06,attendance,0.9442,ok,4,0.935691,0.928354,0.942486,9,cohort x format,False,False,False,0.0,0.936234,0.008508,no_flag
SYN-017,2026-07-06,conversion,0.59409,ok,4,0.587345,0.566929,0.612308,9,cohort x format,False,False,False,0.0,0.615385,-0.034603,no_flag
SYN-017,2026-07-06,on_time,0.90372,ok,4,0.930337,0.922053,0.93125,9,cohort x format,False,False,False,0.0,0.916936,-0.014414,no_flag
SYN-017,2026-07-06,turnaround,5.887746,ok,4,6.049438,5.752983,6.086122,9,cohort x format,False,False,False,0.0,6.155232,-0.043457,no_flag
SYN-017,2026-07-06,recall_rate,0.175676,ok,4,0.183158,0.17418,0.184874,9,cohort x format,False,False,False,0.0,0.190058,-0.075676,no_flag
SYN-017,2026-07-06,exams,160.75,ok,4,145.5,143.0,158.5,9,cohort x format,,,,,,,
SYN-017,2026-07-13,utilization,0.851485,ok,4,0.839779,0.830892,0.855181,9,cohort x format,False,False,False,0.0,0.839824,0.013885,no_flag
SYN-017,2026-07-13,attendance,0.94186,ok,4,0.939103,0.933835,0.940431,9,cohort x format,False,False,False,0.0,0.937921,0.004201,no_flag
SYN-017,2026-07-13,conversion,0.587963,ok,4,0.595365,0.57451,0.609302,9,cohort x format,False,False,False,0.0,0.613238,-0.041215,no_flag
SYN-017,2026-07-13,on_time,0.90393,ok,4,0.923077,0.915942,0.938575,9,cohort x format,False,False,False,0.0,0.920086,-0.01756,no_flag
SYN-017,2026-07-13,turnaround,5.861354,ok,4,5.996044,5.856308,6.03383,9,cohort x format,False,False,False,0.0,6.015659,-0.025651,no_flag
SYN-017,2026-07-13,recall_rate,0.172867,ok,4,0.176724,0.173246,0.186788,9,cohort x format,False,False,False,0.0,0.187627,-0.078668,no_flag
SYN-017,2026-07-13,exams,162.0,ok,4,146.5,140.25,160.75,9,cohort x format,,,,,,,
SYN-017,2026-07-20,utilization,0.850822,ok,4,0.835165,0.829721,0.849719,9,cohort x format,False,False,False,0.0,0.83995,0.012943,no_flag
SYN-017,2026-07-20,attendance,0.943536,ok,4,0.938722,0.936691,0.940741,9,cohort x format,False,False,False,0.0,0.9387,0.005152,no_flag
SYN-017,2026-07-20,conversion,0.587402,ok,4,0.589862,0.579051,0.603873,9,cohort x format,False,False,False,0.0,0.607396,-0.032918,no_flag
SYN-017,2026-07-20,on_time,0.92511,ok,4,0.921739,0.917021,0.928747,9,cohort x format,False,False,False,0.0,0.915584,0.010404,no_flag
SYN-017,2026-07-20,turnaround,5.677093,ok,4,6.075269,5.983473,6.106548,9,cohort x format,False,False,False,0.0,6.001732,-0.054091,no_flag
SYN-017,2026-07-20,recall_rate,0.169811,ok,4,0.179551,0.174797,0.18451,9,cohort x format,False,False,False,0.0,0.188025,-0.096869,no_flag
SYN-017,2026-07-20,exams,158.75,ok,4,148.75,141.75,158.75,9,cohort x format,,,,,,,
SYN-017,2026-07-27,utilization,0.850444,ok,4,0.836387,0.824755,0.840336,9,cohort x format,False,False,False,0.0,0.83571,0.01763,no_flag
SYN-017,2026-07-27,attendance,0.941878,ok,4,0.943536,0.933333,0.945,9,cohort x format,False,False,False,0.0,0.941395,0.000513,no_flag
SYN-017,2026-07-27,conversion,0.591772,ok,4,0.598214,0.582402,0.601575,9,cohort x format,False,False,False,0.0,0.607565,-0.025994,no_flag
SYN-017,2026-07-27,on_time,0.929515,ok,4,0.923977,0.918719,0.931452,9,cohort x format,False,False,False,0.0,0.914502,0.016417,no_flag
SYN-017,2026-07-27,turnaround,5.627753,ok,4,6.060254,5.982548,6.202312,9,cohort x format,False,False,False,0.0,6.050216,-0.069826,no_flag
SYN-017,2026-07-27,recall_rate,0.161638,ok,4,0.178649,0.172093,0.180769,9,cohort x format,False,False,False,0.0,0.183525,-0.119257,no_flag
SYN-017,2026-07-27,exams,158.0,ok,4,151.25,140.0,158.75,9,cohort x format,,,,,,,
SYN-017,2026-08-03,utilization,0.842822,ok,4,0.832902,0.825062,0.83795,9,cohort x format,False,False,False,0.0,0.841051,0.002105,no_flag
SYN-017,2026-08-03,attendance,0.9442,ok,4,0.943066,0.939806,0.944012,9,cohort x format,False,False,False,0.0,0.940476,0.003959,no_flag
SYN-017,2026-08-03,conversion,0.597201,ok,4,0.593043,0.582645,0.604294,9,cohort x format,False,False,False,0.0,0.603639,-0.010666,no_flag
SYN-017,2026-08-03,on_time,0.931183,ok,4,0.921376,0.91134,0.928721,9,cohort x format,False,False,False,0.0,0.915663,0.01695,no_flag
SYN-017,2026-08-03,turnaround,5.769892,ok,4,6.106509,5.882268,6.169081,9,cohort x format,False,False,False,0.0,5.982913,-0.035605,no_flag
SYN-017,2026-08-03,recall_rate,0.176471,ok,4,0.174664,0.171355,0.183575,9,cohort x format,False,False,False,0.0,0.182474,-0.032901,no_flag
SYN-017,2026-08-03,exams,160.75,ok,4,151.75,142.75,161.5,9,cohort x format,,,,,,,
SYN-017,2026-08-10,utilization,0.843284,ok,4,0.832877,0.825767,0.843621,9,cohort x format,False,False,False,0.0,0.844375,-0.001293,no_flag
SYN-017,2026-08-10,attendance,0.945428,ok,4,0.940565,0.936925,0.946299,9,cohort x format,False,False,False,0.0,0.940785,0.004935,no_flag
SYN-017,2026-08-10,conversion,0.603744,ok,4,0.591065,0.575258,0.601227,9,cohort x format,False,False,False,0.0,0.598741,0.008356,no_flag
SYN-017,2026-08-10,on_time,0.935622,ok,4,0.920792,0.918033,0.92562,9,cohort x format,False,False,False,0.0,0.916031,0.021388,no_flag
SYN-017,2026-08-10,turnaround,5.743777,ok,4,6.08905,5.947772,6.151527,9,cohort x format,False,False,False,0.0,5.856489,-0.019246,no_flag
SYN-017,2026-08-10,recall_rate,0.179226,ok,4,0.182018,0.17161,0.185096,9,cohort x format,False,False,False,0.0,0.180171,-0.005242,no_flag
SYN-017,2026-08-10,exams,160.25,ok,4,150.25,143.75,163.0,9,cohort x format,,,,,,,
SYN-017,2026-08-17,utilization,0.835427,ok,4,0.834254,0.824176,0.848276,9,cohort x format,False,False,False,0.0,0.845,-0.011329,no_flag
SYN-017,2026-08-17,attendance,0.942857,ok,4,0.942053,0.939837,0.946377,9,cohort x format,False,False,False,0.0,0.940828,0.002156,no_flag
SYN-017,2026-08-17,conversion,0.60925,ok,4,0.596913,0.57085,0.601054,9,cohort x format,False,False,False,0.0,0.595912,0.022383,no_flag
SYN-017,2026-08-17,on_time,0.926667,ok,4,0.917073,0.913408,0.921376,9,cohort x format,False,False,False,0.0,0.915939,0.011712,no_flag
SYN-017,2026-08-17,turnaround,5.704,ok,4,6.079228,5.948894,6.229129,9,cohort x format,False,False,False,0.0,5.792358,-0.015254,no_flag
SYN-017,2026-08-17,recall_rate,0.185484,ok,4,0.184946,0.180894,0.187633,9,cohort x format,False,False,False,0.0,0.173866,0.06682,no_flag
SYN-017,2026-08-17,exams,156.75,ok,4,145.75,142.25,163.25,9,cohort x format,,,,,,,
SYN-018,2026-02-23,utilization,,insufficient_history,1,,,,0,suppressed,False,False,False,0.0,,,unavailable
SYN-018,2026-02-23,attendance,,insufficient_history,1,,,,0,suppressed,False,False,False,0.0,,,unavailable
SYN-018,2026-02-23,conversion,,insufficient_history,1,,,,0,suppressed,False,False,False,0.0,,,unavailable
SYN-018,2026-02-23,on_time,,insufficient_history,1,,,,0,suppressed,False,False,False,0.0,,,unavailable
SYN-018,2026-02-23,turnaround,,insufficient_history,1,,,,0,suppressed,False,False,False,0.0,,,unavailable
SYN-018,2026-02-23,recall_rate,,insufficient_history,1,,,,0,suppressed,False,False,False,0.0,,,not_eligible
SYN-018,2026-02-23,exams,,insufficient_history,1,,,,0,suppressed,,,,,,,
SYN-018,2026-03-02,utilization,,insufficient_history,2,,,,0,suppressed,False,False,False,0.0,,,unavailable
SYN-018,2026-03-02,attendance,,insufficient_history,2,,,,0,suppressed,False,False,False,0.0,,,unavailable
SYN-018,2026-03-02,conversion,,insufficient_history,2,,,,0,suppressed,False,False,False,0.0,,,unavailable
SYN-018,2026-03-02,on_time,,insufficient_history,2,,,,0,suppressed,False,False,False,0.0,,,unavailable
SYN-018,2026-03-02,turnaround,,insufficient_history,2,,,,0,suppressed,False,False,False,0.0,,,unavailable
SYN-018,2026-03-02,recall_rate,,insufficient_history,2,,,,0,suppressed,False,False,False,0.0,,,not_eligible
SYN-018,2026-03-02,exams,,insufficient_history,2,,,,0,suppressed,,,,,,,
SYN-018,2026-03-09,utilization,0.705056,ok,3,0.705167,0.686821,0.719789,7,cohort x format,False,False,False,0.0,,,no_flag
SYN-018,2026-03-09,attendance,0.944223,ok,3,0.943089,0.941663,0.945655,7,cohort x format,False,False,False,0.0,,,no_flag
SYN-018,2026-03-09,conversion,0.50211,ok,3,0.525862,0.503252,0.537343,7,cohort x format,False,False,False,0.0,,,no_flag
SYN-018,2026-03-09,on_time,0.945578,ok,3,0.885417,0.73607,0.920807,7,cohort x format,False,False,False,0.0,,,no_flag
SYN-018,2026-03-09,turnaround,5.74898,ok,3,6.219565,6.07927,9.683552,7,cohort x format,False,False,False,0.0,,,no_flag
SYN-018,2026-03-09,recall_rate,,suppressed,3,,,,0,suppressed,False,False,False,0.0,,,not_eligible
SYN-018,2026-03-09,exams,79.0,ok,3,73.666667,70.0,76.666667,7,cohort x format,,,,,,,
SYN-018,2026-03-16,utilization,0.710084,ok,4,0.707373,0.68925,0.721847,7,cohort x format,False,False,False,0.0,,,no_flag
SYN-018,2026-03-16,attendance,0.940828,ok,4,0.942177,0.941335,0.944721,7,cohort x format,False,False,False,0.0,,,no_flag
SYN-018,2026-03-16,conversion,0.512579,ok,4,0.530035,0.506974,0.537428,7,cohort x format,False,False,False,0.0,,,no_flag
SYN-018,2026-03-16,on_time,0.935323,ok,4,0.885496,0.737704,0.923027,7,cohort x format,False,False,False,0.0,,,no_flag
SYN-018,2026-03-16,turnaround,5.762687,ok,4,6.091803,6.005725,9.825648,7,cohort x format,False,False,False,0.0,,,no_flag
SYN-018,2026-03-16,recall_rate,,suppressed,4,,,,0,suppressed,False,False,False,0.0,,,not_eligible
SYN-018,2026-03-16,exams,79.5,ok,4,73.25,70.0,77.25,7,cohort x format,,,,,,,
SYN-018,2026-03-23,utilization,0.709812,ok,4,0.724425,0.698693,0.733106,6,cohort x format,False,False,False,0.0,,,no_flag
SYN-018,2026-03-23,attendance,0.944118,ok,4,0.942867,0.938709,0.94602,6,cohort x format,False,False,False,0.0,,,no_flag
SYN-018,2026-03-23,conversion,0.523364,ok,4,0.526932,0.511541,0.548247,6,cohort x format,False,False,False,0.0,,,no_flag
SYN-018,2026-03-23,on_time,0.927885,ok,4,0.812012,0.731861,0.910859,6,cohort x format,False,False,False,0.0,,,no_flag
SYN-018,2026-03-23,turnaround,5.753846,ok,4,7.995118,6.12543,9.704297,6,cohort x format,False,False,False,0.0,,,no_flag
SYN-018,2026-03-23,recall_rate,,suppressed,4,,,,0,suppressed,False,False,False,0.0,,,not_eligible
SYN-018,2026-03-23,exams,80.25,ok,4,77.25,70.4375,79.75,6,cohort x format,,,,,,,
SYN-018,2026-03-30,utilization,0.708502,ok,4,0.72809,0.647546,0.733353,7,cohort x format,False,False,False,0.0,,,no_flag
SYN-018,2026-03-30,attendance,0.94,ok,4,0.938235,0.937777,0.943864,7,cohort x format,False,False,False,0.0,,,no_flag
SYN-018,2026-03-30,conversion,0.516717,ok,4,0.521429,0.502026,0.546275,7,cohort x format,False,False,False,0.0,,,no_flag
SYN-018,2026-03-30,on_time,0.92891,ok,4,0.745856,0.741211,0.9093,7,cohort x format,False,False,False,0.0,,,no_flag
SYN-018,2026-03-30,turnaround,5.62891,ok,4,9.710628,6.173813,9.765424,7,cohort x format,False,False,False,0.0,,,no_flag
SYN-018,2026-03-30,recall_rate,0.104167,ok,4,,,,0,suppressed,False,False,False,0.0,,,not_eligible
SYN-018,2026-03-30,exams,82.25,ok,4,76.5,63.125,79.375,7,cohort x format,,,,,,,
SYN-018,2026-04-06,utilization,0.715152,ok,4,0.728874,0.62798,0.73933,6,cohort x format,False,False,False,0.0,,,no_flag
SYN-018,2026-04-06,attendance,0.937853,ok,4,0.940134,0.936553,0.941377,6,cohort x format,False,False,False,0.0,,,no_flag
SYN-018,2026-04-06,conversion,0.506024,ok,4,0.519066,0.504725,0.543211,6,cohort x format,False,False,False,0.0,,,no_flag
SYN-018,2026-04-06,on_time,0.927536,ok,4,0.831866,0.752859,0.911762,6,cohort x format,False,False,False,0.0,,,no_flag
SYN-018,2026-04-06,turnaround,5.623671,ok,4,8.028381,6.383173,9.678988,6,cohort x format,False,False,False,0.0,,,no_flag
SYN-018,2026-04-06,recall_rate,0.1,ok,4,,,,0,suppressed,False,False,False,0.0,,,not_eligible
SYN-018,2026-04-06,exams,83.0,ok,4,75.375,62.0625,81.75,6,cohort x format,,,,,,,
SYN-018,2026-04-13,utilization,0.711111,ok,4,0.730769,0.607143,0.742268,5,cohort x format,False,False,False,0.0,,,no_flag
SYN-018,2026-04-13,attendance,0.946023,ok,4,0.938889,0.937685,0.939024,5,cohort x format,False,False,False,0.0,,,no_flag
SYN-018,2026-04-13,conversion,0.507508,ok,4,0.5125,0.511628,0.525316,5,cohort x format,False,False,False,0.0,,,no_flag
SYN-018,2026-04-13,on_time,0.932367,ok,4,0.768116,0.752632,0.910714,5,cohort x format,False,False,False,0.0,,,no_flag
SYN-018,2026-04-13,turnaround,5.597585,ok,4,9.005797,6.551786,9.97,5,cohort x format,False,False,False,0.0,,,no_flag
SYN-018,2026-04-13,recall_rate,0.113208,ok,4,,,,0,suppressed,False,False,False,0.0,,,not_eligible
SYN-018,2026-04-13,exams,83.25,ok,4,75.25,60.0,79.0,5,cohort x format,,,,,,,
SYN-018,2026-04-20,utilization,0.721881,ok,4,0.678748,0.548838,0.7404,6,cohort x format,False,False,False,0.0,,,no_flag
SYN-018,2026-04-20,attendance,0.943343,ok,4,0.937124,0.934904,0.938923,6,cohort x format,False,False,False,0.0,,,no_flag
SYN-018,2026-04-20,conversion,0.504505,ok,4,0.515479,0.426857,0.523785,6,cohort x format,False,False,False,0.0,,,no_flag
SYN-018,2026-04-20,on_time,0.927536,ok,4,0.824735,0.750858,0.905682,6,cohort x format,False,False,False,0.0,,,no_flag
SYN-018,2026-04-20,turnaround,5.500966,ok,4,7.969185,6.629507,9.799254,6,cohort x format,False,False,False,0.0,,,no_flag
SYN-018,2026-04-20,recall_rate,0.118644,ok,4,,,,0,suppressed,False,False,False,0.0,,,not_eligible
SYN-018,2026-04-20,exams,83.25,ok,4,69.875,45.625,78.375,6,cohort x format,,,,,,,
SYN-018,2026-04-27,utilization,0.73706,ok,4,0.794072,0.77792,0.845863,11,cohort (fallback),False,False,False,0.0,0.706849,0.04274,no_flag
SYN-018,2026-04-27,attendance,0.946629,ok,4,0.941935,0.936781,0.942587,11,cohort (fallback),False,False,False,0.0,0.939922,0.007135,no_flag
SYN-018,2026-04-27,conversion,0.513353,ok,4,0.564327,0.552635,0.598528,11,cohort (fallback),False,False,False,0.0,0.507216,0.012099,no_flag
SYN-018,2026-04-27,on_time,0.924171,ok,4,0.924242,0.919243,0.929214,11,cohort (fallback),False,False,False,0.0,0.934211,-0.010747,no_flag
SYN-018,2026-04-27,turnaround,5.71327,ok,4,5.80101,5.744242,6.204341,11,cohort (fallback),False,False,False,0.0,5.638816,0.013204,no_flag
SYN-018,2026-04-27,recall_rate,0.126984,ok,4,0.151235,0.144627,0.154656,11,cohort (fallback),True,False,True,1.0,0.1,0.269841,flag
SYN-018,2026-04-27,exams,84.25,ok,4,114.0,95.5,119.5,11,cohort (fallback),,,,,,,
SYN-018,2026-05-04,utilization,0.736626,ok,4,0.795372,0.774327,0.83749,12,cohort (fallback),False,False,False,0.0,0.710928,0.036146,no_flag
SYN-018,2026-05-04,attendance,0.946927,ok,4,0.941638,0.935336,0.944535,12,cohort (fallback),False,False,False,0.0,0.940496,0.006838,no_flag
SYN-018,2026-05-04,conversion,0.525074,ok,4,0.565093,0.556975,0.60089,12,cohort (fallback),False,False,False,0.0,0.504394,0.041,no_flag
SYN-018,2026-05-04,on_time,0.917051,ok,4,0.927364,0.871879,0.931257,12,cohort (fallback),False,False,False,0.0,0.935028,-0.019227,no_flag
SYN-018,2026-05-04,turnaround,5.847465,ok,4,5.982841,5.861901,6.942051,12,cohort (fallback),False,False,False,0.0,5.675706,0.030262,no_flag
SYN-018,2026-05-04,recall_rate,0.138462,ok,4,0.147765,0.144295,0.153549,12,cohort (fallback),False,False,False,0.0,0.095238,0.453846,no_flag
SYN-018,2026-05-04,exams,84.75,ok,4,111.125,83.125,118.3125,12,cohort (fallback),,,,,,,
SYN-018,2026-05-11,utilization,0.748963,ok,4,0.765199,0.757143,0.76659,5,cohort x format,False,False,False,0.0,0.710608,0.053975,no_flag
SYN-018,2026-05-11,attendance,0.944598,ok,4,0.938838,0.935897,0.943396,5,cohort x format,False,False,False,0.0,0.943478,0.001187,no_flag
SYN-018,2026-05-11,conversion,0.530792,ok,4,0.557003,0.554795,0.569364,5,cohort x format,False,False,False,0.0,0.509985,0.0408,no_flag
SYN-018,2026-05-11,on_time,0.918182,ok,4,0.911392,0.758454,0.931174,5,cohort x format,False,False,False,0.0,0.933824,-0.01675,no_flag
SYN-018,2026-05-11,turnaround,6.078636,ok,4,6.053299,6.01498,9.395169,5,cohort x format,False,False,False,0.0,5.678922,0.070386,no_flag
SYN-018,2026-05-11,recall_rate,0.132353,ok,4,0.149254,0.149254,0.15,5,cohort x format,True,False,True,1.0,0.10101,0.310294,flag
SYN-018,2026-05-11,exams,85.25,ok,4,78.0,76.75,86.5,5,cohort x format,,,,,,,
SYN-018,2026-05-18,utilization,0.749482,ok,4,0.761603,0.757143,0.764569,5,cohort x format,False,False,False,0.0,0.715909,0.046896,no_flag
SYN-018,2026-05-18,attendance,0.947514,ok,4,0.939683,0.939024,0.943396,5,cohort x format,False,False,False,0.0,0.943723,0.004017,no_flag
SYN-018,2026-05-18,conversion,0.536443,ok,4,0.564189,0.561688,0.57478,5,cohort x format,False,False,False,0.0,0.513761,0.044148,no_flag
SYN-018,2026-05-18,on_time,0.928251,ok,4,0.915966,0.761905,0.920319,5,cohort x format,False,False,False,0.0,0.927711,0.000582,no_flag
SYN-018,2026-05-18,turnaround,6.255605,ok,4,6.178151,5.947012,9.305714,5,cohort x format,False,False,False,0.0,5.627711,0.111572,no_flag
SYN-018,2026-05-18,recall_rate,0.144928,ok,4,0.15625,0.152778,0.15942,5,cohort x format,False,False,False,0.0,0.104762,0.383399,no_flag
SYN-018,2026-05-18,exams,85.75,ok,4,79.25,77.0,85.25,5,cohort x format,,,,,,,
SYN-018,2026-05-25,utilization,0.744283,ok,4,0.763305,0.747863,0.771713,6,cohort x format,False,False,False,0.0,0.72262,0.029978,no_flag
SYN-018,2026-05-25,attendance,0.941341,ok,4,0.936657,0.931415,0.940053,6,cohort x format,False,False,False,0.0,0.943343,-0.002122,no_flag
SYN-018,2026-05-25,conversion,0.540059,ok,4,0.56523,0.556565,0.571716,6,cohort x format,False,False,False,0.0,0.515015,0.048628,no_flag
SYN-018,2026-05-25,on_time,0.927602,ok,4,0.84274,0.761097,0.921724,6,cohort x format,False,False,False,0.0,0.92654,0.001146,no_flag
SYN-018,2026-05-25,turnaround,6.232127,ok,4,7.813111,5.992514,9.553597,6,cohort x format,False,False,False,0.0,5.67109,0.098929,no_flag
SYN-018,2026-05-25,recall_rate,0.144928,ok,4,0.14607,0.138605,0.158847,6,cohort x format,False,False,False,0.0,0.117117,0.237458,no_flag
SYN-018,2026-05-25,exams,84.25,ok,4,80.0,76.6875,84.25,6,cohort x format,,,,,,,
SYN-018,2026-06-01,utilization,0.747899,ok,4,0.761963,0.74989,0.769113,6,cohort x format,False,False,False,0.0,0.72579,0.030462,no_flag
SYN-018,2026-06-01,attendance,0.941011,ok,4,0.935217,0.930117,0.941981,6,cohort x format,False,False,False,0.0,0.942416,-0.00149,no_flag
SYN-018,2026-06-01,conversion,0.537313,ok,4,0.561241,0.55183,0.576789,6,cohort x format,False,False,False,0.0,0.515648,0.042015,no_flag
SYN-018,2026-06-01,on_time,0.940367,ok,4,0.842679,0.760598,0.921811,6,cohort x format,False,False,False,0.0,0.92217,0.019733,no_flag
SYN-018,2026-06-01,turnaround,5.986697,ok,4,7.817325,6.112654,9.359262,6,cohort x format,False,False,False,0.0,5.738208,0.043304,no_flag
SYN-018,2026-06-01,recall_rate,0.148649,ok,4,0.147923,0.14206,0.158639,6,cohort x format,False,False,False,0.0,0.121739,0.221042,no_flag
SYN-018,2026-06-01,exams,83.75,ok,4,79.125,76.4375,84.625,6,cohort x format,,,,,,,
SYN-018,2026-06-08,utilization,0.748945,ok,4,0.767487,0.756169,0.774596,6,cohort x format,False,False,False,0.0,0.729785,0.026254,no_flag
SYN-018,2026-06-08,attendance,0.938028,ok,4,0.938098,0.931645,0.941869,6,cohort x format,False,False,False,0.0,0.945302,-0.007694,no_flag
SYN-018,2026-06-08,conversion,0.528529,ok,4,0.56043,0.549657,0.573265,6,cohort x format,False,False,False,0.0,0.519288,0.017795,no_flag
SYN-018,2026-06-08,on_time,0.935484,ok,4,0.838042,0.748633,0.922369,6,cohort x format,False,False,False,0.0,0.925059,0.01127,no_flag
SYN-018,2026-06-08,turnaround,5.7,ok,4,7.741037,6.04075,9.15224,6,cohort x format,False,False,False,0.0,5.845433,-0.02488,no_flag
SYN-018,2026-06-08,recall_rate,0.166667,ok,4,0.145716,0.137462,0.155323,6,cohort x format,False,False,False,0.0,0.123967,0.344444,no_flag
SYN-018,2026-06-08,exams,83.25,ok,4,80.875,77.3125,85.0,6,cohort x format,,,,,,,
SYN-018,2026-06-15,utilization,0.745763,ok,4,0.776657,0.760979,0.786977,6,cohort x format,False,False,False,0.0,0.735597,0.01382,no_flag
SYN-018,2026-06-15,attendance,0.934659,ok,4,0.934896,0.933642,0.938828,6,cohort x format,False,False,False,0.0,0.945455,-0.011418,no_flag
SYN-018,2026-06-15,conversion,0.544073,ok,4,0.56302,0.555317,0.571644,6,cohort x format,False,False,False,0.0,0.52071,0.044867,no_flag
SYN-018,2026-06-15,on_time,0.936073,ok,4,0.829629,0.739055,0.918602,6,cohort x format,False,False,False,0.0,0.927907,0.008801,no_flag
SYN-018,2026-06-15,turnaround,5.701826,ok,4,7.520686,6.035056,9.234976,6,cohort x format,False,False,False,0.0,5.892326,-0.03233,no_flag
SYN-018,2026-06-15,recall_rate,0.164557,ok,4,0.142164,0.133582,0.151136,6,cohort x format,False,False,False,0.0,0.132812,0.239017,no_flag
SYN-018,2026-06-15,exams,82.25,ok,4,81.625,78.25,86.125,6,cohort x format,,,,,,,
SYN-018,2026-06-22,utilization,0.755789,ok,4,0.780024,0.767664,0.791148,6,cohort x format,False,False,False,0.0,0.740664,0.020422,no_flag
SYN-018,2026-06-22,attendance,0.938719,ok,4,0.936999,0.933406,0.940541,6,cohort x format,False,False,False,0.0,0.943978,-0.005571,no_flag
SYN-018,2026-06-22,conversion,0.543027,ok,4,0.565517,0.562478,0.5731,6,cohort x format,False,False,False,0.0,0.526706,0.030986,no_flag
SYN-018,2026-06-22,on_time,0.927602,ok,4,0.824357,0.727669,0.914107,6,cohort x format,False,False,False,0.0,0.925926,0.00181,no_flag
SYN-018,2026-06-22,turnaround,5.859276,ok,4,7.290322,6.020308,9.178052,6,cohort x format,False,False,False,0.0,5.978704,-0.019976,no_flag
SYN-018,2026-06-22,recall_rate,0.154762,ok,4,0.143797,0.141597,0.149556,6,cohort x format,False,False,False,0.0,0.136364,0.134921,no_flag
SYN-018,2026-06-22,exams,84.25,ok,4,81.875,80.125,87.1875,6,cohort x format,,,,,,,
SYN-018,2026-06-29,utilization,0.767296,ok,4,0.788213,0.772404,0.799407,6,cohort x format,False,False,False,0.0,0.742204,0.033807,no_flag
SYN-018,2026-06-29,attendance,0.937158,ok,4,0.938415,0.937544,0.941184,6,cohort x format,False,False,False,0.0,0.943978,-0.007224,no_flag
SYN-018,2026-06-29,conversion,0.55102,ok,4,0.564031,0.562073,0.568925,6,cohort x format,False,False,False,0.0,0.531157,0.037396,no_flag
SYN-018,2026-06-29,on_time,0.912664,ok,4,0.825767,0.728803,0.914293,6,cohort x format,False,False,False,0.0,0.928736,-0.017305,no_flag
SYN-018,2026-06-29,turnaround,5.949782,ok,4,7.470404,6.017203,9.232616,6,cohort x format,False,False,False,0.0,5.917241,0.005499,no_flag
SYN-018,2026-06-29,recall_rate,0.146341,ok,4,0.147222,0.143254,0.151136,6,cohort x format,False,False,False,0.0,0.143885,0.017073,no_flag
SYN-018,2026-06-29,exams,85.75,ok,4,82.625,81.375,87.25,6,cohort x format,,,,,,,
SYN-018,2026-07-06,utilization,0.765073,ok,4,0.797101,0.785859,0.8,5,cohort x format,False,False,False,0.0,0.748954,0.021522,no_flag
SYN-018,2026-07-06,attendance,0.934783,ok,4,0.94026,0.936416,0.943182,5,cohort x format,False,False,False,0.0,0.941341,-0.006967,no_flag
SYN-018,2026-07-06,conversion,0.549419,ok,4,0.569132,0.561728,0.571823,5,cohort x format,False,False,False,0.0,0.529674,0.037278,no_flag
SYN-018,2026-07-06,on_time,0.90708,ok,4,0.910112,0.75814,0.916335,5,cohort x format,False,False,False,0.0,0.926773,-0.02125,no_flag
SYN-018,2026-07-06,turnaround,6.049558,ok,4,6.026977,5.940239,8.867593,5,cohort x format,False,False,False,0.0,5.890618,0.026982,no_flag
SYN-018,2026-07-06,recall_rate,0.139535,ok,4,0.155556,0.149425,0.157143,5,cohort x format,True,False,True,1.0,0.150685,-0.073996,flag
SYN-018,2026-07-06,exams,86.0,ok,4,83.0,81.0,90.5,5,cohort x format,,,,,,,
SYN-018,2026-07-13,utilization,0.780933,ok,4,0.793696,0.788963,0.796302,6,cohort x format,False,False,False,0.0,0.747644,0.044525,no_flag
SYN-018,2026-07-13,attendance,0.935065,ok,4,0.940776,0.935321,0.942361,6,cohort x format,False,False,False,0.0,0.941176,-0.006494,no_flag
SYN-018,2026-07-13,conversion,0.533333,ok,4,0.563026,0.557672,0.569058,6,cohort x format,False,False,False,0.0,0.540179,-0.012672,no_flag
SYN-018,2026-07-13,on_time,0.900862,ok,4,0.834037,0.739961,0.918074,6,cohort x format,False,False,False,0.0,0.932127,-0.033541,no_flag
SYN-018,2026-07-13,turnaround,5.861638,ok,4,7.439875,5.97707,9.457107,6,cohort x format,False,False,False,0.0,5.981222,-0.019993,no_flag
SYN-018,2026-07-13,recall_rate,0.136364,ok,4,0.157261,0.144157,0.159155,6,cohort x format,True,False,True,2.0,0.155405,-0.12253,flag
SYN-018,2026-07-13,exams,90.0,ok,4,82.625,81.5,88.875,6,cohort x format,,,,,,,
SYN-018,2026-07-20,utilization,0.780488,ok,4,0.79405,0.769787,0.801864,7,cohort x format,False,False,False,0.0,0.75,0.04065,no_flag
SYN-018,2026-07-20,attendance,0.940104,ok,4,0.937888,0.935867,0.944132,7,cohort x format,False,False,False,0.0,0.940028,8.1e-05,no_flag
SYN-018,2026-07-20,conversion,0.529086,ok,4,0.564854,0.557257,0.574017,7,cohort x format,False,False,False,0.0,0.541543,-0.023003,no_flag
SYN-018,2026-07-20,on_time,0.909871,ok,4,0.923387,0.760957,0.926348,7,cohort x format,False,False,False,0.0,0.927602,-0.019114,no_flag
SYN-018,2026-07-20,turnaround,5.815021,ok,4,5.939113,5.882253,9.100373,7,cohort x format,False,False,False,0.0,6.045701,-0.038156,no_flag
SYN-018,2026-07-20,recall_rate,0.144444,ok,4,0.152941,0.148388,0.156923,7,cohort x format,False,False,False,0.0,0.150327,-0.03913,no_flag
SYN-018,2026-07-20,exams,90.25,ok,4,82.0,79.833333,87.0,7,cohort x format,,,,,,,
SYN-018,2026-07-27,utilization,0.772177,ok,4,0.798768,0.775191,0.808267,7,cohort x format,False,False,False,0.0,0.757608,0.019231,no_flag
SYN-018,2026-07-27,attendance,0.942559,ok,4,0.941358,0.935475,0.943262,7,cohort x format,False,False,False,0.0,0.939058,0.003728,no_flag
SYN-018,2026-07-27,conversion,0.518006,ok,4,0.567213,0.560159,0.5764,7,cohort x format,False,False,False,0.0,0.544248,-0.048217,no_flag
SYN-018,2026-07-27,on_time,0.9163,ok,4,0.928571,0.745283,0.932723,7,cohort x format,False,False,False,0.0,0.926174,-0.010662,no_flag
SYN-018,2026-07-27,turnaround,5.985022,ok,4,6.015789,5.933135,9.284006,7,cohort x format,False,False,False,0.0,5.967785,0.002888,no_flag
SYN-018,2026-07-27,recall_rate,0.154639,ok,4,0.153061,0.15006,0.156854,7,cohort x format,False,False,False,0.0,0.147436,0.048857,no_flag
SYN-018,2026-07-27,exams,90.25,ok,4,83.0,80.958333,87.625,7,cohort x format,,,,,,,
SYN-018,2026-08-03,utilization,0.778905,ok,4,0.801354,0.778283,0.805288,7,cohort x format,False,False,False,0.0,0.757068,0.028844,no_flag
SYN-018,2026-08-03,attendance,0.945312,ok,4,0.938931,0.933308,0.941941,7,cohort x format,False,False,False,0.0,0.936376,0.009543,no_flag
SYN-018,2026-08-03,conversion,0.520661,ok,4,0.561308,0.55198,0.57407,7,cohort x format,False,False,False,0.0,0.539143,-0.034281,no_flag
SYN-018,2026-08-03,on_time,0.930131,ok,4,0.921569,0.741406,0.937811,7,cohort x format,False,False,False,0.0,0.920993,0.009922,no_flag
SYN-018,2026-08-03,turnaround,6.008297,ok,4,6.161991,6.092932,9.259629,7,cohort x format,False,False,False,0.0,5.87833,0.02211,no_flag
SYN-018,2026-08-03,recall_rate,0.144231,ok,4,0.151163,0.147591,0.155034,7,cohort x format,False,False,False,0.0,0.152439,-0.053846,no_flag
SYN-018,2026-08-03,exams,90.75,ok,4,82.5,81.0,87.75,7,cohort x format,,,,,,,
SYN-018,2026-08-10,utilization,0.776398,ok,4,0.8,0.775353,0.802763,7,cohort x format,False,False,False,0.0,0.763731,0.016586,no_flag
SYN-018,2026-08-10,attendance,0.949333,ok,4,0.941011,0.93639,0.94234,7,cohort x format,False,False,False,0.0,0.934871,0.01547,no_flag
SYN-018,2026-08-10,conversion,0.52809,ok,4,0.569659,0.560666,0.573604,7,cohort x format,False,False,False,0.0,0.538462,-0.019262,no_flag
SYN-018,2026-08-10,on_time,0.929204,ok,4,0.933333,0.750113,0.937121,7,cohort x format,False,False,False,0.0,0.91796,0.012248,no_flag
SYN-018,2026-08-10,turnaround,6.301327,ok,4,6.459545,5.983786,9.327867,7,cohort x format,False,False,False,0.0,5.784035,0.089434,no_flag
SYN-018,2026-08-10,recall_rate,0.151786,ok,4,0.157143,0.147434,0.16052,7,cohort x format,False,False,False,0.0,0.149701,0.013929,no_flag
SYN-018,2026-08-10,exams,89.0,ok,4,83.5,80.875,87.25,7,cohort x format,,,,,,,
SYN-018,2026-08-17,utilization,0.774737,ok,4,0.80042,0.780021,0.803419,7,cohort x format,False,False,False,0.0,0.768356,0.008305,no_flag
SYN-018,2026-08-17,attendance,0.945652,ok,4,0.938547,0.935961,0.943043,7,cohort x format,False,False,False,0.0,0.939435,0.006618,no_flag
SYN-018,2026-08-17,conversion,0.531609,ok,4,0.568452,0.556178,0.574103,7,cohort x format,False,False,False,0.0,0.535817,-0.007852,no_flag
SYN-018,2026-08-17,on_time,0.928571,ok,4,0.932075,0.748496,0.932723,7,cohort x format,False,False,False,0.0,0.918502,0.010963,no_flag
SYN-018,2026-08-17,turnaround,6.150446,ok,4,6.55991,6.10363,9.529685,7,cohort x format,False,False,False,0.0,5.836564,0.053779,no_flag
SYN-018,2026-08-17,recall_rate,0.141593,ok,4,0.150943,0.144781,0.16199,7,cohort x format,False,False,False,0.0,0.149425,-0.052417,no_flag
SYN-018,2026-08-17,exams,87.0,ok,4,83.75,81.5,87.25,7,cohort x format,,,,,,,
SYN-019,2026-02-23,utilization,,insufficient_history,1,,,,0,suppressed,False,False,False,0.0,,,unavailable
SYN-019,2026-02-23,attendance,,insufficient_history,1,,,,0,suppressed,False,False,False,0.0,,,unavailable
SYN-019,2026-02-23,conversion,,insufficient_history,1,,,,0,suppressed,False,False,False,0.0,,,unavailable
SYN-019,2026-02-23,on_time,,insufficient_history,1,,,,0,suppressed,False,False,False,0.0,,,unavailable
SYN-019,2026-02-23,turnaround,,insufficient_history,1,,,,0,suppressed,False,False,False,0.0,,,unavailable
SYN-019,2026-02-23,recall_rate,,insufficient_history,1,,,,0,suppressed,False,False,False,0.0,,,unavailable
SYN-019,2026-02-23,exams,,insufficient_history,1,,,,0,suppressed,,,,,,,
SYN-019,2026-03-02,utilization,,insufficient_history,2,,,,0,suppressed,False,False,False,0.0,,,unavailable
SYN-019,2026-03-02,attendance,,insufficient_history,2,,,,0,suppressed,False,False,False,0.0,,,unavailable
SYN-019,2026-03-02,conversion,,insufficient_history,2,,,,0,suppressed,False,False,False,0.0,,,unavailable
SYN-019,2026-03-02,on_time,,insufficient_history,2,,,,0,suppressed,False,False,False,0.0,,,unavailable
SYN-019,2026-03-02,turnaround,,insufficient_history,2,,,,0,suppressed,False,False,False,0.0,,,unavailable
SYN-019,2026-03-02,recall_rate,,insufficient_history,2,,,,0,suppressed,False,False,False,0.0,,,unavailable
SYN-019,2026-03-02,exams,,insufficient_history,2,,,,0,suppressed,,,,,,,
SYN-019,2026-03-09,utilization,0.944231,ok,3,0.833331,0.814197,0.854029,8,cohort x format,False,False,False,0.0,,,no_flag
SYN-019,2026-03-09,attendance,0.843177,ok,3,0.940358,0.936262,0.944267,8,cohort x format,True,False,True,1.0,,,flag
SYN-019,2026-03-09,conversion,0.574879,ok,3,0.604762,0.596341,0.627534,8,cohort x format,False,False,False,0.0,,,no_flag
SYN-019,2026-03-09,on_time,0.915493,ok,3,0.918188,0.914324,0.924192,8,cohort x format,False,False,False,0.0,,,no_flag
SYN-019,2026-03-09,turnaround,5.624296,ok,3,6.000197,5.852703,6.3072,8,cohort x format,False,False,False,0.0,,,no_flag
SYN-019,2026-03-09,recall_rate,0.151613,ok,3,0.182277,0.174396,0.184431,8,cohort x format,True,False,True,1.0,,,flag
SYN-019,2026-03-09,exams,138.0,ok,3,152.333333,149.0,157.5,8,cohort x format,,,,,,,
SYN-019,2026-03-16,utilization,0.943396,ok,4,0.834579,0.821353,0.854479,8,cohort x format,False,False,False,0.0,,,no_flag
SYN-019,2026-03-16,attendance,0.846154,ok,4,0.940979,0.935032,0.944022,8,cohort x format,True,False,True,2.0,,,flag
SYN-019,2026-03-16,conversion,0.574545,ok,4,0.60212,0.592994,0.629764,8,cohort x format,False,False,False,0.0,,,no_flag
SYN-019,2026-03-16,on_time,0.915344,ok,4,0.92445,0.916266,0.928021,8,cohort x format,False,False,False,0.0,,,no_flag
SYN-019,2026-03-16,turnaround,5.76746,ok,4,6.016766,5.781221,6.2469,8,cohort x format,False,False,False,0.0,,,no_flag
SYN-019,2026-03-16,recall_rate,0.157248,ok,4,0.183583,0.177807,0.184877,8,cohort x format,True,False,True,2.0,,,flag
SYN-019,2026-03-16,exams,137.5,ok,4,154.25,149.8125,158.125,8,cohort x format,,,,,,,
SYN-019,2026-03-23,utilization,0.933622,ok,4,0.83416,0.825068,0.851827,8,cohort x format,False,False,False,0.0,,,no_flag
SYN-019,2026-03-23,attendance,0.843895,ok,4,0.939427,0.936524,0.941883,8,cohort x format,True,False,True,3.0,,,flag
SYN-019,2026-03-23,conversion,0.57326,ok,4,0.606422,0.586304,0.62145,8,cohort x format,False,False,False,0.0,,,no_flag
SYN-019,2026-03-23,on_time,0.909091,ok,4,0.925183,0.920513,0.930609,8,cohort x format,False,False,False,0.0,,,no_flag
SYN-019,2026-03-23,turnaround,5.943583,ok,4,5.957339,5.841734,6.080119,8,cohort x format,False,False,False,0.0,,,no_flag
SYN-019,2026-03-23,recall_rate,0.167082,ok,4,0.182754,0.175688,0.185907,8,cohort x format,False,False,False,0.0,,,no_flag
SYN-019,2026-03-23,exams,136.5,ok,4,155.75,150.3125,157.1875,8,cohort x format,,,,,,,
SYN-019,2026-03-30,utilization,0.92582,ok,4,0.826762,0.825875,0.845504,8,cohort x format,False,False,False,0.0,,,no_flag
SYN-019,2026-03-30,attendance,0.839753,ok,4,0.939062,0.938031,0.944319,8,cohort x format,True,False,True,4.0,,,flag
SYN-019,2026-03-30,conversion,0.566972,ok,4,0.603187,0.589213,0.612759,8,cohort x format,False,False,False,0.0,,,no_flag
SYN-019,2026-03-30,on_time,0.905149,ok,4,0.927038,0.924967,0.930679,8,cohort x format,False,False,False,0.0,,,no_flag
SYN-019,2026-03-30,turnaround,5.871545,ok,4,6.123315,5.99574,6.176028,8,cohort x format,False,False,False,0.0,,,no_flag
SYN-019,2026-03-30,recall_rate,0.17199,ok,4,0.18357,0.18093,0.184657,8,cohort x format,False,False,False,0.0,,,no_flag
SYN-019,2026-03-30,exams,136.25,ok,4,154.875,150.4375,158.1875,8,cohort x format,,,,,,,
SYN-019,2026-04-06,utilization,0.931034,ok,4,0.831384,0.822629,0.832878,8,cohort x format,False,False,False,0.0,,,no_flag
SYN-019,2026-04-06,attendance,0.837963,ok,4,0.940814,0.939389,0.942976,8,cohort x format,True,False,True,5.0,,,flag
SYN-019,2026-04-06,conversion,0.565378,ok,4,0.599918,0.591303,0.608546,8,cohort x format,False,False,False,0.0,,,no_flag
SYN-019,2026-04-06,on_time,0.915531,ok,4,0.925316,0.920704,0.928975,8,cohort x format,False,False,False,0.0,,,no_flag
SYN-019,2026-04-06,turnaround,6.029428,ok,4,6.06437,5.954281,6.134727,8,cohort x format,False,False,False,0.0,,,no_flag
SYN-019,2026-04-06,recall_rate,0.174118,ok,4,0.182989,0.18012,0.184734,8,cohort x format,False,False,False,0.0,,,no_flag
SYN-019,2026-04-06,exams,135.75,ok,4,155.25,147.3125,159.0,8,cohort x format,,,,,,,
SYN-019,2026-04-13,utilization,0.923295,ok,4,0.832697,0.819658,0.83452,8,cohort x format,False,False,False,0.0,,,no_flag
SYN-019,2026-04-13,attendance,0.833846,ok,4,0.940348,0.935881,0.942591,8,cohort x format,True,False,True,6.0,,,flag
SYN-019,2026-04-13,conversion,0.570111,ok,4,0.5979,0.590961,0.607092,8,cohort x format,False,False,False,0.0,,,no_flag
SYN-019,2026-04-13,on_time,0.922252,ok,4,0.923905,0.919874,0.931153,8,cohort x format,False,False,False,0.0,,,no_flag
SYN-019,2026-04-13,turnaround,5.898123,ok,4,5.969675,5.877886,6.070852,8,cohort x format,False,False,False,0.0,,,no_flag
SYN-019,2026-04-13,recall_rate,0.175799,ok,4,0.178158,0.172709,0.183896,8,cohort x format,False,False,False,0.0,,,no_flag
SYN-019,2026-04-13,exams,135.5,ok,4,154.75,145.1875,157.3125,8,cohort x format,,,,,,,
SYN-019,2026-04-20,utilization,0.927007,ok,4,0.832387,0.816986,0.83761,8,cohort x format,False,False,False,0.0,,,no_flag
SYN-019,2026-04-20,attendance,0.83622,ok,4,0.936705,0.934446,0.938349,8,cohort x format,True,False,True,7.0,,,flag
SYN-019,2026-04-20,conversion,0.566855,ok,4,0.595115,0.592066,0.612317,8,cohort x format,False,False,False,0.0,,,no_flag
SYN-019,2026-04-20,on_time,0.931319,ok,4,0.918002,0.911264,0.921931,8,cohort x format,False,False,False,0.0,,,no_flag
SYN-019,2026-04-20,turnaround,5.824725,ok,4,5.993459,5.866995,6.041426,8,cohort x format,False,False,False,0.0,,,no_flag
SYN-019,2026-04-20,recall_rate,0.177986,ok,4,0.175585,0.170061,0.183487,8,cohort x format,False,False,False,0.0,,,no_flag
SYN-019,2026-04-20,exams,132.75,ok,4,154.75,145.1875,156.5,8,cohort x format,,,,,,,
SYN-019,2026-04-27,utilization,0.935294,ok,4,0.831889,0.824353,0.841269,8,cohort x format,False,False,False,0.0,0.93499,0.000325,no_flag
SYN-019,2026-04-27,attendance,0.842767,ok,4,0.935584,0.932445,0.940077,8,cohort x format,False,False,False,0.0,0.840491,0.002709,no_flag
SYN-019,2026-04-27,conversion,0.570896,ok,4,0.601937,0.592193,0.614183,8,cohort x format,False,False,False,0.0,0.56691,0.00703,no_flag
SYN-019,2026-04-27,on_time,0.937669,ok,4,0.919549,0.913682,0.928025,8,cohort x format,False,False,False,0.0,0.913669,0.026268,no_flag
SYN-019,2026-04-27,turnaround,5.849051,ok,4,5.996074,5.81632,6.221881,8,cohort x format,False,False,False,0.0,5.827518,0.003695,no_flag
SYN-019,2026-04-27,recall_rate,0.190045,ok,4,0.177772,0.172047,0.179572,8,cohort x format,False,False,False,0.0,0.160066,0.187293,no_flag
SYN-019,2026-04-27,exams,134.0,ok,4,156.125,145.375,156.8125,8,cohort x format,,,,,,,
SYN-019,2026-05-04,utilization,0.93265,ok,4,0.838838,0.822876,0.844805,8,cohort x format,False,False,False,0.0,0.936678,-0.0043,no_flag
SYN-019,2026-05-04,attendance,0.844584,ok,4,0.935528,0.933562,0.937703,8,cohort x format,False,False,False,0.0,0.840211,0.005205,no_flag
SYN-019,2026-05-04,conversion,0.572491,ok,4,0.602996,0.596536,0.616661,8,cohort x format,False,False,False,0.0,0.569488,0.005273,no_flag
SYN-019,2026-05-04,on_time,0.937158,ok,4,0.918483,0.912506,0.925016,8,cohort x format,False,False,False,0.0,0.915515,0.023641,no_flag
SYN-019,2026-05-04,turnaround,5.822678,ok,4,5.950854,5.861079,6.236917,8,cohort x format,False,False,False,0.0,5.852688,-0.005128,no_flag
SYN-019,2026-05-04,recall_rate,0.189394,ok,4,0.177022,0.174454,0.179433,8,cohort x format,False,False,False,0.0,0.164626,0.150451,no_flag
SYN-019,2026-05-04,exams,134.5,ok,4,155.625,146.125,157.75,8,cohort x format,,,,,,,
SYN-019,2026-05-11,utilization,0.944858,ok,4,0.832263,0.82313,0.83911,8,cohort x format,False,False,False,0.0,0.933238,0.012452,no_flag
SYN-019,2026-05-11,attendance,0.842271,ok,4,0.935485,0.930758,0.938264,8,cohort x format,False,False,False,0.0,0.84,0.002704,no_flag
SYN-019,2026-05-11,conversion,0.56367,ok,4,0.610822,0.589949,0.61895,8,cohort x format,False,False,False,0.0,0.572344,-0.015155,no_flag
SYN-019,2026-05-11,on_time,0.932584,ok,4,0.919404,0.909553,0.927215,8,cohort x format,False,False,False,0.0,0.918775,0.01503,no_flag
SYN-019,2026-05-11,turnaround,6.028371,ok,4,6.04899,5.941565,6.115304,8,cohort x format,False,False,False,0.0,5.832357,0.033608,no_flag
SYN-019,2026-05-11,recall_rate,0.187661,ok,4,0.177321,0.173388,0.18529,8,cohort x format,False,False,False,0.0,0.166864,0.124633,no_flag
SYN-019,2026-05-11,exams,133.5,ok,4,154.375,147.6875,157.375,8,cohort x format,,,,,,,
SYN-019,2026-05-18,utilization,0.941435,ok,4,0.8333,0.817284,0.839959,8,cohort x format,False,False,False,0.0,0.930334,0.011932,no_flag
SYN-019,2026-05-18,attendance,0.836703,ok,4,0.934217,0.929939,0.941515,8,cohort x format,True,False,True,1.0,0.840094,-0.004036,flag
SYN-019,2026-05-18,conversion,0.568773,ok,4,0.610275,0.580774,0.623839,8,cohort x format,False,False,False,0.0,0.570102,-0.002331,no_flag
SYN-019,2026-05-18,on_time,0.922865,ok,4,0.927163,0.914825,0.932235,8,cohort x format,False,False,False,0.0,0.920054,0.003055,no_flag
SYN-019,2026-05-18,turnaround,6.098347,ok,4,6.137833,6.03939,6.16165,8,cohort x format,False,False,False,0.0,5.884959,0.03626,no_flag
SYN-019,2026-05-18,recall_rate,0.188586,ok,4,0.176538,0.172112,0.182229,8,cohort x format,False,False,False,0.0,0.172705,0.09195,no_flag
SYN-019,2026-05-18,exams,134.5,ok,4,153.75,144.375,158.25,8,cohort x format,,,,,,,
SYN-019,2026-05-25,utilization,0.942393,ok,4,0.836888,0.821316,0.844332,7,cohort x format,False,False,False,0.0,0.930485,0.012797,no_flag
SYN-019,2026-05-25,attendance,0.827586,ok,4,0.939259,0.933758,0.940789,7,cohort x format,True,False,True,2.0,0.841245,-0.016237,flag
SYN-019,2026-05-25,conversion,0.568182,ok,4,0.61041,0.569857,0.617611,7,cohort x format,False,False,False,0.0,0.568918,-0.001293,no_flag
SYN-019,2026-05-25,on_time,0.918994,ok,4,0.92217,0.920294,0.926482,7,cohort x format,False,False,False,0.0,0.921409,-0.002621,no_flag
SYN-019,2026-05-25,turnaround,6.293296,ok,4,5.979717,5.913225,6.148806,7,cohort x format,False,False,False,0.0,5.860298,0.073887,no_flag
SYN-019,2026-05-25,recall_rate,0.18,ok,4,0.179337,0.176876,0.184361,7,cohort x format,False,False,False,0.0,0.18139,-0.007662,no_flag
SYN-019,2026-05-25,exams,132.0,ok,4,154.75,145.25,156.875,7,cohort x format,,,,,,,
SYN-019,2026-06-01,utilization,0.940565,ok,4,0.831241,0.822962,0.841966,7,cohort x format,False,False,False,0.0,0.931835,0.009369,no_flag
SYN-019,2026-06-01,attendance,0.827804,ok,4,0.938806,0.933234,0.940335,7,cohort x format,True,False,True,3.0,0.841245,-0.015978,flag
SYN-019,2026-06-01,conversion,0.55916,ok,4,0.609626,0.570282,0.617104,7,cohort x format,False,False,False,0.0,0.568918,-0.017151,no_flag
SYN-019,2026-06-01,on_time,0.914773,ok,4,0.926247,0.920648,0.929952,7,cohort x format,False,False,False,0.0,0.92633,-0.012477,no_flag
SYN-019,2026-06-01,turnaround,6.373295,ok,4,5.776627,5.711883,6.125025,7,cohort x format,True,False,True,1.0,5.926194,0.075445,flag
SYN-019,2026-06-01,recall_rate,0.175904,ok,4,0.183036,0.176093,0.186056,7,cohort x format,False,False,False,0.0,0.181486,-0.030759,no_flag
SYN-019,2026-06-01,exams,131.0,ok,4,155.0,144.625,157.125,7,cohort x format,,,,,,,
SYN-019,2026-06-08,utilization,0.932452,ok,4,0.828395,0.817845,0.840529,7,cohort x format,False,False,False,0.0,0.933818,-0.001463,no_flag
SYN-019,2026-06-08,attendance,0.828346,ok,4,0.938983,0.93667,0.940608,7,cohort x format,True,False,True,4.0,0.838006,-0.011527,flag
SYN-019,2026-06-08,conversion,0.568441,ok,4,0.604693,0.571454,0.614389,7,cohort x format,False,False,False,0.0,0.566914,0.002693,no_flag
SYN-019,2026-06-08,on_time,0.912429,ok,4,0.928571,0.923855,0.93001,7,cohort x format,False,False,False,0.0,0.927298,-0.016034,no_flag
SYN-019,2026-06-08,turnaround,6.244068,ok,4,5.930019,5.651101,6.112807,7,cohort x format,False,False,False,0.0,5.961728,0.047359,no_flag
SYN-019,2026-06-08,recall_rate,0.178733,ok,4,0.182994,0.17562,0.184216,7,cohort x format,False,False,False,0.0,0.181378,-0.014585,no_flag
SYN-019,2026-06-08,exams,131.5,ok,4,155.25,144.25,158.375,7,cohort x format,,,,,,,
SYN-019,2026-06-15,utilization,0.939259,ok,4,0.837121,0.818559,0.843312,7,cohort x format,False,False,False,0.0,0.934211,0.005404,no_flag
SYN-019,2026-06-15,attendance,0.828076,ok,4,0.939617,0.937248,0.940802,7,cohort x format,True,False,True,5.0,0.836463,-0.010027,flag
SYN-019,2026-06-15,conversion,0.571429,ok,4,0.584806,0.575776,0.611654,7,cohort x format,False,False,False,0.0,0.56782,0.006354,no_flag
SYN-019,2026-06-15,on_time,0.911429,ok,4,0.928105,0.921105,0.932235,7,cohort x format,False,False,False,0.0,0.927098,-0.016901,no_flag
SYN-019,2026-06-15,turnaround,6.073714,ok,4,5.85918,5.744902,6.003693,7,cohort x format,False,False,False,0.0,5.961348,0.018849,no_flag
SYN-019,2026-06-15,recall_rate,0.175325,ok,4,0.18543,0.176931,0.186398,7,cohort x format,False,False,False,0.0,0.183133,-0.042635,no_flag
SYN-019,2026-06-15,exams,131.25,ok,4,155.75,144.375,157.875,7,cohort x format,,,,,,,
SYN-019,2026-06-22,utilization,0.942197,ok,4,0.831419,0.806832,0.84118,8,cohort x format,False,False,False,0.0,0.938836,0.00358,no_flag
SYN-019,2026-06-22,attendance,0.834356,ok,4,0.938594,0.934154,0.943731,8,cohort x format,True,False,True,6.0,0.835165,-0.000969,flag
SYN-019,2026-06-22,conversion,0.580882,ok,4,0.590045,0.582688,0.608121,8,cohort x format,False,False,False,0.0,0.569549,0.019899,no_flag
SYN-019,2026-06-22,on_time,0.921622,ok,4,0.924068,0.922413,0.930644,8,cohort x format,False,False,False,0.0,0.928473,-0.007379,no_flag
SYN-019,2026-06-22,turnaround,5.821081,ok,4,5.877593,5.726517,5.94045,8,cohort x format,False,False,False,0.0,6.067813,-0.040662,no_flag
SYN-019,2026-06-22,recall_rate,0.172043,ok,4,0.179117,0.178649,0.183726,8,cohort x format,False,False,False,0.0,0.185273,-0.071409,no_flag
SYN-019,2026-06-22,exams,136.0,ok,4,149.75,142.4375,158.5,8,cohort x format,,,,,,,
SYN-019,2026-06-29,utilization,0.939828,ok,4,0.843137,0.821151,0.854167,9,cohort x format,False,False,False,0.0,0.936578,0.00347,no_flag
SYN-019,2026-06-29,attendance,0.827744,ok,4,0.943182,0.935961,0.945596,9,cohort x format,True,False,True,7.0,0.83622,-0.010137,flag
SYN-019,2026-06-29,conversion,0.574586,ok,4,0.593151,0.572289,0.610548,9,cohort x format,False,False,False,0.0,0.565913,0.015324,no_flag
SYN-019,2026-06-29,on_time,0.927614,ok,4,0.927536,0.92619,0.928839,9,cohort x format,False,False,False,0.0,0.926184,0.001544,no_flag
SYN-019,2026-06-29,turnaround,5.752547,ok,4,6.000451,5.682143,6.098488,9,cohort x format,False,False,False,0.0,6.092618,-0.055817,no_flag
SYN-019,2026-06-29,recall_rate,0.17735,ok,4,0.180645,0.17735,0.187373,9,cohort x format,False,False,False,0.0,0.182491,-0.028168,no_flag
SYN-019,2026-06-29,exams,135.75,ok,4,152.25,143.0,162.25,9,cohort x format,,,,,,,
SYN-019,2026-07-06,utilization,0.941691,ok,4,0.845963,0.827238,0.855542,9,cohort x format,False,False,False,0.0,0.938609,0.003283,no_flag
SYN-019,2026-07-06,attendance,0.832817,ok,4,0.942051,0.933116,0.942931,9,cohort x format,True,False,True,8.0,0.835303,-0.002976,flag
SYN-019,2026-07-06,conversion,0.561338,ok,4,0.588235,0.578864,0.612308,9,cohort x format,False,False,False,0.0,0.566038,-0.008302,no_flag
SYN-019,2026-07-06,on_time,0.928962,ok,4,0.930337,0.921512,0.93125,9,cohort x format,False,False,False,0.0,0.922535,0.006966,no_flag
SYN-019,2026-07-06,turnaround,5.678142,ok,4,6.049438,5.83375,6.086122,9,cohort x format,False,False,False,0.0,6.135915,-0.074606,no_flag
SYN-019,2026-07-06,recall_rate,0.182254,ok,4,0.183158,0.17418,0.184874,9,cohort x format,False,False,False,0.0,0.182912,-0.003597,no_flag
SYN-019,2026-07-06,exams,134.5,ok,4,152.25,144.5,160.75,9,cohort x format,,,,,,,
SYN-019,2026-07-13,utilization,0.939528,ok,4,0.839779,0.830892,0.851485,9,cohort x format,False,False,False,0.0,0.940353,-0.000878,no_flag
SYN-019,2026-07-13,attendance,0.835165,ok,4,0.940058,0.93517,0.941606,9,cohort x format,True,False,True,9.0,0.83242,0.003298,flag
SYN-019,2026-07-13,conversion,0.56203,ok,4,0.595365,0.584759,0.609302,9,cohort x format,False,False,False,0.0,0.570085,-0.014129,no_flag
SYN-019,2026-07-13,on_time,0.92663,ok,4,0.921429,0.914894,0.938575,9,cohort x format,False,False,False,0.0,0.917251,0.010226,no_flag
SYN-019,2026-07-13,turnaround,5.820109,ok,4,5.996044,5.861354,6.03383,9,cohort x format,False,False,False,0.0,6.086255,-0.043729,no_flag
SYN-019,2026-07-13,recall_rate,0.190601,ok,4,0.176692,0.172867,0.186404,9,cohort x format,False,False,False,0.0,0.181503,0.050124,no_flag
SYN-019,2026-07-13,exams,133.0,ok,4,155.25,144.25,161.25,9,cohort x format,,,,,,,
SYN-019,2026-07-20,utilization,0.928678,ok,4,0.835165,0.829721,0.849719,9,cohort x format,False,False,False,0.0,0.942294,-0.01445,no_flag
SYN-019,2026-07-20,attendance,0.8336,ok,4,0.938843,0.938623,0.943536,9,cohort x format,True,False,True,10.0,0.831008,0.003119,flag
SYN-019,2026-07-20,conversion,0.556622,ok,4,0.589862,0.587302,0.603873,9,cohort x format,False,False,False,0.0,0.574627,-0.031333,no_flag
SYN-019,2026-07-20,on_time,0.913165,ok,4,0.92511,0.918719,0.928747,9,cohort x format,False,False,False,0.0,0.92033,-0.007785,no_flag
SYN-019,2026-07-20,turnaround,5.983473,ok,4,6.075269,5.874255,6.106548,9,cohort x format,False,False,False,0.0,6.053297,-0.011535,no_flag
SYN-019,2026-07-20,recall_rate,0.198953,ok,4,0.177384,0.169811,0.181985,9,cohort x format,False,False,False,0.0,0.175723,0.132199,no_flag
SYN-019,2026-07-20,exams,130.25,ok,4,156.75,142.0,158.75,9,cohort x format,,,,,,,
SYN-019,2026-07-27,utilization,0.934328,ok,4,0.836387,0.824755,0.840336,9,cohort x format,False,False,False,0.0,0.94019,-0.006234,no_flag
SYN-019,2026-07-27,attendance,0.840256,ok,4,0.943536,0.933824,0.945,9,cohort x format,True,False,True,11.0,0.827773,0.015079,flag
SYN-019,2026-07-27,conversion,0.56654,ok,4,0.598214,0.587302,0.601575,9,cohort x format,False,False,False,0.0,0.56701,-0.00083,no_flag
SYN-019,2026-07-27,on_time,0.903047,ok,4,0.928747,0.92389,0.931452,9,cohort x format,False,False,False,0.0,0.921379,-0.019896,no_flag
SYN-019,2026-07-27,turnaround,5.982548,ok,4,6.060254,5.853317,6.202312,9,cohort x format,False,False,False,0.0,6.053931,-0.011791,no_flag
SYN-019,2026-07-27,recall_rate,0.195373,ok,4,0.172888,0.164589,0.180747,9,cohort x format,False,False,False,0.0,0.17667,0.10586,no_flag
SYN-019,2026-07-27,exams,131.5,ok,4,158.0,141.75,158.75,9,cohort x format,,,,,,,
SYN-019,2026-08-03,utilization,0.930473,ok,4,0.832902,0.825062,0.83795,9,cohort x format,False,False,False,0.0,0.937089,-0.007059,no_flag
SYN-019,2026-08-03,attendance,0.834658,ok,4,0.943802,0.940837,0.944171,9,cohort x format,True,False,True,12.0,0.830601,0.004885,flag
SYN-019,2026-08-03,conversion,0.571429,ok,4,0.593695,0.591099,0.604294,9,cohort x format,False,False,False,0.0,0.56485,0.011647,no_flag
SYN-019,2026-08-03,on_time,0.89415,ok,4,0.926036,0.91791,0.930328,9,cohort x format,False,False,False,0.0,0.920833,-0.028977,no_flag
SYN-019,2026-08-03,turnaround,6.169081,ok,4,6.039549,5.784486,6.146517,9,cohort x format,False,False,False,0.0,5.956389,0.035708,no_flag
SYN-019,2026-08-03,recall_rate,0.189258,ok,4,0.174664,0.171355,0.18254,9,cohort x format,False,False,False,0.0,0.180442,0.048857,no_flag
SYN-019,2026-08-03,exams,131.25,ok,4,157.0,143.75,161.5,9,cohort x format,,,,,,,
SYN-019,2026-08-10,utilization,0.926087,ok,4,0.832877,0.825767,0.843521,9,cohort x format,False,False,False,0.0,0.939394,-0.014165,no_flag
SYN-019,2026-08-10,attendance,0.832551,ok,4,0.945428,0.939063,0.946299,9,cohort x format,True,False,True,13.0,0.831629,0.001109,flag
SYN-019,2026-08-10,conversion,0.573308,ok,4,0.591304,0.582048,0.603744,9,cohort x format,False,False,False,0.0,0.566698,0.011664,no_flag
SYN-019,2026-08-10,on_time,0.901639,ok,4,0.922078,0.919708,0.931751,9,cohort x format,False,False,False,0.0,0.91922,-0.019126,no_flag
SYN-019,2026-08-10,turnaround,6.139891,ok,4,5.950615,5.743777,6.151527,9,cohort x format,False,False,False,0.0,5.943733,0.033003,no_flag
SYN-019,2026-08-10,recall_rate,0.185464,ok,4,0.179226,0.17161,0.184358,9,cohort x format,False,False,False,0.0,0.182249,0.017642,no_flag
SYN-019,2026-08-10,exams,133.0,ok,4,158.25,145.5,163.0,9,cohort x format,,,,,,,
SYN-019,2026-08-17,utilization,0.933333,ok,4,0.834254,0.824176,0.846154,9,cohort x format,False,False,False,0.0,0.935531,-0.002349,no_flag
SYN-019,2026-08-17,attendance,0.841615,ok,4,0.942857,0.940952,0.946377,9,cohort x format,True,False,True,14.0,0.833986,0.009148,flag
SYN-019,2026-08-17,conversion,0.551661,ok,4,0.598775,0.575549,0.60925,9,cohort x format,False,False,False,0.0,0.569014,-0.030498,no_flag
SYN-019,2026-08-17,on_time,0.913408,ok,4,0.920091,0.917012,0.926667,9,cohort x format,False,False,False,0.0,0.917469,-0.004427,no_flag
SYN-019,2026-08-17,turnaround,6.257821,ok,4,6.063693,5.734932,6.104366,9,cohort x format,False,False,False,0.0,5.900825,0.060499,no_flag
SYN-019,2026-08-17,recall_rate,0.189055,ok,4,0.184946,0.180894,0.186047,9,cohort x format,False,False,False,0.0,0.184179,0.02647,no_flag
SYN-019,2026-08-17,exams,135.5,ok,4,156.75,144.5,163.25,9,cohort x format,,,,,,,
SYN-020,2026-04-06,utilization,,insufficient_history,1,0.720554,0.656137,0.738618,7,cohort x format,False,False,False,0.0,,,unavailable
SYN-020,2026-04-06,attendance,,insufficient_history,1,0.939759,0.936668,0.941088,7,cohort x format,False,False,False,0.0,,,unavailable
SYN-020,2026-04-06,conversion,,insufficient_history,1,0.5189,0.503012,0.535218,7,cohort x format,False,False,False,0.0,,,unavailable
SYN-020,2026-04-06,on_time,,insufficient_history,1,0.909722,0.753243,0.919989,7,cohort x format,False,False,False,0.0,,,unavailable
SYN-020,2026-04-06,turnaround,,insufficient_history,1,6.48894,6.173958,9.641932,7,cohort x format,False,False,False,0.0,,,unavailable
SYN-020,2026-04-06,recall_rate,,not_applicable,0,,,,0,suppressed,False,False,False,0.0,,,not_eligible
SYN-020,2026-04-06,exams,,insufficient_history,1,78.0,65.625,83.0,7,cohort x format,,,,,,,
SYN-020,2026-04-13,utilization,,insufficient_history,2,0.72094,0.633135,0.739393,6,cohort x format,False,False,False,0.0,,,unavailable
SYN-020,2026-04-13,attendance,,insufficient_history,2,0.938957,0.937986,0.940638,6,cohort x format,False,False,False,0.0,,,unavailable
SYN-020,2026-04-13,conversion,,insufficient_history,2,0.512064,0.508538,0.522112,6,cohort x format,False,False,False,0.0,,,unavailable
SYN-020,2026-04-13,on_time,,insufficient_history,2,0.839415,0.756503,0.917276,6,cohort x format,False,False,False,0.0,,,unavailable
SYN-020,2026-04-13,turnaround,,insufficient_history,2,7.778791,6.422846,9.728949,6,cohort x format,False,False,False,0.0,,,unavailable
SYN-020,2026-04-13,recall_rate,,not_applicable,0,,,,0,suppressed,False,False,False,0.0,,,not_eligible
SYN-020,2026-04-13,exams,,insufficient_history,2,77.125,63.8125,82.1875,6,cohort x format,,,,,,,
SYN-020,2026-04-20,utilization,0.463602,ok,3,0.731003,0.643499,0.7404,6,cohort x format,True,False,True,1.0,,,flag
SYN-020,2026-04-20,attendance,0.933884,ok,3,0.938683,0.936585,0.94174,6,cohort x format,False,False,False,0.0,,,no_flag
SYN-020,2026-04-20,conversion,0.39823,ok,3,0.515479,0.506563,0.523785,6,cohort x format,True,False,True,1.0,,,flag
SYN-020,2026-04-20,on_time,0.877193,ok,3,0.843728,0.750858,0.92073,6,cohort x format,False,False,False,0.0,,,no_flag
SYN-020,2026-04-20,turnaround,6.940351,ok,3,7.761956,6.470183,9.799254,6,cohort x format,False,False,False,0.0,,,no_flag
SYN-020,2026-04-20,recall_rate,,not_applicable,0,,,,0,suppressed,False,False,False,0.0,,,not_eligible
SYN-020,2026-04-20,exams,37.666667,ok,3,78.25,65.8125,82.0625,6,cohort x format,,,,,,,
SYN-020,2026-04-27,utilization,0.461318,ok,4,0.738255,0.64218,0.751029,5,cohort x format,True,False,True,2.0,,,flag
SYN-020,2026-04-27,attendance,0.931677,ok,4,0.936364,0.93617,0.940959,5,cohort x format,False,False,False,0.0,,,no_flag
SYN-020,2026-04-27,conversion,0.406667,ok,4,0.52549,0.521036,0.532468,5,cohort x format,True,False,True,2.0,,,flag
SYN-020,2026-04-27,on_time,0.881579,ok,4,0.781095,0.74,0.919831,5,cohort x format,False,False,False,0.0,,,no_flag
SYN-020,2026-04-27,turnaround,6.605263,ok,4,9.165174,6.372152,9.9955,5,cohort x format,False,False,False,0.0,,,no_flag
SYN-020,2026-04-27,recall_rate,,not_applicable,0,,,,0,suppressed,False,False,False,0.0,,,not_eligible
SYN-020,2026-04-27,exams,37.5,ok,4,77.0,63.75,77.25,5,cohort x format,,,,,,,
SYN-020,2026-05-04,utilization,0.488636,ok,4,,,,0,suppressed,False,False,False,0.0,,,unavailable
SYN-020,2026-05-04,attendance,0.936047,ok,4,,,,0,suppressed,False,False,False,0.0,,,unavailable
SYN-020,2026-05-04,conversion,0.409938,ok,4,,,,0,suppressed,False,False,False,0.0,,,unavailable
SYN-020,2026-05-04,on_time,0.888889,ok,4,,,,0,suppressed,False,False,False,0.0,,,unavailable
SYN-020,2026-05-04,turnaround,6.548148,ok,4,,,,0,suppressed,False,False,False,0.0,,,unavailable
SYN-020,2026-05-04,recall_rate,,not_applicable,0,,,,0,suppressed,False,False,False,0.0,,,not_eligible
SYN-020,2026-05-04,exams,40.25,ok,4,,,,0,suppressed,,,,,,,
SYN-020,2026-05-11,utilization,0.508333,ok,4,,,,0,suppressed,False,False,False,0.0,,,unavailable
SYN-020,2026-05-11,attendance,0.934426,ok,4,,,,0,suppressed,False,False,False,0.0,,,unavailable
SYN-020,2026-05-11,conversion,0.421053,ok,4,,,,0,suppressed,False,False,False,0.0,,,unavailable
SYN-020,2026-05-11,on_time,0.88764,ok,4,,,,0,suppressed,False,False,False,0.0,,,unavailable
SYN-020,2026-05-11,turnaround,6.552809,ok,4,,,,0,suppressed,False,False,False,0.0,,,unavailable
SYN-020,2026-05-11,recall_rate,,not_applicable,0,,,,0,suppressed,False,False,False,0.0,,,not_eligible
SYN-020,2026-05-11,exams,42.75,ok,4,,,,0,suppressed,,,,,,,
SYN-020,2026-05-18,utilization,0.521858,ok,4,,,,0,suppressed,False,False,False,0.0,,,unavailable
SYN-020,2026-05-18,attendance,0.937173,ok,4,,,,0,suppressed,False,False,False,0.0,,,unavailable
SYN-020,2026-05-18,conversion,0.430168,ok,4,,,,0,suppressed,False,False,False,0.0,,,unavailable
SYN-020,2026-05-18,on_time,0.893617,ok,4,,,,0,suppressed,False,False,False,0.0,,,unavailable
SYN-020,2026-05-18,turnaround,6.2,ok,4,,,,0,suppressed,False,False,False,0.0,,,unavailable
SYN-020,2026-05-18,recall_rate,,not_applicable,0,,,,0,suppressed,False,False,False,0.0,,,not_eligible
SYN-020,2026-05-18,exams,44.75,ok,4,,,,0,suppressed,,,,,,,
SYN-020,2026-05-25,utilization,0.544236,ok,4,,,,0,suppressed,False,False,False,0.0,,,unavailable
SYN-020,2026-05-25,attendance,0.935961,ok,4,,,,0,suppressed,False,False,False,0.0,,,unavailable
SYN-020,2026-05-25,conversion,0.436842,ok,4,,,,0,suppressed,False,False,False,0.0,,,unavailable
SYN-020,2026-05-25,on_time,0.892157,ok,4,,,,0,suppressed,False,False,False,0.0,,,unavailable
SYN-020,2026-05-25,turnaround,6.338235,ok,4,,,,0,suppressed,False,False,False,0.0,,,unavailable
SYN-020,2026-05-25,recall_rate,,not_applicable,0,,,,0,suppressed,False,False,False,0.0,,,not_eligible
SYN-020,2026-05-25,exams,47.5,ok,4,,,,0,suppressed,,,,,,,
SYN-020,2026-06-01,utilization,0.556452,ok,4,,,,0,suppressed,False,False,False,0.0,,,unavailable
SYN-020,2026-06-01,attendance,0.932367,ok,4,,,,0,suppressed,False,False,False,0.0,,,unavailable
SYN-020,2026-06-01,conversion,0.455959,ok,4,,,,0,suppressed,False,False,False,0.0,,,unavailable
SYN-020,2026-06-01,on_time,0.888889,ok,4,,,,0,suppressed,False,False,False,0.0,,,unavailable
SYN-020,2026-06-01,turnaround,6.358333,ok,4,,,,0,suppressed,False,False,False,0.0,,,unavailable
SYN-020,2026-06-01,recall_rate,,not_applicable,0,,,,0,suppressed,False,False,False,0.0,,,not_eligible
SYN-020,2026-06-01,exams,48.25,ok,4,,,,0,suppressed,,,,,,,
SYN-020,2026-06-08,utilization,0.564987,ok,4,,,,0,suppressed,False,False,False,0.0,0.485019,0.164876,no_flag_own_baseline_only
SYN-020,2026-06-08,attendance,0.934272,ok,4,,,,0,suppressed,False,False,False,0.0,0.934363,-9.7e-05,no_flag_own_baseline_only
SYN-020,2026-06-08,conversion,0.447236,ok,4,,,,0,suppressed,False,False,False,0.0,0.417355,0.071596,no_flag_own_baseline_only
SYN-020,2026-06-08,on_time,0.899083,ok,4,,,,0,suppressed,False,False,False,0.0,0.888,0.01248,no_flag_own_baseline_only
SYN-020,2026-06-08,turnaround,6.437615,ok,4,,,,0,suppressed,False,False,False,0.0,6.6208,-0.027668,no_flag_own_baseline_only
SYN-020,2026-06-08,recall_rate,,not_applicable,0,,,,0,suppressed,False,False,False,0.0,,,not_eligible
SYN-020,2026-06-08,exams,49.75,ok,4,,,,0,suppressed,,,,,,,
SYN-020,2026-06-15,utilization,0.572917,ok,4,,,,0,suppressed,False,False,False,0.0,0.497608,0.151342,no_flag_own_baseline_only
SYN-020,2026-06-15,attendance,0.936364,ok,4,,,,0,suppressed,False,False,False,0.0,0.935897,0.000498,no_flag_own_baseline_only
SYN-020,2026-06-15,conversion,0.451456,ok,4,,,,0,suppressed,False,False,False,0.0,0.417808,0.080535,no_flag_own_baseline_only
SYN-020,2026-06-15,on_time,0.895652,ok,4,,,,0,suppressed,False,False,False,0.0,0.887417,0.00928,no_flag_own_baseline_only
SYN-020,2026-06-15,turnaround,6.46,ok,4,,,,0,suppressed,False,False,False,0.0,6.47947,-0.003005,no_flag_own_baseline_only
SYN-020,2026-06-15,recall_rate,,not_applicable,0,,,,0,suppressed,False,False,False,0.0,,,not_eligible
SYN-020,2026-06-15,exams,51.5,ok,4,,,,0,suppressed,,,,,,,
SYN-020,2026-06-22,utilization,0.586563,ok,4,,,,0,suppressed,False,False,False,0.0,0.504155,0.163458,no_flag_own_baseline_only
SYN-020,2026-06-22,attendance,0.938326,ok,4,,,,0,suppressed,False,False,False,0.0,0.934066,0.004561,no_flag_own_baseline_only
SYN-020,2026-06-22,conversion,0.455399,ok,4,,,,0,suppressed,False,False,False,0.0,0.423529,0.075248,no_flag_own_baseline_only
SYN-020,2026-06-22,on_time,0.891667,ok,4,,,,0,suppressed,False,False,False,0.0,0.88764,0.004536,no_flag_own_baseline_only
SYN-020,2026-06-22,turnaround,6.533333,ok,4,,,,0,suppressed,False,False,False,0.0,6.452247,0.012567,no_flag_own_baseline_only
SYN-020,2026-06-22,recall_rate,,not_applicable,0,,,,0,suppressed,False,False,False,0.0,,,not_eligible
SYN-020,2026-06-22,exams,53.25,ok,4,,,,0,suppressed,,,,,,,
SYN-020,2026-06-29,utilization,0.602532,ok,4,,,,0,suppressed,False,False,False,0.0,0.523481,0.15101,no_flag_own_baseline_only
SYN-020,2026-06-29,attendance,0.945378,ok,4,,,,0,suppressed,False,False,False,0.0,0.934037,0.012142,no_flag_own_baseline_only
SYN-020,2026-06-29,conversion,0.453333,ok,4,,,,0,suppressed,False,False,False,0.0,0.435028,0.042078,no_flag_own_baseline_only
SYN-020,2026-06-29,on_time,0.897638,ok,4,,,,0,suppressed,False,False,False,0.0,0.888889,0.009843,no_flag_own_baseline_only
SYN-020,2026-06-29,turnaround,6.459843,ok,4,,,,0,suppressed,False,False,False,0.0,6.439683,0.003131,no_flag_own_baseline_only
SYN-020,2026-06-29,recall_rate,,insufficient_history,1,,,,0,suppressed,False,False,False,0.0,,,not_eligible
SYN-020,2026-06-29,exams,56.25,ok,4,,,,0,suppressed,,,,,,,
SYN-020,2026-07-06,utilization,0.623441,ok,4,,,,0,suppressed,False,False,False,0.0,0.537313,0.160294,no_flag_own_baseline_only
SYN-020,2026-07-06,attendance,0.948,ok,4,,,,0,suppressed,False,False,False,0.0,0.934343,0.014616,no_flag_own_baseline_only
SYN-020,2026-07-06,conversion,0.472574,ok,4,,,,0,suppressed,False,False,False,0.0,0.435135,0.086039,no_flag_own_baseline_only
SYN-020,2026-07-06,on_time,0.892857,ok,4,,,,0,suppressed,False,False,False,0.0,0.893939,-0.001211,no_flag_own_baseline_only
SYN-020,2026-07-06,turnaround,6.090714,ok,4,,,,0,suppressed,False,False,False,0.0,6.489394,-0.061436,no_flag_own_baseline_only
SYN-020,2026-07-06,recall_rate,,insufficient_history,2,,,,0,suppressed,False,False,False,0.0,,,not_eligible
SYN-020,2026-07-06,exams,59.25,ok,4,,,,0,suppressed,,,,,,,
SYN-020,2026-07-13,utilization,0.630923,ok,4,,,,0,suppressed,False,False,False,0.0,0.548,0.151319,no_flag_own_baseline_only
SYN-020,2026-07-13,attendance,0.944664,ok,4,,,,0,suppressed,False,False,False,0.0,0.93674,0.00846,no_flag_own_baseline_only
SYN-020,2026-07-13,conversion,0.48954,ok,4,,,,0,suppressed,False,False,False,0.0,0.441558,0.108664,no_flag_own_baseline_only
SYN-020,2026-07-13,on_time,0.90411,ok,4,,,,0,suppressed,False,False,False,0.0,0.894737,0.010475,no_flag_own_baseline_only
SYN-020,2026-07-13,turnaround,6.008904,ok,4,,,,0,suppressed,False,False,False,0.0,6.343062,-0.052681,no_flag_own_baseline_only
SYN-020,2026-07-13,recall_rate,,suppressed,3,,,,0,suppressed,False,False,False,0.0,,,not_eligible
SYN-020,2026-07-13,exams,59.75,ok,4,,,,0,suppressed,,,,,,,
SYN-020,2026-07-20,utilization,0.644608,ok,4,,,,0,suppressed,False,False,False,0.0,0.565789,0.139307,no_flag_own_baseline_only
SYN-020,2026-07-20,attendance,0.95057,ok,4,,,,0,suppressed,False,False,False,0.0,0.937209,0.014256,no_flag_own_baseline_only
SYN-020,2026-07-20,conversion,0.492,ok,4,,,,0,suppressed,False,False,False,0.0,0.44665,0.101533,no_flag_own_baseline_only
SYN-020,2026-07-20,on_time,0.915033,ok,4,,,,0,suppressed,False,False,False,0.0,0.891892,0.025946,no_flag_own_baseline_only
SYN-020,2026-07-20,turnaround,5.908497,ok,4,,,,0,suppressed,False,False,False,0.0,6.443694,-0.083057,no_flag_own_baseline_only
SYN-020,2026-07-20,recall_rate,,suppressed,4,,,,0,suppressed,False,False,False,0.0,,,not_eligible
SYN-020,2026-07-20,exams,62.5,ok,4,,,,0,suppressed,,,,,,,
SYN-020,2026-07-27,utilization,0.656934,ok,4,,,,0,suppressed,False,False,False,0.0,0.580183,0.132289,no_flag_own_baseline_only
SYN-020,2026-07-27,attendance,0.948148,ok,4,,,,0,suppressed,False,False,False,0.0,0.939326,0.009392,no_flag_own_baseline_only
SYN-020,2026-07-27,conversion,0.503906,ok,4,,,,0,suppressed,False,False,False,0.0,0.454545,0.108594,no_flag_own_baseline_only
SYN-020,2026-07-27,on_time,0.91875,ok,4,,,,0,suppressed,False,False,False,0.0,0.893617,0.028125,no_flag_own_baseline_only
SYN-020,2026-07-27,turnaround,5.69375,ok,4,,,,0,suppressed,False,False,False,0.0,6.413191,-0.112182,no_flag_own_baseline_only
SYN-020,2026-07-27,recall_rate,,suppressed,4,,,,0,suppressed,False,False,False,0.0,,,not_eligible
SYN-020,2026-07-27,exams,64.0,ok,4,,,,0,suppressed,,,,,,,
SYN-020,2026-08-03,utilization,0.654412,ok,4,,,,0,suppressed,False,False,False,0.0,0.595116,0.099638,no_flag_own_baseline_only
SYN-020,2026-08-03,attendance,0.940075,ok,4,,,,0,suppressed,False,False,False,0.0,0.941685,-0.001709,no_flag_own_baseline_only
SYN-020,2026-08-03,conversion,0.498008,ok,4,,,,0,suppressed,False,False,False,0.0,0.461009,0.080256,no_flag_own_baseline_only
SYN-020,2026-08-03,on_time,0.928571,ok,4,,,,0,suppressed,False,False,False,0.0,0.895582,0.036835,no_flag_own_baseline_only
SYN-020,2026-08-03,turnaround,5.724026,ok,4,,,,0,suppressed,False,False,False,0.0,6.24257,-0.083066,no_flag_own_baseline_only
SYN-020,2026-08-03,recall_rate,,suppressed,4,,,,0,suppressed,False,False,False,0.0,,,not_eligible
SYN-020,2026-08-03,exams,62.75,ok,4,,,,0,suppressed,,,,,,,
SYN-020,2026-08-10,utilization,0.660287,ok,4,,,,0,suppressed,False,False,False,0.0,0.602548,0.095825,no_flag_own_baseline_only
SYN-020,2026-08-10,attendance,0.942029,ok,4,,,,0,suppressed,False,False,False,0.0,0.940803,0.001303,no_flag_own_baseline_only
SYN-020,2026-08-10,conversion,0.496154,ok,4,,,,0,suppressed,False,False,False,0.0,0.47191,0.051374,no_flag_own_baseline_only
SYN-020,2026-08-10,on_time,0.93038,ok,4,,,,0,suppressed,False,False,False,0.0,0.900383,0.033315,no_flag_own_baseline_only
SYN-020,2026-08-10,turnaround,5.989241,ok,4,,,,0,suppressed,False,False,False,0.0,6.207663,-0.035186,no_flag_own_baseline_only
SYN-020,2026-08-10,recall_rate,,suppressed,4,,,,0,suppressed,False,False,False,0.0,,,not_eligible
SYN-020,2026-08-10,exams,65.0,ok,4,,,,0,suppressed,,,,,,,
SYN-020,2026-08-17,utilization,0.660377,ok,4,,,,0,suppressed,False,False,False,0.0,0.616352,0.071429,no_flag_own_baseline_only
SYN-020,2026-08-17,attendance,0.939286,ok,4,,,,0,suppressed,False,False,False,0.0,0.944898,-0.00594,no_flag_own_baseline_only
SYN-020,2026-08-17,conversion,0.490494,ok,4,,,,0,suppressed,False,False,False,0.0,0.475162,0.032268,no_flag_own_baseline_only
SYN-020,2026-08-17,on_time,0.924528,ok,4,,,,0,suppressed,False,False,False,0.0,0.904762,0.021847,no_flag_own_baseline_only
SYN-020,2026-08-17,turnaround,5.813836,ok,4,,,,0,suppressed,False,False,False,0.0,6.18315,-0.059729,no_flag_own_baseline_only
SYN-020,2026-08-17,recall_rate,,suppressed,4,,,,0,suppressed,False,False,False,0.0,,,not_eligible
SYN-020,2026-08-17,exams,65.75,ok,4,,,,0,suppressed,,,,,,,
SYN-021,2026-02-23,utilization,,insufficient_history,1,,,,0,suppressed,False,False,False,0.0,,,unavailable
SYN-021,2026-02-23,attendance,,insufficient_history,1,,,,0,suppressed,False,False,False,0.0,,,unavailable
SYN-021,2026-02-23,conversion,,insufficient_history,1,,,,0,suppressed,False,False,False,0.0,,,unavailable
SYN-021,2026-02-23,on_time,,insufficient_history,1,,,,0,suppressed,False,False,False,0.0,,,unavailable
SYN-021,2026-02-23,turnaround,,insufficient_history,1,,,,0,suppressed,False,False,False,0.0,,,unavailable
SYN-021,2026-02-23,recall_rate,,insufficient_history,1,,,,0,suppressed,False,False,False,0.0,,,unavailable
SYN-021,2026-02-23,exams,,insufficient_history,1,,,,0,suppressed,,,,,,,
SYN-021,2026-03-02,utilization,,insufficient_history,2,,,,0,suppressed,False,False,False,0.0,,,unavailable
SYN-021,2026-03-02,attendance,,insufficient_history,2,,,,0,suppressed,False,False,False,0.0,,,unavailable
SYN-021,2026-03-02,conversion,,insufficient_history,2,,,,0,suppressed,False,False,False,0.0,,,unavailable
SYN-021,2026-03-02,on_time,,insufficient_history,2,,,,0,suppressed,False,False,False,0.0,,,unavailable
SYN-021,2026-03-02,turnaround,,insufficient_history,2,,,,0,suppressed,False,False,False,0.0,,,unavailable
SYN-021,2026-03-02,recall_rate,,insufficient_history,2,,,,0,suppressed,False,False,False,0.0,,,unavailable
SYN-021,2026-03-02,exams,,insufficient_history,2,,,,0,suppressed,,,,,,,
SYN-021,2026-03-09,utilization,0.794521,ok,3,0.831111,0.791388,0.857616,7,cohort (fallback),False,False,False,0.0,,,no_flag
SYN-021,2026-03-09,attendance,0.933908,ok,3,0.939474,0.932623,0.941456,7,cohort (fallback),False,False,False,0.0,,,no_flag
SYN-021,2026-03-09,conversion,0.584615,ok,3,0.604167,0.574952,0.625564,7,cohort (fallback),False,False,False,0.0,,,no_flag
SYN-021,2026-03-09,on_time,0.912281,ok,3,0.936441,0.929043,0.93863,7,cohort (fallback),False,False,False,0.0,,,no_flag
SYN-021,2026-03-09,turnaround,5.998684,ok,3,5.681667,5.596017,5.990291,7,cohort (fallback),False,False,False,0.0,,,no_flag
SYN-021,2026-03-09,recall_rate,0.153846,ok,3,0.147059,0.141941,0.150914,7,cohort (fallback),False,False,False,0.0,,,no_flag
SYN-021,2026-03-09,exams,108.333333,ok,3,118.0,114.166667,118.666667,7,cohort (fallback),,,,,,,
SYN-021,2026-03-16,utilization,0.797963,ok,4,0.828666,0.791964,0.850694,7,cohort (fallback),False,False,False,0.0,,,no_flag
SYN-021,2026-03-16,attendance,0.93617,ok,4,0.940711,0.934568,0.942056,7,cohort (fallback),False,False,False,0.0,,,no_flag
SYN-021,2026-03-16,conversion,0.575,ok,4,0.588496,0.573482,0.624761,7,cohort (fallback),False,False,False,0.0,,,no_flag
SYN-021,2026-03-16,on_time,0.914191,ok,4,0.931034,0.928119,0.93663,7,cohort (fallback),False,False,False,0.0,,,no_flag
SYN-021,2026-03-16,turnaround,5.924752,ok,4,5.760502,5.59164,6.041655,7,cohort (fallback),False,False,False,0.0,,,no_flag
SYN-021,2026-03-16,recall_rate,0.154135,ok,4,0.148,0.144314,0.148662,7,cohort (fallback),False,False,False,0.0,,,no_flag
SYN-021,2026-03-16,exams,110.0,ok,4,117.25,114.75,118.75,7,cohort (fallback),,,,,,,
SYN-021,2026-03-23,utilization,0.80303,ok,4,0.81748,0.782862,0.837044,8,cohort (fallback),False,False,False,0.0,,,no_flag
SYN-021,2026-03-23,attendance,0.937107,ok,4,0.941498,0.934275,0.942965,8,cohort (fallback),False,False,False,0.0,,,no_flag
SYN-021,2026-03-23,conversion,0.579418,ok,4,0.583709,0.557421,0.620395,8,cohort (fallback),False,False,False,0.0,,,no_flag
SYN-021,2026-03-23,on_time,0.916933,ok,4,0.93188,0.923744,0.938877,8,cohort (fallback),False,False,False,0.0,,,no_flag
SYN-021,2026-03-23,turnaround,5.839617,ok,4,5.992243,5.8364,6.093501,8,cohort (fallback),False,False,False,0.0,,,no_flag
SYN-021,2026-03-23,recall_rate,0.153558,ok,4,0.148786,0.146104,0.149562,8,cohort (fallback),False,False,False,0.0,,,no_flag
SYN-021,2026-03-23,exams,111.75,ok,4,115.625,111.75,119.5,8,cohort (fallback),,,,,,,
SYN-021,2026-03-30,utilization,0.793333,ok,4,0.810457,0.781869,0.828804,8,cohort (fallback),False,False,False,0.0,,,no_flag
SYN-021,2026-03-30,attendance,0.934874,ok,4,0.940019,0.932052,0.940394,8,cohort (fallback),False,False,False,0.0,,,no_flag
SYN-021,2026-03-30,conversion,0.58427,ok,4,0.585806,0.554556,0.613085,8,cohort (fallback),False,False,False,0.0,,,no_flag
SYN-021,2026-03-30,on_time,0.911111,ok,4,0.921458,0.915784,0.933728,8,cohort (fallback),False,False,False,0.0,,,no_flag
SYN-021,2026-03-30,turnaround,5.720952,ok,4,5.943017,5.787648,6.012055,8,cohort (fallback),False,False,False,0.0,,,no_flag
SYN-021,2026-03-30,recall_rate,0.154362,ok,4,0.149295,0.143309,0.153564,8,cohort (fallback),False,False,False,0.0,,,no_flag
SYN-021,2026-03-30,exams,111.25,ok,4,114.0,109.125,118.5,8,cohort (fallback),,,,,,,
SYN-021,2026-04-06,utilization,0.798046,ok,4,0.797735,0.770979,0.829604,9,cohort (fallback),False,False,False,0.0,,,no_flag
SYN-021,2026-04-06,attendance,0.936735,ok,4,0.941043,0.933868,0.942688,9,cohort (fallback),False,False,False,0.0,,,no_flag
SYN-021,2026-04-06,conversion,0.586057,ok,4,0.567265,0.553125,0.611607,9,cohort (fallback),False,False,False,0.0,,,no_flag
SYN-021,2026-04-06,on_time,0.916149,ok,4,0.912568,0.911864,0.926829,9,cohort (fallback),False,False,False,0.0,,,no_flag
SYN-021,2026-04-06,turnaround,5.796894,ok,4,5.901719,5.857627,6.12163,9,cohort (fallback),False,False,False,0.0,,,no_flag
SYN-021,2026-04-06,recall_rate,0.151203,ok,4,0.147541,0.146417,0.148649,9,cohort (fallback),False,False,False,0.0,,,no_flag
SYN-021,2026-04-06,exams,114.75,ok,4,112.0,103.75,116.5,9,cohort (fallback),,,,,,,
SYN-021,2026-04-13,utilization,0.796694,ok,4,0.790574,0.763699,0.833379,10,cohort (fallback),False,False,False,0.0,,,no_flag
SYN-021,2026-04-13,attendance,0.935685,ok,4,0.938349,0.935634,0.94135,10,cohort (fallback),False,False,False,0.0,,,no_flag
SYN-021,2026-04-13,conversion,0.59867,ok,4,0.56573,0.553982,0.597766,10,cohort (fallback),False,False,False,0.0,,,no_flag
SYN-021,2026-04-13,on_time,0.920245,ok,4,0.913876,0.906367,0.927788,10,cohort (fallback),False,False,False,0.0,,,no_flag
SYN-021,2026-04-13,turnaround,5.529141,ok,4,5.896546,5.761647,6.313432,10,cohort (fallback),False,False,False,0.0,,,no_flag
SYN-021,2026-04-13,recall_rate,0.153061,ok,4,0.149569,0.13858,0.153343,10,cohort (fallback),False,False,False,0.0,,,no_flag
SYN-021,2026-04-13,exams,112.75,ok,4,111.75,88.375,115.75,10,cohort (fallback),,,,,,,
SYN-021,2026-04-20,utilization,0.795681,ok,4,0.787324,0.768256,0.834231,10,cohort (fallback),False,False,False,0.0,,,no_flag
SYN-021,2026-04-20,attendance,0.939457,ok,4,0.937635,0.93502,0.941384,10,cohort (fallback),False,False,False,0.0,,,no_flag
SYN-021,2026-04-20,conversion,0.588889,ok,4,0.562619,0.552079,0.601306,10,cohort (fallback),False,False,False,0.0,,,no_flag
SYN-021,2026-04-20,on_time,0.915361,ok,4,0.918937,0.912825,0.92522,10,cohort (fallback),False,False,False,0.0,,,no_flag
SYN-021,2026-04-20,turnaround,5.552978,ok,4,5.944567,5.708884,6.084891,10,cohort (fallback),False,False,False,0.0,,,no_flag
SYN-021,2026-04-20,recall_rate,0.155116,ok,4,0.149689,0.142857,0.152206,10,cohort (fallback),False,False,False,0.0,,,no_flag
SYN-021,2026-04-20,exams,112.5,ok,4,110.875,90.125,117.5625,10,cohort (fallback),,,,,,,
SYN-021,2026-04-27,utilization,0.805324,ok,4,0.787267,0.762812,0.845863,11,cohort (fallback),False,False,False,0.0,0.79148,0.017492,no_flag
SYN-021,2026-04-27,attendance,0.942149,ok,4,0.941935,0.936781,0.943549,11,cohort (fallback),False,False,False,0.0,0.934844,0.007814,no_flag
SYN-021,2026-04-27,conversion,0.589912,ok,4,0.563291,0.548637,0.595238,11,cohort (fallback),False,False,False,0.0,0.587879,0.003459,no_flag
SYN-021,2026-04-27,on_time,0.92638,ok,4,0.924171,0.919243,0.929214,11,cohort (fallback),False,False,False,0.0,0.91453,0.012958,no_flag
SYN-021,2026-04-27,turnaround,5.792331,ok,4,5.80101,5.725015,6.204341,11,cohort (fallback),False,False,False,0.0,5.859615,-0.011483,no_flag
SYN-021,2026-04-27,recall_rate,0.148276,ok,4,0.151235,0.139104,0.154656,11,cohort (fallback),False,False,False,0.0,0.153477,-0.03389,no_flag
SYN-021,2026-04-27,exams,114.0,ok,4,108.0,84.875,119.5,11,cohort (fallback),,,,,,,
SYN-021,2026-05-04,utilization,0.800338,ok,4,0.790706,0.756736,0.83749,12,cohort (fallback),False,False,False,0.0,0.796578,0.004721,no_flag
SYN-021,2026-05-04,attendance,0.942918,ok,4,0.942277,0.935336,0.944959,12,cohort (fallback),False,False,False,0.0,0.935561,0.007863,no_flag
SYN-021,2026-05-04,conversion,0.598655,ok,4,0.560951,0.550073,0.593772,12,cohort (fallback),False,False,False,0.0,0.585459,0.022539,no_flag
SYN-021,2026-05-04,on_time,0.929231,ok,4,0.924874,0.871879,0.931257,12,cohort (fallback),False,False,False,0.0,0.914545,0.016058,no_flag
SYN-021,2026-05-04,turnaround,5.941231,ok,4,5.964226,5.841713,6.942051,12,cohort (fallback),False,False,False,0.0,5.880545,0.01032,no_flag
SYN-021,2026-05-04,recall_rate,0.144295,ok,4,0.147765,0.143936,0.153549,12,cohort (fallback),False,False,False,0.0,0.152263,-0.052331,no_flag
SYN-021,2026-05-04,exams,111.5,ok,4,108.25,82.9375,118.3125,12,cohort (fallback),,,,,,,
SYN-021,2026-05-11,utilization,0.792988,ok,4,0.790952,0.765199,0.834711,13,cohort (fallback),False,False,False,0.0,0.79732,-0.005433,no_flag
SYN-021,2026-05-11,attendance,0.945263,ok,4,0.94186,0.936128,0.944598,13,cohort (fallback),False,False,False,0.0,0.935924,0.009978,no_flag
SYN-021,2026-05-11,conversion,0.599109,ok,4,0.569364,0.554795,0.58,13,cohort (fallback),False,False,False,0.0,0.586981,0.020662,no_flag
SYN-021,2026-05-11,on_time,0.929664,ok,4,0.926045,0.911392,0.93401,13,cohort (fallback),False,False,False,0.0,0.917329,0.013446,no_flag
SYN-021,2026-05-11,turnaround,6.477982,ok,4,6.078636,5.977215,6.352632,13,cohort (fallback),False,False,False,0.0,5.719714,0.132571,no_flag
SYN-021,2026-05-11,recall_rate,0.138614,ok,4,0.149254,0.145907,0.15,13,cohort (fallback),False,False,False,0.0,0.153571,-0.097398,no_flag
SYN-021,2026-05-11,exams,112.25,ok,4,107.0,85.25,119.25,13,cohort (fallback),,,,,,,
SYN-021,2026-05-18,utilization,0.79062,ok,4,0.781751,0.760488,0.811236,12,cohort (fallback),False,False,False,0.0,0.799331,-0.010898,no_flag
SYN-021,2026-05-18,attendance,0.938559,ok,4,0.942401,0.939518,0.94499,12,cohort (fallback),False,False,False,0.0,0.938285,0.000293,no_flag
SYN-021,2026-05-18,conversion,0.595937,ok,4,0.569485,0.553274,0.585476,12,cohort (fallback),False,False,False,0.0,0.584169,0.020144,no_flag
SYN-021,2026-05-18,on_time,0.933962,ok,4,0.925162,0.877451,0.93297,12,cohort (fallback),False,False,False,0.0,0.916139,0.019454,no_flag
SYN-021,2026-05-18,turnaround,6.5,ok,4,6.114001,5.936421,7.105493,12,cohort (fallback),False,False,False,0.0,5.694937,0.141365,no_flag
SYN-021,2026-05-18,recall_rate,0.140523,ok,4,0.15021,0.147243,0.155213,12,cohort (fallback),False,False,False,0.0,0.154386,-0.089795,no_flag
SYN-021,2026-05-18,exams,110.75,ok,4,96.625,83.75,119.4375,12,cohort (fallback),,,,,,,
SYN-021,2026-05-25,utilization,0.78798,ok,4,0.778291,0.761905,0.802795,13,cohort (fallback),False,False,False,0.0,0.799334,-0.014204,no_flag
SYN-021,2026-05-25,attendance,0.940678,ok,4,0.940217,0.933754,0.94246,13,cohort (fallback),False,False,False,0.0,0.938542,0.002276,no_flag
SYN-021,2026-05-25,conversion,0.596847,ok,4,0.564211,0.554455,0.580925,13,cohort (fallback),False,False,False,0.0,0.587125,0.016558,no_flag
SYN-021,2026-05-25,on_time,0.927445,ok,4,0.924623,0.764977,0.940299,13,cohort (fallback),False,False,False,0.0,0.918877,0.009324,no_flag
SYN-021,2026-05-25,turnaround,6.315773,ok,4,6.232127,5.85,9.274757,13,cohort (fallback),False,False,False,0.0,5.757254,0.097011,no_flag
SYN-021,2026-05-25,recall_rate,0.148026,ok,4,0.146497,0.143541,0.154545,13,cohort (fallback),False,False,False,0.0,0.151361,-0.022028,no_flag
SYN-021,2026-05-25,exams,111.0,ok,4,86.5,80.5,118.0,13,cohort (fallback),,,,,,,
SYN-021,2026-06-01,utilization,0.785235,ok,4,0.776224,0.759834,0.794992,13,cohort (fallback),False,False,False,0.0,0.79917,-0.017437,no_flag
SYN-021,2026-06-01,attendance,0.944444,ok,4,0.938976,0.93038,0.94152,13,cohort (fallback),False,False,False,0.0,0.939772,0.004972,no_flag
SYN-021,2026-06-01,conversion,0.59276,ok,4,0.568027,0.550955,0.582609,13,cohort (fallback),False,False,False,0.0,0.592265,0.000836,no_flag
SYN-021,2026-06-01,on_time,0.93125,ok,4,0.924623,0.763547,0.939799,13,cohort (fallback),False,False,False,0.0,0.92272,0.009244,no_flag
SYN-021,2026-06-01,turnaround,6.239688,ok,4,6.025514,5.95287,9.260577,13,cohort (fallback),False,False,False,0.0,5.869397,0.063088,no_flag
SYN-021,2026-06-01,recall_rate,0.150943,ok,4,0.145985,0.141593,0.154545,13,cohort (fallback),False,False,False,0.0,0.147708,0.021904,no_flag
SYN-021,2026-06-01,exams,110.5,ok,4,86.25,79.75,117.5,13,cohort (fallback),,,,,,,
SYN-021,2026-06-08,utilization,0.794314,ok,4,0.776923,0.760915,0.8,13,cohort (fallback),False,False,False,0.0,0.79485,-0.000674,no_flag
SYN-021,2026-06-08,attendance,0.943158,ok,4,0.938028,0.930091,0.940574,13,cohort (fallback),False,False,False,0.0,0.940439,0.002891,no_flag
SYN-021,2026-06-08,conversion,0.587054,ok,4,0.568571,0.54878,0.584302,13,cohort (fallback),False,False,False,0.0,0.598889,-0.019762,no_flag
SYN-021,2026-06-08,on_time,0.9279,ok,4,0.925311,0.754902,0.939394,13,cohort (fallback),False,False,False,0.0,0.924962,0.003176,no_flag
SYN-021,2026-06-08,turnaround,6.087461,ok,4,5.928344,5.767974,9.082488,13,cohort (fallback),False,False,False,0.0,6.004288,0.013852,no_flag
SYN-021,2026-06-08,recall_rate,0.153846,ok,4,0.151852,0.138889,0.16129,13,cohort (fallback),False,False,False,0.0,0.145729,0.055703,no_flag
SYN-021,2026-06-08,exams,112.0,ok,4,87.5,82.0,114.75,13,cohort (fallback),,,,,,,
SYN-021,2026-06-15,utilization,0.808896,ok,4,0.78692,0.766393,0.809745,13,cohort (fallback),False,False,False,0.0,0.793161,0.019839,no_flag
SYN-021,2026-06-15,attendance,0.947047,ok,4,0.935551,0.933535,0.938534,13,cohort (fallback),False,False,False,0.0,0.939012,0.008557,no_flag
SYN-021,2026-06-15,conversion,0.589247,ok,4,0.569405,0.554878,0.581395,13,cohort (fallback),False,False,False,0.0,0.592385,-0.005297,no_flag
SYN-021,2026-06-15,on_time,0.925595,ok,4,0.92233,0.741935,0.936073,13,cohort (fallback),False,False,False,0.0,0.924647,0.001026,no_flag
SYN-021,2026-06-15,turnaround,6.30625,ok,4,5.974272,5.871654,8.823963,13,cohort (fallback),False,False,False,0.0,6.025746,0.046551,no_flag
SYN-021,2026-06-15,recall_rate,0.147799,ok,4,0.151079,0.134328,0.152727,13,cohort (fallback),False,False,False,0.0,0.147783,0.000105,no_flag
SYN-021,2026-06-15,exams,116.25,ok,4,88.25,82.0,112.5,13,cohort (fallback),,,,,,,
SYN-021,2026-06-22,utilization,0.806344,ok,4,0.79063,0.769524,0.810882,12,cohort (fallback),False,False,False,0.0,0.796667,0.012147,no_flag
SYN-021,2026-06-22,attendance,0.94617,ok,4,0.936781,0.932091,0.940179,12,cohort (fallback),False,False,False,0.0,0.941423,0.005043,no_flag
SYN-021,2026-06-22,conversion,0.59081,ok,4,0.566636,0.557325,0.578033,12,cohort (fallback),False,False,False,0.0,0.593333,-0.004253,no_flag
SYN-021,2026-06-22,on_time,0.915663,ok,4,0.916007,0.74223,0.935609,12,cohort (fallback),False,False,False,0.0,0.926905,-0.012129,no_flag
SYN-021,2026-06-22,turnaround,6.403916,ok,4,6.036397,5.963397,8.755108,12,cohort (fallback),False,False,False,0.0,6.050389,0.05843,no_flag
SYN-021,2026-06-22,recall_rate,0.138462,ok,4,0.145838,0.141517,0.153257,12,cohort (fallback),False,False,False,0.0,0.148148,-0.065385,no_flag
SYN-021,2026-06-22,exams,114.25,ok,4,89.375,82.1875,109.25,12,cohort (fallback),,,,,,,
SYN-021,2026-06-29,utilization,0.800664,ok,4,0.798398,0.777498,0.816248,12,cohort (fallback),False,False,False,0.0,0.792755,0.009977,no_flag
SYN-021,2026-06-29,attendance,0.939834,ok,4,0.937589,0.934189,0.94043,12,cohort (fallback),False,False,False,0.0,0.943677,-0.004072,no_flag
SYN-021,2026-06-29,conversion,0.598234,ok,4,0.564031,0.556545,0.585818,12,cohort (fallback),False,False,False,0.0,0.595721,0.004219,no_flag
SYN-021,2026-06-29,on_time,0.914634,ok,4,0.913861,0.735957,0.930986,12,cohort (fallback),False,False,False,0.0,0.930233,-0.016768,no_flag
SYN-021,2026-06-29,turnaround,6.380793,ok,4,6.059423,5.931973,8.94901,12,cohort (fallback),False,False,False,0.0,6.089302,0.047869,no_flag
SYN-021,2026-06-29,recall_rate,0.142415,ok,4,0.148171,0.142583,0.153291,12,cohort (fallback),False,False,False,0.0,0.147727,-0.035961,no_flag
SYN-021,2026-06-29,exams,113.25,ok,4,89.75,82.6875,110.1875,12,cohort (fallback),,,,,,,
SYN-021,2026-07-06,utilization,0.791946,ok,4,0.800363,0.79148,0.818614,11,cohort (fallback),False,False,False,0.0,0.793651,-0.002148,no_flag
SYN-021,2026-07-06,attendance,0.940678,ok,4,0.93712,0.935415,0.941721,11,cohort (fallback),False,False,False,0.0,0.944211,-0.003741,no_flag
SYN-021,2026-07-06,conversion,0.605856,ok,4,0.569132,0.553177,0.590654,11,cohort (fallback),False,False,False,0.0,0.593088,0.021528,no_flag
SYN-021,2026-07-06,on_time,0.907407,ok,4,0.916335,0.83261,0.936497,11,cohort (fallback),False,False,False,0.0,0.928793,-0.023025,no_flag
SYN-021,2026-07-06,turnaround,6.359568,ok,4,6.026977,5.938068,7.476999,11,cohort (fallback),False,False,False,0.0,6.285139,0.011842,no_flag
SYN-021,2026-07-06,recall_rate,0.146409,ok,4,0.149425,0.144509,0.156349,11,cohort (fallback),False,False,False,0.0,0.146179,0.00157,no_flag
SYN-021,2026-07-06,exams,111.0,ok,4,91.75,84.5,112.875,11,cohort (fallback),,,,,,,
SYN-021,2026-07-13,utilization,0.776846,ok,4,0.794461,0.789102,0.81339,12,cohort (fallback),False,False,False,0.0,0.799834,-0.028741,no_flag
SYN-021,2026-07-13,attendance,0.946004,ok,4,0.936901,0.934682,0.940727,12,cohort (fallback),False,False,False,0.0,0.942887,0.003306,no_flag
SYN-021,2026-07-13,conversion,0.598174,ok,4,0.564484,0.551366,0.588807,12,cohort (fallback),False,False,False,0.0,0.592511,0.009557,no_flag
SYN-021,2026-07-13,on_time,0.893082,ok,4,0.915406,0.753151,0.928595,12,cohort (fallback),False,False,False,0.0,0.929664,-0.03935,no_flag
SYN-021,2026-07-13,turnaround,6.27673,ok,4,6.130934,5.869793,8.767433,12,cohort (fallback),False,False,False,0.0,6.400459,-0.019331,no_flag
SYN-021,2026-07-13,recall_rate,0.146199,ok,4,0.155777,0.144756,0.158161,12,cohort (fallback),False,False,False,0.0,0.144231,0.013645,no_flag
SYN-021,2026-07-13,exams,109.5,ok,4,91.125,82.9375,112.8125,12,cohort (fallback),,,,,,,
SYN-021,2026-07-20,utilization,0.776119,ok,4,0.79405,0.785933,0.814385,13,cohort (fallback),False,False,False,0.0,0.797162,-0.026397,no_flag
SYN-021,2026-07-20,attendance,0.944444,ok,4,0.936404,0.935673,0.940104,13,cohort (fallback),False,False,False,0.0,0.943455,0.001048,no_flag
SYN-021,2026-07-20,conversion,0.59276,ok,4,0.564854,0.55287,0.588764,13,cohort (fallback),False,False,False,0.0,0.593785,-0.001725,no_flag
SYN-021,2026-07-20,on_time,0.912226,ok,4,0.923387,0.764151,0.925094,13,cohort (fallback),False,False,False,0.0,0.921418,-0.009976,no_flag
SYN-021,2026-07-20,turnaround,6.152038,ok,4,5.939113,5.815021,8.82,13,cohort (fallback),False,False,False,0.0,6.360863,-0.03283,no_flag
SYN-021,2026-07-20,recall_rate,0.15,ok,4,0.150943,0.145833,0.157635,13,cohort (fallback),False,False,False,0.0,0.143084,0.048333,no_flag
SYN-021,2026-07-20,exams,110.5,ok,4,91.25,82.0,111.25,13,cohort (fallback),,,,,,,
SYN-021,2026-07-27,utilization,0.775777,ok,4,0.798768,0.783826,0.818627,13,cohort (fallback),False,False,False,0.0,0.792988,-0.021704,no_flag
SYN-021,2026-07-27,attendance,0.947257,ok,4,0.94,0.933206,0.942559,13,cohort (fallback),False,False,False,0.0,0.942105,0.005469,no_flag
SYN-021,2026-07-27,conversion,0.585746,ok,4,0.567213,0.557065,0.580866,13,cohort (fallback),False,False,False,0.0,0.595531,-0.01643,no_flag
SYN-021,2026-07-27,on_time,0.902516,ok,4,0.920489,0.75,0.932432,13,cohort (fallback),False,False,False,0.0,0.92284,-0.022023,no_flag
SYN-021,2026-07-27,turnaround,6.102201,ok,4,6.015789,5.914919,8.948673,13,cohort (fallback),False,False,False,0.0,6.311111,-0.033102,no_flag
SYN-021,2026-07-27,recall_rate,0.150997,ok,4,0.153061,0.147453,0.158537,13,cohort (fallback),False,False,False,0.0,0.146646,0.029672,no_flag
SYN-021,2026-07-27,exams,112.25,ok,4,92.0,83.0,109.75,13,cohort (fallback),,,,,,,
SYN-021,2026-08-03,utilization,0.783172,ok,4,0.801354,0.778905,0.814876,13,cohort (fallback),False,False,False,0.0,0.793132,-0.012559,no_flag
SYN-021,2026-08-03,attendance,0.946281,ok,4,0.938931,0.93499,0.942857,13,cohort (fallback),False,False,False,0.0,0.941922,0.004628,no_flag
SYN-021,2026-08-03,conversion,0.574236,ok,4,0.572755,0.545752,0.580046,13,cohort (fallback),False,False,False,0.0,0.596413,-0.037184,no_flag
SYN-021,2026-08-03,on_time,0.914826,ok,4,0.921569,0.744493,0.936,13,cohort (fallback),False,False,False,0.0,0.917574,-0.002994,no_flag
SYN-021,2026-08-03,turnaround,6.078549,ok,4,6.122264,6.008297,8.99823,13,cohort (fallback),False,False,False,0.0,6.224572,-0.023459,no_flag
SYN-021,2026-08-03,recall_rate,0.148688,ok,4,0.151163,0.144295,0.157895,13,cohort (fallback),False,False,False,0.0,0.149773,-0.007244,no_flag
SYN-021,2026-08-03,exams,114.5,ok,4,91.75,82.5,107.75,13,cohort (fallback),,,,,,,
SYN-021,2026-08-10,utilization,0.781553,ok,4,0.8,0.784929,0.804651,13,cohort (fallback),False,False,False,0.0,0.793017,-0.014456,no_flag
SYN-021,2026-08-10,attendance,0.942029,ok,4,0.941011,0.935091,0.943503,13,cohort (fallback),False,False,False,0.0,0.946541,-0.004767,no_flag
SYN-021,2026-08-10,conversion,0.582418,ok,4,0.573134,0.553398,0.577495,13,cohort (fallback),False,False,False,0.0,0.593577,-0.0188,no_flag
SYN-021,2026-08-10,on_time,0.935897,ok,4,0.929204,0.756637,0.933333,13,cohort (fallback),False,False,False,0.0,0.909786,0.028701,no_flag
SYN-021,2026-08-10,turnaround,6.1,ok,4,6.301327,6.036471,9.238034,13,cohort (fallback),False,False,False,0.0,6.291896,-0.030499,no_flag
SYN-021,2026-08-10,recall_rate,0.148256,ok,4,0.151786,0.14433,0.157143,13,cohort (fallback),False,False,False,0.0,0.14697,0.008751,no_flag
SYN-021,2026-08-10,exams,113.75,ok,4,90.75,83.5,109.5,13,cohort (fallback),,,,,,,
SYN-021,2026-08-17,utilization,0.791391,ok,4,0.843391,0.827329,0.855196,13,cohort (fallback),False,False,False,0.0,0.791181,0.000265,no_flag
SYN-021,2026-08-17,attendance,0.943515,ok,4,0.940952,0.939837,0.942943,13,cohort (fallback),False,False,False,0.0,0.945321,-0.001911,no_flag
SYN-021,2026-08-17,conversion,0.585366,ok,4,0.598775,0.575549,0.610942,13,cohort (fallback),False,False,False,0.0,0.591769,-0.01082,no_flag
SYN-021,2026-08-17,on_time,0.939103,ok,4,0.920091,0.913408,0.926667,13,cohort (fallback),False,False,False,0.0,0.913978,0.027489,no_flag
SYN-021,2026-08-17,turnaround,6.176923,ok,4,6.104366,5.948894,6.229129,13,cohort (fallback),False,False,False,0.0,6.280492,-0.016491,no_flag
SYN-021,2026-08-17,recall_rate,0.157303,ok,4,0.184946,0.174946,0.187633,13,cohort (fallback),True,False,True,1.0,0.144526,0.088412,flag
SYN-021,2026-08-17,exams,112.75,ok,4,145.75,138.0,157.0,13,cohort (fallback),,,,,,,
SYN-022,2026-02-23,utilization,,insufficient_history,1,,,,0,suppressed,False,False,False,0.0,,,unavailable
SYN-022,2026-02-23,attendance,,insufficient_history,1,,,,0,suppressed,False,False,False,0.0,,,unavailable
SYN-022,2026-02-23,conversion,,insufficient_history,1,,,,0,suppressed,False,False,False,0.0,,,unavailable
SYN-022,2026-02-23,on_time,,insufficient_history,1,,,,0,suppressed,False,False,False,0.0,,,unavailable
SYN-022,2026-02-23,turnaround,,insufficient_history,1,,,,0,suppressed,False,False,False,0.0,,,unavailable
SYN-022,2026-02-23,recall_rate,,insufficient_history,1,,,,0,suppressed,False,False,False,0.0,,,unavailable
SYN-022,2026-02-23,exams,,insufficient_history,1,,,,0,suppressed,,,,,,,
SYN-022,2026-03-02,utilization,,insufficient_history,2,,,,0,suppressed,False,False,False,0.0,,,unavailable
SYN-022,2026-03-02,attendance,,insufficient_history,2,,,,0,suppressed,False,False,False,0.0,,,unavailable
SYN-022,2026-03-02,conversion,,insufficient_history,2,,,,0,suppressed,False,False,False,0.0,,,unavailable
SYN-022,2026-03-02,on_time,,insufficient_history,2,,,,0,suppressed,False,False,False,0.0,,,unavailable
SYN-022,2026-03-02,turnaround,,insufficient_history,2,,,,0,suppressed,False,False,False,0.0,,,unavailable
SYN-022,2026-03-02,recall_rate,,insufficient_history,2,,,,0,suppressed,False,False,False,0.0,,,unavailable
SYN-022,2026-03-02,exams,,insufficient_history,2,,,,0,suppressed,,,,,,,
SYN-022,2026-03-09,utilization,0.822259,ok,3,0.847751,0.814197,0.864804,8,cohort x format,False,False,False,0.0,,,no_flag
SYN-022,2026-03-09,attendance,0.933333,ok,3,0.940358,0.934378,0.944267,8,cohort x format,False,False,False,0.0,,,no_flag
SYN-022,2026-03-09,conversion,0.601732,ok,3,0.604762,0.578846,0.627534,8,cohort x format,False,False,False,0.0,,,no_flag
SYN-022,2026-03-09,on_time,0.933131,ok,3,0.915821,0.914324,0.920474,8,cohort x format,False,False,False,0.0,,,no_flag
SYN-022,2026-03-09,turnaround,6.130091,ok,3,5.870089,5.796721,6.3072,8,cohort x format,False,False,False,0.0,,,no_flag
SYN-022,2026-03-09,recall_rate,0.183432,ok,3,0.178976,0.166988,0.184431,8,cohort x format,False,False,False,0.0,,,no_flag
SYN-022,2026-03-09,exams,154.0,ok,3,150.0,146.0,157.5,8,cohort x format,,,,,,,
SYN-022,2026-03-16,utilization,0.825495,ok,4,0.848691,0.821353,0.860889,8,cohort x format,False,False,False,0.0,,,no_flag
SYN-022,2026-03-16,attendance,0.935532,ok,4,0.940979,0.933154,0.944022,8,cohort x format,False,False,False,0.0,,,no_flag
SYN-022,2026-03-16,conversion,0.600962,ok,4,0.600754,0.576602,0.629764,8,cohort x format,False,False,False,0.0,,,no_flag
SYN-022,2026-03-16,on_time,0.931264,ok,4,0.921762,0.913312,0.925228,8,cohort x format,False,False,False,0.0,,,no_flag
SYN-022,2026-03-16,turnaround,6.0949,ok,4,5.868516,5.758015,6.2469,8,cohort x format,False,False,False,0.0,,,no_flag
SYN-022,2026-03-16,recall_rate,0.184322,ok,4,0.181108,0.171815,0.184877,8,cohort x format,False,False,False,0.0,,,no_flag
SYN-022,2026-03-16,exams,156.0,ok,4,151.25,147.25,158.125,8,cohort x format,,,,,,,
SYN-022,2026-03-23,utilization,0.832704,ok,4,0.843096,0.825068,0.859293,8,cohort x format,False,False,False,0.0,,,no_flag
SYN-022,2026-03-23,attendance,0.941088,ok,4,0.937314,0.935725,0.941805,8,cohort x format,False,False,False,0.0,,,no_flag
SYN-022,2026-03-23,conversion,0.613162,ok,4,0.596008,0.571999,0.62145,8,cohort x format,False,False,False,0.0,,,no_flag
SYN-022,2026-03-23,on_time,0.935065,ok,4,0.92424,0.910346,0.926939,8,cohort x format,False,False,False,0.0,,,no_flag
SYN-022,2026-03-23,turnaround,5.934632,ok,4,5.961815,5.841734,6.080119,8,cohort x format,False,False,False,0.0,,,no_flag
SYN-022,2026-03-23,recall_rate,0.186858,ok,4,0.178561,0.174144,0.184555,8,cohort x format,False,False,False,0.0,,,no_flag
SYN-022,2026-03-23,exams,155.75,ok,4,153.375,147.0625,157.1875,8,cohort x format,,,,,,,
SYN-022,2026-03-30,utilization,0.825871,ok,4,0.835526,0.82599,0.855905,8,cohort x format,False,False,False,0.0,,,no_flag
SYN-022,2026-03-30,attendance,0.944277,ok,4,0.938645,0.93568,0.940716,8,cohort x format,False,False,False,0.0,,,no_flag
SYN-022,2026-03-30,conversion,0.606061,ok,4,0.596093,0.579307,0.612759,8,cohort x format,False,False,False,0.0,,,no_flag
SYN-022,2026-03-30,on_time,0.928416,ok,4,0.925563,0.922224,0.930679,8,cohort x format,False,False,False,0.0,,,no_flag
SYN-022,2026-03-30,turnaround,6.032755,ok,4,6.123315,5.881407,6.176028,8,cohort x format,False,False,False,0.0,,,no_flag
SYN-022,2026-03-30,recall_rate,0.182524,ok,4,0.183126,0.177104,0.184657,8,cohort x format,False,False,False,0.0,,,no_flag
SYN-022,2026-03-30,exams,156.75,ok,4,152.0,146.9375,158.1875,8,cohort x format,,,,,,,
SYN-022,2026-04-06,utilization,0.831475,ok,4,0.831905,0.822629,0.844078,8,cohort x format,False,False,False,0.0,,,no_flag
SYN-022,2026-04-06,attendance,0.946349,ok,4,0.940146,0.937652,0.941524,8,cohort x format,False,False,False,0.0,,,no_flag
SYN-022,2026-04-06,conversion,0.601575,ok,4,0.59647,0.579316,0.608546,8,cohort x format,False,False,False,0.0,,,no_flag
SYN-022,2026-04-06,on_time,0.919492,ok,4,0.925316,0.919714,0.928975,8,cohort x format,False,False,False,0.0,,,no_flag
SYN-022,2026-04-06,turnaround,6.048305,ok,4,6.054931,5.954281,6.134727,8,cohort x format,False,False,False,0.0,,,no_flag
SYN-022,2026-04-06,recall_rate,0.177083,ok,4,0.182989,0.179436,0.184734,8,cohort x format,False,False,False,0.0,,,no_flag
SYN-022,2026-04-06,exams,158.75,ok,4,151.375,143.1875,157.125,8,cohort x format,,,,,,,
SYN-022,2026-04-13,utilization,0.83229,ok,4,0.833564,0.819658,0.845326,8,cohort x format,False,False,False,0.0,,,no_flag
SYN-022,2026-04-13,attendance,0.944361,ok,4,0.938123,0.935168,0.940805,8,cohort x format,False,False,False,0.0,,,no_flag
SYN-022,2026-04-13,conversion,0.611465,ok,4,0.594268,0.585607,0.601169,8,cohort x format,False,False,False,0.0,,,no_flag
SYN-022,2026-04-13,on_time,0.912766,ok,4,0.923905,0.922043,0.931153,8,cohort x format,False,False,False,0.0,,,no_flag
SYN-022,2026-04-13,turnaround,5.895319,ok,4,5.969675,5.879989,6.070852,8,cohort x format,False,False,False,0.0,,,no_flag
SYN-022,2026-04-13,recall_rate,0.175281,ok,4,0.178417,0.172709,0.183896,8,cohort x format,False,False,False,0.0,,,no_flag
SYN-022,2026-04-13,exams,157.0,ok,4,149.5,141.9375,157.125,8,cohort x format,,,,,,,
SYN-022,2026-04-20,utilization,0.838143,ok,4,0.832387,0.816986,0.849446,8,cohort x format,False,False,False,0.0,,,no_flag
SYN-022,2026-04-20,attendance,0.941617,ok,4,0.935465,0.928734,0.937089,8,cohort x format,False,False,False,0.0,,,no_flag
SYN-022,2026-04-20,conversion,0.612083,ok,4,0.593486,0.585382,0.60037,8,cohort x format,False,False,False,0.0,,,no_flag
SYN-022,2026-04-20,on_time,0.907127,ok,4,0.920049,0.916019,0.925687,8,cohort x format,False,False,False,0.0,,,no_flag
SYN-022,2026-04-20,turnaround,6.097624,ok,4,5.939701,5.820806,6.001044,8,cohort x format,False,False,False,0.0,,,no_flag
SYN-022,2026-04-20,recall_rate,0.169565,ok,4,0.178478,0.17167,0.183487,8,cohort x format,False,False,False,0.0,,,no_flag
SYN-022,2026-04-20,exams,157.25,ok,4,149.625,142.1875,156.0625,8,cohort x format,,,,,,,
SYN-022,2026-04-27,utilization,0.848408,ok,4,0.831889,0.824353,0.855019,8,cohort x format,False,False,False,0.0,0.82562,0.027601,no_flag
SYN-022,2026-04-27,attendance,0.936937,ok,4,0.933453,0.919426,0.940077,8,cohort x format,False,False,False,0.0,0.93994,-0.003195,no_flag
SYN-022,2026-04-27,conversion,0.613782,ok,4,0.596178,0.586499,0.606751,8,cohort x format,False,False,False,0.0,0.601704,0.020073,no_flag
SYN-022,2026-04-27,on_time,0.905702,ok,4,0.924896,0.91646,0.929997,8,cohort x format,False,False,False,0.0,0.929619,-0.025728,no_flag
SYN-022,2026-04-27,turnaround,6.024781,ok,4,5.908209,5.81632,6.221881,8,cohort x format,False,False,False,0.0,5.974047,0.008492,no_flag
SYN-022,2026-04-27,recall_rate,0.177489,ok,4,0.178313,0.172047,0.184441,8,cohort x format,False,False,False,0.0,0.181818,-0.02381,no_flag
SYN-022,2026-04-27,exams,156.0,ok,4,151.375,140.0,156.8125,8,cohort x format,,,,,,,
SYN-022,2026-05-04,utilization,0.844612,ok,4,0.838838,0.822876,0.856102,8,cohort x format,False,False,False,0.0,0.827537,0.020633,no_flag
SYN-022,2026-05-04,attendance,0.936202,ok,4,0.934689,0.919211,0.937703,8,cohort x format,False,False,False,0.0,0.940823,-0.004912,no_flag
SYN-022,2026-05-04,conversion,0.614897,ok,4,0.599676,0.589181,0.608318,8,cohort x format,False,False,False,0.0,0.601641,0.022033,no_flag
SYN-022,2026-05-04,on_time,0.906725,ok,4,0.922741,0.915741,0.927558,8,cohort x format,False,False,False,0.0,0.925094,-0.019856,no_flag
SYN-022,2026-05-04,turnaround,5.763124,ok,4,5.950854,5.867087,6.236917,8,cohort x format,False,False,False,0.0,6.081898,-0.052414,no_flag
SYN-022,2026-05-04,recall_rate,0.177824,ok,4,0.177022,0.174454,0.185544,8,cohort x format,False,False,False,0.0,0.179707,-0.010474,no_flag
SYN-022,2026-05-04,exams,157.75,ok,4,150.625,141.25,157.1875,8,cohort x format,,,,,,,
SYN-022,2026-05-11,utilization,0.843478,ok,4,0.832263,0.82313,0.848778,8,cohort x format,False,False,False,0.0,0.828874,0.01762,no_flag
SYN-022,2026-05-11,attendance,0.938144,ok,4,0.933373,0.91817,0.936521,8,cohort x format,False,False,False,0.0,0.93994,-0.00191,no_flag
SYN-022,2026-05-11,conversion,0.605965,ok,4,0.602895,0.583012,0.61895,8,cohort x format,False,False,False,0.0,0.60623,-0.000436,no_flag
SYN-022,2026-05-11,on_time,0.921397,ok,4,0.922201,0.909553,0.92906,8,cohort x format,False,False,False,0.0,0.921824,-0.000463,no_flag
SYN-022,2026-05-11,turnaround,5.791048,ok,4,6.04899,6.019213,6.115304,8,cohort x format,False,False,False,0.0,5.993051,-0.033706,no_flag
SYN-022,2026-05-11,recall_rate,0.172632,ok,4,0.181663,0.174989,0.187945,8,cohort x format,False,False,False,0.0,0.179935,-0.040587,no_flag
SYN-022,2026-05-11,exams,159.25,ok,4,150.625,140.625,156.75,8,cohort x format,,,,,,,
SYN-022,2026-05-18,utilization,0.829657,ok,4,0.838028,0.817284,0.851863,8,cohort x format,False,False,False,0.0,0.835427,-0.006907,no_flag
SYN-022,2026-05-18,attendance,0.94387,ok,4,0.931108,0.926056,0.937334,8,cohort x format,False,False,False,0.0,0.941353,0.002673,no_flag
SYN-022,2026-05-18,conversion,0.604069,ok,4,0.599032,0.575954,0.623839,8,cohort x format,False,False,False,0.0,0.61262,-0.013958,no_flag
SYN-022,2026-05-18,on_time,0.928571,ok,4,0.92431,0.914825,0.932235,8,cohort x format,False,False,False,0.0,0.921081,0.008132,no_flag
SYN-022,2026-05-18,turnaround,5.767965,ok,4,6.137833,6.093271,6.16165,8,cohort x format,False,False,False,0.0,6.016216,-0.041264,no_flag
SYN-022,2026-05-18,recall_rate,0.17004,ok,4,0.178698,0.175063,0.188236,8,cohort x format,False,False,False,0.0,0.178458,-0.04717,no_flag
SYN-022,2026-05-18,exams,159.75,ok,4,149.125,139.375,155.5,8,cohort x format,,,,,,,
SYN-022,2026-05-25,utilization,,red,3,0.838743,0.823123,0.855053,8,cohort x format,False,False,False,0.0,0.837004,,unavailable
SYN-022,2026-05-25,attendance,,red,3,0.937871,0.929757,0.940045,8,cohort x format,False,False,False,0.0,0.940602,,unavailable
SYN-022,2026-05-25,conversion,,red,3,0.592348,0.567493,0.615112,8,cohort x format,False,False,False,0.0,0.609912,,unavailable
SYN-022,2026-05-25,on_time,,red,3,0.921759,0.919179,0.925362,8,cohort x format,False,False,False,0.0,0.917121,,unavailable
SYN-022,2026-05-25,turnaround,,red,3,6.038776,5.932189,6.215773,8,cohort x format,False,False,False,0.0,6.02879,,unavailable
SYN-022,2026-05-25,recall_rate,,red,3,0.179669,0.177645,0.182792,8,cohort x format,False,False,False,0.0,0.180143,,unavailable
SYN-022,2026-05-25,exams,,red,3,150.75,142.5,156.0625,8,cohort x format,,,,,,,
SYN-022,2026-06-01,utilization,,red,2,0.835197,0.825534,0.855553,8,cohort x format,False,False,False,0.0,0.838006,,unavailable
SYN-022,2026-06-01,attendance,,red,2,0.93607,0.933099,0.939864,8,cohort x format,False,False,False,0.0,0.941264,,unavailable
SYN-022,2026-06-01,conversion,,red,2,0.592106,0.564273,0.615172,8,cohort x format,False,False,False,0.0,0.608215,,unavailable
SYN-022,2026-06-01,on_time,,red,2,0.923772,0.918693,0.928663,8,cohort x format,False,False,False,0.0,0.913183,,unavailable
SYN-022,2026-06-01,turnaround,,red,2,5.889181,5.718789,6.257744,8,cohort x format,False,False,False,0.0,5.907395,,unavailable
SYN-022,2026-06-01,recall_rate,,red,2,0.180455,0.175506,0.184651,8,cohort x format,False,False,False,0.0,0.177453,,unavailable
SYN-022,2026-06-01,exams,,red,2,150.375,142.6875,157.0625,8,cohort x format,,,,,,,
SYN-022,2026-06-08,utilization,,red,1,0.83223,0.822667,0.85701,8,cohort x format,False,False,False,0.0,0.837905,,unavailable
SYN-022,2026-06-08,attendance,,red,1,0.937836,0.936565,0.940498,8,cohort x format,False,False,False,0.0,0.94122,,unavailable
SYN-022,2026-06-08,conversion,,red,1,0.590782,0.56784,0.613958,8,cohort x format,False,False,False,0.0,0.608696,,unavailable
SYN-022,2026-06-08,on_time,,red,1,0.928102,0.918166,0.929536,8,cohort x format,False,False,False,0.0,0.917026,,unavailable
SYN-022,2026-06-08,turnaround,,red,1,6.004154,5.651294,6.17151,8,cohort x format,False,False,False,0.0,5.843858,,unavailable
SYN-022,2026-06-08,recall_rate,,red,1,0.180864,0.176231,0.183851,8,cohort x format,False,False,False,0.0,0.173913,,unavailable
SYN-022,2026-06-08,exams,,red,1,149.75,142.8125,158.0625,8,cohort x format,,,,,,,
SYN-022,2026-06-15,utilization,,insufficient_history,1,0.83965,0.823671,0.854762,8,cohort x format,False,False,False,0.0,0.83385,,unavailable
SYN-022,2026-06-15,attendance,,insufficient_history,1,0.939129,0.935799,0.940235,8,cohort x format,False,False,False,0.0,0.942751,,unavailable
SYN-022,2026-06-15,conversion,,insufficient_history,1,0.582129,0.571932,0.610803,8,cohort x format,False,False,False,0.0,0.608044,,unavailable
SYN-022,2026-06-15,on_time,,insufficient_history,1,0.925335,0.918744,0.930961,8,cohort x format,False,False,False,0.0,0.917838,,unavailable
SYN-022,2026-06-15,turnaround,,insufficient_history,1,5.909389,5.798268,6.050717,8,cohort x format,False,False,False,0.0,5.932973,,unavailable
SYN-022,2026-06-15,recall_rate,,insufficient_history,1,0.183624,0.174504,0.186043,8,cohort x format,False,False,False,0.0,0.169811,,unavailable
SYN-022,2026-06-15,exams,,insufficient_history,1,151.125,142.0625,157.0625,8,cohort x format,,,,,,,
SYN-022,2026-06-22,utilization,,insufficient_history,2,0.839308,0.80799,0.846047,9,cohort x format,False,False,False,0.0,0.837838,,unavailable
SYN-022,2026-06-22,attendance,,insufficient_history,2,0.938144,0.932787,0.94347,9,cohort x format,False,False,False,0.0,0.941426,,unavailable
SYN-022,2026-06-22,conversion,,insufficient_history,2,0.586066,0.580882,0.604396,9,cohort x format,False,False,False,0.0,0.611362,,unavailable
SYN-022,2026-06-22,on_time,,insufficient_history,2,0.923937,0.921951,0.929664,9,cohort x format,False,False,False,0.0,0.918719,,unavailable
SYN-022,2026-06-22,turnaround,,insufficient_history,2,5.849558,5.749526,5.937901,9,cohort x format,False,False,False,0.0,5.881897,,unavailable
SYN-022,2026-06-22,recall_rate,,insufficient_history,2,0.178988,0.178174,0.181818,9,cohort x format,False,False,False,0.0,0.170644,,unavailable
SYN-022,2026-06-22,exams,,insufficient_history,2,146.5,142.25,158.25,9,cohort x format,,,,,,,
SYN-022,2026-06-29,utilization,0.858086,ok,3,0.843137,0.821151,0.854167,9,cohort x format,False,False,False,0.0,0.837614,0.024441,no_flag
SYN-022,2026-06-29,attendance,0.948077,ok,3,0.936204,0.930081,0.943314,9,cohort x format,False,False,False,0.0,0.940653,0.007893,no_flag
SYN-022,2026-06-29,conversion,0.610548,ok,3,0.587413,0.572289,0.594761,9,cohort x format,False,False,False,0.0,0.613039,-0.004064,no_flag
SYN-022,2026-06-29,on_time,0.906593,ok,3,0.927614,0.926339,0.928839,9,cohort x format,False,False,False,0.0,0.922078,-0.016793,no_flag
SYN-022,2026-06-29,turnaround,6.035714,ok,3,5.937101,5.682143,6.098488,9,cohort x format,False,False,False,0.0,5.741414,0.051259,no_flag
SYN-022,2026-06-29,recall_rate,0.192308,ok,3,0.177632,0.17735,0.18408,9,cohort x format,False,False,False,0.0,0.171271,0.122829,no_flag
SYN-022,2026-06-29,exams,164.333333,ok,3,146.75,142.5,158.75,9,cohort x format,,,,,,,
SYN-022,2026-07-06,utilization,0.855542,ok,4,0.845963,0.827238,0.855769,9,cohort x format,False,False,False,0.0,,,no_flag
SYN-022,2026-07-06,attendance,0.946143,ok,4,0.935691,0.928354,0.942486,9,cohort x format,False,False,False,0.0,,,no_flag
SYN-022,2026-07-06,conversion,0.612308,ok,4,0.587345,0.566929,0.59409,9,cohort x format,False,False,False,0.0,,,no_flag
SYN-022,2026-07-06,on_time,0.911765,ok,4,0.930337,0.922053,0.93125,9,cohort x format,False,False,False,0.0,,,no_flag
SYN-022,2026-07-06,turnaround,6.05084,ok,4,5.887746,5.752983,6.086122,9,cohort x format,False,False,False,0.0,,,no_flag
SYN-022,2026-07-06,recall_rate,0.189723,ok,4,0.182254,0.17418,0.184758,9,cohort x format,False,False,False,0.0,,,no_flag
SYN-022,2026-07-06,exams,162.5,ok,4,145.5,143.0,158.5,9,cohort x format,,,,,,,
SYN-022,2026-07-13,utilization,0.855181,ok,4,0.839779,0.830892,0.851485,9,cohort x format,False,False,False,0.0,,,no_flag
SYN-022,2026-07-13,attendance,0.941606,ok,4,0.939103,0.933835,0.940431,9,cohort x format,False,False,False,0.0,,,no_flag
SYN-022,2026-07-13,conversion,0.609302,ok,4,0.587963,0.57451,0.598383,9,cohort x format,False,False,False,0.0,,,no_flag
SYN-022,2026-07-13,on_time,0.914894,ok,4,0.923077,0.915942,0.938575,9,cohort x format,False,False,False,0.0,,,no_flag
SYN-022,2026-07-13,turnaround,6.03383,ok,4,5.925507,5.856308,6.01119,9,cohort x format,False,False,False,0.0,,,no_flag
SYN-022,2026-07-13,recall_rate,0.186404,ok,4,0.176692,0.172867,0.186788,9,cohort x format,False,False,False,0.0,,,no_flag
SYN-022,2026-07-13,exams,161.25,ok,4,146.5,140.25,160.75,9,cohort x format,,,,,,,
SYN-022,2026-07-20,utilization,0.841646,ok,4,0.835165,0.829721,0.850822,9,cohort x format,False,False,False,0.0,,,no_flag
SYN-022,2026-07-20,attendance,0.940741,ok,4,0.938722,0.936691,0.943536,9,cohort x format,False,False,False,0.0,,,no_flag
SYN-022,2026-07-20,conversion,0.620472,ok,4,0.587402,0.579051,0.593056,9,cohort x format,False,False,False,0.0,,,no_flag
SYN-022,2026-07-20,on_time,0.917021,ok,4,0.92511,0.918719,0.928747,9,cohort x format,False,False,False,0.0,,,no_flag
SYN-022,2026-07-20,turnaround,5.874255,ok,4,6.075269,5.983473,6.106548,9,cohort x format,False,False,False,0.0,,,no_flag
SYN-022,2026-07-20,recall_rate,0.186094,ok,4,0.177384,0.169811,0.181985,9,cohort x format,False,False,False,0.0,,,no_flag
SYN-022,2026-07-20,exams,158.75,ok,4,148.75,141.75,158.75,9,cohort x format,,,,,,,
SYN-022,2026-07-27,utilization,0.838471,ok,4,0.836387,0.824755,0.850444,9,cohort x format,False,False,False,0.0,,,no_flag
SYN-022,2026-07-27,attendance,0.944118,ok,4,0.941878,0.933333,0.945,9,cohort x format,False,False,False,0.0,,,no_flag
SYN-022,2026-07-27,conversion,0.624611,ok,4,0.591772,0.582402,0.601411,9,cohort x format,False,False,False,0.0,,,no_flag
SYN-022,2026-07-27,on_time,0.92389,ok,4,0.928747,0.918719,0.931452,9,cohort x format,False,False,False,0.0,,,no_flag
SYN-022,2026-07-27,turnaround,6.060254,ok,4,6.050321,5.853317,6.202312,9,cohort x format,False,False,False,0.0,,,no_flag
SYN-022,2026-07-27,recall_rate,0.180747,ok,4,0.172888,0.164589,0.180769,9,cohort x format,False,False,False,0.0,,,no_flag
SYN-022,2026-07-27,exams,160.5,ok,4,151.25,140.0,158.75,9,cohort x format,,,,,,,
SYN-022,2026-08-03,utilization,0.835366,ok,4,0.832902,0.825062,0.842822,9,cohort x format,False,False,False,0.0,,,no_flag
SYN-022,2026-08-03,attendance,0.943066,ok,4,0.943802,0.939806,0.944171,9,cohort x format,False,False,False,0.0,,,no_flag
SYN-022,2026-08-03,conversion,0.625387,ok,4,0.593043,0.582645,0.597201,9,cohort x format,False,False,False,0.0,,,no_flag
SYN-022,2026-08-03,on_time,0.91134,ok,4,0.926036,0.91791,0.930328,9,cohort x format,False,False,False,0.0,,,no_flag
SYN-022,2026-08-03,turnaround,5.882268,ok,4,6.106509,5.784486,6.169081,9,cohort x format,False,False,False,0.0,,,no_flag
SYN-022,2026-08-03,recall_rate,0.18254,ok,4,0.174664,0.171355,0.183575,9,cohort x format,False,False,False,0.0,,,no_flag
SYN-022,2026-08-03,exams,161.5,ok,4,151.75,142.75,160.75,9,cohort x format,,,,,,,
SYN-022,2026-08-10,utilization,0.843521,ok,4,0.832877,0.825767,0.843621,9,cohort x format,False,False,False,0.0,,,no_flag
SYN-022,2026-08-10,attendance,0.947826,ok,4,0.940565,0.936925,0.945724,9,cohort x format,False,False,False,0.0,,,no_flag
SYN-022,2026-08-10,conversion,0.614679,ok,4,0.591065,0.575258,0.601227,9,cohort x format,False,False,False,0.0,,,no_flag
SYN-022,2026-08-10,on_time,0.918033,ok,4,0.922078,0.919708,0.931751,9,cohort x format,False,False,False,0.0,,,no_flag
SYN-022,2026-08-10,turnaround,5.950615,ok,4,6.08905,5.743777,6.151527,9,cohort x format,False,False,False,0.0,,,no_flag
SYN-022,2026-08-10,recall_rate,0.184358,ok,4,0.179226,0.17161,0.185096,9,cohort x format,False,False,False,0.0,,,no_flag
SYN-022,2026-08-10,exams,163.5,ok,4,150.25,143.75,160.25,9,cohort x format,,,,,,,
SYN-022,2026-08-17,utilization,0.846154,ok,4,0.834254,0.824176,0.848276,9,cohort x format,False,False,False,0.0,0.847556,-0.001654,no_flag
SYN-022,2026-08-17,attendance,0.949495,ok,4,0.942053,0.939837,0.942943,9,cohort x format,False,False,False,0.0,0.945259,0.004481,no_flag
SYN-022,2026-08-17,conversion,0.610942,ok,4,0.596913,0.57085,0.601054,9,cohort x format,False,False,False,0.0,0.616339,-0.008756,no_flag
SYN-022,2026-08-17,on_time,0.908524,ok,4,0.920091,0.917012,0.926667,9,cohort x format,False,False,False,0.0,0.917367,-0.00964,no_flag
SYN-022,2026-08-17,turnaround,6.104366,ok,4,6.063693,5.734932,6.229129,9,cohort x format,False,False,False,0.0,5.851401,0.043232,no_flag
SYN-022,2026-08-17,recall_rate,0.19084,ok,4,0.184946,0.180894,0.186047,9,cohort x format,False,False,False,0.0,0.187251,0.019165,no_flag
SYN-022,2026-08-17,exams,164.5,ok,4,145.75,142.25,157.0,9,cohort x format,,,,,,,
SYN-023,2026-05-04,utilization,,insufficient_history,1,0.661972,0.535928,0.730942,5,cohort x format,False,False,False,0.0,,,unavailable
SYN-023,2026-05-04,attendance,,insufficient_history,1,0.938547,0.936047,0.942466,5,cohort x format,False,False,False,0.0,,,unavailable
SYN-023,2026-05-04,conversion,,insufficient_history,1,0.520599,0.416667,0.527869,5,cohort x format,False,False,False,0.0,,,unavailable
SYN-023,2026-05-04,on_time,,insufficient_history,1,0.888889,0.733668,0.929752,5,cohort x format,False,False,False,0.0,,,unavailable
SYN-023,2026-05-04,turnaround,,insufficient_history,1,6.548148,6.196407,9.998492,5,cohort x format,False,False,False,0.0,,,unavailable
SYN-023,2026-05-04,recall_rate,,not_applicable,0,,,,0,suppressed,False,False,False,0.0,,,not_eligible
SYN-023,2026-05-04,exams,,insufficient_history,1,66.75,42.0,76.25,5,cohort x format,,,,,,,
SYN-023,2026-05-11,utilization,,insufficient_history,2,,,,0,suppressed,False,False,False,0.0,,,unavailable
SYN-023,2026-05-11,attendance,,insufficient_history,2,,,,0,suppressed,False,False,False,0.0,,,unavailable
SYN-023,2026-05-11,conversion,,insufficient_history,2,,,,0,suppressed,False,False,False,0.0,,,unavailable
SYN-023,2026-05-11,on_time,,insufficient_history,2,,,,0,suppressed,False,False,False,0.0,,,unavailable
SYN-023,2026-05-11,turnaround,,insufficient_history,2,,,,0,suppressed,False,False,False,0.0,,,unavailable
SYN-023,2026-05-11,recall_rate,,not_applicable,0,,,,0,suppressed,False,False,False,0.0,,,not_eligible
SYN-023,2026-05-11,exams,,insufficient_history,2,,,,0,suppressed,,,,,,,
SYN-023,2026-05-18,utilization,0.453875,ok,3,,,,0,suppressed,False,False,False,0.0,,,unavailable
SYN-023,2026-05-18,attendance,0.926829,ok,3,,,,0,suppressed,False,False,False,0.0,,,unavailable
SYN-023,2026-05-18,conversion,0.45614,ok,3,,,,0,suppressed,False,False,False,0.0,,,unavailable
SYN-023,2026-05-18,on_time,0.90625,ok,3,,,,0,suppressed,False,False,False,0.0,,,unavailable
SYN-023,2026-05-18,turnaround,6.267188,ok,3,,,,0,suppressed,False,False,False,0.0,,,unavailable
SYN-023,2026-05-18,recall_rate,,not_applicable,0,,,,0,suppressed,False,False,False,0.0,,,not_eligible
SYN-023,2026-05-18,exams,38.0,ok,3,,,,0,suppressed,,,,,,,
SYN-023,2026-05-25,utilization,0.464088,ok,4,,,,0,suppressed,False,False,False,0.0,,,unavailable
SYN-023,2026-05-25,attendance,0.928571,ok,4,,,,0,suppressed,False,False,False,0.0,,,unavailable
SYN-023,2026-05-25,conversion,0.461538,ok,4,,,,0,suppressed,False,False,False,0.0,,,unavailable
SYN-023,2026-05-25,on_time,0.897727,ok,4,,,,0,suppressed,False,False,False,0.0,,,unavailable
SYN-023,2026-05-25,turnaround,6.439773,ok,4,,,,0,suppressed,False,False,False,0.0,,,unavailable
SYN-023,2026-05-25,recall_rate,,not_applicable,0,,,,0,suppressed,False,False,False,0.0,,,not_eligible
SYN-023,2026-05-25,exams,39.0,ok,4,,,,0,suppressed,,,,,,,
SYN-023,2026-06-01,utilization,0.49589,ok,4,,,,0,suppressed,False,False,False,0.0,,,unavailable
SYN-023,2026-06-01,attendance,0.928177,ok,4,,,,0,suppressed,False,False,False,0.0,,,unavailable
SYN-023,2026-06-01,conversion,0.458333,ok,4,,,,0,suppressed,False,False,False,0.0,,,unavailable
SYN-023,2026-06-01,on_time,0.903226,ok,4,,,,0,suppressed,False,False,False,0.0,,,unavailable
SYN-023,2026-06-01,turnaround,6.469892,ok,4,,,,0,suppressed,False,False,False,0.0,,,unavailable
SYN-023,2026-06-01,recall_rate,,not_applicable,0,,,,0,suppressed,False,False,False,0.0,,,not_eligible
SYN-023,2026-06-01,exams,42.0,ok,4,,,,0,suppressed,,,,,,,
SYN-023,2026-06-08,utilization,0.512195,ok,4,,,,0,suppressed,False,False,False,0.0,,,unavailable
SYN-023,2026-06-08,attendance,0.931217,ok,4,,,,0,suppressed,False,False,False,0.0,,,unavailable
SYN-023,2026-06-08,conversion,0.465909,ok,4,,,,0,suppressed,False,False,False,0.0,,,unavailable
SYN-023,2026-06-08,on_time,0.908163,ok,4,,,,0,suppressed,False,False,False,0.0,,,unavailable
SYN-023,2026-06-08,turnaround,6.546939,ok,4,,,,0,suppressed,False,False,False,0.0,,,unavailable
SYN-023,2026-06-08,recall_rate,,not_applicable,0,,,,0,suppressed,False,False,False,0.0,,,not_eligible
SYN-023,2026-06-08,exams,44.0,ok,4,,,,0,suppressed,,,,,,,
SYN-023,2026-06-15,utilization,0.534759,ok,4,,,,0,suppressed,False,False,False,0.0,,,unavailable
SYN-023,2026-06-15,attendance,0.935,ok,4,,,,0,suppressed,False,False,False,0.0,,,unavailable
SYN-023,2026-06-15,conversion,0.465241,ok,4,,,,0,suppressed,False,False,False,0.0,,,unavailable
SYN-023,2026-06-15,on_time,0.903846,ok,4,,,,0,suppressed,False,False,False,0.0,,,unavailable
SYN-023,2026-06-15,turnaround,6.538462,ok,4,,,,0,suppressed,False,False,False,0.0,,,unavailable
SYN-023,2026-06-15,recall_rate,,not_applicable,0,,,,0,suppressed,False,False,False,0.0,,,not_eligible
SYN-023,2026-06-15,exams,46.75,ok,4,,,,0,suppressed,,,,,,,
SYN-023,2026-06-22,utilization,0.546419,ok,4,,,,0,suppressed,False,False,False,0.0,,,unavailable
SYN-023,2026-06-22,attendance,0.936893,ok,4,,,,0,suppressed,False,False,False,0.0,,,unavailable
SYN-023,2026-06-22,conversion,0.466321,ok,4,,,,0,suppressed,False,False,False,0.0,,,unavailable
SYN-023,2026-06-22,on_time,0.906542,ok,4,,,,0,suppressed,False,False,False,0.0,,,unavailable
SYN-023,2026-06-22,turnaround,6.624299,ok,4,,,,0,suppressed,False,False,False,0.0,,,unavailable
SYN-023,2026-06-22,recall_rate,,not_applicable,0,,,,0,suppressed,False,False,False,0.0,,,not_eligible
SYN-023,2026-06-22,exams,48.25,ok,4,,,,0,suppressed,,,,,,,
SYN-023,2026-06-29,utilization,0.557292,ok,4,,,,0,suppressed,False,False,False,0.0,,,unavailable
SYN-023,2026-06-29,attendance,0.939252,ok,4,,,,0,suppressed,False,False,False,0.0,,,unavailable
SYN-023,2026-06-29,conversion,0.487562,ok,4,,,,0,suppressed,False,False,False,0.0,,,unavailable
SYN-023,2026-06-29,on_time,0.898305,ok,4,,,,0,suppressed,False,False,False,0.0,,,unavailable
SYN-023,2026-06-29,turnaround,6.530508,ok,4,,,,0,suppressed,False,False,False,0.0,,,unavailable
SYN-023,2026-06-29,recall_rate,,not_applicable,0,,,,0,suppressed,False,False,False,0.0,,,not_eligible
SYN-023,2026-06-29,exams,50.25,ok,4,,,,0,suppressed,,,,,,,
SYN-023,2026-07-06,utilization,0.572165,ok,4,,,,0,suppressed,False,False,False,0.0,0.491803,0.163402,no_flag_own_baseline_only
SYN-023,2026-07-06,attendance,0.936937,ok,4,,,,0,suppressed,False,False,False,0.0,0.933333,0.003861,no_flag_own_baseline_only
SYN-023,2026-07-06,conversion,0.5,ok,4,,,,0,suppressed,False,False,False,0.0,0.456349,0.095652,no_flag_own_baseline_only
SYN-023,2026-07-06,on_time,0.888,ok,4,,,,0,suppressed,False,False,False,0.0,0.906475,-0.020381,no_flag_own_baseline_only
SYN-023,2026-07-06,turnaround,6.676,ok,4,,,,0,suppressed,False,False,False,0.0,6.442446,0.036252,no_flag_own_baseline_only
SYN-023,2026-07-06,recall_rate,,not_applicable,0,,,,0,suppressed,False,False,False,0.0,,,not_eligible
SYN-023,2026-07-06,exams,52.0,ok,4,,,,0,suppressed,,,,,,,
SYN-023,2026-07-13,utilization,0.583756,ok,4,,,,0,suppressed,False,False,False,0.0,0.500775,0.165705,no_flag_own_baseline_only
SYN-023,2026-07-13,attendance,0.93913,ok,4,,,,0,suppressed,False,False,False,0.0,0.931889,0.007771,no_flag_own_baseline_only
SYN-023,2026-07-13,conversion,0.50463,ok,4,,,,0,suppressed,False,False,False,0.0,0.461794,0.092759,no_flag_own_baseline_only
SYN-023,2026-07-13,on_time,0.885496,ok,4,,,,0,suppressed,False,False,False,0.0,0.904762,-0.021294,no_flag_own_baseline_only
SYN-023,2026-07-13,turnaround,6.957252,ok,4,,,,0,suppressed,False,False,False,0.0,6.435119,0.081138,no_flag_own_baseline_only
SYN-023,2026-07-13,recall_rate,,not_applicable,0,,,,0,suppressed,False,False,False,0.0,,,not_eligible
SYN-023,2026-07-13,exams,54.0,ok,4,,,,0,suppressed,,,,,,,
SYN-023,2026-07-20,utilization,0.6075,ok,4,,,,0,suppressed,False,False,False,0.0,0.506089,0.200381,no_flag_own_baseline_only
SYN-023,2026-07-20,attendance,0.942387,ok,4,,,,0,suppressed,False,False,False,0.0,0.933155,0.009893,no_flag_own_baseline_only
SYN-023,2026-07-20,conversion,0.510917,ok,4,,,,0,suppressed,False,False,False,0.0,0.464183,0.100679,no_flag_own_baseline_only
SYN-023,2026-07-20,on_time,0.894366,ok,4,,,,0,suppressed,False,False,False,0.0,0.902564,-0.009083,no_flag_own_baseline_only
SYN-023,2026-07-20,turnaround,6.869014,ok,4,,,,0,suppressed,False,False,False,0.0,6.541026,0.050143,no_flag_own_baseline_only
SYN-023,2026-07-20,recall_rate,,not_applicable,0,,,,0,suppressed,False,False,False,0.0,,,not_eligible
SYN-023,2026-07-20,exams,57.25,ok,4,,,,0,suppressed,,,,,,,
SYN-023,2026-07-27,utilization,0.616137,ok,4,,,,0,suppressed,False,False,False,0.0,0.52737,0.16832,no_flag_own_baseline_only
SYN-023,2026-07-27,attendance,0.936508,ok,4,,,,0,suppressed,False,False,False,0.0,0.934177,0.002495,no_flag_own_baseline_only
SYN-023,2026-07-27,conversion,0.5,ok,4,,,,0,suppressed,False,False,False,0.0,0.474255,0.054286,no_flag_own_baseline_only
SYN-023,2026-07-27,on_time,0.895105,ok,4,,,,0,suppressed,False,False,False,0.0,0.900474,-0.005962,no_flag_own_baseline_only
SYN-023,2026-07-27,turnaround,6.735664,ok,4,,,,0,suppressed,False,False,False,0.0,6.503791,0.035652,no_flag_own_baseline_only
SYN-023,2026-07-27,recall_rate,,insufficient_history,1,,,,0,suppressed,False,False,False,0.0,,,not_eligible
SYN-023,2026-07-27,exams,59.0,ok,4,,,,0,suppressed,,,,,,,
SYN-023,2026-08-03,utilization,0.621103,ok,4,,,,0,suppressed,False,False,False,0.0,0.542933,0.143978,no_flag_own_baseline_only
SYN-023,2026-08-03,attendance,0.938224,ok,4,,,,0,suppressed,False,False,False,0.0,0.934307,0.004193,no_flag_own_baseline_only
SYN-023,2026-08-03,conversion,0.510288,ok,4,,,,0,suppressed,False,False,False,0.0,0.484375,0.053498,no_flag_own_baseline_only
SYN-023,2026-08-03,on_time,0.92,ok,4,,,,0,suppressed,False,False,False,0.0,0.896861,0.0258,no_flag_own_baseline_only
SYN-023,2026-08-03,turnaround,6.476667,ok,4,,,,0,suppressed,False,False,False,0.0,6.619283,-0.021546,no_flag_own_baseline_only
SYN-023,2026-08-03,recall_rate,,insufficient_history,2,,,,0,suppressed,False,False,False,0.0,,,not_eligible
SYN-023,2026-08-03,exams,60.75,ok,4,,,,0,suppressed,,,,,,,
SYN-023,2026-08-10,utilization,0.637647,ok,4,,,,0,suppressed,False,False,False,0.0,0.559896,0.138867,no_flag_own_baseline_only
SYN-023,2026-08-10,attendance,0.940959,ok,4,,,,0,suppressed,False,False,False,0.0,0.937209,0.004001,no_flag_own_baseline_only
SYN-023,2026-08-10,conversion,0.513725,ok,4,,,,0,suppressed,False,False,False,0.0,0.486352,0.056283,no_flag_own_baseline_only
SYN-023,2026-08-10,on_time,0.924528,ok,4,,,,0,suppressed,False,False,False,0.0,0.893617,0.034591,no_flag_own_baseline_only
SYN-023,2026-08-10,turnaround,6.091824,ok,4,,,,0,suppressed,False,False,False,0.0,6.771915,-0.100428,no_flag_own_baseline_only
SYN-023,2026-08-10,recall_rate,,suppressed,3,,,,0,suppressed,False,False,False,0.0,,,not_eligible
SYN-023,2026-08-10,exams,63.75,ok,4,,,,0,suppressed,,,,,,,
SYN-023,2026-08-17,utilization,0.65127,ok,4,,,,0,suppressed,False,False,False,0.0,0.577864,0.127031,no_flag_own_baseline_only
SYN-023,2026-08-17,attendance,0.932624,ok,4,,,,0,suppressed,False,False,False,0.0,0.939866,-0.007706,no_flag_own_baseline_only
SYN-023,2026-08-17,conversion,0.513308,ok,4,,,,0,suppressed,False,False,False,0.0,0.490521,0.046454,no_flag_own_baseline_only
SYN-023,2026-08-17,on_time,0.939024,ok,4,,,,0,suppressed,False,False,False,0.0,0.899598,0.043826,no_flag_own_baseline_only
SYN-023,2026-08-17,turnaround,5.825,ok,4,,,,0,suppressed,False,False,False,0.0,6.763855,-0.138805,no_flag_own_baseline_only
SYN-023,2026-08-17,recall_rate,,suppressed,4,,,,0,suppressed,False,False,False,0.0,,,not_eligible
SYN-023,2026-08-17,exams,65.75,ok,4,,,,0,suppressed,,,,,,,
SYN-024,2026-02-23,utilization,,insufficient_history,1,,,,0,suppressed,False,False,False,0.0,,,unavailable
SYN-024,2026-02-23,attendance,,insufficient_history,1,,,,0,suppressed,False,False,False,0.0,,,unavailable
SYN-024,2026-02-23,conversion,,insufficient_history,1,,,,0,suppressed,False,False,False,0.0,,,unavailable
SYN-024,2026-02-23,on_time,,insufficient_history,1,,,,0,suppressed,False,False,False,0.0,,,unavailable
SYN-024,2026-02-23,turnaround,,insufficient_history,1,,,,0,suppressed,False,False,False,0.0,,,unavailable
SYN-024,2026-02-23,recall_rate,,insufficient_history,1,,,,0,suppressed,False,False,False,0.0,,,unavailable
SYN-024,2026-02-23,exams,,insufficient_history,1,,,,0,suppressed,,,,,,,
SYN-024,2026-03-02,utilization,,insufficient_history,2,,,,0,suppressed,False,False,False,0.0,,,unavailable
SYN-024,2026-03-02,attendance,,insufficient_history,2,,,,0,suppressed,False,False,False,0.0,,,unavailable
SYN-024,2026-03-02,conversion,,insufficient_history,2,,,,0,suppressed,False,False,False,0.0,,,unavailable
SYN-024,2026-03-02,on_time,,insufficient_history,2,,,,0,suppressed,False,False,False,0.0,,,unavailable
SYN-024,2026-03-02,turnaround,,insufficient_history,2,,,,0,suppressed,False,False,False,0.0,,,unavailable
SYN-024,2026-03-02,recall_rate,,insufficient_history,2,,,,0,suppressed,False,False,False,0.0,,,unavailable
SYN-024,2026-03-02,exams,,insufficient_history,2,,,,0,suppressed,,,,,,,
SYN-024,2026-03-09,utilization,0.764948,ok,3,0.831111,0.800657,0.857616,7,cohort (fallback),False,False,False,0.0,,,no_flag
SYN-024,2026-03-09,attendance,0.940701,ok,3,0.936675,0.93124,0.940842,7,cohort (fallback),False,False,False,0.0,,,no_flag
SYN-024,2026-03-09,conversion,0.56447,ok,3,0.604167,0.585025,0.625564,7,cohort (fallback),False,False,False,0.0,,,no_flag
SYN-024,2026-03-09,on_time,0.9375,ok,3,0.933086,0.91864,0.9381,7,cohort (fallback),False,False,False,0.0,,,no_flag
SYN-024,2026-03-09,turnaround,5.681667,ok,3,5.928916,5.596017,6.025175,7,cohort (fallback),False,False,False,0.0,,,no_flag
SYN-024,2026-03-09,recall_rate,0.138158,ok,3,0.147982,0.144958,0.153846,7,cohort (fallback),False,False,False,0.0,,,no_flag
SYN-024,2026-03-09,exams,116.333333,ok,3,118.0,110.166667,118.666667,7,cohort (fallback),,,,,,,
SYN-024,2026-03-16,utilization,0.776911,ok,4,0.828666,0.80249,0.850694,7,cohort (fallback),False,False,False,0.0,,,no_flag
SYN-024,2026-03-16,attendance,0.941767,ok,4,0.93617,0.934568,0.941529,7,cohort (fallback),False,False,False,0.0,,,no_flag
SYN-024,2026-03-16,conversion,0.565032,ok,4,0.588496,0.578466,0.624761,7,cohort (fallback),False,False,False,0.0,,,no_flag
SYN-024,2026-03-16,on_time,0.931034,ok,4,0.929487,0.920472,0.93663,7,cohort (fallback),False,False,False,0.0,,,no_flag
SYN-024,2026-03-16,turnaround,5.760502,ok,4,5.924752,5.59164,6.041655,7,cohort (fallback),False,False,False,0.0,,,no_flag
SYN-024,2026-03-16,recall_rate,0.142132,ok,4,0.148387,0.147248,0.151536,7,cohort (fallback),False,False,False,0.0,,,no_flag
SYN-024,2026-03-16,exams,117.25,ok,4,116.5,111.5,118.75,7,cohort (fallback),,,,,,,
SYN-024,2026-03-23,utilization,0.785714,ok,4,0.81748,0.795849,0.837044,8,cohort (fallback),False,False,False,0.0,,,no_flag
SYN-024,2026-03-23,attendance,0.942688,ok,4,0.939199,0.934275,0.942228,8,cohort (fallback),False,False,False,0.0,,,no_flag
SYN-024,2026-03-23,conversion,0.561845,ok,4,0.583709,0.570601,0.620395,8,cohort (fallback),False,False,False,0.0,,,no_flag
SYN-024,2026-03-23,on_time,0.925926,ok,4,0.93188,0.917131,0.938877,8,cohort (fallback),False,False,False,0.0,,,no_flag
SYN-024,2026-03-23,turnaround,5.900617,ok,4,5.992243,5.79065,6.093501,8,cohort (fallback),False,False,False,0.0,,,no_flag
SYN-024,2026-03-23,recall_rate,0.148718,ok,4,0.149103,0.146104,0.150418,8,cohort (fallback),False,False,False,0.0,,,no_flag
SYN-024,2026-03-23,exams,119.25,ok,4,114.0,110.0625,118.0,8,cohort (fallback),,,,,,,
SYN-024,2026-03-30,utilization,0.786936,ok,4,0.810457,0.786667,0.828804,8,cohort (fallback),False,False,False,0.0,,,no_flag
SYN-024,2026-03-30,attendance,0.942688,ok,4,0.937437,0.932052,0.940118,8,cohort (fallback),False,False,False,0.0,,,no_flag
SYN-024,2026-03-30,conversion,0.557652,ok,4,0.588118,0.571051,0.613085,8,cohort (fallback),False,False,False,0.0,,,no_flag
SYN-024,2026-03-30,on_time,0.919003,ok,4,0.919928,0.91426,0.933728,8,cohort (fallback),False,False,False,0.0,,,no_flag
SYN-024,2026-03-30,turnaround,5.74081,ok,4,5.943017,5.782684,6.012055,8,cohort (fallback),False,False,False,0.0,,,no_flag
SYN-024,2026-03-30,recall_rate,0.154255,ok,4,0.149295,0.143309,0.153591,8,cohort (fallback),False,False,False,0.0,,,no_flag
SYN-024,2026-03-30,exams,119.25,ok,4,112.125,109.125,115.8125,8,cohort (fallback),,,,,,,
SYN-024,2026-04-06,utilization,0.791862,ok,4,0.798046,0.770979,0.829604,9,cohort (fallback),False,False,False,0.0,,,no_flag
SYN-024,2026-04-06,attendance,0.942688,ok,4,0.938111,0.933868,0.941176,9,cohort (fallback),False,False,False,0.0,,,no_flag
SYN-024,2026-04-06,conversion,0.557652,ok,4,0.575431,0.553125,0.611607,9,cohort (fallback),False,False,False,0.0,,,no_flag
SYN-024,2026-04-06,on_time,0.912226,ok,4,0.916149,0.911864,0.926829,9,cohort (fallback),False,False,False,0.0,,,no_flag
SYN-024,2026-04-06,turnaround,6.12163,ok,4,5.874074,5.796894,6.096037,9,cohort (fallback),False,False,False,0.0,,,no_flag
SYN-024,2026-04-06,recall_rate,0.147059,ok,4,0.147601,0.146417,0.150628,9,cohort (fallback),False,False,False,0.0,,,no_flag
SYN-024,2026-04-06,exams,119.25,ok,4,112.0,103.75,116.0,9,cohort (fallback),,,,,,,
SYN-024,2026-04-13,utilization,0.789147,ok,4,0.794347,0.763699,0.833379,10,cohort (fallback),False,False,False,0.0,,,no_flag
SYN-024,2026-04-13,attendance,0.94499,ok,4,0.937339,0.935436,0.940169,10,cohort (fallback),False,False,False,0.0,,,no_flag
SYN-024,2026-04-13,conversion,0.553015,ok,4,0.579083,0.557441,0.60098,10,cohort (fallback),False,False,False,0.0,,,no_flag
SYN-024,2026-04-13,on_time,0.916149,ok,4,0.915924,0.906367,0.927788,10,cohort (fallback),False,False,False,0.0,,,no_flag
SYN-024,2026-04-13,turnaround,6.120497,ok,4,5.823683,5.670879,6.271466,10,cohort (fallback),False,False,False,0.0,,,no_flag
SYN-024,2026-04-13,recall_rate,0.151832,ok,4,0.149569,0.13858,0.15365,10,cohort (fallback),False,False,False,0.0,,,no_flag
SYN-024,2026-04-13,exams,120.25,ok,4,111.0,88.375,115.375,10,cohort (fallback),,,,,,,
SYN-024,2026-04-20,utilization,0.791345,ok,4,0.789492,0.768256,0.834231,10,cohort (fallback),False,False,False,0.0,,,no_flag
SYN-024,2026-04-20,attendance,0.943359,ok,4,0.937635,0.93502,0.940153,10,cohort (fallback),False,False,False,0.0,,,no_flag
SYN-024,2026-04-20,conversion,0.563147,ok,4,0.57549,0.552079,0.601306,10,cohort (fallback),False,False,False,0.0,,,no_flag
SYN-024,2026-04-20,on_time,0.916923,ok,4,0.918937,0.912434,0.92522,10,cohort (fallback),False,False,False,0.0,,,no_flag
SYN-024,2026-04-20,turnaround,5.998154,ok,4,5.836683,5.665403,6.073179,10,cohort (fallback),False,False,False,0.0,,,no_flag
SYN-024,2026-04-20,recall_rate,0.15,ok,4,0.149689,0.142857,0.154572,10,cohort (fallback),False,False,False,0.0,,,no_flag
SYN-024,2026-04-20,exams,120.75,ok,4,109.75,90.125,116.4375,10,cohort (fallback),,,,,,,
SYN-024,2026-04-27,utilization,0.794072,ok,4,0.787267,0.762812,0.845863,11,cohort (fallback),False,False,False,0.0,0.776971,0.02201,no_flag
SYN-024,2026-04-27,attendance,0.943026,ok,4,0.941935,0.936781,0.94311,11,cohort (fallback),False,False,False,0.0,0.94259,0.000462,no_flag
SYN-024,2026-04-27,conversion,0.55625,ok,4,0.564327,0.548637,0.598528,11,cohort (fallback),False,False,False,0.0,0.55949,-0.005791,no_flag
SYN-024,2026-04-27,on_time,0.920382,ok,4,0.924242,0.92059,0.929214,11,cohort (fallback),False,False,False,0.0,0.924843,-0.004824,no_flag
SYN-024,2026-04-27,turnaround,6.165605,ok,4,5.792331,5.725015,6.102892,11,cohort (fallback),False,False,False,0.0,5.837996,0.056117,no_flag
SYN-024,2026-04-27,recall_rate,0.153061,ok,4,0.148276,0.139104,0.154345,11,cohort (fallback),False,False,False,0.0,0.145329,0.053207,no_flag
SYN-024,2026-04-27,exams,120.0,ok,4,108.0,84.875,118.75,11,cohort (fallback),,,,,,,
SYN-024,2026-05-04,utilization,0.797823,ok,4,0.790706,0.756736,0.83749,12,cohort (fallback),False,False,False,0.0,0.780249,0.022523,no_flag
SYN-024,2026-05-04,attendance,0.945419,ok,4,0.941638,0.935336,0.944535,12,cohort (fallback),False,False,False,0.0,0.941847,0.003792,no_flag
SYN-024,2026-05-04,conversion,0.558763,ok,4,0.565093,0.550073,0.60089,12,cohort (fallback),False,False,False,0.0,0.560533,-0.003157,no_flag
SYN-024,2026-05-04,on_time,0.925697,ok,4,0.926541,0.871879,0.931257,12,cohort (fallback),False,False,False,0.0,0.923077,0.002838,no_flag
SYN-024,2026-05-04,turnaround,6.174923,ok,4,5.922615,5.841713,6.925052,12,cohort (fallback),False,False,False,0.0,5.932737,0.040822,no_flag
SYN-024,2026-05-04,recall_rate,0.152709,ok,4,0.146381,0.143936,0.150128,12,cohort (fallback),False,False,False,0.0,0.142857,0.068966,no_flag
SYN-024,2026-05-04,exams,121.25,ok,4,108.25,82.9375,117.6875,12,cohort (fallback),,,,,,,
SYN-024,2026-05-11,utilization,0.795069,ok,4,0.790952,0.765199,0.834711,13,cohort (fallback),False,False,False,0.0,0.783048,0.015352,no_flag
SYN-024,2026-05-11,attendance,0.94186,ok,4,0.943396,0.936128,0.944773,13,cohort (fallback),False,False,False,0.0,0.943396,-0.001628,no_flag
SYN-024,2026-05-11,conversion,0.557613,ok,4,0.569937,0.554795,0.599109,13,cohort (fallback),False,False,False,0.0,0.558947,-0.002387,no_flag
SYN-024,2026-05-11,on_time,0.925697,ok,4,0.929664,0.911392,0.93401,13,cohort (fallback),False,False,False,0.0,0.923557,0.002317,no_flag
SYN-024,2026-05-11,turnaround,6.352632,ok,4,6.078636,5.977215,6.477982,13,cohort (fallback),False,False,False,0.0,5.941342,0.069225,no_flag
SYN-024,2026-05-11,recall_rate,0.149485,ok,4,0.149254,0.140351,0.15,13,cohort (fallback),False,False,False,0.0,0.146907,0.017544,no_flag
SYN-024,2026-05-11,exams,121.5,ok,4,107.0,85.25,117.25,13,cohort (fallback),,,,,,,
SYN-024,2026-05-18,utilization,0.798752,ok,4,0.780186,0.760488,0.811236,12,cohort (fallback),False,False,False,0.0,0.788536,0.012956,no_flag
SYN-024,2026-05-18,attendance,0.945312,ok,4,0.940703,0.938908,0.944669,12,cohort (fallback),False,False,False,0.0,0.943026,0.002425,no_flag
SYN-024,2026-05-18,conversion,0.555785,ok,4,0.575932,0.557702,0.590413,12,cohort (fallback),False,False,False,0.0,0.5625,-0.011938,no_flag
SYN-024,2026-05-18,on_time,0.935583,ok,4,0.925162,0.877451,0.932565,12,cohort (fallback),False,False,False,0.0,0.921418,0.015373,no_flag
SYN-024,2026-05-18,turnaround,6.372086,ok,4,6.114001,5.936421,7.201429,12,cohort (fallback),False,False,False,0.0,5.949461,0.071036,no_flag
SYN-024,2026-05-18,recall_rate,0.149533,ok,4,0.150097,0.144633,0.155213,12,cohort (fallback),False,False,False,0.0,0.149333,0.001335,no_flag
SYN-024,2026-05-18,exams,121.0,ok,4,96.625,83.75,114.1875,12,cohort (fallback),,,,,,,
SYN-024,2026-05-25,utilization,0.802795,ok,4,0.778291,0.761905,0.798574,13,cohort (fallback),False,False,False,0.0,0.790498,0.015555,no_flag
SYN-024,2026-05-25,attendance,0.941973,ok,4,0.940217,0.933754,0.94246,13,cohort (fallback),False,False,False,0.0,0.942857,-0.000938,no_flag
SYN-024,2026-05-25,conversion,0.562628,ok,4,0.567568,0.554455,0.591928,13,cohort (fallback),False,False,False,0.0,0.556949,0.010198,no_flag
SYN-024,2026-05-25,on_time,0.940299,ok,4,0.924623,0.764977,0.937908,13,cohort (fallback),False,False,False,0.0,0.919685,0.022414,no_flag
SYN-024,2026-05-25,turnaround,6.351343,ok,4,6.232127,5.85,9.274757,13,cohort (fallback),False,False,False,0.0,5.950866,0.067297,no_flag
SYN-024,2026-05-25,recall_rate,0.143541,ok,4,0.148026,0.144928,0.154545,13,cohort (fallback),False,False,False,0.0,0.153646,-0.065769,no_flag
SYN-024,2026-05-25,exams,121.75,ok,4,86.5,80.5,111.5,13,cohort (fallback),,,,,,,
SYN-024,2026-06-01,utilization,0.794992,ok,4,0.776224,0.759834,0.785235,13,cohort (fallback),False,False,False,0.0,0.794852,0.000177,no_flag
SYN-024,2026-06-01,attendance,0.935039,ok,4,0.940054,0.93038,0.942623,13,cohort (fallback),False,False,False,0.0,0.944063,-0.009558,no_flag
SYN-024,2026-06-01,conversion,0.56,ok,4,0.572327,0.550955,0.588506,13,cohort (fallback),False,False,False,0.0,0.558212,0.003203,no_flag
SYN-024,2026-06-01,on_time,0.94081,ok,4,0.924623,0.763547,0.938511,13,cohort (fallback),False,False,False,0.0,0.919003,0.023729,no_flag
SYN-024,2026-06-01,turnaround,6.298131,ok,4,6.025514,5.95287,9.260577,13,cohort (fallback),False,False,False,0.0,6.148442,0.024346,no_flag
SYN-024,2026-06-01,recall_rate,0.141593,ok,4,0.148649,0.143911,0.154545,13,cohort (fallback),False,False,False,0.0,0.150134,-0.05689,no_flag
SYN-024,2026-06-01,exams,118.75,ok,4,86.25,79.75,110.5,13,cohort (fallback),,,,,,,
SYN-024,2026-06-08,utilization,0.7936,ok,4,0.776923,0.760915,0.8,13,cohort (fallback),False,False,False,0.0,0.792117,0.001872,no_flag
SYN-024,2026-06-08,attendance,0.929435,ok,4,0.938614,0.930788,0.942085,13,cohort (fallback),False,False,False,0.0,0.943415,-0.014818,no_flag
SYN-024,2026-06-08,conversion,0.56833,ok,4,0.57483,0.54878,0.587054,13,cohort (fallback),False,False,False,0.0,0.555326,0.023417,no_flag
SYN-024,2026-06-08,on_time,0.943218,ok,4,0.925311,0.754902,0.937063,13,cohort (fallback),False,False,False,0.0,0.92093,0.024201,no_flag
SYN-024,2026-06-08,turnaround,6.317666,ok,4,5.928344,5.767974,9.082488,13,cohort (fallback),False,False,False,0.0,6.236744,0.012975,no_flag
SYN-024,2026-06-08,recall_rate,0.140969,ok,4,0.152542,0.138889,0.16129,13,cohort (fallback),False,False,False,0.0,0.150649,-0.064256,no_flag
SYN-024,2026-06-08,exams,115.25,ok,4,87.5,82.0,112.0,13,cohort (fallback),,,,,,,
SYN-024,2026-06-15,utilization,0.795161,ok,4,0.78692,0.766393,0.809745,13,cohort (fallback),False,False,False,0.0,0.795031,0.000164,no_flag
SYN-024,2026-06-15,attendance,0.926978,ok,4,0.935829,0.933962,0.939828,13,cohort (fallback),False,False,False,0.0,0.944336,-0.018381,no_flag
SYN-024,2026-06-15,conversion,0.56674,ok,4,0.572391,0.554878,0.588571,13,cohort (fallback),False,False,False,0.0,0.559462,0.013008,no_flag
SYN-024,2026-06-15,on_time,0.936306,ok,4,0.92233,0.741935,0.933798,13,cohort (fallback),False,False,False,0.0,0.926267,0.010838,no_flag
SYN-024,2026-06-15,turnaround,6.220701,ok,4,5.974272,5.871654,8.823963,13,cohort (fallback),False,False,False,0.0,6.185407,0.005706,no_flag
SYN-024,2026-06-15,recall_rate,0.142259,ok,4,0.151079,0.134328,0.152727,13,cohort (fallback),False,False,False,0.0,0.149746,-0.049996,no_flag
SYN-024,2026-06-15,exams,114.25,ok,4,88.25,82.0,112.5,13,cohort (fallback),,,,,,,
SYN-024,2026-06-22,utilization,0.799358,ok,4,0.79063,0.769524,0.811188,12,cohort (fallback),False,False,False,0.0,0.798444,0.001145,no_flag
SYN-024,2026-06-22,attendance,0.929719,ok,4,0.938936,0.932789,0.941628,12,cohort (fallback),False,False,False,0.0,0.942495,-0.013556,no_flag
SYN-024,2026-06-22,conversion,0.565875,ok,4,0.571199,0.557325,0.587139,12,cohort (fallback),False,False,False,0.0,0.559462,0.011462,no_flag
SYN-024,2026-06-22,on_time,0.934169,ok,4,0.915177,0.74223,0.930684,12,cohort (fallback),False,False,False,0.0,0.930663,0.003768,no_flag
SYN-024,2026-06-22,turnaround,6.277429,ok,4,6.036397,5.963397,8.755108,12,cohort (fallback),False,False,False,0.0,6.261479,0.002547,no_flag
SYN-024,2026-06-22,recall_rate,0.146939,ok,4,0.143797,0.140498,0.153257,12,cohort (fallback),False,False,False,0.0,0.148148,-0.008163,no_flag
SYN-024,2026-06-22,exams,115.75,ok,4,89.375,82.1875,109.25,12,cohort (fallback),,,,,,,
SYN-024,2026-06-29,utilization,0.801587,ok,4,0.798398,0.777498,0.816248,12,cohort (fallback),False,False,False,0.0,0.796412,0.006498,no_flag
SYN-024,2026-06-29,attendance,0.932673,ok,4,0.938415,0.936542,0.94043,12,cohort (fallback),False,False,False,0.0,0.940255,-0.008063,no_flag
SYN-024,2026-06-29,conversion,0.558386,ok,4,0.567601,0.559051,0.59322,12,cohort (fallback),False,False,False,0.0,0.559375,-0.001767,no_flag
SYN-024,2026-06-29,on_time,0.929012,ok,4,0.913649,0.735957,0.924368,12,cohort (fallback),False,False,False,0.0,0.93323,-0.004519,no_flag
SYN-024,2026-06-29,turnaround,6.228395,ok,4,6.059423,5.931973,8.94901,12,cohort (fallback),False,False,False,0.0,6.236335,-0.001273,no_flag
SYN-024,2026-06-29,recall_rate,0.152941,ok,4,0.145393,0.142252,0.152222,12,cohort (fallback),False,False,False,0.0,0.146853,0.041457,no_flag
SYN-024,2026-06-29,exams,117.75,ok,4,89.75,82.6875,109.875,12,cohort (fallback),,,,,,,
SYN-024,2026-07-06,utilization,0.810047,ok,4,0.8,0.788902,0.816854,11,cohort (fallback),False,False,False,0.0,0.794349,0.019763,no_flag
SYN-024,2026-07-06,attendance,0.936047,ok,4,0.939453,0.935599,0.94193,11,cohort (fallback),False,False,False,0.0,0.935771,0.000295,no_flag
SYN-024,2026-07-06,conversion,0.556936,ok,4,0.571823,0.555573,0.599931,11,cohort (fallback),False,False,False,0.0,0.56283,-0.010472,no_flag
SYN-024,2026-07-06,on_time,0.92145,ok,4,0.910112,0.83261,0.936497,11,cohort (fallback),False,False,False,0.0,0.934375,-0.013833,no_flag
SYN-024,2026-07-06,turnaround,6.086405,ok,4,6.026977,5.938068,7.61358,11,cohort (fallback),False,False,False,0.0,6.335312,-0.039289,no_flag
SYN-024,2026-07-06,recall_rate,0.154717,ok,4,0.148148,0.144509,0.156349,11,cohort (fallback),False,False,False,0.0,0.144893,0.067801,no_flag
SYN-024,2026-07-06,exams,120.75,ok,4,91.75,84.5,110.625,11,cohort (fallback),,,,,,,
SYN-024,2026-07-13,utilization,0.795107,ok,4,0.793696,0.785802,0.81339,12,cohort (fallback),False,False,False,0.0,0.796987,-0.002358,no_flag
SYN-024,2026-07-13,attendance,0.938462,ok,4,0.936901,0.934682,0.94137,12,cohort (fallback),False,False,False,0.0,0.936318,0.002289,no_flag
SYN-024,2026-07-13,conversion,0.561475,ok,4,0.568536,0.551366,0.594216,12,cohort (fallback),False,False,False,0.0,0.561105,0.00066,no_flag
SYN-024,2026-07-13,on_time,0.919881,ok,4,0.905897,0.753151,0.928595,12,cohort (fallback),False,False,False,0.0,0.935937,-0.017155,no_flag
SYN-024,2026-07-13,turnaround,6.176261,ok,4,6.151478,5.869793,8.767433,12,cohort (fallback),False,False,False,0.0,6.297813,-0.019301,no_flag
SYN-024,2026-07-13,recall_rate,0.155303,ok,4,0.152132,0.144649,0.158161,12,cohort (fallback),False,False,False,0.0,0.145695,0.065944,no_flag
SYN-024,2026-07-13,exams,122.0,ok,4,91.125,82.9375,110.0,12,cohort (fallback),,,,,,,
SYN-024,2026-07-20,utilization,0.785933,ok,4,0.79405,0.780488,0.814385,13,cohort (fallback),False,False,False,0.0,0.801105,-0.018939,no_flag
SYN-024,2026-07-20,attendance,0.939689,ok,4,0.936404,0.935673,0.94302,13,cohort (fallback),False,False,False,0.0,0.935961,0.003983,no_flag
SYN-024,2026-07-20,conversion,0.561077,ok,4,0.571875,0.55287,0.59276,13,cohort (fallback),False,False,False,0.0,0.564211,-0.005555,no_flag
SYN-024,2026-07-20,on_time,0.916418,ok,4,0.923387,0.764151,0.925094,13,cohort (fallback),False,False,False,0.0,0.937309,-0.022288,no_flag
SYN-024,2026-07-20,turnaround,6.073433,ok,4,5.939113,5.815021,8.82,13,cohort (fallback),False,False,False,0.0,6.315291,-0.038297,no_flag
SYN-024,2026-07-20,recall_rate,0.157706,ok,4,0.150685,0.145833,0.153846,13,cohort (fallback),False,False,False,0.0,0.145374,0.084827,no_flag
SYN-024,2026-07-20,exams,120.75,ok,4,91.25,82.0,110.5,13,cohort (fallback),,,,,,,
SYN-024,2026-07-27,utilization,0.783826,ok,4,0.798768,0.775777,0.818627,13,cohort (fallback),False,False,False,0.0,0.798266,-0.01809,no_flag
SYN-024,2026-07-27,attendance,0.94246,ok,4,0.94,0.933206,0.943182,13,cohort (fallback),False,False,False,0.0,0.93386,0.00921,no_flag
SYN-024,2026-07-27,conversion,0.564211,ok,4,0.573209,0.557065,0.585746,13,cohort (fallback),False,False,False,0.0,0.559197,0.008966,no_flag
SYN-024,2026-07-27,on_time,0.920489,ok,4,0.9163,0.75,0.932432,13,cohort (fallback),False,False,False,0.0,0.934884,-0.015397,no_flag
SYN-024,2026-07-27,turnaround,6.094801,ok,4,6.015789,5.914919,8.948673,13,cohort (fallback),False,False,False,0.0,6.263101,-0.026872,no_flag
SYN-024,2026-07-27,recall_rate,0.163194,ok,4,0.153061,0.147453,0.155172,13,cohort (fallback),False,False,False,0.0,0.147609,0.105585,no_flag
SYN-024,2026-07-27,exams,118.75,ok,4,92.0,83.0,109.75,13,cohort (fallback),,,,,,,
SYN-024,2026-08-03,utilization,0.77795,ok,4,0.801354,0.783172,0.814876,13,cohort (fallback),False,False,False,0.0,0.801902,-0.029868,no_flag
SYN-024,2026-08-03,attendance,0.946108,ok,4,0.938931,0.93499,0.942857,13,cohort (fallback),False,False,False,0.0,0.932806,0.01426,no_flag
SYN-024,2026-08-03,conversion,0.57384,ok,4,0.572755,0.545752,0.580046,13,cohort (fallback),False,False,False,0.0,0.5625,0.020159,no_flag
SYN-024,2026-08-03,on_time,0.927492,ok,4,0.920245,0.744493,0.936,13,cohort (fallback),False,False,False,0.0,0.932099,-0.004942,no_flag
SYN-024,2026-08-03,turnaround,6.122961,ok,4,6.105705,6.008297,8.99823,13,cohort (fallback),False,False,False,0.0,6.199537,-0.012352,no_flag
SYN-024,2026-08-03,recall_rate,0.16,ok,4,0.148688,0.144295,0.154412,13,cohort (fallback),False,False,False,0.0,0.148374,0.078356,no_flag
SYN-024,2026-08-03,exams,118.5,ok,4,91.75,82.5,107.75,13,cohort (fallback),,,,,,,
SYN-024,2026-08-10,utilization,0.784929,ok,4,0.8,0.781553,0.804651,13,cohort (fallback),False,False,False,0.0,0.795133,-0.012833,no_flag
SYN-024,2026-08-10,attendance,0.942,ok,4,0.941011,0.935091,0.943503,13,cohort (fallback),False,False,False,0.0,0.932873,0.009784,no_flag
SYN-024,2026-08-10,conversion,0.577495,ok,4,0.573134,0.553398,0.582418,13,cohort (fallback),False,False,False,0.0,0.564021,0.023888,no_flag
SYN-024,2026-08-10,on_time,0.929664,ok,4,0.929204,0.756637,0.935897,13,cohort (fallback),False,False,False,0.0,0.927803,0.002005,no_flag
SYN-024,2026-08-10,turnaround,6.402752,ok,4,6.1,6.036471,9.238034,13,cohort (fallback),False,False,False,0.0,6.197696,0.033086,no_flag
SYN-024,2026-08-10,recall_rate,0.155556,ok,4,0.150538,0.14433,0.157143,13,cohort (fallback),False,False,False,0.0,0.149105,0.043259,no_flag
SYN-024,2026-08-10,exams,117.75,ok,4,90.75,83.5,109.5,13,cohort (fallback),,,,,,,
SYN-024,2026-08-17,utilization,0.78831,ok,4,0.801555,0.791029,0.814213,12,cohort (fallback),False,False,False,0.0,0.792482,-0.005265,no_flag
SYN-024,2026-08-17,attendance,0.93988,ok,4,0.938724,0.93458,0.945821,12,cohort (fallback),False,False,False,0.0,0.934783,0.005453,no_flag
SYN-024,2026-08-17,conversion,0.571429,ok,4,0.571036,0.545869,0.589998,12,cohort (fallback),False,False,False,0.0,0.563425,0.014205,no_flag
SYN-024,2026-08-17,on_time,0.928125,ok,4,0.926972,0.757733,0.932578,12,cohort (fallback),False,False,False,0.0,0.925076,0.003295,no_flag
SYN-024,2026-08-17,turnaround,6.23875,ok,4,6.21999,6.037978,9.486303,12,cohort (fallback),False,False,False,0.0,6.172936,0.010662,no_flag
SYN-024,2026-08-17,recall_rate,0.157895,ok,4,0.1479,0.141548,0.15585,12,cohort (fallback),False,False,False,0.0,0.152672,0.034211,no_flag
SYN-024,2026-08-17,exams,117.25,ok,4,88.75,83.1875,107.875,12,cohort (fallback),,,,,,,
SYN-025,2026-02-23,utilization,,insufficient_history,1,,,,0,suppressed,False,False,False,0.0,,,unavailable
SYN-025,2026-02-23,attendance,,insufficient_history,1,,,,0,suppressed,False,False,False,0.0,,,unavailable
SYN-025,2026-02-23,conversion,,insufficient_history,1,,,,0,suppressed,False,False,False,0.0,,,unavailable
SYN-025,2026-02-23,on_time,,insufficient_history,1,,,,0,suppressed,False,False,False,0.0,,,unavailable
SYN-025,2026-02-23,turnaround,,insufficient_history,1,,,,0,suppressed,False,False,False,0.0,,,unavailable
SYN-025,2026-02-23,recall_rate,,insufficient_history,1,,,,0,suppressed,False,False,False,0.0,,,not_eligible
SYN-025,2026-02-23,exams,,insufficient_history,1,,,,0,suppressed,,,,,,,
SYN-025,2026-03-02,utilization,,insufficient_history,2,,,,0,suppressed,False,False,False,0.0,,,unavailable
SYN-025,2026-03-02,attendance,,insufficient_history,2,,,,0,suppressed,False,False,False,0.0,,,unavailable
SYN-025,2026-03-02,conversion,,insufficient_history,2,,,,0,suppressed,False,False,False,0.0,,,unavailable
SYN-025,2026-03-02,on_time,,insufficient_history,2,,,,0,suppressed,False,False,False,0.0,,,unavailable
SYN-025,2026-03-02,turnaround,,insufficient_history,2,,,,0,suppressed,False,False,False,0.0,,,unavailable
SYN-025,2026-03-02,recall_rate,,insufficient_history,2,,,,0,suppressed,False,False,False,0.0,,,not_eligible
SYN-025,2026-03-02,exams,,insufficient_history,2,,,,0,suppressed,,,,,,,
SYN-025,2026-03-09,utilization,0.734328,ok,3,0.705056,0.686821,0.709516,7,cohort x format,False,False,False,0.0,,,no_flag
SYN-025,2026-03-09,attendance,0.943089,ok,3,0.944223,0.941663,0.945655,7,cohort x format,False,False,False,0.0,,,no_flag
SYN-025,2026-03-09,conversion,0.525862,ok,3,0.511312,0.498651,0.537343,7,cohort x format,False,False,False,0.0,,,no_flag
SYN-025,2026-03-09,on_time,0.733333,ok,3,0.906832,0.812111,0.94018,7,cohort x format,True,False,True,1.0,,,flag
SYN-025,2026-03-09,turnaround,9.788,ok,3,6.125,5.89126,7.899335,7,cohort x format,True,False,True,1.0,,,flag
SYN-025,2026-03-09,recall_rate,,suppressed,3,,,,0,suppressed,False,False,False,0.0,,,not_eligible
SYN-025,2026-03-09,exams,77.333333,ok,3,73.666667,70.0,77.5,7,cohort x format,,,,,,,
SYN-025,2026-03-16,utilization,0.742222,ok,4,0.707373,0.68925,0.711709,7,cohort x format,False,False,False,0.0,,,no_flag
SYN-025,2026-03-16,attendance,0.946108,ok,4,0.94186,0.940819,0.942755,7,cohort x format,False,False,False,0.0,,,no_flag
SYN-025,2026-03-16,conversion,0.531646,ok,4,0.512579,0.506974,0.536623,7,cohort x format,False,False,False,0.0,,,no_flag
SYN-025,2026-03-16,on_time,0.735294,ok,4,0.911628,0.812805,0.934875,7,cohort x format,True,False,True,2.0,,,flag
SYN-025,2026-03-16,turnaround,9.897059,ok,4,6.01145,5.881343,7.92302,7,cohort x format,True,False,True,2.0,,,flag
SYN-025,2026-03-16,recall_rate,,suppressed,4,,,,0,suppressed,False,False,False,0.0,,,not_eligible
SYN-025,2026-03-16,exams,79.0,ok,4,73.25,70.0,77.5,7,cohort x format,,,,,,,
SYN-025,2026-03-23,utilization,0.751663,ok,4,0.716831,0.695184,0.724712,6,cohort x format,False,False,False,0.0,,,no_flag
SYN-025,2026-03-23,attendance,0.943953,ok,4,0.942949,0.938709,0.946061,6,cohort x format,False,False,False,0.0,,,no_flag
SYN-025,2026-03-23,conversion,0.5375,ok,4,0.519864,0.511541,0.544713,6,cohort x format,False,False,False,0.0,,,no_flag
SYN-025,2026-03-23,on_time,0.730769,ok,4,0.903535,0.773574,0.925459,6,cohort x format,True,False,True,3.0,,,flag
SYN-025,2026-03-23,turnaround,9.641346,ok,4,6.199916,5.938418,8.881183,6,cohort x format,True,False,True,3.0,,,flag
SYN-025,2026-03-23,recall_rate,,suppressed,4,,,,0,suppressed,False,False,False,0.0,,,not_eligible
SYN-025,2026-03-23,exams,80.0,ok,4,77.25,70.4375,79.9375,6,cohort x format,,,,,,,
SYN-025,2026-03-30,utilization,0.751121,ok,4,0.708502,0.647546,0.730228,7,cohort x format,False,False,False,0.0,,,no_flag
SYN-025,2026-03-30,attendance,0.943284,ok,4,0.938235,0.937777,0.942222,7,cohort x format,False,False,False,0.0,,,no_flag
SYN-025,2026-03-30,conversion,0.550633,ok,4,0.519608,0.500581,0.531672,7,cohort x format,False,False,False,0.0,,,no_flag
SYN-025,2026-03-30,on_time,0.743961,ok,4,0.895522,0.742159,0.925824,7,cohort x format,False,False,False,0.0,,,no_flag
SYN-025,2026-03-30,turnaround,9.710628,ok,4,6.272388,6.027212,9.765424,7,cohort x format,False,False,False,0.0,,,no_flag
SYN-025,2026-03-30,recall_rate,0.1,ok,4,,,,0,suppressed,False,False,False,0.0,,,not_eligible
SYN-025,2026-03-30,exams,79.0,ok,4,76.5,63.125,81.0,7,cohort x format,,,,,,,
SYN-025,2026-04-06,utilization,0.756696,ok,4,0.798046,0.791862,0.829604,9,cohort (fallback),False,False,False,0.0,,,no_flag
SYN-025,2026-04-06,attendance,0.943953,ok,4,0.938111,0.933868,0.941176,9,cohort (fallback),False,False,False,0.0,,,no_flag
SYN-025,2026-04-06,conversion,0.553125,ok,4,0.575431,0.557652,0.611607,9,cohort (fallback),False,False,False,0.0,,,no_flag
SYN-025,2026-04-06,on_time,0.732394,ok,4,0.916149,0.912226,0.926829,9,cohort (fallback),True,False,True,1.0,,,flag
SYN-025,2026-04-06,turnaround,9.474648,ok,4,5.874074,5.796894,6.096037,9,cohort (fallback),True,False,True,1.0,,,flag
SYN-025,2026-04-06,recall_rate,0.117647,ok,4,0.147601,0.147059,0.150628,9,cohort (fallback),True,False,True,1.0,,,flag
SYN-025,2026-04-06,exams,80.0,ok,4,114.75,111.5,116.5,9,cohort (fallback),,,,,,,
SYN-025,2026-04-13,utilization,0.759725,ok,4,0.794347,0.779001,0.833379,10,cohort (fallback),False,False,False,0.0,,,no_flag
SYN-025,2026-04-13,attendance,0.942771,ok,4,0.937339,0.935436,0.940169,10,cohort (fallback),False,False,False,0.0,,,no_flag
SYN-025,2026-04-13,conversion,0.559105,ok,4,0.579083,0.553982,0.60098,10,cohort (fallback),False,False,False,0.0,,,no_flag
SYN-025,2026-04-13,on_time,0.732394,ok,4,0.918197,0.911289,0.927788,10,cohort (fallback),True,False,True,2.0,,,flag
SYN-025,2026-04-13,turnaround,9.449296,ok,4,5.823683,5.670879,6.078531,10,cohort (fallback),True,False,True,2.0,,,flag
SYN-025,2026-04-13,recall_rate,0.116667,ok,4,0.151347,0.147725,0.15365,10,cohort (fallback),True,False,True,2.0,,,flag
SYN-025,2026-04-13,exams,78.25,ok,4,113.5,104.5625,115.75,10,cohort (fallback),,,,,,,
SYN-025,2026-04-20,utilization,0.765258,ok,4,0.793513,0.778764,0.834231,10,cohort (fallback),False,False,False,0.0,,,no_flag
SYN-025,2026-04-20,attendance,0.941718,ok,4,0.937635,0.93502,0.940153,10,cohort (fallback),False,False,False,0.0,,,no_flag
SYN-025,2026-04-20,conversion,0.550489,ok,4,0.576018,0.558161,0.601306,10,cohort (fallback),False,False,False,0.0,,,no_flag
SYN-025,2026-04-20,on_time,0.731707,ok,4,0.918937,0.915751,0.92522,10,cohort (fallback),True,False,True,3.0,,,flag
SYN-025,2026-04-20,turnaround,9.892195,ok,4,5.836683,5.665403,5.986441,10,cohort (fallback),True,False,True,3.0,,,flag
SYN-025,2026-04-20,recall_rate,0.121212,ok,4,0.15,0.144487,0.154572,10,cohort (fallback),True,False,True,3.0,,,flag
SYN-025,2026-04-20,exams,76.75,ok,4,113.625,104.1875,117.5625,10,cohort (fallback),,,,,,,
SYN-025,2026-04-27,utilization,0.768868,ok,4,0.794072,0.771864,0.845863,11,cohort (fallback),False,False,False,0.0,0.744776,0.032348,no_flag
SYN-025,2026-04-27,attendance,0.93865,ok,4,0.941973,0.937236,0.943549,11,cohort (fallback),False,False,False,0.0,0.945892,-0.007656,no_flag
SYN-025,2026-04-27,conversion,0.54902,ok,4,0.564327,0.552252,0.598528,11,cohort (fallback),False,False,False,0.0,0.540254,0.016225,no_flag
SYN-025,2026-04-27,on_time,0.742718,ok,4,0.924242,0.92173,0.929214,11,cohort (fallback),True,False,True,4.0,0.733766,0.0122,flag
SYN-025,2026-04-27,turnaround,9.654854,ok,4,5.792331,5.725015,6.064156,11,cohort (fallback),True,False,True,4.0,9.622727,0.003339,flag
SYN-025,2026-04-27,recall_rate,0.136364,ok,4,0.151235,0.144627,0.154656,11,cohort (fallback),False,False,False,0.0,0.097222,0.402597,no_flag
SYN-025,2026-04-27,exams,76.5,ok,4,114.0,95.5,119.5,11,cohort (fallback),,,,,,,
SYN-025,2026-05-04,utilization,0.780142,ok,4,0.795372,0.756736,0.83749,12,cohort (fallback),False,False,False,0.0,0.747126,0.04419,no_flag
SYN-025,2026-05-04,attendance,0.939394,ok,4,0.943557,0.935336,0.944959,12,cohort (fallback),False,False,False,0.0,0.94359,-0.004447,no_flag
SYN-025,2026-05-04,conversion,0.551613,ok,4,0.565093,0.555436,0.60089,12,cohort (fallback),False,False,False,0.0,0.541667,0.018362,no_flag
SYN-025,2026-05-04,on_time,0.754808,ok,4,0.927364,0.914862,0.931257,12,cohort (fallback),True,False,True,5.0,0.732782,0.030057,flag
SYN-025,2026-05-04,turnaround,9.653365,ok,4,5.922615,5.841713,6.157924,12,cohort (fallback),True,False,True,5.0,9.604132,0.005126,flag
SYN-025,2026-05-04,recall_rate,0.132353,ok,4,0.147765,0.144295,0.153549,12,cohort (fallback),True,False,True,1.0,0.105882,0.25,flag
SYN-025,2026-05-04,exams,77.5,ok,4,111.125,84.9375,118.3125,12,cohort (fallback),,,,,,,
SYN-025,2026-05-11,utilization,0.771226,ok,4,0.757143,0.748963,0.765199,5,cohort x format,False,False,False,0.0,0.750846,0.027144,no_flag
SYN-025,2026-05-11,attendance,0.938838,ok,4,0.943396,0.935897,0.944598,5,cohort x format,False,False,False,0.0,0.944444,-0.005936,no_flag
SYN-025,2026-05-11,conversion,0.557003,ok,4,0.554795,0.535256,0.569364,5,cohort x format,False,False,False,0.0,0.54531,0.021443,no_flag
SYN-025,2026-05-11,on_time,0.758454,ok,4,0.918182,0.911392,0.931174,5,cohort x format,True,False,True,6.0,0.733813,0.03358,flag
SYN-025,2026-05-11,turnaround,9.395169,ok,4,6.053299,6.01498,6.078636,5,cohort x format,True,False,True,6.0,9.668345,-0.028255,flag
SYN-025,2026-05-11,recall_rate,0.149254,ok,4,0.149254,0.140351,0.15,5,cohort x format,False,False,False,0.0,0.105769,0.411126,no_flag
SYN-025,2026-05-11,exams,76.75,ok,4,85.25,78.0,86.5,5,cohort x format,,,,,,,
SYN-025,2026-05-18,utilization,0.764569,ok,4,0.757143,0.749482,0.761603,5,cohort x format,False,False,False,0.0,0.758267,0.008311,no_flag
SYN-025,2026-05-18,attendance,0.939024,ok,4,0.943396,0.939683,0.944598,5,cohort x format,False,False,False,0.0,0.942857,-0.004065,no_flag
SYN-025,2026-05-18,conversion,0.561688,ok,4,0.564189,0.545741,0.57478,5,cohort x format,False,False,False,0.0,0.54386,0.032782,no_flag
SYN-025,2026-05-18,on_time,0.761905,ok,4,0.920319,0.915966,0.925,5,cohort x format,True,False,True,7.0,0.731235,0.041943,flag
SYN-025,2026-05-18,turnaround,9.428095,ok,4,6.178151,5.947012,6.255605,5,cohort x format,True,False,True,7.0,9.76586,-0.034586,flag
SYN-025,2026-05-18,recall_rate,0.15942,ok,4,0.152778,0.144928,0.15625,5,cohort x format,False,False,False,0.0,0.110092,0.448068,no_flag
SYN-025,2026-05-18,exams,77.0,ok,4,85.25,79.25,85.75,5,cohort x format,,,,,,,
SYN-025,2026-05-25,utilization,0.778291,ok,4,0.753094,0.743457,0.764006,6,cohort x format,False,False,False,0.0,0.75977,0.024377,no_flag
SYN-025,2026-05-25,attendance,0.94362,ok,4,0.936657,0.931415,0.940053,6,cohort x format,False,False,False,0.0,0.940998,0.002786,no_flag
SYN-025,2026-05-25,conversion,0.562893,ok,4,0.561012,0.543658,0.571716,6,cohort x format,False,False,False,0.0,0.549839,0.023741,no_flag
SYN-025,2026-05-25,on_time,0.764977,ok,4,0.921317,0.799978,0.924,6,cohort x format,True,False,True,8.0,0.743341,0.029106,flag
SYN-025,2026-05-25,turnaround,9.646544,ok,4,6.291796,5.96268,8.543934,6,cohort x format,True,False,True,8.0,9.682809,-0.003745,flag
SYN-025,2026-05-25,recall_rate,0.151515,ok,4,0.142776,0.138605,0.1572,6,cohort x format,False,False,False,0.0,0.12069,0.255411,no_flag
SYN-025,2026-05-25,exams,79.5,ok,4,82.375,76.9375,85.1875,6,cohort x format,,,,,,,
SYN-025,2026-06-01,utilization,0.776224,ok,4,0.753867,0.746906,0.763027,6,cohort x format,False,False,False,0.0,0.768083,0.010599,no_flag
SYN-025,2026-06-01,attendance,0.942943,ok,4,0.935217,0.930117,0.940772,6,cohort x format,False,False,False,0.0,0.941704,0.001316,no_flag
SYN-025,2026-06-01,conversion,0.550955,ok,4,0.561241,0.541599,0.576789,6,cohort x format,False,False,False,0.0,0.552381,-0.002581,no_flag
SYN-025,2026-06-01,on_time,0.759615,ok,4,0.921811,0.803113,0.92392,6,cohort x format,True,False,True,9.0,0.743468,0.021719,flag
SYN-025,2026-06-01,turnaround,9.260577,ok,4,6.199794,6.009017,8.637636,6,cohort x format,True,False,True,9.0,9.562945,-0.031619,flag
SYN-025,2026-06-01,recall_rate,0.150685,ok,4,0.146905,0.14206,0.15813,6,cohort x format,False,False,False,0.0,0.12605,0.195434,no_flag
SYN-025,2026-06-01,exams,78.5,ok,4,81.75,76.75,85.625,6,cohort x format,,,,,,,
SYN-025,2026-06-08,utilization,0.8,ok,4,0.757751,0.750356,0.770773,6,cohort x format,False,False,False,0.0,0.765389,0.04522,no_flag
SYN-025,2026-06-08,attendance,0.942529,ok,4,0.937167,0.931645,0.939425,6,cohort x format,False,False,False,0.0,0.940819,0.001817,no_flag
SYN-025,2026-06-08,conversion,0.54878,ok,4,0.56043,0.534468,0.573265,6,cohort x format,False,False,False,0.0,0.558065,-0.016636,no_flag
SYN-025,2026-06-08,on_time,0.746544,ok,4,0.921973,0.796472,0.924674,6,cohort x format,True,False,True,10.0,0.745238,0.001752,flag
SYN-025,2026-06-08,turnaround,9.082488,ok,4,6.160362,5.891245,8.481514,6,cohort x format,True,False,True,10.0,9.422619,-0.036097,flag
SYN-025,2026-06-08,recall_rate,0.138889,ok,4,0.154396,0.140875,0.162592,6,cohort x format,True,False,True,1.0,0.133858,0.037582,flag
SYN-025,2026-06-08,exams,82.0,ok,4,81.5,77.3125,85.3125,6,cohort x format,,,,,,,
SYN-025,2026-06-15,utilization,0.809745,ok,4,0.762784,0.749116,0.781788,6,cohort x format,False,False,False,0.0,0.764912,0.058611,no_flag
SYN-025,2026-06-15,attendance,0.939828,ok,4,0.934311,0.933642,0.935536,6,cohort x format,False,False,False,0.0,0.940367,-0.000573,no_flag
SYN-025,2026-06-15,conversion,0.554878,ok,4,0.56302,0.547213,0.571644,6,cohort x format,False,False,False,0.0,0.556098,-0.002193,no_flag
SYN-025,2026-06-15,on_time,0.741935,ok,4,0.918176,0.782902,0.921505,6,cohort x format,True,False,True,11.0,0.746988,-0.006764,flag
SYN-025,2026-06-15,turnaround,8.823963,ok,4,6.09584,5.897308,8.583338,6,cohort x format,True,False,True,11.0,9.657349,-0.086296,flag
SYN-025,2026-06-15,recall_rate,0.134328,ok,4,0.150758,0.1375,0.159972,6,cohort x format,True,False,True,2.0,0.140741,-0.045562,flag
SYN-025,2026-06-15,exams,82.0,ok,4,81.75,78.25,86.1875,6,cohort x format,,,,,,,
SYN-025,2026-06-22,utilization,0.805936,ok,4,0.768594,0.758526,0.784808,6,cohort x format,False,False,False,0.0,0.773629,0.041761,no_flag
SYN-025,2026-06-22,attendance,0.934844,ok,4,0.938936,0.934375,0.940541,6,cohort x format,False,False,False,0.0,0.941176,-0.006728,no_flag
SYN-025,2026-06-22,conversion,0.563636,ok,4,0.564745,0.547793,0.5731,6,cohort x format,False,False,False,0.0,0.55609,0.013571,no_flag
SYN-025,2026-06-22,on_time,0.736364,ok,4,0.913521,0.771666,0.916665,6,cohort x format,True,False,True,12.0,0.754137,-0.023568,flag
SYN-025,2026-06-22,turnaround,8.543636,ok,4,6.025874,6.002263,8.551395,6,cohort x format,False,False,False,0.0,9.650591,-0.114703,no_flag
SYN-025,2026-06-22,recall_rate,0.142857,ok,4,0.14795,0.142067,0.153175,6,cohort x format,False,False,False,0.0,0.143939,-0.007519,no_flag
SYN-025,2026-06-22,exams,82.5,ok,4,82.75,80.125,87.625,6,cohort x format,,,,,,,
SYN-025,2026-06-29,utilization,0.811494,ok,4,0.774951,0.767936,0.792296,6,cohort x format,False,False,False,0.0,0.778169,0.042825,no_flag
SYN-025,2026-06-29,attendance,0.937677,ok,4,0.938327,0.937244,0.941184,6,cohort x format,False,False,False,0.0,0.941176,-0.003718,no_flag
SYN-025,2026-06-29,conversion,0.564955,ok,4,0.562418,0.553697,0.568463,6,cohort x format,False,False,False,0.0,0.551282,0.024802,no_flag
SYN-025,2026-06-29,on_time,0.725225,ok,4,0.912332,0.782651,0.914459,6,cohort x format,True,False,True,13.0,0.757212,-0.042242,flag
SYN-025,2026-06-29,turnaround,8.807207,ok,4,6.056002,5.956937,8.564214,6,cohort x format,True,False,True,1.0,9.456971,-0.068707,flag
SYN-025,2026-06-29,recall_rate,0.136986,ok,4,0.148171,0.144919,0.151136,6,cohort x format,False,False,False,0.0,0.141844,-0.034247,no_flag
SYN-025,2026-06-29,exams,82.75,ok,4,84.125,81.375,88.0,6,cohort x format,,,,,,,
SYN-025,2026-07-06,utilization,0.806527,ok,4,0.785859,0.765073,0.797101,5,cohort x format,False,False,False,0.0,0.785797,0.02638,no_flag
SYN-025,2026-07-06,attendance,0.936416,ok,4,0.94026,0.934783,0.943182,5,cohort x format,False,False,False,0.0,0.940741,-0.004597,no_flag
SYN-025,2026-07-06,conversion,0.561728,ok,4,0.569132,0.549419,0.571823,5,cohort x format,False,False,False,0.0,0.552756,0.016232,no_flag
SYN-025,2026-07-06,on_time,0.740741,ok,4,0.910112,0.90708,0.916335,5,cohort x format,True,False,True,14.0,0.752358,-0.015442,flag
SYN-025,2026-07-06,turnaround,8.867593,ok,4,6.026977,5.940239,6.049558,5,cohort x format,True,False,True,2.0,9.235142,-0.039799,flag
SYN-025,2026-07-06,recall_rate,0.148148,ok,4,0.155556,0.149425,0.157143,5,cohort x format,False,False,False,0.0,0.143885,0.02963,no_flag
SYN-025,2026-07-06,exams,81.0,ok,4,86.0,83.0,90.5,5,cohort x format,,,,,,,
SYN-025,2026-07-13,utilization,0.808219,ok,4,0.790502,0.782556,0.793755,6,cohort x format,False,False,False,0.0,0.787209,0.026689,no_flag
SYN-025,2026-07-13,attendance,0.940678,ok,4,0.937969,0.933917,0.942361,6,cohort x format,False,False,False,0.0,0.939439,0.001319,no_flag
SYN-025,2026-07-13,conversion,0.558559,ok,4,0.562435,0.539344,0.569058,6,cohort x format,False,False,False,0.0,0.558176,0.000685,no_flag
SYN-025,2026-07-13,on_time,0.734234,ok,4,0.905897,0.793073,0.918074,6,cohort x format,True,False,True,15.0,0.751756,-0.023308,flag
SYN-025,2026-07-13,turnaround,8.794144,ok,4,6.013248,5.889607,8.779973,6,cohort x format,True,False,True,3.0,9.121077,-0.035844,flag
SYN-025,2026-07-13,recall_rate,0.156627,ok,4,0.148947,0.137273,0.159155,6,cohort x format,False,False,False,0.0,0.147059,0.06506,no_flag
SYN-025,2026-07-13,exams,83.25,ok,4,86.0,81.5,90.5625,6,cohort x format,,,,,,,
SYN-025,2026-07-20,utilization,0.814385,ok,4,0.788991,0.765535,0.794963,7,cohort x format,False,False,False,0.0,0.792193,0.028014,no_flag
SYN-025,2026-07-20,attendance,0.94302,ok,4,0.937888,0.935867,0.942675,7,cohort x format,False,False,False,0.0,0.93913,0.004142,no_flag
SYN-025,2026-07-20,conversion,0.55287,ok,4,0.564854,0.54759,0.574017,7,cohort x format,False,False,False,0.0,0.563272,-0.018466,no_flag
SYN-025,2026-07-20,on_time,0.727273,ok,4,0.923387,0.837011,0.926348,7,cohort x format,True,False,True,16.0,0.750572,-0.031042,flag
SYN-025,2026-07-20,turnaround,8.82,ok,4,5.918352,5.830588,7.659929,7,cohort x format,True,False,True,4.0,9.091304,-0.029842,flag
SYN-025,2026-07-20,recall_rate,0.152941,ok,4,0.150943,0.145139,0.156923,7,cohort x format,False,False,False,0.0,0.146853,0.041457,no_flag
SYN-025,2026-07-20,exams,82.75,ok,4,82.0,79.833333,90.75,7,cohort x format,,,,,,,
SYN-025,2026-07-27,utilization,0.809195,ok,4,0.798643,0.761959,0.803054,7,cohort x format,False,False,False,0.0,0.793981,0.019162,no_flag
SYN-025,2026-07-27,attendance,0.943182,ok,4,0.941358,0.935475,0.942951,7,cohort x format,False,False,False,0.0,0.940233,0.003136,no_flag
SYN-025,2026-07-27,conversion,0.563253,ok,4,0.567213,0.542797,0.5764,7,cohort x format,False,False,False,0.0,0.55814,0.009162,no_flag
SYN-025,2026-07-27,on_time,0.730088,ok,4,0.928571,0.83315,0.932723,7,cohort x format,True,False,True,17.0,0.74186,-0.015868,flag
SYN-025,2026-07-27,turnaround,8.948673,ok,4,5.985022,5.933135,7.817565,7,cohort x format,True,False,True,5.0,9.026512,-0.008623,flag
SYN-025,2026-07-27,recall_rate,0.161616,ok,4,0.153061,0.15006,0.154906,7,cohort x format,False,False,False,0.0,0.143836,0.123617,no_flag
SYN-025,2026-07-27,exams,83.0,ok,4,83.25,80.958333,91.125,7,cohort x format,,,,,,,
SYN-025,2026-08-03,utilization,0.801354,ok,4,0.797267,0.769102,0.805288,7,cohort x format,False,False,False,0.0,0.803241,-0.002348,no_flag
SYN-025,2026-08-03,attendance,0.943662,ok,4,0.938931,0.933308,0.941941,7,cohort x format,False,False,False,0.0,0.939481,0.00445,no_flag
SYN-025,2026-08-03,conversion,0.558209,ok,4,0.561308,0.538027,0.57407,7,cohort x format,False,False,False,0.0,0.555215,0.005393,no_flag
SYN-025,2026-08-03,on_time,0.725664,ok,4,0.930131,0.833031,0.937811,7,cohort x format,True,False,True,18.0,0.743649,-0.024185,flag
SYN-025,2026-08-03,turnaround,8.99823,ok,4,6.122264,6.035948,7.841509,7,cohort x format,True,False,True,6.0,8.975289,0.002556,flag
SYN-025,2026-08-03,recall_rate,0.168317,ok,4,0.148515,0.145449,0.151668,7,cohort x format,False,False,False,0.0,0.143791,0.170567,no_flag
SYN-025,2026-08-03,exams,83.75,ok,4,82.5,81.0,91.25,7,cohort x format,,,,,,,
SYN-025,2026-08-10,utilization,0.8,ok,4,0.794715,0.766194,0.802763,7,cohort x format,False,False,False,0.0,0.808976,-0.011095,no_flag
SYN-025,2026-08-10,attendance,0.941011,ok,4,0.941176,0.93639,0.945642,7,cohort x format,False,False,False,0.0,0.940256,0.000803,no_flag
SYN-025,2026-08-10,conversion,0.573134,ok,4,0.567935,0.543166,0.571867,7,cohort x format,False,False,False,0.0,0.556732,0.029461,no_flag
SYN-025,2026-08-10,on_time,0.74359,ok,4,0.933333,0.84292,0.937121,7,cohort x format,True,False,True,19.0,0.738041,0.007518,flag
SYN-025,2026-08-10,turnaround,9.238034,ok,4,6.301327,5.983786,7.938622,7,cohort x format,True,False,True,7.0,8.808884,0.048718,flag
SYN-025,2026-08-10,recall_rate,0.165138,ok,4,0.151786,0.147434,0.158011,7,cohort x format,False,False,False,0.0,0.146667,0.125938,no_flag
SYN-025,2026-08-10,exams,83.75,ok,4,83.5,80.875,89.875,7,cohort x format,,,,,,,
SYN-025,2026-08-17,utilization,0.802691,ok,4,0.799172,0.767803,0.802284,7,cohort x format,False,False,False,0.0,0.810127,-0.009179,no_flag
SYN-025,2026-08-17,attendance,0.938547,ok,4,0.939759,0.935961,0.94599,7,cohort x format,False,False,False,0.0,0.93892,-0.000397,no_flag
SYN-025,2026-08-17,conversion,0.568452,ok,4,0.567485,0.53824,0.574103,7,cohort x format,False,False,False,0.0,0.558245,0.018285,no_flag
SYN-025,2026-08-17,on_time,0.735931,ok,4,0.932075,0.844817,0.932723,7,cohort x format,True,False,True,20.0,0.731818,0.00562,flag
SYN-025,2026-08-17,turnaround,9.61645,ok,4,6.197736,6.079985,8.001415,7,cohort x format,True,False,True,8.0,8.681818,0.107654,flag
SYN-025,2026-08-17,recall_rate,0.160714,ok,4,0.148148,0.141504,0.157104,7,cohort x format,False,False,False,0.0,0.148148,0.084821,no_flag
SYN-025,2026-08-17,exams,84.0,ok,4,83.75,81.5,88.75,7,cohort x format,,,,,,,
SYN-026,2026-02-23,utilization,,insufficient_history,1,,,,0,suppressed,False,False,False,0.0,,,unavailable
SYN-026,2026-02-23,attendance,,insufficient_history,1,,,,0,suppressed,False,False,False,0.0,,,unavailable
SYN-026,2026-02-23,conversion,,insufficient_history,1,,,,0,suppressed,False,False,False,0.0,,,unavailable
SYN-026,2026-02-23,on_time,,insufficient_history,1,,,,0,suppressed,False,False,False,0.0,,,unavailable
SYN-026,2026-02-23,turnaround,,insufficient_history,1,,,,0,suppressed,False,False,False,0.0,,,unavailable
SYN-026,2026-02-23,recall_rate,,insufficient_history,1,,,,0,suppressed,False,False,False,0.0,,,unavailable
SYN-026,2026-02-23,exams,,insufficient_history,1,,,,0,suppressed,,,,,,,
SYN-026,2026-03-02,utilization,,insufficient_history,2,,,,0,suppressed,False,False,False,0.0,,,unavailable
SYN-026,2026-03-02,attendance,,insufficient_history,2,,,,0,suppressed,False,False,False,0.0,,,unavailable
SYN-026,2026-03-02,conversion,,insufficient_history,2,,,,0,suppressed,False,False,False,0.0,,,unavailable
SYN-026,2026-03-02,on_time,,insufficient_history,2,,,,0,suppressed,False,False,False,0.0,,,unavailable
SYN-026,2026-03-02,turnaround,,insufficient_history,2,,,,0,suppressed,False,False,False,0.0,,,unavailable
SYN-026,2026-03-02,recall_rate,,insufficient_history,2,,,,0,suppressed,False,False,False,0.0,,,unavailable
SYN-026,2026-03-02,exams,,insufficient_history,2,,,,0,suppressed,,,,,,,
SYN-026,2026-03-09,utilization,0.836645,ok,3,0.806794,0.785251,0.854849,7,cohort (fallback),False,False,False,0.0,,,no_flag
SYN-026,2026-03-09,attendance,0.936675,ok,3,0.939474,0.93124,0.941456,7,cohort (fallback),False,False,False,0.0,,,no_flag
SYN-026,2026-03-09,conversion,0.619718,ok,3,0.585434,0.574543,0.617788,7,cohort (fallback),False,False,False,0.0,,,no_flag
SYN-026,2026-03-09,on_time,0.752852,ok,3,0.936441,0.929043,0.93863,7,cohort (fallback),True,False,True,1.0,,,flag
SYN-026,2026-03-09,turnaround,9.634981,ok,3,5.681667,5.596017,5.9638,7,cohort (fallback),True,False,True,1.0,,,flag
SYN-026,2026-03-09,recall_rate,0.159574,ok,3,0.147059,0.141941,0.150914,7,cohort (fallback),False,False,False,0.0,,,no_flag
SYN-026,2026-03-09,exams,118.333333,ok,3,116.333333,110.166667,118.5,7,cohort (fallback),,,,,,,
SYN-026,2026-03-16,utilization,0.833055,ok,4,0.807018,0.787437,0.848499,7,cohort (fallback),False,False,False,0.0,,,no_flag
SYN-026,2026-03-16,attendance,0.933868,ok,4,0.940711,0.935719,0.942056,7,cohort (fallback),False,False,False,0.0,,,no_flag
SYN-026,2026-03-16,conversion,0.626609,ok,4,0.581933,0.570016,0.605704,7,cohort (fallback),False,False,False,0.0,,,no_flag
SYN-026,2026-03-16,on_time,0.744986,ok,4,0.931034,0.928119,0.93663,7,cohort (fallback),True,False,True,2.0,,,flag
SYN-026,2026-03-16,turnaround,9.823496,ok,4,5.760502,5.59164,5.96072,7,cohort (fallback),True,False,True,2.0,,,flag
SYN-026,2026-03-16,recall_rate,0.156863,ok,4,0.148,0.144314,0.148662,7,cohort (fallback),False,False,False,0.0,,,no_flag
SYN-026,2026-03-16,exams,116.5,ok,4,117.25,111.5,118.75,7,cohort (fallback),,,,,,,
SYN-026,2026-03-23,utilization,0.829392,ok,4,0.809011,0.782862,0.829975,8,cohort (fallback),False,False,False,0.0,,,no_flag
SYN-026,2026-03-23,attendance,0.928717,ok,4,0.941498,0.936862,0.942965,8,cohort (fallback),False,False,False,0.0,,,no_flag
SYN-026,2026-03-23,conversion,0.631579,ok,4,0.580279,0.557421,0.593876,8,cohort (fallback),False,False,False,0.0,,,no_flag
SYN-026,2026-03-23,on_time,0.729412,ok,4,0.93188,0.923744,0.938877,8,cohort (fallback),True,False,True,3.0,,,flag
SYN-026,2026-03-23,turnaround,10.068824,ok,4,5.905934,5.79065,6.076583,8,cohort (fallback),True,False,True,3.0,,,flag
SYN-026,2026-03-23,recall_rate,0.150198,ok,4,0.148786,0.146104,0.149783,8,cohort (fallback),False,False,False,0.0,,,no_flag
SYN-026,2026-03-23,exams,114.0,ok,4,115.625,110.0625,119.5,8,cohort (fallback),,,,,,,
SYN-026,2026-03-30,utilization,0.818803,ok,4,0.800358,0.781869,0.82485,8,cohort (fallback),False,False,False,0.0,,,no_flag
SYN-026,2026-03-30,attendance,0.929019,ok,4,0.940019,0.934421,0.940394,8,cohort (fallback),False,False,False,0.0,,,no_flag
SYN-026,2026-03-30,conversion,0.620225,ok,4,0.581958,0.554556,0.596651,8,cohort (fallback),False,False,False,0.0,,,no_flag
SYN-026,2026-03-30,on_time,0.708589,ok,4,0.921458,0.915784,0.933728,8,cohort (fallback),True,False,True,4.0,,,flag
SYN-026,2026-03-30,turnaround,10.160736,ok,4,5.85308,5.735846,5.986485,8,cohort (fallback),True,False,True,4.0,,,flag
SYN-026,2026-03-30,recall_rate,0.156627,ok,4,0.149295,0.143309,0.153564,8,cohort (fallback),False,False,False,0.0,,,no_flag
SYN-026,2026-03-30,exams,111.25,ok,4,114.0,109.125,118.5,8,cohort (fallback),,,,,,,
SYN-026,2026-04-06,utilization,0.829604,ok,4,0.797735,0.770979,0.823432,9,cohort (fallback),False,False,False,0.0,,,no_flag
SYN-026,2026-04-06,attendance,0.929461,ok,4,0.941043,0.936735,0.942688,9,cohort (fallback),False,False,False,0.0,,,no_flag
SYN-026,2026-04-06,conversion,0.611607,ok,4,0.567265,0.553125,0.586057,9,cohort (fallback),False,False,False,0.0,,,no_flag
SYN-026,2026-04-06,on_time,0.719136,ok,4,0.916149,0.912226,0.926829,9,cohort (fallback),True,False,True,5.0,,,flag
SYN-026,2026-04-06,turnaround,9.874691,ok,4,5.874074,5.796894,6.096037,9,cohort (fallback),True,False,True,5.0,,,flag
SYN-026,2026-04-06,recall_rate,0.150628,ok,4,0.147541,0.146417,0.148649,9,cohort (fallback),False,False,False,0.0,,,no_flag
SYN-026,2026-04-06,exams,112.0,ok,4,114.75,103.75,116.5,9,cohort (fallback),,,,,,,
SYN-026,2026-04-13,utilization,0.835616,ok,4,0.790574,0.763699,0.819174,10,cohort (fallback),False,False,False,0.0,,,no_flag
SYN-026,2026-04-13,attendance,0.936475,ok,4,0.938349,0.935436,0.94135,10,cohort (fallback),False,False,False,0.0,,,no_flag
SYN-026,2026-04-13,conversion,0.601751,ok,4,0.56573,0.553982,0.595455,10,cohort (fallback),False,False,False,0.0,,,no_flag
SYN-026,2026-04-13,on_time,0.729231,ok,4,0.918197,0.911289,0.927788,10,cohort (fallback),True,False,True,6.0,,,flag
SYN-026,2026-04-13,turnaround,9.555077,ok,4,5.823683,5.670879,6.078531,10,cohort (fallback),True,False,True,6.0,,,flag
SYN-026,2026-04-13,recall_rate,0.150862,ok,4,0.150054,0.13858,0.15365,10,cohort (fallback),False,False,False,0.0,,,no_flag
SYN-026,2026-04-13,exams,114.25,ok,4,111.0,88.375,115.75,10,cohort (fallback),,,,,,,
SYN-026,2026-04-20,utilization,0.833613,ok,4,0.787324,0.768256,0.824748,10,cohort (fallback),False,False,False,0.0,,,no_flag
SYN-026,2026-04-20,attendance,0.943548,ok,4,0.937635,0.93502,0.940153,10,cohort (fallback),False,False,False,0.0,,,no_flag
SYN-026,2026-04-20,conversion,0.604701,ok,4,0.562619,0.552079,0.590563,10,cohort (fallback),False,False,False,0.0,,,no_flag
SYN-026,2026-04-20,on_time,0.735294,ok,4,0.918937,0.915751,0.92522,10,cohort (fallback),True,False,True,7.0,,,flag
SYN-026,2026-04-20,turnaround,9.440882,ok,4,5.836683,5.665403,5.986441,10,cohort (fallback),True,False,True,7.0,,,flag
SYN-026,2026-04-20,recall_rate,0.149378,ok,4,0.15,0.142857,0.154572,10,cohort (fallback),False,False,False,0.0,,,no_flag
SYN-026,2026-04-20,exams,117.0,ok,4,109.75,90.125,117.0,10,cohort (fallback),,,,,,,
SYN-026,2026-04-27,utilization,0.842546,ok,4,0.787267,0.762812,0.827252,11,cohort (fallback),False,False,False,0.0,0.829955,0.015171,no_flag
SYN-026,2026-04-27,attendance,0.946322,ok,4,0.941935,0.936781,0.942587,11,cohort (fallback),False,False,False,0.0,0.930801,0.016675,no_flag
SYN-026,2026-04-27,conversion,0.607143,ok,4,0.563291,0.548637,0.586623,11,cohort (fallback),False,False,False,0.0,0.618076,-0.017689,no_flag
SYN-026,2026-04-27,on_time,0.756447,ok,4,0.924242,0.92173,0.929214,11,cohort (fallback),True,False,True,8.0,0.73161,0.033948,flag
SYN-026,2026-04-27,turnaround,9.278223,ok,4,5.792331,5.725015,6.064156,11,cohort (fallback),True,False,True,8.0,9.862028,-0.059197,flag
SYN-026,2026-04-27,recall_rate,0.14741,ok,4,0.151235,0.139104,0.154656,11,cohort (fallback),False,False,False,0.0,0.153425,-0.0392,no_flag
SYN-026,2026-04-27,exams,119.0,ok,4,108.0,84.875,119.25,11,cohort (fallback),,,,,,,
SYN-026,2026-05-04,utilization,0.837521,ok,4,0.790706,0.756736,0.809624,12,cohort (fallback),False,False,False,0.0,0.832689,0.005803,no_flag
SYN-026,2026-05-04,attendance,0.948,ok,4,0.941638,0.935336,0.944535,12,cohort (fallback),False,False,False,0.0,0.932636,0.016473,no_flag
SYN-026,2026-05-04,conversion,0.607595,ok,4,0.560951,0.550073,0.591537,12,cohort (fallback),False,False,False,0.0,0.615193,-0.012351,no_flag
SYN-026,2026-05-04,on_time,0.758721,ok,4,0.927364,0.914862,0.931257,12,cohort (fallback),True,False,True,9.0,0.734242,0.033339,flag
SYN-026,2026-05-04,turnaround,9.417151,ok,4,5.922615,5.841713,6.157924,12,cohort (fallback),True,False,True,9.0,9.767291,-0.035848,flag
SYN-026,2026-05-04,recall_rate,0.147601,ok,4,0.146545,0.143936,0.153549,12,cohort (fallback),False,False,False,0.0,0.154567,-0.045063,no_flag
SYN-026,2026-05-04,exams,118.5,ok,4,108.25,82.9375,117.6875,12,cohort (fallback),,,,,,,
SYN-026,2026-05-11,utilization,0.834711,ok,4,0.790952,0.765199,0.795069,13,cohort (fallback),False,False,False,0.0,0.83432,0.000469,no_flag
SYN-026,2026-05-11,attendance,0.944554,ok,4,0.94186,0.936128,0.944773,13,cohort (fallback),False,False,False,0.0,0.935157,0.010049,no_flag
SYN-026,2026-05-11,conversion,0.610063,ok,4,0.569364,0.554795,0.58,13,cohort (fallback),False,False,False,0.0,0.614301,-0.006899,no_flag
SYN-026,2026-05-11,on_time,0.761494,ok,4,0.929664,0.918182,0.93401,13,cohort (fallback),True,False,True,10.0,0.737389,0.03269,flag
SYN-026,2026-05-11,turnaround,9.310057,ok,4,6.078636,5.977215,6.352632,13,cohort (fallback),True,False,True,10.0,9.694065,-0.039613,flag
SYN-026,2026-05-11,recall_rate,0.145907,ok,4,0.149254,0.140351,0.15,13,cohort (fallback),False,False,False,0.0,0.154004,-0.052574,no_flag
SYN-026,2026-05-11,exams,119.25,ok,4,107.0,85.25,117.25,13,cohort (fallback),,,,,,,
SYN-026,2026-05-18,utilization,0.842809,ok,4,0.780186,0.760488,0.799242,12,cohort (fallback),False,False,False,0.0,0.831508,0.013591,no_flag
SYN-026,2026-05-18,attendance,0.946429,ok,4,0.940703,0.938908,0.944669,12,cohort (fallback),False,False,False,0.0,0.93617,0.010958,no_flag
SYN-026,2026-05-18,conversion,0.603774,ok,4,0.569485,0.553274,0.585476,12,cohort (fallback),False,False,False,0.0,0.617965,-0.022965,no_flag
SYN-026,2026-05-18,on_time,0.744186,ok,4,0.926788,0.919231,0.934367,12,cohort (fallback),True,False,True,11.0,0.732353,0.016158,flag
SYN-026,2026-05-18,turnaround,9.484884,ok,4,6.114001,5.936421,6.404064,12,cohort (fallback),True,False,True,11.0,9.754853,-0.027675,flag
SYN-026,2026-05-18,recall_rate,0.148014,ok,4,0.15021,0.144633,0.155213,12,cohort (fallback),False,False,False,0.0,0.149798,-0.011904,no_flag
SYN-026,2026-05-18,exams,119.25,ok,4,96.625,83.75,114.375,12,cohort (fallback),,,,,,,
SYN-026,2026-05-25,utilization,0.838111,ok,4,0.778291,0.761905,0.798574,13,cohort (fallback),False,False,False,0.0,0.830795,0.008806,no_flag
SYN-026,2026-05-25,attendance,0.949698,ok,4,0.940217,0.933754,0.941973,13,cohort (fallback),False,False,False,0.0,0.937882,0.012599,no_flag
SYN-026,2026-05-25,conversion,0.599576,ok,4,0.564211,0.554455,0.580925,13,cohort (fallback),False,False,False,0.0,0.613464,-0.022638,no_flag
SYN-026,2026-05-25,on_time,0.725373,ok,4,0.927445,0.920502,0.940299,13,cohort (fallback),True,False,True,12.0,0.733333,-0.010855,flag
SYN-026,2026-05-25,turnaround,9.655522,ok,4,6.232127,5.85,6.351464,13,cohort (fallback),True,False,True,12.0,9.704444,-0.005041,flag
SYN-026,2026-05-25,recall_rate,0.153571,ok,4,0.146497,0.143541,0.154545,13,cohort (fallback),False,False,False,0.0,0.152,0.010338,no_flag
SYN-026,2026-05-25,exams,118.0,ok,4,86.5,80.5,111.5,13,cohort (fallback),,,,,,,
SYN-026,2026-06-01,utilization,0.836975,ok,4,0.776224,0.759834,0.785235,13,cohort (fallback),False,False,False,0.0,0.833616,0.004029,no_flag
SYN-026,2026-06-01,attendance,0.943775,ok,4,0.938976,0.93038,0.94152,13,cohort (fallback),False,False,False,0.0,0.9389,0.005192,no_flag
SYN-026,2026-06-01,conversion,0.608511,ok,4,0.568027,0.550955,0.582609,13,cohort (fallback),False,False,False,0.0,0.609544,-0.001696,no_flag
SYN-026,2026-06-01,on_time,0.730994,ok,4,0.93125,0.921811,0.939799,13,cohort (fallback),True,False,True,13.0,0.739521,-0.01153,flag
SYN-026,2026-06-01,turnaround,9.583041,ok,4,6.025514,5.95287,6.374074,13,cohort (fallback),True,False,True,13.0,9.639072,-0.005813,flag
SYN-026,2026-06-01,recall_rate,0.143911,ok,4,0.148649,0.141593,0.154545,13,cohort (fallback),False,False,False,0.0,0.14902,-0.034279,no_flag
SYN-026,2026-06-01,exams,117.5,ok,4,86.25,79.75,110.5,13,cohort (fallback),,,,,,,
SYN-026,2026-06-08,utilization,0.834188,ok,4,0.776923,0.760915,0.794314,13,cohort (fallback),False,False,False,0.0,0.835156,-0.001159,no_flag
SYN-026,2026-06-08,attendance,0.940574,ok,4,0.938028,0.930091,0.942085,13,cohort (fallback),False,False,False,0.0,0.940584,-1.1e-05,no_flag
SYN-026,2026-06-08,conversion,0.6122,ok,4,0.568571,0.54878,0.584302,13,cohort (fallback),False,False,False,0.0,0.605996,0.010239,no_flag
SYN-026,2026-06-08,on_time,0.726471,ok,4,0.9279,0.921182,0.939394,13,cohort (fallback),True,False,True,14.0,0.745914,-0.026066,flag
SYN-026,2026-06-08,turnaround,9.954118,ok,4,5.928344,5.767974,6.399585,13,cohort (fallback),True,False,True,14.0,9.42838,0.055761,flag
SYN-026,2026-06-08,recall_rate,0.151852,ok,4,0.152542,0.138889,0.16129,13,cohort (fallback),False,False,False,0.0,0.148148,0.025,no_flag
SYN-026,2026-06-08,exams,114.75,ok,4,87.5,82.0,112.0,13,cohort (fallback),,,,,,,
SYN-026,2026-06-15,utilization,0.827883,ok,4,0.78692,0.766393,0.808896,13,cohort (fallback),False,False,False,0.0,0.838223,-0.012336,no_flag
SYN-026,2026-06-15,attendance,0.935551,ok,4,0.935829,0.933535,0.939828,13,cohort (fallback),False,False,False,0.0,0.945,-0.009999,no_flag
SYN-026,2026-06-15,conversion,0.611111,ok,4,0.569405,0.554878,0.581395,13,cohort (fallback),False,False,False,0.0,0.604233,0.011384,no_flag
SYN-026,2026-06-15,on_time,0.731928,ok,4,0.925595,0.917323,0.936073,13,cohort (fallback),True,False,True,15.0,0.739766,-0.010596,flag
SYN-026,2026-06-15,turnaround,10.328916,ok,4,5.974272,5.871654,6.30625,13,cohort (fallback),True,False,True,15.0,9.463012,0.091504,flag
SYN-026,2026-06-15,recall_rate,0.151079,ok,4,0.15,0.134328,0.152727,13,cohort (fallback),False,False,False,0.0,0.148649,0.016351,no_flag
SYN-026,2026-06-15,exams,112.5,ok,4,88.25,82.0,114.25,13,cohort (fallback),,,,,,,
SYN-026,2026-06-22,utilization,0.825719,ok,4,0.79063,0.769524,0.806038,12,cohort (fallback),False,False,False,0.0,0.840336,-0.017394,no_flag
SYN-026,2026-06-22,attendance,0.932377,ok,4,0.938936,0.932503,0.941628,12,cohort (fallback),False,False,False,0.0,0.948,-0.01648,no_flag
SYN-026,2026-06-22,conversion,0.617582,ok,4,0.566636,0.557325,0.578033,12,cohort (fallback),False,False,False,0.0,0.603376,0.023546,no_flag
SYN-026,2026-06-22,on_time,0.744186,ok,4,0.916493,0.868354,0.935609,12,cohort (fallback),True,False,True,16.0,0.741228,0.003991,flag
SYN-026,2026-06-22,turnaround,9.843023,ok,4,6.036397,5.963397,6.938846,12,cohort (fallback),True,False,True,16.0,9.463012,0.040158,flag
SYN-026,2026-06-22,recall_rate,0.153061,ok,4,0.143797,0.140498,0.151834,12,cohort (fallback),False,False,False,0.0,0.150659,0.015944,no_flag
SYN-026,2026-06-22,exams,113.75,ok,4,89.375,82.1875,109.375,12,cohort (fallback),,,,,,,
SYN-026,2026-06-29,utilization,0.830508,ok,4,0.798398,0.777498,0.804064,12,cohort (fallback),False,False,False,0.0,0.837248,-0.00805,no_flag
SYN-026,2026-06-29,attendance,0.934694,ok,4,0.938415,0.936037,0.94043,12,cohort (fallback),False,False,False,0.0,0.945892,-0.011838,no_flag
SYN-026,2026-06-29,conversion,0.611354,ok,4,0.564031,0.556545,0.585818,12,cohort (fallback),False,False,False,0.0,0.608051,0.005432,no_flag
SYN-026,2026-06-29,on_time,0.725146,ok,4,0.914846,0.868884,0.930986,12,cohort (fallback),True,False,True,17.0,0.744898,-0.026516,flag
SYN-026,2026-06-29,turnaround,9.599415,ok,4,6.059423,5.931973,6.987396,12,cohort (fallback),True,False,True,17.0,9.499854,0.01048,flag
SYN-026,2026-06-29,recall_rate,0.154341,ok,4,0.145393,0.142252,0.151872,12,cohort (fallback),False,False,False,0.0,0.145756,0.058895,no_flag
SYN-026,2026-06-29,exams,114.5,ok,4,89.75,82.6875,109.875,12,cohort (fallback),,,,,,,
SYN-026,2026-07-06,utilization,0.827181,ok,4,0.8,0.788902,0.808287,11,cohort (fallback),False,False,False,0.0,0.834454,-0.008715,no_flag
SYN-026,2026-07-06,attendance,0.93712,ok,4,0.939453,0.935415,0.94193,11,cohort (fallback),False,False,False,0.0,0.942598,-0.005812,no_flag
SYN-026,2026-07-06,conversion,0.608225,ok,4,0.569132,0.553177,0.590654,11,cohort (fallback),False,False,False,0.0,0.611111,-0.004723,no_flag
SYN-026,2026-07-06,on_time,0.724852,ok,4,0.916335,0.907244,0.936497,11,cohort (fallback),True,False,True,18.0,0.744186,-0.02598,flag
SYN-026,2026-07-06,turnaround,9.31568,ok,4,6.026977,5.938068,6.222986,11,cohort (fallback),True,False,True,18.0,9.628343,-0.032473,flag
SYN-026,2026-07-06,recall_rate,0.145401,ok,4,0.149425,0.145013,0.156349,11,cohort (fallback),False,False,False,0.0,0.14882,-0.022979,no_flag
SYN-026,2026-07-06,exams,115.5,ok,4,91.75,84.5,110.625,11,cohort (fallback),,,,,,,
SYN-026,2026-07-13,utilization,0.828904,ok,4,0.793696,0.785802,0.799903,12,cohort (fallback),False,False,False,0.0,0.835454,-0.00784,no_flag
SYN-026,2026-07-13,attendance,0.935872,ok,4,0.937735,0.934682,0.94137,12,cohort (fallback),False,False,False,0.0,0.941117,-0.005573,no_flag
SYN-026,2026-07-13,conversion,0.614561,ok,4,0.564484,0.551366,0.588807,12,cohort (fallback),False,False,False,0.0,0.607335,0.011897,no_flag
SYN-026,2026-07-13,on_time,0.741176,ok,4,0.915406,0.859097,0.928595,12,cohort (fallback),True,False,True,19.0,0.738166,0.004079,flag
SYN-026,2026-07-13,turnaround,8.758529,ok,4,6.130934,5.869793,6.906083,12,cohort (fallback),True,False,True,19.0,9.899408,-0.115247,flag
SYN-026,2026-07-13,recall_rate,0.146341,ok,4,0.155777,0.144649,0.158161,12,cohort (fallback),False,False,False,0.0,0.14955,-0.021452,no_flag
SYN-026,2026-07-13,exams,116.75,ok,4,91.125,82.9375,110.0,12,cohort (fallback),,,,,,,
SYN-026,2026-07-20,utilization,0.823723,ok,4,0.790295,0.780488,0.807851,13,cohort (fallback),False,False,False,0.0,0.831926,-0.00986,no_flag
SYN-026,2026-07-20,attendance,0.932,ok,4,0.937888,0.936061,0.94302,13,cohort (fallback),False,False,False,0.0,0.941117,-0.009687,no_flag
SYN-026,2026-07-20,conversion,0.61588,ok,4,0.564854,0.55287,0.588764,13,cohort (fallback),False,False,False,0.0,0.608414,0.012271,no_flag
SYN-026,2026-07-20,on_time,0.727003,ok,4,0.923387,0.909871,0.925094,13,cohort (fallback),True,False,True,20.0,0.734904,-0.010751,flag
SYN-026,2026-07-20,turnaround,9.1,ok,4,5.939113,5.815021,6.152038,13,cohort (fallback),True,False,True,20.0,9.750515,-0.066716,flag
SYN-026,2026-07-20,recall_rate,0.140984,ok,4,0.150943,0.147368,0.157635,13,cohort (fallback),False,False,False,0.0,0.15331,-0.080402,no_flag
SYN-026,2026-07-20,exams,116.5,ok,4,91.25,82.0,110.5,13,cohort (fallback),,,,,,,
SYN-026,2026-07-27,utilization,0.818627,ok,4,0.798643,0.775777,0.809195,13,cohort (fallback),False,False,False,0.0,0.833755,-0.018144,no_flag
SYN-026,2026-07-27,attendance,0.936128,ok,4,0.941358,0.933206,0.943182,13,cohort (fallback),False,False,False,0.0,0.939271,-0.003347,no_flag
SYN-026,2026-07-27,conversion,0.618337,ok,4,0.567213,0.557065,0.580866,13,cohort (fallback),False,False,False,0.0,0.609914,0.01381,no_flag
SYN-026,2026-07-27,on_time,0.734513,ok,4,0.920489,0.902516,0.932432,13,cohort (fallback),True,False,True,21.0,0.72807,0.00885,flag
SYN-026,2026-07-27,turnaround,9.324779,ok,4,6.015789,5.914919,6.102201,13,cohort (fallback),True,False,True,21.0,9.591228,-0.027781,flag
SYN-026,2026-07-27,recall_rate,0.148649,ok,4,0.153061,0.147453,0.158537,13,cohort (fallback),False,False,False,0.0,0.149485,-0.005592,no_flag
SYN-026,2026-07-27,exams,117.25,ok,4,92.0,83.0,109.75,13,cohort (fallback),,,,,,,
SYN-026,2026-08-03,utilization,0.814876,ok,4,0.797267,0.778905,0.806452,13,cohort (fallback),False,False,False,0.0,0.830652,-0.018992,no_flag
SYN-026,2026-08-03,attendance,0.935091,ok,4,0.941026,0.93499,0.943662,13,cohort (fallback),False,False,False,0.0,0.938838,-0.003991,no_flag
SYN-026,2026-08-03,conversion,0.618221,ok,4,0.572755,0.545752,0.575385,13,cohort (fallback),False,False,False,0.0,0.610206,0.013135,no_flag
SYN-026,2026-08-03,on_time,0.742515,ok,4,0.921569,0.912752,0.936,13,cohort (fallback),True,False,True,22.0,0.725664,0.023222,flag
SYN-026,2026-08-03,turnaround,9.495808,ok,4,6.105705,6.008297,6.161991,13,cohort (fallback),True,False,True,22.0,9.635841,-0.014532,flag
SYN-026,2026-08-03,recall_rate,0.154412,ok,4,0.148688,0.144295,0.157895,13,cohort (fallback),False,False,False,0.0,0.14827,0.041422,no_flag
SYN-026,2026-08-03,exams,115.25,ok,4,91.75,82.5,107.75,13,cohort (fallback),,,,,,,
SYN-026,2026-08-10,utilization,0.810855,ok,4,0.794715,0.781553,0.804622,13,cohort (fallback),False,False,False,0.0,0.828402,-0.021182,no_flag
SYN-026,2026-08-10,attendance,0.935091,ok,4,0.941176,0.936364,0.943503,13,cohort (fallback),False,False,False,0.0,0.935714,-0.000666,no_flag
SYN-026,2026-08-10,conversion,0.618221,ok,4,0.573134,0.553398,0.577495,13,cohort (fallback),False,False,False,0.0,0.612868,0.008735,no_flag
SYN-026,2026-08-10,on_time,0.74184,ok,4,0.929664,0.91,0.935897,13,cohort (fallback),True,False,True,23.0,0.736607,0.007104,flag
SYN-026,2026-08-10,turnaround,9.494955,ok,4,6.1,6.036471,6.459545,13,cohort (fallback),True,False,True,23.0,9.534375,-0.004134,flag
SYN-026,2026-08-10,recall_rate,0.149502,ok,4,0.151786,0.14433,0.157143,13,cohort (fallback),False,False,False,0.0,0.148515,0.006645,no_flag
SYN-026,2026-08-10,exams,115.25,ok,4,90.75,83.5,109.5,13,cohort (fallback),,,,,,,
SYN-026,2026-08-17,utilization,0.82107,ok,4,0.799796,0.784916,0.806092,12,cohort (fallback),False,False,False,0.0,0.824708,-0.004411,no_flag
SYN-026,2026-08-17,attendance,0.9389,ok,4,0.939153,0.93458,0.945821,12,cohort (fallback),False,False,False,0.0,0.932186,0.007202,no_flag
SYN-026,2026-08-17,conversion,0.611714,ok,4,0.56994,0.545869,0.577295,12,cohort (fallback),False,False,False,0.0,0.616721,-0.008119,no_flag
SYN-026,2026-08-17,on_time,0.747748,ok,4,0.928348,0.875909,0.932578,12,cohort (fallback),True,False,True,24.0,0.735683,0.0164,flag
SYN-026,2026-08-17,turnaround,9.670571,ok,4,6.218243,6.037978,7.280663,12,cohort (fallback),True,False,True,24.0,9.47533,0.020605,flag
SYN-026,2026-08-17,recall_rate,0.147651,ok,4,0.149546,0.141548,0.1586,12,cohort (fallback),False,False,False,0.0,0.146912,0.005034,no_flag
SYN-026,2026-08-17,exams,115.25,ok,4,88.75,83.1875,107.875,12,cohort (fallback),,,,,,,
SYN-027,2026-02-23,utilization,,insufficient_history,1,,,,0,suppressed,False,False,False,0.0,,,unavailable
SYN-027,2026-02-23,attendance,,insufficient_history,1,,,,0,suppressed,False,False,False,0.0,,,unavailable
SYN-027,2026-02-23,conversion,,insufficient_history,1,,,,0,suppressed,False,False,False,0.0,,,unavailable
SYN-027,2026-02-23,on_time,,insufficient_history,1,,,,0,suppressed,False,False,False,0.0,,,unavailable
SYN-027,2026-02-23,turnaround,,insufficient_history,1,,,,0,suppressed,False,False,False,0.0,,,unavailable
SYN-027,2026-02-23,recall_rate,,insufficient_history,1,,,,0,suppressed,False,False,False,0.0,,,not_eligible
SYN-027,2026-02-23,exams,,insufficient_history,1,,,,0,suppressed,,,,,,,
SYN-027,2026-03-02,utilization,,insufficient_history,2,,,,0,suppressed,False,False,False,0.0,,,unavailable
SYN-027,2026-03-02,attendance,,insufficient_history,2,,,,0,suppressed,False,False,False,0.0,,,unavailable
SYN-027,2026-03-02,conversion,,insufficient_history,2,,,,0,suppressed,False,False,False,0.0,,,unavailable
SYN-027,2026-03-02,on_time,,insufficient_history,2,,,,0,suppressed,False,False,False,0.0,,,unavailable
SYN-027,2026-03-02,turnaround,,insufficient_history,2,,,,0,suppressed,False,False,False,0.0,,,unavailable
SYN-027,2026-03-02,recall_rate,,insufficient_history,2,,,,0,suppressed,False,False,False,0.0,,,not_eligible
SYN-027,2026-03-02,exams,,insufficient_history,2,,,,0,suppressed,,,,,,,
SYN-027,2026-03-09,utilization,0.69279,ok,3,0.705167,0.692954,0.719789,7,cohort x format,False,False,False,0.0,,,no_flag
SYN-027,2026-03-09,attendance,0.941176,ok,3,0.944223,0.942619,0.945655,7,cohort x format,False,False,False,0.0,,,no_flag
SYN-027,2026-03-09,conversion,0.495192,ok,3,0.525862,0.506711,0.537343,7,cohort x format,False,False,False,0.0,,,no_flag
SYN-027,2026-03-09,on_time,0.72093,ok,3,0.906832,0.812111,0.94018,7,cohort x format,True,False,True,1.0,,,flag
SYN-027,2026-03-09,turnaround,10.081395,ok,3,6.125,5.89126,7.899335,7,cohort x format,True,False,True,1.0,,,flag
SYN-027,2026-03-09,recall_rate,,suppressed,3,,,,0,suppressed,False,False,False,0.0,,,not_eligible
SYN-027,2026-03-09,exams,69.333333,ok,3,76.0,72.166667,78.166667,7,cohort x format,,,,,,,
SYN-027,2026-03-16,utilization,0.696682,ok,4,0.710084,0.694596,0.721847,7,cohort x format,False,False,False,0.0,,,no_flag
SYN-027,2026-03-16,attendance,0.942177,ok,4,0.94186,0.940819,0.944721,7,cohort x format,False,False,False,0.0,,,no_flag
SYN-027,2026-03-16,conversion,0.505415,ok,4,0.530035,0.510556,0.537428,7,cohort x format,False,False,False,0.0,,,no_flag
SYN-027,2026-03-16,on_time,0.724138,ok,4,0.911628,0.812805,0.934875,7,cohort x format,True,False,True,2.0,,,flag
SYN-027,2026-03-16,turnaround,10.008621,ok,4,6.01145,5.881343,7.92302,7,cohort x format,True,False,True,2.0,,,flag
SYN-027,2026-03-16,recall_rate,,suppressed,4,,,,0,suppressed,False,False,False,0.0,,,not_eligible
SYN-027,2026-03-16,exams,69.25,ok,4,75.5,72.0,79.25,7,cohort x format,,,,,,,
SYN-027,2026-03-23,utilization,0.690307,ok,4,0.724425,0.713321,0.733106,6,cohort x format,False,False,False,0.0,,,no_flag
SYN-027,2026-03-23,attendance,0.941781,ok,4,0.944035,0.939252,0.946061,6,cohort x format,False,False,False,0.0,,,no_flag
SYN-027,2026-03-23,conversion,0.516364,ok,4,0.530432,0.513291,0.548247,6,cohort x format,False,False,False,0.0,,,no_flag
SYN-027,2026-03-23,on_time,0.724719,ok,4,0.903535,0.773574,0.925459,6,cohort x format,True,False,True,3.0,,,flag
SYN-027,2026-03-23,turnaround,9.725281,ok,4,6.199916,5.938418,8.818232,6,cohort x format,True,False,True,3.0,,,flag
SYN-027,2026-03-23,recall_rate,,suppressed,4,,,,0,suppressed,False,False,False,0.0,,,not_eligible
SYN-027,2026-03-23,exams,68.75,ok,4,79.5,76.375,80.1875,6,cohort x format,,,,,,,
SYN-027,2026-03-30,utilization,0.706856,ok,4,0.72809,0.648369,0.733353,7,cohort x format,False,False,False,0.0,,,no_flag
SYN-027,2026-03-30,attendance,0.936455,ok,4,0.94,0.938144,0.943864,7,cohort x format,False,False,False,0.0,,,no_flag
SYN-027,2026-03-30,conversion,0.521429,ok,4,0.519608,0.500581,0.546275,7,cohort x format,False,False,False,0.0,,,no_flag
SYN-027,2026-03-30,on_time,0.745856,ok,4,0.895522,0.741211,0.925824,7,cohort x format,False,False,False,0.0,,,no_flag
SYN-027,2026-03-30,turnaround,9.801105,ok,4,6.272388,6.027212,9.720186,7,cohort x format,True,False,True,4.0,,,flag
SYN-027,2026-03-30,recall_rate,,suppressed,4,,,,0,suppressed,False,False,False,0.0,,,not_eligible
SYN-027,2026-03-30,exams,70.0,ok,4,79.0,66.375,81.0,7,cohort x format,,,,,,,
SYN-027,2026-04-06,utilization,0.720554,ok,4,0.726173,0.62663,0.73933,6,cohort x format,False,False,False,0.0,,,no_flag
SYN-027,2026-04-06,attendance,0.932692,ok,4,0.940134,0.93833,0.941377,6,cohort x format,False,False,False,0.0,,,no_flag
SYN-027,2026-04-06,conversion,0.5189,ok,4,0.512627,0.501506,0.543211,6,cohort x format,False,False,False,0.0,,,no_flag
SYN-027,2026-04-06,on_time,0.754011,ok,4,0.911082,0.791787,0.923763,6,cohort x format,True,False,True,1.0,,,flag
SYN-027,2026-04-06,turnaround,9.716043,ok,4,6.418428,6.086979,8.798101,6,cohort x format,True,False,True,5.0,,,flag
SYN-027,2026-04-06,recall_rate,,suppressed,4,,,,0,suppressed,False,False,False,0.0,,,not_eligible
SYN-027,2026-04-06,exams,72.75,ok,4,80.5,63.375,83.0,6,cohort x format,,,,,,,
SYN-027,2026-04-13,utilization,0.730769,ok,4,0.711111,0.607143,0.742268,5,cohort x format,False,False,False,0.0,,,no_flag
SYN-027,2026-04-13,attendance,0.931889,ok,4,0.939024,0.938889,0.941176,5,cohort x format,False,False,False,0.0,,,no_flag
SYN-027,2026-04-13,conversion,0.511628,ok,4,0.5125,0.507508,0.525316,5,cohort x format,False,False,False,0.0,,,no_flag
SYN-027,2026-04-13,on_time,0.752632,ok,4,0.910714,0.768116,0.919463,5,cohort x format,True,False,True,2.0,,,flag
SYN-027,2026-04-13,turnaround,9.97,ok,4,6.551786,6.379866,9.005797,5,cohort x format,True,False,True,6.0,,,flag
SYN-027,2026-04-13,recall_rate,,suppressed,4,,,,0,suppressed,False,False,False,0.0,,,not_eligible
SYN-027,2026-04-13,exams,75.25,ok,4,79.0,60.0,83.25,5,cohort x format,,,,,,,
SYN-027,2026-04-20,utilization,0.745011,ok,4,0.669626,0.548838,0.735564,6,cohort x format,False,False,False,0.0,,,no_flag
SYN-027,2026-04-20,attendance,0.934524,ok,4,0.938683,0.936585,0.94174,6,cohort x format,False,False,False,0.0,,,no_flag
SYN-027,2026-04-20,conversion,0.512739,ok,4,0.511362,0.424799,0.523785,6,cohort x format,False,False,False,0.0,,,no_flag
SYN-027,2026-04-20,on_time,0.743719,ok,4,0.896186,0.798506,0.92073,6,cohort x format,True,False,True,3.0,,,flag
SYN-027,2026-04-20,turnaround,10.066332,ok,4,6.733122,6.470183,8.483603,6,cohort x format,True,False,True,7.0,,,flag
SYN-027,2026-04-20,recall_rate,,suppressed,4,,,,0,suppressed,False,False,False,0.0,,,not_eligible
SYN-027,2026-04-20,exams,78.5,ok,4,69.875,45.625,81.9375,6,cohort x format,,,,,,,
SYN-027,2026-04-27,utilization,0.738255,ok,4,0.64218,0.527778,0.751029,5,cohort x format,False,False,False,0.0,0.702194,0.051354,no_flag
SYN-027,2026-04-27,attendance,0.936364,ok,4,0.93617,0.935673,0.940959,5,cohort x format,False,False,False,0.0,0.9375,-0.001212,no_flag
SYN-027,2026-04-27,conversion,0.521036,ok,4,0.52549,0.406667,0.532468,5,cohort x format,False,False,False,0.0,0.507143,0.027394,no_flag
SYN-027,2026-04-27,on_time,0.74,ok,4,0.881579,0.781095,0.919831,5,cohort x format,True,False,True,4.0,0.735849,0.005641,flag
SYN-027,2026-04-27,turnaround,9.9955,ok,4,6.605263,6.372152,9.165174,5,cohort x format,True,False,True,8.0,9.954717,0.004097,flag
SYN-027,2026-04-27,recall_rate,,suppressed,4,,,,0,suppressed,False,False,False,0.0,0.125,,not_eligible
SYN-027,2026-04-27,exams,77.25,ok,4,63.75,40.0,77.0,5,cohort x format,,,,,,,
SYN-027,2026-05-04,utilization,0.730942,ok,4,,,,0,suppressed,False,False,False,0.0,0.708777,0.031272,no_flag_own_baseline_only
SYN-027,2026-05-04,attendance,0.935583,ok,4,,,,0,suppressed,False,False,False,0.0,0.93621,-0.00067,no_flag_own_baseline_only
SYN-027,2026-05-04,conversion,0.527869,ok,4,,,,0,suppressed,False,False,False,0.0,0.509018,0.037034,no_flag_own_baseline_only
SYN-027,2026-05-04,on_time,0.733668,ok,4,,,,0,suppressed,False,False,False,0.0,0.740506,-0.009234,no_flag_own_baseline_only
SYN-027,2026-05-04,turnaround,9.998492,ok,4,,,,0,suppressed,False,False,False,0.0,9.86519,0.013512,no_flag_own_baseline_only
SYN-027,2026-05-04,recall_rate,,suppressed,4,,,,0,suppressed,False,False,False,0.0,0.122807,,not_eligible
SYN-027,2026-05-04,exams,76.25,ok,4,,,,0,suppressed,,,,,,,
SYN-027,2026-05-11,utilization,0.728507,ok,4,,,,0,suppressed,False,False,False,0.0,0.71412,0.020146,no_flag_own_baseline_only
SYN-027,2026-05-11,attendance,0.934783,ok,4,,,,0,suppressed,False,False,False,0.0,0.936791,-0.002144,no_flag_own_baseline_only
SYN-027,2026-05-11,conversion,0.541528,ok,4,,,,0,suppressed,False,False,False,0.0,0.508651,0.064637,no_flag_own_baseline_only
SYN-027,2026-05-11,on_time,0.742574,ok,4,,,,0,suppressed,False,False,False,0.0,0.739011,0.004822,no_flag_own_baseline_only
SYN-027,2026-05-11,turnaround,9.959901,ok,4,,,,0,suppressed,False,False,False,0.0,9.988462,-0.002859,no_flag_own_baseline_only
SYN-027,2026-05-11,recall_rate,0.098039,ok,4,,,,0,suppressed,False,False,False,0.0,0.114286,,not_eligible
SYN-027,2026-05-11,exams,75.25,ok,4,,,,0,suppressed,,,,,,,
SYN-027,2026-05-18,utilization,0.732426,ok,4,,,,0,suppressed,False,False,False,0.0,0.718535,0.019332,no_flag_own_baseline_only
SYN-027,2026-05-18,attendance,0.931889,ok,4,,,,0,suppressed,False,False,False,0.0,0.937898,-0.006407,no_flag_own_baseline_only
SYN-027,2026-05-18,conversion,0.554817,ok,4,,,,0,suppressed,False,False,False,0.0,0.514431,0.078506,no_flag_own_baseline_only
SYN-027,2026-05-18,on_time,0.763547,ok,4,,,,0,suppressed,False,False,False,0.0,0.734748,0.039195,no_flag_own_baseline_only
SYN-027,2026-05-18,turnaround,9.716749,ok,4,,,,0,suppressed,False,False,False,0.0,9.905305,-0.019036,no_flag_own_baseline_only
SYN-027,2026-05-18,recall_rate,0.113208,ok,4,,,,0,suppressed,False,False,False,0.0,0.106667,,not_eligible
SYN-027,2026-05-18,exams,75.25,ok,4,,,,0,suppressed,,,,,,,
SYN-027,2026-05-25,utilization,0.743182,ok,4,0.763305,0.748688,0.771713,6,cohort x format,False,False,False,0.0,0.722989,0.02793,no_flag
SYN-027,2026-05-25,attendance,0.926606,ok,4,0.939889,0.935206,0.94106,6,cohort x format,False,False,False,0.0,0.936407,-0.010467,no_flag
SYN-027,2026-05-25,conversion,0.554455,ok,4,0.56523,0.545768,0.571716,6,cohort x format,False,False,False,0.0,0.521222,0.06376,no_flag
SYN-027,2026-05-25,on_time,0.759804,ok,4,0.921317,0.803858,0.924,6,cohort x format,True,False,True,1.0,0.742782,0.022916,flag
SYN-027,2026-05-25,turnaround,9.787255,ok,4,6.291796,5.96268,8.543934,6,cohort x format,True,False,True,1.0,9.90315,-0.011703,flag
SYN-027,2026-05-25,recall_rate,0.137931,ok,4,0.148221,0.141701,0.158847,6,cohort x format,False,False,False,0.0,0.098765,0.396552,no_flag
SYN-027,2026-05-25,exams,75.75,ok,4,82.375,79.75,85.1875,6,cohort x format,,,,,,,
SYN-027,2026-06-01,utilization,0.746575,ok,4,0.761963,0.750883,0.769113,6,cohort x format,False,False,False,0.0,0.725825,0.028589,no_flag
SYN-027,2026-06-01,attendance,0.926606,ok,4,0.940533,0.932798,0.94222,6,cohort x format,False,False,False,0.0,0.934169,-0.008097,no_flag
SYN-027,2026-06-01,conversion,0.554455,ok,4,0.559491,0.540724,0.576789,6,cohort x format,False,False,False,0.0,0.52349,0.059152,no_flag
SYN-027,2026-06-01,on_time,0.763547,ok,4,0.921811,0.800164,0.92392,6,cohort x format,True,False,True,2.0,0.743523,0.026931,flag
SYN-027,2026-06-01,turnaround,9.885714,ok,4,6.199794,6.009017,8.538951,6,cohort x format,True,False,True,2.0,9.861658,0.002439,flag
SYN-027,2026-06-01,recall_rate,0.145161,ok,4,0.149667,0.142931,0.158639,6,cohort x format,False,False,False,0.0,0.093023,0.560484,no_flag
SYN-027,2026-06-01,exams,75.75,ok,4,81.75,78.8125,85.625,6,cohort x format,,,,,,,
SYN-027,2026-06-08,utilization,0.754587,ok,4,0.767487,0.751938,0.774596,6,cohort x format,False,False,False,0.0,0.729638,0.034194,no_flag
SYN-027,2026-06-08,attendance,0.930091,ok,4,0.938959,0.936736,0.941869,6,cohort x format,False,False,False,0.0,0.933333,-0.003474,no_flag
SYN-027,2026-06-08,conversion,0.552288,ok,4,0.558676,0.533592,0.573265,6,cohort x format,False,False,False,0.0,0.526578,0.048824,no_flag
SYN-027,2026-06-08,on_time,0.754902,ok,4,0.921973,0.790203,0.924674,6,cohort x format,True,False,True,3.0,0.747449,0.009971,flag
SYN-027,2026-06-08,turnaround,9.17549,ok,4,6.160362,5.891245,8.411763,6,cohort x format,True,False,True,3.0,9.964796,-0.079209,flag
SYN-027,2026-06-08,recall_rate,0.15625,ok,4,0.145716,0.137462,0.161665,6,cohort x format,False,False,False,0.0,0.096774,0.614583,no_flag
SYN-027,2026-06-08,exams,76.5,ok,4,82.625,80.3125,85.3125,6,cohort x format,,,,,,,
SYN-027,2026-06-15,utilization,0.759174,ok,4,0.776657,0.75092,0.786977,6,cohort x format,False,False,False,0.0,0.738789,0.027593,no_flag
SYN-027,2026-06-15,attendance,0.933535,ok,4,0.935244,0.934136,0.938828,6,cohort x format,False,False,False,0.0,0.933232,0.000324,no_flag
SYN-027,2026-06-15,conversion,0.556634,ok,4,0.562142,0.546774,0.571644,6,cohort x format,False,False,False,0.0,0.533333,0.043689,no_flag
SYN-027,2026-06-15,on_time,0.7343,ok,4,0.918176,0.785782,0.921505,6,cohort x format,True,False,True,4.0,0.753731,-0.025781,flag
SYN-027,2026-06-15,turnaround,9.371981,ok,4,6.09584,5.897308,8.172325,6,cohort x format,True,False,True,4.0,9.889801,-0.052359,flag
SYN-027,2026-06-15,recall_rate,0.151515,ok,4,0.142164,0.133582,0.159593,6,cohort x format,False,False,False,0.0,0.102041,0.484848,no_flag
SYN-027,2026-06-15,exams,77.25,ok,4,82.125,81.4375,86.1875,6,cohort x format,,,,,,,
SYN-027,2026-06-22,utilization,0.770455,ok,4,0.778164,0.758526,0.791148,6,cohort x format,False,False,False,0.0,0.740699,0.040172,no_flag
SYN-027,2026-06-22,attendance,0.941003,ok,4,0.936781,0.933406,0.939045,6,cohort x format,False,False,False,0.0,0.931507,0.010194,no_flag
SYN-027,2026-06-22,conversion,0.567398,ok,4,0.562864,0.547793,0.572159,6,cohort x format,False,False,False,0.0,0.537582,0.055464,no_flag
SYN-027,2026-06-22,on_time,0.724771,ok,4,0.913521,0.78036,0.916665,6,cohort x format,True,False,True,5.0,0.75,-0.033639,flag
SYN-027,2026-06-22,turnaround,9.701376,ok,4,6.025874,6.002263,7.916979,6,cohort x format,True,False,True,5.0,9.890347,-0.019107,flag
SYN-027,2026-06-22,recall_rate,0.136364,ok,4,0.14795,0.143327,0.153175,6,cohort x format,False,False,False,0.0,0.116505,0.170455,no_flag
SYN-027,2026-06-22,exams,79.75,ok,4,83.375,81.5625,87.625,6,cohort x format,,,,,,,
SYN-027,2026-06-29,utilization,0.780045,ok,4,0.783119,0.767936,0.799407,6,cohort x format,False,False,False,0.0,0.738688,0.055988,no_flag
SYN-027,2026-06-29,attendance,0.94186,ok,4,0.937589,0.937244,0.938784,6,cohort x format,False,False,False,0.0,0.931087,0.011571,no_flag
SYN-027,2026-06-29,conversion,0.561728,ok,4,0.564031,0.554042,0.568925,6,cohort x format,False,False,False,0.0,0.541118,0.038088,no_flag
SYN-027,2026-06-29,on_time,0.715596,ok,4,0.912332,0.782651,0.914459,6,cohort x format,True,False,True,6.0,0.748756,-0.044287,flag
SYN-027,2026-06-29,turnaround,9.544037,ok,4,6.056002,5.956937,8.138805,6,cohort x format,True,False,True,6.0,9.941542,-0.039984,flag
SYN-027,2026-06-29,recall_rate,0.142857,ok,4,0.148171,0.144919,0.151136,6,cohort x format,False,False,False,0.0,0.118182,0.208791,no_flag
SYN-027,2026-06-29,exams,81.0,ok,4,84.25,82.5625,88.0,6,cohort x format,,,,,,,
SYN-027,2026-07-06,utilization,,red,3,0.79148,0.770269,0.799275,6,cohort x format,False,False,False,0.0,0.741458,,unavailable
SYN-027,2026-07-06,attendance,,red,3,0.938338,0.935191,0.942451,6,cohort x format,False,False,False,0.0,0.932412,,unavailable
SYN-027,2026-07-06,conversion,,red,3,0.56543,0.552496,0.57115,6,cohort x format,False,False,False,0.0,0.546952,,unavailable
SYN-027,2026-07-06,on_time,,red,3,0.908596,0.795375,0.914779,6,cohort x format,False,False,False,0.0,0.748768,,unavailable
SYN-027,2026-07-06,turnaround,,red,3,6.038267,5.961923,8.163084,6,cohort x format,False,False,False,0.0,9.565764,,unavailable
SYN-027,2026-07-06,recall_rate,,red,3,0.15249,0.148467,0.156746,6,cohort x format,False,False,False,0.0,0.130435,,unavailable
SYN-027,2026-07-06,exams,,red,3,84.5,81.5,89.375,6,cohort x format,,,,,,,
SYN-027,2026-07-13,utilization,0.787425,ok,3,0.793696,0.784094,0.796302,6,cohort x format,False,False,False,0.0,0.745724,0.05592,no_flag
SYN-027,2026-07-13,attendance,0.927757,ok,3,0.940776,0.936468,0.942361,6,cohort x format,False,False,False,0.0,0.932722,-0.005323,no_flag
SYN-027,2026-07-13,conversion,0.557377,ok,3,0.563026,0.53964,0.569058,6,cohort x format,False,False,False,0.0,0.555738,0.00295,no_flag
SYN-027,2026-07-13,on_time,0.723926,ok,3,0.905897,0.793073,0.918074,6,cohort x format,True,False,True,1.0,0.74878,-0.033193,flag
SYN-027,2026-07-13,turnaround,9.891411,ok,3,6.013248,5.889607,8.11701,6,cohort x format,True,False,True,1.0,9.542683,0.036544,flag
SYN-027,2026-07-13,recall_rate,0.14,ok,3,0.157261,0.141429,0.159155,6,cohort x format,True,False,True,1.0,0.134454,0.04125,flag
SYN-027,2026-07-13,exams,81.333333,ok,3,86.625,82.3125,90.5625,6,cohort x format,,,,,,,
SYN-027,2026-07-20,utilization,0.788991,ok,3,0.79405,0.765535,0.801864,7,cohort x format,False,False,False,0.0,0.756818,0.04251,no_flag
SYN-027,2026-07-20,attendance,0.926357,ok,3,0.940104,0.936975,0.944132,7,cohort x format,False,False,False,0.0,0.933934,-0.008113,no_flag
SYN-027,2026-07-20,conversion,0.564854,ok,3,0.561644,0.543203,0.574017,7,cohort x format,False,False,False,0.0,0.561093,0.006702,no_flag
SYN-027,2026-07-20,on_time,0.757764,ok,3,0.923387,0.837011,0.926348,7,cohort x format,True,False,True,2.0,0.741706,0.02165,flag
SYN-027,2026-07-20,turnaround,9.380745,ok,3,5.918352,5.830588,7.379556,7,cohort x format,True,False,True,2.0,9.742891,-0.03717,flag
SYN-027,2026-07-20,recall_rate,0.150943,ok,3,0.152941,0.145139,0.156923,7,cohort x format,False,False,False,0.0,0.137097,0.100999,no_flag
SYN-027,2026-07-20,exams,79.666667,ok,3,82.75,81.0,90.75,7,cohort x format,,,,,,,
SYN-027,2026-07-27,utilization,0.807339,ok,3,0.798643,0.761959,0.803982,7,cohort x format,False,False,False,0.0,0.763367,0.057603,no_flag
SYN-027,2026-07-27,attendance,0.92803,ok,3,0.942559,0.939584,0.943262,7,cohort x format,False,False,False,0.0,0.934426,-0.006845,no_flag
SYN-027,2026-07-27,conversion,0.579592,ok,3,0.563253,0.542797,0.570211,7,cohort x format,False,False,False,0.0,0.558214,0.038297,no_flag
SYN-027,2026-07-27,on_time,0.75,ok,3,0.928571,0.828433,0.932723,7,cohort x format,True,False,True,3.0,0.738717,0.015273,flag
SYN-027,2026-07-27,turnaround,9.64186,ok,3,5.985022,5.933135,7.482231,7,cohort x format,True,False,True,3.0,9.708789,-0.006894,flag
SYN-027,2026-07-27,recall_rate,0.155172,ok,3,0.153061,0.15006,0.156588,7,cohort x format,False,False,False,0.0,0.144,0.077586,no_flag
SYN-027,2026-07-27,exams,81.666667,ok,3,83.25,81.625,91.125,7,cohort x format,,,,,,,
SYN-027,2026-08-03,utilization,0.806452,ok,4,0.797267,0.769102,0.802739,7,cohort x format,False,False,False,0.0,0.766537,0.052071,no_flag
SYN-027,2026-08-03,attendance,0.928571,ok,4,0.941026,0.937356,0.94326,7,cohort x format,False,False,False,0.0,0.93401,-0.005823,no_flag
SYN-027,2026-08-03,conversion,0.575385,ok,4,0.558209,0.538027,0.567032,7,cohort x format,False,False,False,0.0,0.557971,0.031209,no_flag
SYN-027,2026-08-03,on_time,0.744493,ok,4,0.930131,0.829943,0.937811,7,cohort x format,True,False,True,4.0,0.735135,0.01273,flag
SYN-027,2026-08-03,turnaround,9.607489,ok,4,6.122264,6.035948,7.580111,7,cohort x format,True,False,True,4.0,9.585946,0.002247,flag
SYN-027,2026-08-03,recall_rate,0.151163,ok,4,0.148515,0.145449,0.155034,7,cohort x format,False,False,False,0.0,0.146789,0.029797,no_flag
SYN-027,2026-08-03,exams,81.25,ok,4,83.75,81.625,91.25,7,cohort x format,,,,,,,
SYN-027,2026-08-10,utilization,0.804651,ok,4,0.794715,0.766194,0.800452,7,cohort x format,False,False,False,0.0,0.771429,0.043066,no_flag
SYN-027,2026-08-10,attendance,0.936416,ok,4,0.941176,0.938687,0.945642,7,cohort x format,False,False,False,0.0,0.930976,0.005843,no_flag
SYN-027,2026-08-10,conversion,0.574074,ok,4,0.567935,0.543166,0.571397,7,cohort x format,False,False,False,0.0,0.556962,0.030724,no_flag
SYN-027,2026-08-10,on_time,0.756637,ok,4,0.933333,0.836397,0.937121,7,cohort x format,True,False,True,5.0,0.72973,0.036873,flag
SYN-027,2026-08-10,turnaround,9.417699,ok,4,6.301327,5.983786,7.84879,7,cohort x format,True,False,True,5.0,9.600811,-0.019073,flag
SYN-027,2026-08-10,recall_rate,0.150538,ok,4,0.157143,0.148058,0.16052,7,cohort x format,False,False,False,0.0,0.146552,0.027198,no_flag
SYN-027,2026-08-10,exams,81.0,ok,4,83.75,82.125,89.875,7,cohort x format,,,,,,,
SYN-027,2026-08-17,utilization,0.804147,ok,4,0.799172,0.767803,0.801555,7,cohort x format,False,False,False,0.0,0.778357,0.033134,no_flag
SYN-027,2026-08-17,attendance,0.934097,ok,4,0.939759,0.938186,0.94599,7,cohort x format,False,False,False,0.0,0.934673,-0.000616,no_flag
SYN-027,2026-08-17,conversion,0.567485,ok,4,0.568452,0.53824,0.574103,7,cohort x format,False,False,False,0.0,0.566308,0.002077,no_flag
SYN-027,2026-08-17,on_time,0.761062,ok,4,0.932075,0.832251,0.932723,7,cohort x format,True,False,True,6.0,0.738786,0.030152,flag
SYN-027,2026-08-17,turnaround,9.44292,ok,4,6.197736,6.079985,8.08818,7,cohort x format,True,False,True,6.0,9.565172,-0.012781,flag
SYN-027,2026-08-17,recall_rate,0.163265,ok,4,0.148148,0.141504,0.155829,7,cohort x format,False,False,False,0.0,0.142857,0.142857,no_flag
SYN-027,2026-08-17,exams,81.5,ok,4,84.0,82.625,88.75,7,cohort x format,,,,,,,
SYN-028,2026-02-23,utilization,,insufficient_history,1,,,,0,suppressed,False,False,False,0.0,,,unavailable
SYN-028,2026-02-23,attendance,,insufficient_history,1,,,,0,suppressed,False,False,False,0.0,,,unavailable
SYN-028,2026-02-23,conversion,,insufficient_history,1,,,,0,suppressed,False,False,False,0.0,,,unavailable
SYN-028,2026-02-23,on_time,,insufficient_history,1,,,,0,suppressed,False,False,False,0.0,,,unavailable
SYN-028,2026-02-23,turnaround,,insufficient_history,1,,,,0,suppressed,False,False,False,0.0,,,unavailable
SYN-028,2026-02-23,recall_rate,,insufficient_history,1,,,,0,suppressed,False,False,False,0.0,,,not_eligible
SYN-028,2026-02-23,exams,,insufficient_history,1,,,,0,suppressed,,,,,,,
SYN-028,2026-03-02,utilization,,insufficient_history,2,,,,0,suppressed,False,False,False,0.0,,,unavailable
SYN-028,2026-03-02,attendance,,insufficient_history,2,,,,0,suppressed,False,False,False,0.0,,,unavailable
SYN-028,2026-03-02,conversion,,insufficient_history,2,,,,0,suppressed,False,False,False,0.0,,,unavailable
SYN-028,2026-03-02,on_time,,insufficient_history,2,,,,0,suppressed,False,False,False,0.0,,,unavailable
SYN-028,2026-03-02,turnaround,,insufficient_history,2,,,,0,suppressed,False,False,False,0.0,,,unavailable
SYN-028,2026-03-02,recall_rate,,insufficient_history,2,,,,0,suppressed,False,False,False,0.0,,,not_eligible
SYN-028,2026-03-02,exams,,insufficient_history,2,,,,0,suppressed,,,,,,,
SYN-028,2026-03-09,utilization,0.705167,ok,3,0.705056,0.686821,0.719789,7,cohort x format,False,False,False,0.0,,,no_flag
SYN-028,2026-03-09,attendance,0.952586,ok,3,0.943089,0.941663,0.944552,7,cohort x format,False,False,False,0.0,,,no_flag
SYN-028,2026-03-09,conversion,0.511312,ok,3,0.525862,0.498651,0.537343,7,cohort x format,False,False,False,0.0,,,no_flag
SYN-028,2026-03-09,on_time,0.738806,ok,3,0.906832,0.809375,0.94018,7,cohort x format,True,False,True,1.0,,,flag
SYN-028,2026-03-09,turnaround,9.579104,ok,3,6.125,5.89126,8.003783,7,cohort x format,True,False,True,1.0,,,flag
SYN-028,2026-03-09,recall_rate,,suppressed,3,,,,0,suppressed,False,False,False,0.0,,,not_eligible
SYN-028,2026-03-09,exams,73.666667,ok,3,76.0,70.0,78.166667,7,cohort x format,,,,,,,
SYN-028,2026-03-16,utilization,0.707373,ok,4,0.710084,0.68925,0.721847,7,cohort x format,False,False,False,0.0,,,no_flag
SYN-028,2026-03-16,attendance,0.954397,ok,4,0.94186,0.940819,0.942755,7,cohort x format,False,False,False,0.0,,,no_flag
SYN-028,2026-03-16,conversion,0.508532,ok,4,0.530035,0.508997,0.537428,7,cohort x format,False,False,False,0.0,,,no_flag
SYN-028,2026-03-16,on_time,0.740113,ok,4,0.911628,0.810395,0.934875,7,cohort x format,True,False,True,2.0,,,flag
SYN-028,2026-03-16,turnaround,9.754237,ok,4,6.01145,5.881343,7.994431,7,cohort x format,True,False,True,2.0,,,flag
SYN-028,2026-03-16,recall_rate,,suppressed,4,,,,0,suppressed,False,False,False,0.0,,,not_eligible
SYN-028,2026-03-16,exams,73.25,ok,4,75.5,70.0,79.25,7,cohort x format,,,,,,,
SYN-028,2026-03-23,utilization,0.725,ok,4,0.716831,0.695184,0.732818,6,cohort x format,False,False,False,0.0,,,no_flag
SYN-028,2026-03-23,attendance,0.946708,ok,4,0.942867,0.938709,0.944076,6,cohort x format,False,False,False,0.0,,,no_flag
SYN-028,2026-03-23,conversion,0.509934,ok,4,0.530432,0.518114,0.548247,6,cohort x format,False,False,False,0.0,,,no_flag
SYN-028,2026-03-23,on_time,0.735135,ok,4,0.903535,0.770299,0.925459,6,cohort x format,True,False,True,3.0,,,flag
SYN-028,2026-03-23,turnaround,10.15027,ok,4,6.199916,5.938418,8.818232,6,cohort x format,True,False,True,3.0,,,flag
SYN-028,2026-03-23,recall_rate,,suppressed,4,,,,0,suppressed,False,False,False,0.0,,,not_eligible
SYN-028,2026-03-23,exams,75.5,ok,4,79.5,71.3125,80.1875,6,cohort x format,,,,,,,
SYN-028,2026-03-30,utilization,0.72809,ok,4,0.708502,0.647546,0.733353,7,cohort x format,False,False,False,0.0,,,no_flag
SYN-028,2026-03-30,attendance,0.944444,ok,4,0.938235,0.937777,0.941642,7,cohort x format,False,False,False,0.0,,,no_flag
SYN-028,2026-03-30,conversion,0.519608,ok,4,0.521429,0.500581,0.546275,7,cohort x format,False,False,False,0.0,,,no_flag
SYN-028,2026-03-30,on_time,0.738462,ok,4,0.895522,0.744909,0.925824,7,cohort x format,True,False,True,4.0,,,flag
SYN-028,2026-03-30,turnaround,9.729744,ok,4,6.272388,6.027212,9.755866,7,cohort x format,False,False,False,0.0,,,no_flag
SYN-028,2026-03-30,recall_rate,,suppressed,4,,,,0,suppressed,False,False,False,0.0,,,not_eligible
SYN-028,2026-03-30,exams,76.5,ok,4,79.0,63.125,81.0,7,cohort x format,,,,,,,
SYN-028,2026-04-06,utilization,0.737194,ok,4,0.717853,0.62663,0.73517,6,cohort x format,False,False,False,0.0,,,no_flag
SYN-028,2026-04-06,attendance,0.942598,ok,4,0.938806,0.936076,0.940322,6,cohort x format,False,False,False,0.0,,,no_flag
SYN-028,2026-04-06,conversion,0.519231,ok,4,0.512462,0.501506,0.543129,6,cohort x format,False,False,False,0.0,,,no_flag
SYN-028,2026-04-06,on_time,0.752475,ok,4,0.911082,0.792939,0.923763,6,cohort x format,True,False,True,5.0,,,flag
SYN-028,2026-04-06,turnaround,9.567822,ok,4,6.418428,6.086979,8.909267,6,cohort x format,True,False,True,1.0,,,flag
SYN-028,2026-04-06,recall_rate,,suppressed,4,,,,0,suppressed,False,False,False,0.0,,,not_eligible
SYN-028,2026-04-06,exams,78.0,ok,4,77.875,62.0625,83.0,6,cohort x format,,,,,,,
SYN-028,2026-04-13,utilization,0.742291,ok,4,0.711111,0.607143,0.730769,5,cohort x format,False,False,False,0.0,,,no_flag
SYN-028,2026-04-13,attendance,0.937685,ok,4,0.939024,0.938889,0.941176,5,cohort x format,False,False,False,0.0,,,no_flag
SYN-028,2026-04-13,conversion,0.525316,ok,4,0.511628,0.507508,0.5125,5,cohort x format,False,False,False,0.0,,,no_flag
SYN-028,2026-04-13,on_time,0.768116,ok,4,0.910714,0.752632,0.919463,5,cohort x format,False,False,False,0.0,,,no_flag
SYN-028,2026-04-13,turnaround,9.005797,ok,4,6.551786,6.379866,9.97,5,cohort x format,False,False,False,0.0,,,no_flag
SYN-028,2026-04-13,recall_rate,0.119048,ok,4,,,,0,suppressed,False,False,False,0.0,,,not_eligible
SYN-028,2026-04-13,exams,79.0,ok,4,75.25,60.0,83.25,5,cohort x format,,,,,,,
SYN-028,2026-04-20,utilization,0.740492,ok,4,0.669626,0.548838,0.735564,6,cohort x format,False,False,False,0.0,,,no_flag
SYN-028,2026-04-20,attendance,0.942598,ok,4,0.937124,0.934904,0.938923,6,cohort x format,False,False,False,0.0,,,no_flag
SYN-028,2026-04-20,conversion,0.525641,ok,4,0.508622,0.424799,0.516849,6,cohort x format,False,False,False,0.0,,,no_flag
SYN-028,2026-04-20,on_time,0.772277,ok,4,0.896186,0.777087,0.92073,6,cohort x format,True,False,True,1.0,,,flag
SYN-028,2026-04-20,turnaround,8.99802,ok,4,6.733122,6.470183,9.284836,6,cohort x format,False,False,False,0.0,,,no_flag
SYN-028,2026-04-20,recall_rate,0.113636,ok,4,,,,0,suppressed,False,False,False,0.0,,,not_eligible
SYN-028,2026-04-20,exams,78.0,ok,4,70.125,45.625,82.0625,6,cohort x format,,,,,,,
SYN-028,2026-04-27,utilization,0.751142,ok,4,0.64218,0.527778,0.738255,5,cohort x format,False,False,False,0.0,0.718797,0.044998,no_flag
SYN-028,2026-04-27,attendance,0.93617,ok,4,0.936364,0.935673,0.940959,5,cohort x format,False,False,False,0.0,0.947699,-0.012165,no_flag
SYN-028,2026-04-27,conversion,0.532468,ok,4,0.521036,0.406667,0.52549,5,cohort x format,False,False,False,0.0,0.514349,0.035227,no_flag
SYN-028,2026-04-27,on_time,0.781095,ok,4,0.881579,0.74,0.919831,5,cohort x format,False,False,False,0.0,0.742049,0.052618,no_flag
SYN-028,2026-04-27,turnaround,9.165174,ok,4,6.605263,6.372152,9.9955,5,cohort x format,False,False,False,0.0,9.679505,-0.053136,no_flag
SYN-028,2026-04-27,recall_rate,0.122449,ok,4,,,,0,suppressed,False,False,False,0.0,0.113208,,not_eligible
SYN-028,2026-04-27,exams,77.0,ok,4,63.75,40.0,77.25,5,cohort x format,,,,,,,
SYN-028,2026-05-04,utilization,0.756881,ok,4,0.795372,0.774182,0.83749,12,cohort (fallback),False,False,False,0.0,0.72365,0.04592,no_flag
SYN-028,2026-05-04,attendance,0.930303,ok,4,0.943557,0.938766,0.944959,12,cohort (fallback),False,False,False,0.0,0.946714,-0.017335,no_flag
SYN-028,2026-05-04,conversion,0.534202,ok,4,0.565093,0.556975,0.60089,12,cohort (fallback),False,False,False,0.0,0.515947,0.035381,no_flag
SYN-028,2026-05-04,on_time,0.762626,ok,4,0.927364,0.914862,0.931257,12,cohort (fallback),True,False,True,1.0,0.747024,0.020886,flag
SYN-028,2026-05-04,turnaround,9.243434,ok,4,5.922615,5.841713,6.157924,12,cohort (fallback),True,False,True,1.0,9.572321,-0.034358,flag
SYN-028,2026-05-04,recall_rate,0.148148,ok,4,0.146381,0.143936,0.153549,12,cohort (fallback),False,False,False,0.0,0.107692,0.375661,no_flag
SYN-028,2026-05-04,exams,76.75,ok,4,111.125,84.9375,118.3125,12,cohort (fallback),,,,,,,
SYN-028,2026-05-11,utilization,0.76659,ok,4,0.757143,0.748963,0.765199,5,cohort x format,False,False,False,0.0,0.725225,0.057038,no_flag
SYN-028,2026-05-11,attendance,0.931343,ok,4,0.943396,0.938838,0.944598,5,cohort x format,False,False,False,0.0,0.945652,-0.015131,no_flag
SYN-028,2026-05-11,conversion,0.535256,ok,4,0.557003,0.554795,0.569364,5,cohort x format,False,False,False,0.0,0.517241,0.034829,no_flag
SYN-028,2026-05-11,on_time,0.727723,ok,4,0.918182,0.911392,0.931174,5,cohort x format,True,False,True,2.0,0.755208,-0.036395,flag
SYN-028,2026-05-11,turnaround,9.652475,ok,4,6.053299,6.01498,6.078636,5,cohort x format,True,False,True,2.0,9.350781,0.032264,flag
SYN-028,2026-05-11,recall_rate,0.15,ok,4,0.149254,0.140351,0.149254,5,cohort x format,False,False,False,0.0,0.113924,0.316667,no_flag
SYN-028,2026-05-11,exams,78.0,ok,4,85.25,76.75,86.5,5,cohort x format,,,,,,,
SYN-028,2026-05-18,utilization,0.769752,ok,4,0.757143,0.749482,0.761603,5,cohort x format,False,False,False,0.0,0.732807,0.050415,no_flag
SYN-028,2026-05-18,attendance,0.929619,ok,4,0.943396,0.939683,0.944598,5,cohort x format,False,False,False,0.0,0.944615,-0.015876,no_flag
SYN-028,2026-05-18,conversion,0.545741,ok,4,0.564189,0.561688,0.57478,5,cohort x format,False,False,False,0.0,0.517915,0.053727,no_flag
SYN-028,2026-05-18,on_time,0.72381,ok,4,0.920319,0.915966,0.925,5,cohort x format,True,False,True,3.0,0.754522,-0.040705,flag
SYN-028,2026-05-18,turnaround,9.305714,ok,4,6.178151,5.947012,6.255605,5,cohort x format,True,False,True,3.0,9.548837,-0.025461,flag
SYN-028,2026-05-18,recall_rate,0.15625,ok,4,0.152778,0.144928,0.15942,5,cohort x format,False,False,False,0.0,0.108434,0.440972,no_flag
SYN-028,2026-05-18,exams,79.25,ok,4,85.25,77.0,85.75,5,cohort x format,,,,,,,
SYN-028,2026-05-25,utilization,0.774049,ok,4,0.753094,0.743457,0.764006,6,cohort x format,False,False,False,0.0,0.739524,0.046685,no_flag
SYN-028,2026-05-25,attendance,0.930636,ok,4,0.939889,0.935206,0.94106,6,cohort x format,False,False,False,0.0,0.940276,-0.010252,no_flag
SYN-028,2026-05-25,conversion,0.52795,ok,4,0.56523,0.556565,0.571716,6,cohort x format,False,False,False,0.0,0.526059,0.003596,no_flag
SYN-028,2026-05-25,on_time,0.723301,ok,4,0.921317,0.803858,0.924,6,cohort x format,True,False,True,4.0,0.760101,-0.048415,flag
SYN-028,2026-05-25,turnaround,9.274757,ok,4,6.291796,5.96268,8.822774,6,cohort x format,True,False,True,4.0,9.443182,-0.017836,flag
SYN-028,2026-05-25,recall_rate,0.16129,ok,4,0.142776,0.138605,0.149868,6,cohort x format,False,False,False,0.0,0.116279,0.387097,no_flag
SYN-028,2026-05-25,exams,80.5,ok,4,81.875,76.6875,85.1875,6,cohort x format,,,,,,,
SYN-028,2026-06-01,utilization,0.770787,ok,4,0.753867,0.746906,0.763027,6,cohort x format,False,False,False,0.0,0.746893,0.031991,no_flag
SYN-028,2026-06-01,attendance,0.930029,ok,4,0.940533,0.932798,0.94222,6,cohort x format,False,False,False,0.0,0.93646,-0.006867,no_flag
SYN-028,2026-06-01,conversion,0.523511,ok,4,0.561241,0.55183,0.576789,6,cohort x format,False,False,False,0.0,0.526656,-0.005971,no_flag
SYN-028,2026-06-01,on_time,0.720588,ok,4,0.921811,0.803113,0.92392,6,cohort x format,True,False,True,5.0,0.7575,-0.048728,flag
SYN-028,2026-06-01,turnaround,9.392157,ok,4,6.199794,6.009017,8.538951,6,cohort x format,True,False,True,5.0,9.40725,-0.001604,flag
SYN-028,2026-06-01,recall_rate,0.16129,ok,4,0.146905,0.14206,0.150176,6,cohort x format,False,False,False,0.0,0.129032,0.25,no_flag
SYN-028,2026-06-01,exams,79.75,ok,4,81.125,76.4375,85.625,6,cohort x format,,,,,,,
SYN-028,2026-06-08,utilization,0.774775,ok,4,0.757751,0.750356,0.770773,6,cohort x format,False,False,False,0.0,0.754209,0.027268,no_flag
SYN-028,2026-06-08,attendance,0.927326,ok,4,0.938959,0.936736,0.941869,6,cohort x format,False,False,False,0.0,0.934524,-0.007703,no_flag
SYN-028,2026-06-08,conversion,0.523511,ok,4,0.56043,0.549657,0.573265,6,cohort x format,False,False,False,0.0,0.530255,-0.012718,no_flag
SYN-028,2026-06-08,on_time,0.730392,ok,4,0.921973,0.796472,0.924674,6,cohort x format,True,False,True,6.0,0.748166,-0.023757,flag
SYN-028,2026-06-08,turnaround,9.443137,ok,4,6.160362,5.891245,8.411763,6,cohort x format,True,False,True,6.0,9.325183,0.012649,flag
SYN-028,2026-06-08,recall_rate,0.152542,ok,4,0.147569,0.137462,0.162592,6,cohort x format,False,False,False,0.0,0.137255,0.11138,no_flag
SYN-028,2026-06-08,exams,79.75,ok,4,82.625,77.875,85.3125,6,cohort x format,,,,,,,
SYN-028,2026-06-15,utilization,0.786996,ok,4,0.762784,0.749116,0.781788,6,cohort x format,False,False,False,0.0,0.755056,0.042301,no_flag
SYN-028,2026-06-15,attendance,0.925926,ok,4,0.935244,0.934136,0.938828,6,cohort x format,False,False,False,0.0,0.936012,-0.010775,no_flag
SYN-028,2026-06-15,conversion,0.526154,ok,4,0.56302,0.555317,0.571644,6,cohort x format,False,False,False,0.0,0.535771,-0.01795,no_flag
SYN-028,2026-06-15,on_time,0.738095,ok,4,0.918176,0.785782,0.921505,6,cohort x format,True,False,True,7.0,0.747573,-0.012678,flag
SYN-028,2026-06-15,turnaround,9.562857,ok,4,6.09584,5.897308,8.172325,6,cohort x format,True,False,True,7.0,9.154854,0.044567,flag
SYN-028,2026-06-15,recall_rate,0.15,ok,4,0.142922,0.133582,0.159972,6,cohort x format,False,False,False,0.0,0.138889,0.08,no_flag
SYN-028,2026-06-15,exams,81.25,ok,4,82.125,78.4375,86.1875,6,cohort x format,,,,,,,
SYN-028,2026-06-22,utilization,0.789593,ok,4,0.768594,0.758526,0.786364,6,cohort x format,False,False,False,0.0,0.762712,0.035244,no_flag
SYN-028,2026-06-22,attendance,0.931232,ok,4,0.938936,0.935813,0.940541,6,cohort x format,False,False,False,0.0,0.933333,-0.002251,no_flag
SYN-028,2026-06-22,conversion,0.529231,ok,4,0.565517,0.562478,0.5731,6,cohort x format,False,False,False,0.0,0.530159,-0.00175,no_flag
SYN-028,2026-06-22,on_time,0.719048,ok,4,0.913521,0.78036,0.916665,6,cohort x format,True,False,True,8.0,0.751843,-0.04362,flag
SYN-028,2026-06-22,turnaround,9.389524,ok,4,6.025874,6.002263,7.916979,6,cohort x format,True,False,True,8.0,9.220639,0.018316,flag
SYN-028,2026-06-22,recall_rate,0.153846,ok,4,0.143797,0.141597,0.149556,6,cohort x format,False,False,False,0.0,0.144144,0.067308,no_flag
SYN-028,2026-06-22,exams,81.25,ok,4,83.375,80.4375,87.625,6,cohort x format,,,,,,,
SYN-028,2026-06-29,utilization,0.79638,ok,4,0.774951,0.767936,0.795323,6,cohort x format,False,False,False,0.0,0.763905,0.042512,no_flag
SYN-028,2026-06-29,attendance,0.9375,ok,4,0.938415,0.937288,0.941184,6,cohort x format,False,False,False,0.0,0.930163,0.007887,no_flag
SYN-028,2026-06-29,conversion,0.536364,ok,4,0.564031,0.562073,0.568925,6,cohort x format,False,False,False,0.0,0.528754,0.014392,no_flag
SYN-028,2026-06-29,on_time,0.739535,ok,4,0.912332,0.771919,0.914459,6,cohort x format,True,False,True,9.0,0.741294,-0.002372,flag
SYN-028,2026-06-29,turnaround,9.374419,ok,4,6.056002,5.956937,8.138805,6,cohort x format,True,False,True,9.0,9.318905,0.005957,flag
SYN-028,2026-06-29,recall_rate,0.151515,ok,4,0.145393,0.143254,0.149085,6,cohort x format,False,False,False,0.0,0.155172,-0.023569,no_flag
SYN-028,2026-06-29,exams,82.5,ok,4,84.25,81.4375,88.0,6,cohort x format,,,,,,,
SYN-028,2026-07-06,utilization,0.8,ok,4,0.785859,0.765073,0.797101,5,cohort x format,False,False,False,0.0,0.770715,0.037997,no_flag
SYN-028,2026-07-06,attendance,0.943182,ok,4,0.936416,0.934783,0.94026,5,cohort x format,False,False,False,0.0,0.929308,0.014929,no_flag
SYN-028,2026-07-06,conversion,0.536145,ok,4,0.569132,0.561728,0.571823,5,cohort x format,False,False,False,0.0,0.529319,0.012896,no_flag
SYN-028,2026-07-06,on_time,0.75814,ok,4,0.910112,0.90708,0.916335,5,cohort x format,True,False,True,10.0,0.729064,0.039881,flag
SYN-028,2026-07-06,turnaround,9.422791,ok,4,6.026977,5.940239,6.049558,5,cohort x format,True,False,True,10.0,9.547291,-0.01304,flag
SYN-028,2026-07-06,recall_rate,0.157143,ok,4,0.149425,0.148148,0.155556,5,cohort x format,False,False,False,0.0,0.151261,0.038889,no_flag
SYN-028,2026-07-06,exams,83.0,ok,4,86.0,81.0,90.5,5,cohort x format,,,,,,,
SYN-028,2026-07-13,utilization,0.793578,ok,4,0.79062,0.782556,0.796302,6,cohort x format,False,False,False,0.0,0.778403,0.019495,no_flag
SYN-028,2026-07-13,attendance,0.947977,ok,4,0.937871,0.933917,0.940825,6,cohort x format,False,False,False,0.0,0.927746,0.021807,no_flag
SYN-028,2026-07-13,conversion,0.530488,ok,4,0.563026,0.557672,0.569058,6,cohort x format,False,False,False,0.0,0.535826,-0.009962,no_flag
SYN-028,2026-07-13,on_time,0.757143,ok,4,0.905897,0.775891,0.918074,6,cohort x format,True,False,True,11.0,0.730952,0.035831,flag
SYN-028,2026-07-13,turnaround,9.678095,ok,4,6.013248,5.889607,8.11701,6,cohort x format,True,False,True,11.0,9.434286,0.025843,flag
SYN-028,2026-07-13,recall_rate,0.162162,ok,4,0.148313,0.137273,0.157578,6,cohort x format,False,False,False,0.0,0.153226,0.058321,no_flag
SYN-028,2026-07-13,exams,82.0,ok,4,86.625,81.8125,90.5625,6,cohort x format,,,,,,,
SYN-028,2026-07-20,utilization,0.79405,ok,4,0.788991,0.765535,0.801864,7,cohort x format,False,False,False,0.0,0.781777,0.015699,no_flag
SYN-028,2026-07-20,attendance,0.945245,ok,4,0.937888,0.935867,0.941562,7,cohort x format,False,False,False,0.0,0.930935,0.015371,no_flag
SYN-028,2026-07-20,conversion,0.533537,ok,4,0.564854,0.557257,0.574017,7,cohort x format,False,False,False,0.0,0.528594,0.009351,no_flag
SYN-028,2026-07-20,on_time,0.764151,ok,4,0.923387,0.833818,0.926348,7,cohort x format,True,False,True,12.0,0.721154,0.059623,flag
SYN-028,2026-07-20,turnaround,9.64434,ok,4,5.918352,5.830588,7.379556,7,cohort x format,True,False,True,12.0,9.332692,0.033393,flag
SYN-028,2026-07-20,recall_rate,0.1625,ok,4,0.150943,0.145139,0.153394,7,cohort x format,False,False,False,0.0,0.15748,0.031875,no_flag
SYN-028,2026-07-20,exams,82.0,ok,4,82.75,79.833333,90.75,7,cohort x format,,,,,,,
SYN-028,2026-07-27,utilization,0.798643,ok,4,0.798768,0.761959,0.808267,7,cohort x format,False,False,False,0.0,0.78354,0.019275,no_flag
SYN-028,2026-07-27,attendance,0.943343,ok,4,0.941358,0.935475,0.94287,7,cohort x format,False,False,False,0.0,0.933813,0.010205,no_flag
SYN-028,2026-07-27,conversion,0.528529,ok,4,0.567213,0.560159,0.5764,7,cohort x format,False,False,False,0.0,0.530046,-0.002863,no_flag
SYN-028,2026-07-27,on_time,0.740566,ok,4,0.928571,0.83315,0.932723,7,cohort x format,True,False,True,13.0,0.73031,0.014043,flag
SYN-028,2026-07-27,turnaround,9.61934,ok,4,5.985022,5.933135,7.482231,7,cohort x format,True,False,True,13.0,9.383055,0.025182,flag
SYN-028,2026-07-27,recall_rate,0.158537,ok,4,0.153061,0.15006,0.154906,7,cohort x format,False,False,False,0.0,0.15625,0.014634,no_flag
SYN-028,2026-07-27,exams,83.25,ok,4,83.0,80.958333,91.125,7,cohort x format,,,,,,,
SYN-028,2026-08-03,utilization,0.797267,ok,4,0.801354,0.769102,0.805288,7,cohort x format,False,False,False,0.0,0.78733,0.01262,no_flag
SYN-028,2026-08-03,attendance,0.942857,ok,4,0.938931,0.933308,0.942344,7,cohort x format,False,False,False,0.0,0.935345,0.008032,no_flag
SYN-028,2026-08-03,conversion,0.530303,ok,4,0.561308,0.55198,0.57407,7,cohort x format,False,False,False,0.0,0.529954,0.000659,no_flag
SYN-028,2026-08-03,on_time,0.738318,ok,4,0.930131,0.833031,0.937811,7,cohort x format,True,False,True,14.0,0.74463,-0.008477,flag
SYN-028,2026-08-03,turnaround,9.521028,ok,4,6.122264,6.035948,7.580111,7,cohort x format,True,False,True,14.0,9.432697,0.009364,flag
SYN-028,2026-08-03,recall_rate,0.157895,ok,4,0.148515,0.145449,0.151668,7,cohort x format,False,False,False,0.0,0.155039,0.018421,no_flag
SYN-028,2026-08-03,exams,82.5,ok,4,83.75,81.0,91.25,7,cohort x format,,,,,,,
SYN-028,2026-08-10,utilization,0.800905,ok,4,0.794715,0.766194,0.802311,7,cohort x format,False,False,False,0.0,0.790249,0.013484,no_flag
SYN-028,2026-08-10,attendance,0.943503,ok,4,0.941011,0.93639,0.944479,7,cohort x format,False,False,False,0.0,0.936872,0.007077,no_flag
SYN-028,2026-08-10,conversion,0.532934,ok,4,0.569659,0.560666,0.573604,7,cohort x format,False,False,False,0.0,0.528331,0.008713,no_flag
SYN-028,2026-08-10,on_time,0.722222,ok,4,0.933333,0.84292,0.937121,7,cohort x format,True,False,True,15.0,0.747619,-0.03397,flag
SYN-028,2026-08-10,turnaround,9.630093,ok,4,6.301327,5.983786,7.84879,7,cohort x format,True,False,True,15.0,9.620476,0.001,flag
SYN-028,2026-08-10,recall_rate,0.162162,ok,4,0.151786,0.147434,0.158011,7,cohort x format,False,False,False,0.0,0.156716,0.034749,no_flag
SYN-028,2026-08-10,exams,83.5,ok,4,83.75,80.875,89.875,7,cohort x format,,,,,,,
SYN-028,2026-08-17,utilization,0.811927,ok,4,0.799172,0.767803,0.801555,7,cohort x format,False,False,False,0.0,0.791809,0.025407,no_flag
SYN-028,2026-08-17,attendance,0.946328,ok,4,0.938547,0.935961,0.942706,7,cohort x format,False,False,False,0.0,0.938218,0.008643,no_flag
SYN-028,2026-08-17,conversion,0.531343,ok,4,0.568452,0.556178,0.574103,7,cohort x format,False,False,False,0.0,0.531394,-9.5e-05,no_flag
SYN-028,2026-08-17,on_time,0.723502,ok,4,0.932075,0.844817,0.932723,7,cohort x format,True,False,True,16.0,0.741706,-0.024543,flag
SYN-028,2026-08-17,turnaround,9.980645,ok,4,6.197736,6.079985,8.001415,7,cohort x format,True,False,True,16.0,9.517536,0.048659,flag
SYN-028,2026-08-17,recall_rate,0.148148,ok,4,0.150943,0.141504,0.16199,7,cohort x format,False,False,False,0.0,0.158621,-0.066023,no_flag
SYN-028,2026-08-17,exams,83.75,ok,4,84.0,81.5,88.75,7,cohort x format,,,,,,,
SYN-029,2026-02-23,utilization,,insufficient_history,1,,,,0,suppressed,False,False,False,0.0,,,unavailable
SYN-029,2026-02-23,attendance,,insufficient_history,1,,,,0,suppressed,False,False,False,0.0,,,unavailable
SYN-029,2026-02-23,conversion,,insufficient_history,1,,,,0,suppressed,False,False,False,0.0,,,unavailable
SYN-029,2026-02-23,on_time,,insufficient_history,1,,,,0,suppressed,False,False,False,0.0,,,unavailable
SYN-029,2026-02-23,turnaround,,insufficient_history,1,,,,0,suppressed,False,False,False,0.0,,,unavailable
SYN-029,2026-02-23,recall_rate,,insufficient_history,1,,,,0,suppressed,False,False,False,0.0,,,not_eligible
SYN-029,2026-02-23,exams,,insufficient_history,1,,,,0,suppressed,,,,,,,
SYN-029,2026-03-02,utilization,,insufficient_history,2,,,,0,suppressed,False,False,False,0.0,,,unavailable
SYN-029,2026-03-02,attendance,,insufficient_history,2,,,,0,suppressed,False,False,False,0.0,,,unavailable
SYN-029,2026-03-02,conversion,,insufficient_history,2,,,,0,suppressed,False,False,False,0.0,,,unavailable
SYN-029,2026-03-02,on_time,,insufficient_history,2,,,,0,suppressed,False,False,False,0.0,,,unavailable
SYN-029,2026-03-02,turnaround,,insufficient_history,2,,,,0,suppressed,False,False,False,0.0,,,unavailable
SYN-029,2026-03-02,recall_rate,,insufficient_history,2,,,,0,suppressed,False,False,False,0.0,,,unavailable
SYN-029,2026-03-02,exams,,insufficient_history,2,,,,0,suppressed,,,,,,,
SYN-029,2026-03-09,utilization,0.775982,ok,3,0.831111,0.800657,0.857616,7,cohort (fallback),False,False,False,0.0,,,no_flag
SYN-029,2026-03-09,attendance,0.928571,ok,3,0.939474,0.935292,0.941456,7,cohort (fallback),False,False,False,0.0,,,no_flag
SYN-029,2026-03-09,conversion,0.63141,ok,3,0.585434,0.574543,0.611942,7,cohort (fallback),False,False,False,0.0,,,no_flag
SYN-029,2026-03-09,on_time,0.936441,ok,3,0.933086,0.91864,0.93863,7,cohort (fallback),False,False,False,0.0,,,no_flag
SYN-029,2026-03-09,turnaround,5.601271,ok,3,5.928916,5.636215,6.025175,7,cohort (fallback),False,False,False,0.0,,,no_flag
SYN-029,2026-03-09,recall_rate,0.147059,ok,3,0.147982,0.141941,0.153846,7,cohort (fallback),False,False,False,0.0,,,no_flag
SYN-029,2026-03-09,exams,104.0,ok,3,118.0,114.166667,118.666667,7,cohort (fallback),,,,,,,
SYN-029,2026-03-16,utilization,0.773748,ok,4,0.828666,0.80249,0.850694,7,cohort (fallback),False,False,False,0.0,,,no_flag
SYN-029,2026-03-16,attendance,0.935268,ok,4,0.940711,0.935019,0.942056,7,cohort (fallback),False,False,False,0.0,,,no_flag
SYN-029,2026-03-16,conversion,0.622912,ok,4,0.581933,0.570016,0.607553,7,cohort (fallback),False,False,False,0.0,,,no_flag
SYN-029,2026-03-16,on_time,0.929487,ok,4,0.931034,0.920472,0.93663,7,cohort (fallback),False,False,False,0.0,,,no_flag
SYN-029,2026-03-16,turnaround,5.381731,ok,4,5.924752,5.735772,6.041655,7,cohort (fallback),False,False,False,0.0,,,no_flag
SYN-029,2026-03-16,recall_rate,0.148936,ok,4,0.148,0.144314,0.151261,7,cohort (fallback),False,False,False,0.0,,,no_flag
SYN-029,2026-03-16,exams,104.75,ok,4,117.25,114.75,118.75,7,cohort (fallback),,,,,,,
SYN-029,2026-03-23,utilization,0.774306,ok,4,0.81748,0.798701,0.837044,8,cohort (fallback),False,False,False,0.0,,,no_flag
SYN-029,2026-03-23,attendance,0.941704,ok,4,0.939199,0.934275,0.942965,8,cohort (fallback),False,False,False,0.0,,,no_flag
SYN-029,2026-03-23,conversion,0.616667,ok,4,0.580279,0.557421,0.597604,8,cohort (fallback),False,False,False,0.0,,,no_flag
SYN-029,2026-03-23,on_time,0.938111,ok,4,0.927452,0.917131,0.936381,8,cohort (fallback),False,False,False,0.0,,,no_flag
SYN-029,2026-03-23,turnaround,5.551466,ok,4,5.992243,5.885367,6.093501,8,cohort (fallback),False,False,False,0.0,,,no_flag
SYN-029,2026-03-23,recall_rate,0.151079,ok,4,0.148786,0.146104,0.149562,8,cohort (fallback),False,False,False,0.0,,,no_flag
SYN-029,2026-03-23,exams,105.0,ok,4,115.625,113.4375,119.5,8,cohort (fallback),,,,,,,
SYN-029,2026-03-30,utilization,0.766667,ok,4,0.810457,0.791734,0.828804,8,cohort (fallback),False,False,False,0.0,,,no_flag
SYN-029,2026-03-30,attendance,0.940503,ok,4,0.937437,0.932052,0.940118,8,cohort (fallback),False,False,False,0.0,,,no_flag
SYN-029,2026-03-30,conversion,0.610706,ok,4,0.581958,0.554556,0.599031,8,cohort (fallback),False,False,False,0.0,,,no_flag
SYN-029,2026-03-30,on_time,0.933333,ok,4,0.917473,0.91426,0.926663,8,cohort (fallback),False,False,False,0.0,,,no_flag
SYN-029,2026-03-30,turnaround,5.604,ok,4,5.943017,5.787648,6.012055,8,cohort (fallback),False,False,False,0.0,,,no_flag
SYN-029,2026-03-30,recall_rate,0.153333,ok,4,0.149295,0.143309,0.154282,8,cohort (fallback),False,False,False,0.0,,,no_flag
SYN-029,2026-03-30,exams,102.75,ok,4,114.0,111.25,118.5,8,cohort (fallback),,,,,,,
SYN-029,2026-04-06,utilization,0.770979,ok,4,0.798046,0.791862,0.829604,9,cohort (fallback),False,False,False,0.0,,,no_flag
SYN-029,2026-04-06,attendance,0.941043,ok,4,0.938111,0.933868,0.942688,9,cohort (fallback),False,False,False,0.0,,,no_flag
SYN-029,2026-04-06,conversion,0.612048,ok,4,0.567265,0.553125,0.586057,9,cohort (fallback),False,False,False,0.0,,,no_flag
SYN-029,2026-04-06,on_time,0.941176,ok,4,0.912568,0.911864,0.919771,9,cohort (fallback),False,False,False,0.0,,,no_flag
SYN-029,2026-04-06,turnaround,5.445098,ok,4,5.901719,5.857627,6.12163,9,cohort (fallback),False,False,False,0.0,,,no_flag
SYN-029,2026-04-06,recall_rate,0.157895,ok,4,0.147541,0.146417,0.148649,9,cohort (fallback),False,False,False,0.0,,,no_flag
SYN-029,2026-04-06,exams,103.75,ok,4,114.75,111.5,116.5,9,cohort (fallback),,,,,,,
SYN-029,2026-04-13,utilization,0.775618,ok,4,0.794347,0.767081,0.833379,10,cohort (fallback),False,False,False,0.0,,,no_flag
SYN-029,2026-04-13,attendance,0.938497,ok,4,0.937339,0.935436,0.94135,10,cohort (fallback),False,False,False,0.0,,,no_flag
SYN-029,2026-04-13,conversion,0.616505,ok,4,0.56573,0.553982,0.595455,10,cohort (fallback),False,False,False,0.0,,,no_flag
SYN-029,2026-04-13,on_time,0.944262,ok,4,0.913876,0.906367,0.92414,10,cohort (fallback),False,False,False,0.0,,,no_flag
SYN-029,2026-04-13,turnaround,5.644262,ok,4,5.896546,5.761647,6.313432,10,cohort (fallback),False,False,False,0.0,,,no_flag
SYN-029,2026-04-13,recall_rate,0.15528,ok,4,0.149569,0.13858,0.152754,10,cohort (fallback),False,False,False,0.0,,,no_flag
SYN-029,2026-04-13,exams,103.0,ok,4,113.5,89.9375,115.75,10,cohort (fallback),,,,,,,
SYN-029,2026-04-20,utilization,0.783304,ok,4,0.793513,0.768256,0.834231,10,cohort (fallback),False,False,False,0.0,,,no_flag
SYN-029,2026-04-20,attendance,0.936508,ok,4,0.938784,0.935182,0.941384,10,cohort (fallback),False,False,False,0.0,,,no_flag
SYN-029,2026-04-20,conversion,0.612591,ok,4,0.562619,0.552079,0.590563,10,cohort (fallback),False,False,False,0.0,,,no_flag
SYN-029,2026-04-20,on_time,0.940984,ok,4,0.917343,0.912434,0.921332,10,cohort (fallback),False,False,False,0.0,,,no_flag
SYN-029,2026-04-20,turnaround,5.42,ok,4,5.944567,5.708884,6.084891,10,cohort (fallback),False,False,False,0.0,,,no_flag
SYN-029,2026-04-20,recall_rate,0.152941,ok,4,0.149689,0.142857,0.153837,10,cohort (fallback),False,False,False,0.0,,,no_flag
SYN-029,2026-04-20,exams,103.25,ok,4,113.625,91.0625,117.5625,10,cohort (fallback),,,,,,,
SYN-029,2026-04-27,utilization,0.786972,ok,4,0.794072,0.762812,0.845863,11,cohort (fallback),False,False,False,0.0,0.769499,0.022706,no_flag
SYN-029,2026-04-27,attendance,0.944072,ok,4,0.941935,0.936781,0.942587,11,cohort (fallback),False,False,False,0.0,0.934947,0.009759,no_flag
SYN-029,2026-04-27,conversion,0.618483,ok,4,0.563291,0.548637,0.586623,11,cohort (fallback),False,False,False,0.0,0.619741,-0.002029,no_flag
SYN-029,2026-04-27,on_time,0.931034,ok,4,0.924171,0.919243,0.926887,11,cohort (fallback),False,False,False,0.0,0.934498,-0.003706,no_flag
SYN-029,2026-04-27,turnaround,5.397179,ok,4,5.80101,5.744242,6.204341,11,cohort (fallback),False,False,False,0.0,5.552183,-0.027918,no_flag
SYN-029,2026-04-27,recall_rate,0.152439,ok,4,0.148276,0.139104,0.154656,11,cohort (fallback),False,False,False,0.0,0.151376,0.007021,no_flag
SYN-029,2026-04-27,exams,105.5,ok,4,114.0,84.875,119.5,11,cohort (fallback),,,,,,,
SYN-029,2026-05-04,utilization,0.79292,ok,4,0.793157,0.756736,0.83749,12,cohort (fallback),False,False,False,0.0,0.773134,0.025592,no_flag
SYN-029,2026-05-04,attendance,0.944196,ok,4,0.941638,0.935336,0.944959,12,cohort (fallback),False,False,False,0.0,0.93565,0.009134,no_flag
SYN-029,2026-05-04,conversion,0.612293,ok,4,0.560951,0.550073,0.591537,12,cohort (fallback),False,False,False,0.0,0.620358,-0.013,no_flag
SYN-029,2026-05-04,on_time,0.924051,ok,4,0.927364,0.871879,0.931257,12,cohort (fallback),False,False,False,0.0,0.939114,-0.01604,no_flag
SYN-029,2026-05-04,turnaround,5.423734,ok,4,5.982841,5.867653,6.942051,12,cohort (fallback),False,False,False,0.0,5.5131,-0.01621,no_flag
SYN-029,2026-05-04,recall_rate,0.147929,ok,4,0.146381,0.143936,0.153549,12,cohort (fallback),False,False,False,0.0,0.153543,-0.036565,no_flag
SYN-029,2026-05-04,exams,105.75,ok,4,111.125,82.9375,118.3125,12,cohort (fallback),,,,,,,
SYN-029,2026-05-11,utilization,0.791958,ok,4,0.790952,0.765199,0.834711,13,cohort (fallback),False,False,False,0.0,0.774672,0.022313,no_flag
SYN-029,2026-05-11,attendance,0.944812,ok,4,0.94186,0.936128,0.944598,13,cohort (fallback),False,False,False,0.0,0.936866,0.008482,no_flag
SYN-029,2026-05-11,conversion,0.614486,ok,4,0.569364,0.554795,0.58,13,cohort (fallback),False,False,False,0.0,0.619735,-0.00847,no_flag
SYN-029,2026-05-11,on_time,0.929664,ok,4,0.926045,0.911392,0.93401,13,cohort (fallback),False,False,False,0.0,0.936791,-0.007608,no_flag
SYN-029,2026-05-11,turnaround,5.478899,ok,4,6.09288,6.01498,6.477982,13,cohort (fallback),False,False,False,0.0,5.511507,-0.005916,no_flag
SYN-029,2026-05-11,recall_rate,0.150943,ok,4,0.149254,0.140351,0.149533,13,cohort (fallback),False,False,False,0.0,0.152318,-0.009024,no_flag
SYN-029,2026-05-11,exams,107.0,ok,4,111.25,85.25,119.25,13,cohort (fallback),,,,,,,
SYN-029,2026-05-18,utilization,0.800712,ok,4,0.780186,0.760488,0.809766,12,cohort (fallback),False,False,False,0.0,0.778753,0.028197,no_flag
SYN-029,2026-05-18,attendance,0.94,ok,4,0.942401,0.938908,0.94499,12,cohort (fallback),False,False,False,0.0,0.939121,0.000936,no_flag
SYN-029,2026-05-18,conversion,0.619385,ok,4,0.569485,0.553274,0.585476,12,cohort (fallback),False,False,False,0.0,0.614646,0.007711,no_flag
SYN-029,2026-05-18,on_time,0.932099,ok,4,0.925162,0.877451,0.934367,12,cohort (fallback),False,False,False,0.0,0.939542,-0.007923,no_flag
SYN-029,2026-05-18,turnaround,5.592284,ok,4,6.216878,5.945483,7.201429,12,cohort (fallback),False,False,False,0.0,5.485948,0.019383,no_flag
SYN-029,2026-05-18,recall_rate,0.14375,ok,4,0.15021,0.147243,0.155213,12,cohort (fallback),False,False,False,0.0,0.152104,-0.05492,no_flag
SYN-029,2026-05-18,exams,105.75,ok,4,99.125,83.75,119.4375,12,cohort (fallback),,,,,,,
SYN-029,2026-05-25,utilization,0.798574,ok,4,0.778291,0.761905,0.802795,13,cohort (fallback),False,False,False,0.0,0.776801,0.028028,no_flag
SYN-029,2026-05-25,attendance,0.935268,ok,4,0.940678,0.933754,0.94246,13,cohort (fallback),False,False,False,0.0,0.942308,-0.007471,no_flag
SYN-029,2026-05-25,conversion,0.613365,ok,4,0.564211,0.554455,0.580925,13,cohort (fallback),False,False,False,0.0,0.614646,-0.002084,no_flag
SYN-029,2026-05-25,on_time,0.946032,ok,4,0.924623,0.764977,0.937908,13,cohort (fallback),False,False,False,0.0,0.932149,0.014894,no_flag
SYN-029,2026-05-25,turnaround,5.597778,ok,4,6.315773,5.872864,9.274757,13,cohort (fallback),False,False,False,0.0,5.497415,0.018256,no_flag
SYN-029,2026-05-25,recall_rate,0.146497,ok,4,0.148026,0.143541,0.154545,13,cohort (fallback),False,False,False,0.0,0.152866,-0.041667,no_flag
SYN-029,2026-05-25,exams,104.75,ok,4,86.5,80.5,118.0,13,cohort (fallback),,,,,,,
SYN-029,2026-06-01,utilization,0.781588,ok,4,0.776224,0.759834,0.794992,13,cohort (fallback),False,False,False,0.0,0.781882,-0.000376,no_flag
SYN-029,2026-06-01,attendance,0.935335,ok,4,0.940054,0.93038,0.942623,13,cohort (fallback),False,False,False,0.0,0.942632,-0.007741,no_flag
SYN-029,2026-06-01,conversion,0.604938,ok,4,0.568027,0.550955,0.582609,13,cohort (fallback),False,False,False,0.0,0.612172,-0.011816,no_flag
SYN-029,2026-06-01,on_time,0.939799,ok,4,0.924623,0.763547,0.938511,13,cohort (fallback),False,False,False,0.0,0.932476,0.007854,no_flag
SYN-029,2026-06-01,turnaround,5.543144,ok,4,6.239688,5.986697,9.260577,13,cohort (fallback),False,False,False,0.0,5.434244,0.020039,no_flag
SYN-029,2026-06-01,recall_rate,0.14094,ok,4,0.148649,0.143911,0.154545,13,cohort (fallback),False,False,False,0.0,0.152648,-0.076702,no_flag
SYN-029,2026-06-01,exams,101.25,ok,4,86.25,79.75,117.5,13,cohort (fallback),,,,,,,
SYN-029,2026-06-08,utilization,0.77881,ok,4,0.776923,0.760915,0.8,13,cohort (fallback),False,False,False,0.0,0.783831,-0.006406,no_flag
SYN-029,2026-06-08,attendance,0.930788,ok,4,0.938614,0.930091,0.942085,13,cohort (fallback),False,False,False,0.0,0.941704,-0.011592,no_flag
SYN-029,2026-06-08,conversion,0.605128,ok,4,0.568571,0.54878,0.584302,13,cohort (fallback),False,False,False,0.0,0.615476,-0.016813,no_flag
SYN-029,2026-06-08,on_time,0.937063,ok,4,0.925311,0.754902,0.939394,13,cohort (fallback),False,False,False,0.0,0.936709,0.000378,no_flag
SYN-029,2026-06-08,turnaround,5.331818,ok,4,6.087461,5.881281,9.082488,13,cohort (fallback),False,False,False,0.0,5.558703,-0.040816,no_flag
SYN-029,2026-06-08,recall_rate,0.134969,ok,4,0.152542,0.140969,0.16129,13,cohort (fallback),True,False,True,1.0,0.153125,-0.118568,flag
SYN-029,2026-06-08,exams,97.5,ok,4,87.5,82.0,114.75,13,cohort (fallback),,,,,,,
SYN-029,2026-06-15,utilization,0.780443,ok,4,0.786996,0.766393,0.809745,13,cohort (fallback),False,False,False,0.0,0.792,-0.014592,no_flag
SYN-029,2026-06-15,attendance,0.938534,ok,4,0.935551,0.933535,0.939828,13,cohort (fallback),False,False,False,0.0,0.938272,0.00028,no_flag
SYN-029,2026-06-15,conversion,0.602015,ok,4,0.569405,0.554878,0.581395,13,cohort (fallback),False,False,False,0.0,0.616029,-0.022748,no_flag
SYN-029,2026-06-15,on_time,0.933798,ok,4,0.92233,0.741935,0.936073,13,cohort (fallback),False,False,False,0.0,0.936407,-0.002786,no_flag
SYN-029,2026-06-15,turnaround,5.436934,ok,4,6.217409,5.908257,8.823963,13,cohort (fallback),False,False,False,0.0,5.508744,-0.013036,no_flag
SYN-029,2026-06-15,recall_rate,0.134146,ok,4,0.151079,0.142259,0.152727,13,cohort (fallback),True,False,True,2.0,0.148485,-0.096565,flag
SYN-029,2026-06-15,exams,99.25,ok,4,88.25,82.0,114.25,13,cohort (fallback),,,,,,,
SYN-029,2026-06-22,utilization,0.780488,ok,4,0.795512,0.769524,0.811188,12,cohort (fallback),False,False,False,0.0,0.792737,-0.015452,no_flag
SYN-029,2026-06-22,attendance,0.939904,ok,4,0.936781,0.932091,0.941628,12,cohort (fallback),False,False,False,0.0,0.939665,0.000254,no_flag
SYN-029,2026-06-22,conversion,0.606138,ok,4,0.566636,0.557325,0.578033,12,cohort (fallback),False,False,False,0.0,0.615933,-0.015903,no_flag
SYN-029,2026-06-22,on_time,0.939929,ok,4,0.915177,0.74223,0.929244,12,cohort (fallback),False,False,False,0.0,0.938486,0.001538,no_flag
SYN-029,2026-06-22,turnaround,5.412367,ok,4,6.157219,6.010582,8.755108,12,cohort (fallback),False,False,False,0.0,5.496845,-0.015368,no_flag
SYN-029,2026-06-22,recall_rate,0.130952,ok,4,0.145838,0.141517,0.153257,12,cohort (fallback),True,False,True,3.0,0.149533,-0.124256,flag
SYN-029,2026-06-22,exams,97.75,ok,4,89.375,82.1875,113.875,12,cohort (fallback),,,,,,,
SYN-029,2026-06-29,utilization,0.79159,ok,4,0.80054,0.777498,0.816248,12,cohort (fallback),False,False,False,0.0,0.78731,0.005437,no_flag
SYN-029,2026-06-29,attendance,0.939954,ok,4,0.937589,0.934189,0.940341,12,cohort (fallback),False,False,False,0.0,0.939841,0.00012,no_flag
SYN-029,2026-06-29,conversion,0.614251,ok,4,0.564031,0.556545,0.585818,12,cohort (fallback),False,False,False,0.0,0.608696,0.009126,no_flag
SYN-029,2026-06-29,on_time,0.938567,ok,4,0.913649,0.735957,0.922394,12,cohort (fallback),False,False,False,0.0,0.931707,0.007362,no_flag
SYN-029,2026-06-29,turnaround,5.606485,ok,4,6.180998,5.971248,8.94901,12,cohort (fallback),False,False,False,0.0,5.481789,0.022747,no_flag
SYN-029,2026-06-29,recall_rate,0.135135,ok,4,0.148171,0.142747,0.153291,12,cohort (fallback),False,False,False,0.0,0.144654,-0.065805,no_flag
SYN-029,2026-06-29,exams,101.75,ok,4,89.75,82.6875,113.5625,12,cohort (fallback),,,,,,,
SYN-029,2026-07-06,utilization,0.800363,ok,4,0.8,0.788902,0.818614,11,cohort (fallback),False,False,False,0.0,0.785586,0.018811,no_flag
SYN-029,2026-07-06,attendance,0.943311,ok,4,0.93712,0.935415,0.940469,11,cohort (fallback),False,False,False,0.0,0.938073,0.005583,no_flag
SYN-029,2026-07-06,conversion,0.608173,ok,4,0.569132,0.553177,0.590654,11,cohort (fallback),False,False,False,0.0,0.610024,-0.003035,no_flag
SYN-029,2026-07-06,on_time,0.942177,ok,4,0.910112,0.83261,0.928167,11,cohort (fallback),False,False,False,0.0,0.933116,0.009711,no_flag
SYN-029,2026-07-06,turnaround,5.956463,ok,4,6.049558,5.938068,7.61358,11,cohort (fallback),False,False,False,0.0,5.410277,0.100953,no_flag
SYN-029,2026-07-06,recall_rate,0.143617,ok,4,0.149425,0.145905,0.156349,11,cohort (fallback),False,False,False,0.0,0.142857,0.005319,no_flag
SYN-029,2026-07-06,exams,104.0,ok,4,91.75,84.5,113.25,11,cohort (fallback),,,,,,,
SYN-029,2026-07-13,utilization,0.789661,ok,4,0.794461,0.785802,0.81339,12,cohort (fallback),False,False,False,0.0,0.790761,-0.00139,no_flag
SYN-029,2026-07-13,attendance,0.936795,ok,4,0.937735,0.934682,0.94137,12,cohort (fallback),False,False,False,0.0,0.93929,-0.002656,no_flag
SYN-029,2026-07-13,conversion,0.607229,ok,4,0.564484,0.551366,0.588807,12,cohort (fallback),False,False,False,0.0,0.610976,-0.006132,no_flag
SYN-029,2026-07-13,on_time,0.942177,ok,4,0.905897,0.753151,0.922068,12,cohort (fallback),False,False,False,0.0,0.932897,0.009947,no_flag
SYN-029,2026-07-13,turnaround,5.528571,ok,4,6.196806,5.923796,8.767433,12,cohort (fallback),False,False,False,0.0,5.519313,0.001678,no_flag
SYN-029,2026-07-13,recall_rate,0.15625,ok,4,0.151659,0.144649,0.158161,12,cohort (fallback),False,False,False,0.0,0.138889,0.125,no_flag
SYN-029,2026-07-13,exams,103.75,ok,4,91.125,82.9375,112.8125,12,cohort (fallback),,,,,,,
SYN-029,2026-07-20,utilization,0.790295,ok,4,0.79405,0.780488,0.814385,13,cohort (fallback),False,False,False,0.0,0.789762,0.000674,no_flag
SYN-029,2026-07-20,attendance,0.936404,ok,4,0.937888,0.935673,0.94302,13,cohort (fallback),False,False,False,0.0,0.9375,-0.00117,no_flag
SYN-029,2026-07-20,conversion,0.604215,ok,4,0.564854,0.55287,0.588764,13,cohort (fallback),False,False,False,0.0,0.609877,-0.009282,no_flag
SYN-029,2026-07-20,on_time,0.931148,ok,4,0.916418,0.764151,0.924528,13,cohort (fallback),False,False,False,0.0,0.943144,-0.012719,no_flag
SYN-029,2026-07-20,turnaround,5.439672,ok,4,6.073433,5.846154,8.82,13,cohort (fallback),False,False,False,0.0,5.510033,-0.01277,no_flag
SYN-029,2026-07-20,recall_rate,0.157635,ok,4,0.150685,0.145833,0.153846,13,cohort (fallback),False,False,False,0.0,0.138462,0.138478,no_flag
SYN-029,2026-07-20,exams,106.75,ok,4,91.25,82.0,111.25,13,cohort (fallback),,,,,,,
SYN-029,2026-07-27,utilization,0.788091,ok,4,0.798768,0.775777,0.818627,13,cohort (fallback),False,False,False,0.0,0.786558,0.001949,no_flag
SYN-029,2026-07-27,attendance,0.94,ok,4,0.941358,0.933206,0.943182,13,cohort (fallback),False,False,False,0.0,0.937644,0.002512,no_flag
SYN-029,2026-07-27,conversion,0.609929,ok,4,0.567213,0.557065,0.580866,13,cohort (fallback),False,False,False,0.0,0.609606,0.00053,no_flag
SYN-029,2026-07-27,on_time,0.951613,ok,4,0.9163,0.75,0.928571,13,cohort (fallback),False,False,False,0.0,0.939189,0.013228,no_flag
SYN-029,2026-07-27,turnaround,5.472903,ok,4,6.052769,5.951351,8.948673,13,cohort (fallback),False,False,False,0.0,5.574493,-0.018224,no_flag
SYN-029,2026-07-27,recall_rate,0.160976,ok,4,0.153061,0.147453,0.155172,13,cohort (fallback),False,False,False,0.0,0.137725,0.168823,no_flag
SYN-029,2026-07-27,exams,105.75,ok,4,92.0,83.0,112.25,13,cohort (fallback),,,,,,,
SYN-029,2026-08-03,utilization,0.789565,ok,4,0.801354,0.778905,0.814876,13,cohort (fallback),False,False,False,0.0,0.789715,-0.00019,no_flag
SYN-029,2026-08-03,attendance,0.942731,ok,4,0.938931,0.93499,0.943662,13,cohort (fallback),False,False,False,0.0,0.937209,0.005892,no_flag
SYN-029,2026-08-03,conversion,0.60514,ok,4,0.572755,0.545752,0.575385,13,cohort (fallback),False,False,False,0.0,0.6067,-0.002571,no_flag
SYN-029,2026-08-03,on_time,0.945161,ok,4,0.920245,0.744493,0.930131,13,cohort (fallback),False,False,False,0.0,0.939655,0.00586,no_flag
SYN-029,2026-08-03,turnaround,5.425161,ok,4,6.122264,6.0636,8.99823,13,cohort (fallback),False,False,False,0.0,5.648448,-0.039531,no_flag
SYN-029,2026-08-03,recall_rate,0.16,ok,4,0.148688,0.144295,0.154412,13,cohort (fallback),False,False,False,0.0,0.139601,0.146122,no_flag
SYN-029,2026-08-03,exams,107.0,ok,4,91.75,82.5,114.5,13,cohort (fallback),,,,,,,
SYN-029,2026-08-10,utilization,0.792254,ok,4,0.8,0.781553,0.804651,13,cohort (fallback),False,False,False,0.0,0.785131,0.009071,no_flag
SYN-029,2026-08-10,attendance,0.948889,ok,4,0.941011,0.935091,0.942029,13,cohort (fallback),False,False,False,0.0,0.937644,0.011992,no_flag
SYN-029,2026-08-10,conversion,0.611241,ok,4,0.573134,0.553398,0.577495,13,cohort (fallback),False,False,False,0.0,0.60468,0.010851,no_flag
SYN-029,2026-08-10,on_time,0.946032,ok,4,0.929204,0.756637,0.933333,13,cohort (fallback),False,False,False,0.0,0.938038,0.008522,no_flag
SYN-029,2026-08-10,turnaround,5.738095,ok,4,6.301327,6.05107,9.238034,13,cohort (fallback),False,False,False,0.0,5.483305,0.046467,no_flag
SYN-029,2026-08-10,recall_rate,0.15311,ok,4,0.150538,0.14433,0.157143,13,cohort (fallback),False,False,False,0.0,0.146067,0.048215,no_flag
SYN-029,2026-08-10,exams,106.75,ok,4,90.75,83.5,113.75,13,cohort (fallback),,,,,,,
SYN-029,2026-08-17,utilization,0.79646,ok,4,0.801555,0.784916,0.814213,12,cohort (fallback),False,False,False,0.0,0.785586,0.013843,no_flag
SYN-029,2026-08-17,attendance,0.953333,ok,4,0.938724,0.93458,0.941323,12,cohort (fallback),False,False,False,0.0,0.938073,0.016267,no_flag
SYN-029,2026-08-17,conversion,0.60373,ok,4,0.56994,0.545869,0.577295,12,cohort (fallback),False,False,False,0.0,0.605134,-0.002322,no_flag
SYN-029,2026-08-17,on_time,0.951299,ok,4,0.926749,0.757733,0.932165,12,cohort (fallback),False,False,False,0.0,0.935374,0.017025,no_flag
SYN-029,2026-08-17,turnaround,5.852273,ok,4,6.240497,6.1247,9.486303,12,cohort (fallback),False,False,False,0.0,5.426531,0.078456,no_flag
SYN-029,2026-08-17,recall_rate,0.154229,ok,4,0.1479,0.141548,0.1586,12,cohort (fallback),False,False,False,0.0,0.145553,0.059609,no_flag
SYN-029,2026-08-17,exams,107.25,ok,4,88.75,83.1875,111.125,12,cohort (fallback),,,,,,,
SYN-030,2026-03-16,utilization,,insufficient_history,1,0.708729,0.692966,0.71759,8,cohort x format,False,False,False,0.0,,,unavailable
SYN-030,2026-03-16,attendance,,insufficient_history,1,0.942019,0.940824,0.944027,8,cohort x format,False,False,False,0.0,,,unavailable
SYN-030,2026-03-16,conversion,,insufficient_history,1,0.521307,0.507753,0.534537,8,cohort x format,False,False,False,0.0,,,unavailable
SYN-030,2026-03-16,on_time,,insufficient_history,1,0.898562,0.738908,0.934651,8,cohort x format,False,False,False,0.0,,,unavailable
SYN-030,2026-03-16,turnaround,,insufficient_history,1,6.051627,5.940672,9.789943,8,cohort x format,False,False,False,0.0,,,unavailable
SYN-030,2026-03-16,recall_rate,,not_applicable,0,,,,0,suppressed,False,False,False,0.0,,,not_eligible
SYN-030,2026-03-16,exams,,insufficient_history,1,74.375,70.375,79.125,8,cohort x format,,,,,,,
SYN-030,2026-03-23,utilization,,insufficient_history,2,0.723849,0.70006,0.730404,7,cohort x format,False,False,False,0.0,,,unavailable
SYN-030,2026-03-23,attendance,,insufficient_history,2,0.943953,0.939733,0.945413,7,cohort x format,False,False,False,0.0,,,unavailable
SYN-030,2026-03-23,conversion,,insufficient_history,2,0.523364,0.513149,0.544665,7,cohort x format,False,False,False,0.0,,,unavailable
SYN-030,2026-03-23,on_time,,insufficient_history,2,0.888889,0.732952,0.923033,7,cohort x format,False,False,False,0.0,,,unavailable
SYN-030,2026-03-23,turnaround,,insufficient_history,2,6.348889,5.975926,9.683314,7,cohort x format,False,False,False,0.0,,,unavailable
SYN-030,2026-03-23,recall_rate,,not_applicable,0,,,,0,suppressed,False,False,False,0.0,,,not_eligible
SYN-030,2026-03-23,exams,,insufficient_history,2,79.0,72.125,80.125,7,cohort x format,,,,,,,
SYN-030,2026-03-30,utilization,0.476793,ok,3,0.72809,0.707679,0.733353,7,cohort x format,True,False,True,1.0,,,flag
SYN-030,2026-03-30,attendance,0.938053,ok,3,0.94,0.937868,0.943864,7,cohort x format,False,False,False,0.0,,,no_flag
SYN-030,2026-03-30,conversion,0.415094,ok,3,0.521429,0.518163,0.546275,7,cohort x format,True,False,True,1.0,,,flag
SYN-030,2026-03-30,on_time,0.703704,ok,3,0.895522,0.744909,0.925824,7,cohort x format,True,False,True,1.0,,,flag
SYN-030,2026-03-30,turnaround,11.055556,ok,3,6.272388,6.027212,9.720186,7,cohort x format,True,False,True,1.0,,,flag
SYN-030,2026-03-30,recall_rate,,not_applicable,0,,,,0,suppressed,False,False,False,0.0,,,not_eligible
SYN-030,2026-03-30,exams,35.333333,ok,3,79.0,73.25,81.0,7,cohort x format,,,,,,,
SYN-030,2026-04-06,utilization,0.490506,ok,4,0.728874,0.716502,0.73933,6,cohort x format,True,False,True,2.0,,,flag
SYN-030,2026-04-06,attendance,0.935484,ok,4,0.940134,0.93833,0.941377,6,cohort x format,False,False,False,0.0,,,no_flag
SYN-030,2026-04-06,conversion,0.406897,ok,4,0.519066,0.509243,0.543211,6,cohort x format,True,False,True,2.0,,,flag
SYN-030,2026-04-06,on_time,0.694444,ok,4,0.911082,0.792939,0.923763,6,cohort x format,True,False,True,2.0,,,flag
SYN-030,2026-04-06,turnaround,10.616667,ok,4,6.418428,6.086979,8.798101,6,cohort x format,True,False,True,2.0,,,flag
SYN-030,2026-04-06,recall_rate,,not_applicable,0,,,,0,suppressed,False,False,False,0.0,,,not_eligible
SYN-030,2026-04-06,exams,36.25,ok,4,80.5,74.0625,83.0,6,cohort x format,,,,,,,
SYN-030,2026-04-13,utilization,0.514107,ok,4,0.730769,0.711111,0.742268,5,cohort x format,True,False,True,3.0,,,flag
SYN-030,2026-04-13,attendance,0.939024,ok,4,0.938889,0.937685,0.941176,5,cohort x format,False,False,False,0.0,,,no_flag
SYN-030,2026-04-13,conversion,0.402597,ok,4,0.5125,0.511628,0.525316,5,cohort x format,True,False,True,3.0,,,flag
SYN-030,2026-04-13,on_time,0.675325,ok,4,0.910714,0.768116,0.919463,5,cohort x format,True,False,True,3.0,,,flag
SYN-030,2026-04-13,turnaround,10.397403,ok,4,6.551786,6.379866,9.005797,5,cohort x format,True,False,True,3.0,,,flag
SYN-030,2026-04-13,recall_rate,,not_applicable,0,,,,0,suppressed,False,False,False,0.0,,,not_eligible
SYN-030,2026-04-13,exams,38.5,ok,4,79.0,75.25,83.25,5,cohort x format,,,,,,,
SYN-030,2026-04-20,utilization,0.525994,ok,4,0.731003,0.643499,0.7404,6,cohort x format,True,False,True,4.0,,,flag
SYN-030,2026-04-20,attendance,0.936047,ok,4,0.938683,0.935443,0.94174,6,cohort x format,False,False,False,0.0,,,no_flag
SYN-030,2026-04-20,conversion,0.397516,ok,4,0.515479,0.506563,0.523785,6,cohort x format,True,False,True,4.0,,,flag
SYN-030,2026-04-20,on_time,0.6875,ok,4,0.896186,0.798506,0.92073,6,cohort x format,True,False,True,4.0,,,flag
SYN-030,2026-04-20,turnaround,10.3775,ok,4,6.733122,6.470183,8.483603,6,cohort x format,True,False,True,4.0,,,flag
SYN-030,2026-04-20,recall_rate,,not_applicable,0,,,,0,suppressed,False,False,False,0.0,,,not_eligible
SYN-030,2026-04-20,exams,40.25,ok,4,78.25,65.8125,82.0625,6,cohort x format,,,,,,,
SYN-030,2026-04-27,utilization,0.527778,ok,4,0.738255,0.64218,0.751029,5,cohort x format,True,False,True,5.0,,,flag
SYN-030,2026-04-27,attendance,0.935673,ok,4,0.936364,0.93617,0.940959,5,cohort x format,False,False,False,0.0,,,no_flag
SYN-030,2026-04-27,conversion,0.4,ok,4,0.52549,0.521036,0.532468,5,cohort x format,True,False,True,5.0,,,flag
SYN-030,2026-04-27,on_time,0.703704,ok,4,0.881579,0.781095,0.919831,5,cohort x format,True,False,True,5.0,,,flag
SYN-030,2026-04-27,turnaround,10.249383,ok,4,6.605263,6.372152,9.165174,5,cohort x format,True,False,True,5.0,,,flag
SYN-030,2026-04-27,recall_rate,,not_applicable,0,,,,0,suppressed,False,False,False,0.0,,,not_eligible
SYN-030,2026-04-27,exams,40.0,ok,4,77.0,63.75,77.25,5,cohort x format,,,,,,,
SYN-030,2026-05-04,utilization,0.535928,ok,4,,,,0,suppressed,False,False,False,0.0,,,unavailable
SYN-030,2026-05-04,attendance,0.938547,ok,4,,,,0,suppressed,False,False,False,0.0,,,unavailable
SYN-030,2026-05-04,conversion,0.416667,ok,4,,,,0,suppressed,False,False,False,0.0,,,unavailable
SYN-030,2026-05-04,on_time,0.711111,ok,4,,,,0,suppressed,False,False,False,0.0,,,unavailable
SYN-030,2026-05-04,turnaround,10.364444,ok,4,,,,0,suppressed,False,False,False,0.0,,,unavailable
SYN-030,2026-05-04,recall_rate,,not_applicable,0,,,,0,suppressed,False,False,False,0.0,,,not_eligible
SYN-030,2026-05-04,exams,42.0,ok,4,,,,0,suppressed,,,,,,,
SYN-030,2026-05-11,utilization,0.557864,ok,4,,,,0,suppressed,False,False,False,0.0,,,unavailable
SYN-030,2026-05-11,attendance,0.930851,ok,4,,,,0,suppressed,False,False,False,0.0,,,unavailable
SYN-030,2026-05-11,conversion,0.422857,ok,4,,,,0,suppressed,False,False,False,0.0,,,unavailable
SYN-030,2026-05-11,on_time,0.734043,ok,4,,,,0,suppressed,False,False,False,0.0,,,unavailable
SYN-030,2026-05-11,turnaround,10.444681,ok,4,,,,0,suppressed,False,False,False,0.0,,,unavailable
SYN-030,2026-05-11,recall_rate,,not_applicable,0,,,,0,suppressed,False,False,False,0.0,,,not_eligible
SYN-030,2026-05-11,exams,43.75,ok,4,,,,0,suppressed,,,,,,,
SYN-030,2026-05-18,utilization,0.585294,ok,4,,,,0,suppressed,False,False,False,0.0,0.503106,0.163362,no_flag_own_baseline_only
SYN-030,2026-05-18,attendance,0.934673,ok,4,,,,0,suppressed,False,False,False,0.0,0.938272,-0.003835,no_flag_own_baseline_only
SYN-030,2026-05-18,conversion,0.435484,ok,4,,,,0,suppressed,False,False,False,0.0,0.407895,0.067638,no_flag_own_baseline_only
SYN-030,2026-05-18,on_time,0.735294,ok,4,,,,0,suppressed,False,False,False,0.0,0.698276,0.053014,no_flag_own_baseline_only
SYN-030,2026-05-18,turnaround,10.390196,ok,4,,,,0,suppressed,False,False,False,0.0,10.534483,-0.013697,no_flag_own_baseline_only
SYN-030,2026-05-18,recall_rate,,not_applicable,0,,,,0,suppressed,False,False,False,0.0,,,not_eligible
SYN-030,2026-05-18,exams,46.5,ok,4,,,,0,suppressed,,,,,,,
SYN-030,2026-05-25,utilization,0.609687,ok,4,,,,0,suppressed,False,False,False,0.0,0.506239,0.204346,no_flag_own_baseline_only
SYN-030,2026-05-25,attendance,0.934579,ok,4,,,,0,suppressed,False,False,False,0.0,0.93662,-0.002178,no_flag_own_baseline_only
SYN-030,2026-05-25,conversion,0.45,ok,4,,,,0,suppressed,False,False,False,0.0,0.406015,0.108333,no_flag_own_baseline_only
SYN-030,2026-05-25,on_time,0.734513,ok,4,,,,0,suppressed,False,False,False,0.0,0.703704,0.043782,no_flag_own_baseline_only
SYN-030,2026-05-25,turnaround,10.297345,ok,4,,,,0,suppressed,False,False,False,0.0,10.571852,-0.025966,no_flag_own_baseline_only
SYN-030,2026-05-25,recall_rate,,not_applicable,0,,,,0,suppressed,False,False,False,0.0,,,not_eligible
SYN-030,2026-05-25,exams,50.0,ok,4,,,,0,suppressed,,,,,,,
SYN-030,2026-06-01,utilization,0.634561,ok,4,,,,0,suppressed,False,False,False,0.0,0.513846,0.234924,no_flag_own_baseline_only
SYN-030,2026-06-01,attendance,0.933036,ok,4,,,,0,suppressed,False,False,False,0.0,0.937126,-0.004364,no_flag_own_baseline_only
SYN-030,2026-06-01,conversion,0.454545,ok,4,,,,0,suppressed,False,False,False,0.0,0.412141,0.102889,no_flag_own_baseline_only
SYN-030,2026-06-01,on_time,0.741667,ok,4,,,,0,suppressed,False,False,False,0.0,0.703704,0.053947,no_flag_own_baseline_only
SYN-030,2026-06-01,turnaround,10.195,ok,4,,,,0,suppressed,False,False,False,0.0,10.476543,-0.026874,no_flag_own_baseline_only
SYN-030,2026-06-01,recall_rate,,not_applicable,0,,,,0,suppressed,False,False,False,0.0,,,not_eligible
SYN-030,2026-06-01,exams,52.25,ok,4,,,,0,suppressed,,,,,,,
SYN-030,2026-06-08,utilization,0.648876,ok,4,,,,0,suppressed,False,False,False,0.0,0.536585,0.20927,no_flag_own_baseline_only
SYN-030,2026-06-08,attendance,0.939394,ok,4,,,,0,suppressed,False,False,False,0.0,0.934659,0.005066,no_flag_own_baseline_only
SYN-030,2026-06-08,conversion,0.465438,ok,4,,,,0,suppressed,False,False,False,0.0,0.413374,0.125949,no_flag_own_baseline_only
SYN-030,2026-06-08,on_time,0.724409,ok,4,,,,0,suppressed,False,False,False,0.0,0.707602,0.023752,no_flag_own_baseline_only
SYN-030,2026-06-08,turnaround,10.581102,ok,4,,,,0,suppressed,False,False,False,0.0,10.423392,0.01513,no_flag_own_baseline_only
SYN-030,2026-06-08,recall_rate,,insufficient_history,1,,,,0,suppressed,False,False,False,0.0,,,not_eligible
SYN-030,2026-06-08,exams,54.25,ok,4,,,,0,suppressed,,,,,,,
SYN-030,2026-06-15,utilization,0.658263,ok,4,,,,0,suppressed,False,False,False,0.0,0.556222,0.183455,no_flag_own_baseline_only
SYN-030,2026-06-15,attendance,0.940426,ok,4,,,,0,suppressed,False,False,False,0.0,0.93531,0.005469,no_flag_own_baseline_only
SYN-030,2026-06-15,conversion,0.466063,ok,4,,,,0,suppressed,False,False,False,0.0,0.417867,0.115338,no_flag_own_baseline_only
SYN-030,2026-06-15,on_time,0.705426,ok,4,,,,0,suppressed,False,False,False,0.0,0.714286,-0.012403,no_flag_own_baseline_only
SYN-030,2026-06-15,turnaround,10.502326,ok,4,,,,0,suppressed,False,False,False,0.0,10.384615,0.011335,no_flag_own_baseline_only
SYN-030,2026-06-15,recall_rate,,insufficient_history,2,,,,0,suppressed,False,False,False,0.0,,,not_eligible
SYN-030,2026-06-15,exams,55.25,ok,4,,,,0,suppressed,,,,,,,
SYN-030,2026-06-22,utilization,0.66759,ok,4,,,,0,suppressed,False,False,False,0.0,0.57037,0.17045,no_flag_own_baseline_only
SYN-030,2026-06-22,attendance,0.946058,ok,4,,,,0,suppressed,False,False,False,0.0,0.935065,0.011757,no_flag_own_baseline_only
SYN-030,2026-06-22,conversion,0.47807,ok,4,,,,0,suppressed,False,False,False,0.0,0.427778,0.117567,no_flag_own_baseline_only
SYN-030,2026-06-22,on_time,0.710145,ok,4,,,,0,suppressed,False,False,False,0.0,0.721649,-0.015942,no_flag_own_baseline_only
SYN-030,2026-06-22,turnaround,10.291304,ok,4,,,,0,suppressed,False,False,False,0.0,10.27732,0.001361,no_flag_own_baseline_only
SYN-030,2026-06-22,recall_rate,,suppressed,3,,,,0,suppressed,False,False,False,0.0,,,not_eligible
SYN-030,2026-06-22,exams,57.0,ok,4,,,,0,suppressed,,,,,,,
SYN-030,2026-06-29,utilization,0.663934,ok,4,,,,0,suppressed,False,False,False,0.0,0.586608,0.131819,no_flag_own_baseline_only
SYN-030,2026-06-29,attendance,0.950617,ok,4,,,,0,suppressed,False,False,False,0.0,0.935484,0.016177,no_flag_own_baseline_only
SYN-030,2026-06-29,conversion,0.480519,ok,4,,,,0,suppressed,False,False,False,0.0,0.437666,0.097914,no_flag_own_baseline_only
SYN-030,2026-06-29,on_time,0.714286,ok,4,,,,0,suppressed,False,False,False,0.0,0.728571,-0.019608,no_flag_own_baseline_only
SYN-030,2026-06-29,turnaround,10.411429,ok,4,,,,0,suppressed,False,False,False,0.0,10.267619,0.014006,no_flag_own_baseline_only
SYN-030,2026-06-29,recall_rate,,suppressed,4,,,,0,suppressed,False,False,False,0.0,,,not_eligible
SYN-030,2026-06-29,exams,57.75,ok,4,,,,0,suppressed,,,,,,,
SYN-030,2026-07-06,utilization,0.66756,ok,4,,,,0,suppressed,False,False,False,0.0,0.604618,0.104103,no_flag_own_baseline_only
SYN-030,2026-07-06,attendance,0.951807,ok,4,,,,0,suppressed,False,False,False,0.0,0.935561,0.017365,no_flag_own_baseline_only
SYN-030,2026-07-06,conversion,0.481013,ok,4,,,,0,suppressed,False,False,False,0.0,0.446429,0.077468,no_flag_own_baseline_only
SYN-030,2026-07-06,on_time,0.727273,ok,4,,,,0,suppressed,False,False,False,0.0,0.728507,-0.001694,no_flag_own_baseline_only
SYN-030,2026-07-06,turnaround,9.966434,ok,4,,,,0,suppressed,False,False,False,0.0,10.523077,-0.052897,no_flag_own_baseline_only
SYN-030,2026-07-06,recall_rate,,suppressed,4,,,,0,suppressed,False,False,False,0.0,,,not_eligible
SYN-030,2026-07-06,exams,59.25,ok,4,,,,0,suppressed,,,,,,,
SYN-030,2026-07-13,utilization,0.671088,ok,4,,,,0,suppressed,False,False,False,0.0,0.622669,0.07776,no_flag_own_baseline_only
SYN-030,2026-07-13,attendance,0.952569,ok,4,,,,0,suppressed,False,False,False,0.0,0.937788,0.015762,no_flag_own_baseline_only
SYN-030,2026-07-13,conversion,0.493776,ok,4,,,,0,suppressed,False,False,False,0.0,0.452088,0.092211,no_flag_own_baseline_only
SYN-030,2026-07-13,on_time,0.744966,ok,4,,,,0,suppressed,False,False,False,0.0,0.718615,0.03667,no_flag_own_baseline_only
SYN-030,2026-07-13,turnaround,10.146309,ok,4,,,,0,suppressed,False,False,False,0.0,10.452814,-0.029323,no_flag_own_baseline_only
SYN-030,2026-07-13,recall_rate,,suppressed,4,,,,0,suppressed,False,False,False,0.0,,,not_eligible
SYN-030,2026-07-13,exams,60.25,ok,4,,,,0,suppressed,,,,,,,
SYN-030,2026-07-20,utilization,0.677333,ok,4,,,,0,suppressed,False,False,False,0.0,0.639045,0.059915,no_flag_own_baseline_only
SYN-030,2026-07-20,attendance,0.948819,ok,4,,,,0,suppressed,False,False,False,0.0,0.940659,0.008674,no_flag_own_baseline_only
SYN-030,2026-07-20,conversion,0.489627,ok,4,,,,0,suppressed,False,False,False,0.0,0.464953,0.053066,no_flag_own_baseline_only
SYN-030,2026-07-20,on_time,0.746575,ok,4,,,,0,suppressed,False,False,False,0.0,0.721116,0.035306,no_flag_own_baseline_only
SYN-030,2026-07-20,turnaround,10.256164,ok,4,,,,0,suppressed,False,False,False,0.0,10.294024,-0.003678,no_flag_own_baseline_only
SYN-030,2026-07-20,recall_rate,,suppressed,4,,,,0,suppressed,False,False,False,0.0,,,not_eligible
SYN-030,2026-07-20,exams,60.25,ok,4,,,,0,suppressed,,,,,,,
SYN-030,2026-07-27,utilization,0.68883,ok,4,,,,0,suppressed,False,False,False,0.0,0.649513,0.060532,no_flag_own_baseline_only
SYN-030,2026-07-27,attendance,0.945946,ok,4,,,,0,suppressed,False,False,False,0.0,0.942184,0.003993,no_flag_own_baseline_only
SYN-030,2026-07-27,conversion,0.493878,ok,4,,,,0,suppressed,False,False,False,0.0,0.468182,0.054884,no_flag_own_baseline_only
SYN-030,2026-07-27,on_time,0.751678,ok,4,,,,0,suppressed,False,False,False,0.0,0.726923,0.034054,no_flag_own_baseline_only
SYN-030,2026-07-27,turnaround,10.071812,ok,4,,,,0,suppressed,False,False,False,0.0,10.311538,-0.023248,no_flag_own_baseline_only
SYN-030,2026-07-27,recall_rate,,suppressed,4,,,,0,suppressed,False,False,False,0.0,,,not_eligible
SYN-030,2026-07-27,exams,61.25,ok,4,,,,0,suppressed,,,,,,,
SYN-030,2026-08-03,utilization,0.697917,ok,4,,,,0,suppressed,False,False,False,0.0,0.658436,0.059961,no_flag_own_baseline_only
SYN-030,2026-08-03,attendance,0.940299,ok,4,,,,0,suppressed,False,False,False,0.0,0.945833,-0.005852,no_flag_own_baseline_only
SYN-030,2026-08-03,conversion,0.496032,ok,4,,,,0,suppressed,False,False,False,0.0,0.473568,0.047434,no_flag_own_baseline_only
SYN-030,2026-08-03,on_time,0.754839,ok,4,,,,0,suppressed,False,False,False,0.0,0.725926,0.039829,no_flag_own_baseline_only
SYN-030,2026-08-03,turnaround,9.856129,ok,4,,,,0,suppressed,False,False,False,0.0,10.255556,-0.038947,no_flag_own_baseline_only
SYN-030,2026-08-03,recall_rate,,suppressed,4,,,,0,suppressed,False,False,False,0.0,,,not_eligible
SYN-030,2026-08-03,exams,63.0,ok,4,,,,0,suppressed,,,,,,,
SYN-030,2026-08-10,utilization,0.710327,ok,4,,,,0,suppressed,False,False,False,0.0,0.66485,0.068402,no_flag_own_baseline_only
SYN-030,2026-08-10,attendance,0.93617,ok,4,,,,0,suppressed,False,False,False,0.0,0.946721,-0.011145,no_flag_own_baseline_only
SYN-030,2026-08-10,conversion,0.496212,ok,4,,,,0,suppressed,False,False,False,0.0,0.480519,0.032658,no_flag_own_baseline_only
SYN-030,2026-08-10,on_time,0.745342,ok,4,,,,0,suppressed,False,False,False,0.0,0.726619,0.025767,no_flag_own_baseline_only
SYN-030,2026-08-10,turnaround,9.668944,ok,4,,,,0,suppressed,False,False,False,0.0,10.311511,-0.062315,no_flag_own_baseline_only
SYN-030,2026-08-10,recall_rate,,suppressed,4,,,,0,suppressed,False,False,False,0.0,0.138889,,not_eligible
SYN-030,2026-08-10,exams,66.0,ok,4,,,,0,suppressed,,,,,,,
SYN-030,2026-08-17,utilization,0.720297,ok,4,,,,0,suppressed,False,False,False,0.0,0.672554,0.070987,no_flag_own_baseline_only
SYN-030,2026-08-17,attendance,0.941581,ok,4,,,,0,suppressed,False,False,False,0.0,0.947475,-0.006221,no_flag_own_baseline_only
SYN-030,2026-08-17,conversion,0.49635,ok,4,,,,0,suppressed,False,False,False,0.0,0.484009,0.025499,no_flag_own_baseline_only
SYN-030,2026-08-17,on_time,0.730539,ok,4,,,,0,suppressed,False,False,False,0.0,0.728873,0.002285,no_flag_own_baseline_only
SYN-030,2026-08-17,turnaround,9.605389,ok,4,,,,0,suppressed,False,False,False,0.0,10.273239,-0.065009,no_flag_own_baseline_only
SYN-030,2026-08-17,recall_rate,,suppressed,4,,,,0,suppressed,False,False,False,0.0,0.139535,,not_eligible
SYN-030,2026-08-17,exams,68.5,ok,4,,,,0,suppressed,,,,,,,
