population,scope,request_type,outcome_key,days_to_close,records,cum_records
All published records,Citywide,All types,1. Service recorded as provided,0,24276,24276
All published records,Citywide,All types,1. Service recorded as provided,1,21304,45580
All published records,Citywide,All types,1. Service recorded as provided,2,15722,61302
All published records,Citywide,All types,1. Service recorded as provided,3,11359,72661
All published records,Citywide,All types,1. Service recorded as provided,4,10258,82919
All published records,Citywide,All types,1. Service recorded as provided,5,8228,91147
All published records,Citywide,All types,1. Service recorded as provided,6,7947,99094
All published records,Citywide,All types,1. Service recorded as provided,7,7382,106476
All published records,Citywide,All types,1. Service recorded as provided,8,5843,112319
All published records,Citywide,All types,1. Service recorded as provided,9,4414,116733
All published records,Citywide,All types,1. Service recorded as provided,10,3658,120391
All published records,Citywide,All types,1. Service recorded as provided,11,3451,123842
All published records,Citywide,All types,1. Service recorded as provided,12,2846,126688
All published records,Citywide,All types,1. Service recorded as provided,13,3101,129789
All published records,Citywide,All types,1. Service recorded as provided,14,2962,132751
All published records,Citywide,All types,1. Service recorded as provided,15,2307,135058
All published records,Citywide,All types,1. Service recorded as provided,16,1810,136868
All published records,Citywide,All types,1. Service recorded as provided,17,1426,138294
All published records,Citywide,All types,1. Service recorded as provided,18,1397,139691
All published records,Citywide,All types,1. Service recorded as provided,19,1179,140870
All published records,Citywide,All types,1. Service recorded as provided,20,1215,142085
All published records,Citywide,All types,1. Service recorded as provided,21,1152,143237
All published records,Citywide,All types,1. Service recorded as provided,22,884,144121
All published records,Citywide,All types,1. Service recorded as provided,23,636,144757
All published records,Citywide,All types,1. Service recorded as provided,24,547,145304
All published records,Citywide,All types,1. Service recorded as provided,25,476,145780
All published records,Citywide,All types,1. Service recorded as provided,26,390,146170
All published records,Citywide,All types,1. Service recorded as provided,27,432,146602
All published records,Citywide,All types,1. Service recorded as provided,28,438,147040
All published records,Citywide,All types,1. Service recorded as provided,29,384,147424
All published records,Citywide,All types,1. Service recorded as provided,30,304,147728
All published records,Citywide,All types,1. Service recorded as provided,31,313,148041
All published records,Citywide,All types,1. Service recorded as provided,32,331,148372
All published records,Citywide,All types,1. Service recorded as provided,33,293,148665
All published records,Citywide,All types,1. Service recorded as provided,34,238,148903
All published records,Citywide,All types,1. Service recorded as provided,35,260,149163
All published records,Citywide,All types,1. Service recorded as provided,36,230,149393
All published records,Citywide,All types,1. Service recorded as provided,37,157,149550
All published records,Citywide,All types,1. Service recorded as provided,38,125,149675
All published records,Citywide,All types,1. Service recorded as provided,39,117,149792
All published records,Citywide,All types,1. Service recorded as provided,40,137,149929
All published records,Citywide,All types,1. Service recorded as provided,41,148,150077
All published records,Citywide,All types,1. Service recorded as provided,42,112,150189
All published records,Citywide,All types,1. Service recorded as provided,43,148,150337
All published records,Citywide,All types,1. Service recorded as provided,44,96,150433
All published records,Citywide,All types,1. Service recorded as provided,45,76,150509
All published records,Citywide,All types,1. Service recorded as provided,46,85,150594
All published records,Citywide,All types,1. Service recorded as provided,47,88,150682
All published records,Citywide,All types,1. Service recorded as provided,48,83,150765
All published records,Citywide,All types,1. Service recorded as provided,49,105,150870
All published records,Citywide,All types,1. Service recorded as provided,50,59,150929
All published records,Citywide,All types,1. Service recorded as provided,51,54,150983
All published records,Citywide,All types,1. Service recorded as provided,52,38,151021
All published records,Citywide,All types,1. Service recorded as provided,53,36,151057
All published records,Citywide,All types,1. Service recorded as provided,54,56,151113
All published records,Citywide,All types,1. Service recorded as provided,55,58,151171
All published records,Citywide,All types,1. Service recorded as provided,56,75,151246
All published records,Citywide,All types,1. Service recorded as provided,57,63,151309
All published records,Citywide,All types,1. Service recorded as provided,58,63,151372
All published records,Citywide,All types,1. Service recorded as provided,59,48,151420
All published records,Citywide,All types,1. Service recorded as provided,60,40,151460
All published records,Citywide,All types,1. Service recorded as provided,61,37,151497
All published records,Citywide,All types,1. Service recorded as provided,62,43,151540
All published records,Citywide,All types,1. Service recorded as provided,63,56,151596
All published records,Citywide,All types,1. Service recorded as provided,64,33,151629
All published records,Citywide,All types,1. Service recorded as provided,65,26,151655
All published records,Citywide,All types,1. Service recorded as provided,66,34,151689
All published records,Citywide,All types,1. Service recorded as provided,67,37,151726
All published records,Citywide,All types,1. Service recorded as provided,68,28,151754
All published records,Citywide,All types,1. Service recorded as provided,69,39,151793
All published records,Citywide,All types,1. Service recorded as provided,70,32,151825
All published records,Citywide,All types,1. Service recorded as provided,71,29,151854
All published records,Citywide,All types,1. Service recorded as provided,72,25,151879
All published records,Citywide,All types,1. Service recorded as provided,73,28,151907
All published records,Citywide,All types,1. Service recorded as provided,74,23,151930
All published records,Citywide,All types,1. Service recorded as provided,75,27,151957
All published records,Citywide,All types,1. Service recorded as provided,76,29,151986
All published records,Citywide,All types,1. Service recorded as provided,77,25,152011
All published records,Citywide,All types,1. Service recorded as provided,78,27,152038
All published records,Citywide,All types,1. Service recorded as provided,79,33,152071
All published records,Citywide,All types,1. Service recorded as provided,80,16,152087
All published records,Citywide,All types,1. Service recorded as provided,81,15,152102
All published records,Citywide,All types,1. Service recorded as provided,82,27,152129
All published records,Citywide,All types,1. Service recorded as provided,83,34,152163
All published records,Citywide,All types,1. Service recorded as provided,84,20,152183
All published records,Citywide,All types,1. Service recorded as provided,85,17,152200
All published records,Citywide,All types,1. Service recorded as provided,86,13,152213
All published records,Citywide,All types,1. Service recorded as provided,87,15,152228
All published records,Citywide,All types,1. Service recorded as provided,88,11,152239
All published records,Citywide,All types,1. Service recorded as provided,89,20,152259
All published records,Citywide,All types,1. Service recorded as provided,90,15,152274
All published records,Citywide,All types,1. Service recorded as provided,91,10,152284
All published records,Citywide,All types,1. Service recorded as provided,92,10,152294
All published records,Citywide,All types,1. Service recorded as provided,93,8,152302
All published records,Citywide,All types,1. Service recorded as provided,94,8,152310
All published records,Citywide,All types,1. Service recorded as provided,95,11,152321
All published records,Citywide,All types,1. Service recorded as provided,96,7,152328
All published records,Citywide,All types,1. Service recorded as provided,97,10,152338
All published records,Citywide,All types,1. Service recorded as provided,98,16,152354
All published records,Citywide,All types,1. Service recorded as provided,99,16,152370
All published records,Citywide,All types,1. Service recorded as provided,100,10,152380
All published records,Citywide,All types,1. Service recorded as provided,101,12,152392
All published records,Citywide,All types,1. Service recorded as provided,102,9,152401
All published records,Citywide,All types,1. Service recorded as provided,103,9,152410
All published records,Citywide,All types,1. Service recorded as provided,104,7,152417
All published records,Citywide,All types,1. Service recorded as provided,105,9,152426
All published records,Citywide,All types,1. Service recorded as provided,106,10,152436
All published records,Citywide,All types,1. Service recorded as provided,107,10,152446
All published records,Citywide,All types,1. Service recorded as provided,109,11,152457
All published records,Citywide,All types,1. Service recorded as provided,110,11,152468
All published records,Citywide,All types,1. Service recorded as provided,111,9,152477
All published records,Citywide,All types,1. Service recorded as provided,112,8,152485
All published records,Citywide,All types,1. Service recorded as provided,113,9,152494
All published records,Citywide,All types,1. Service recorded as provided,114,7,152501
All published records,Citywide,All types,1. Service recorded as provided,115,3,152504
All published records,Citywide,All types,1. Service recorded as provided,116,4,152508
All published records,Citywide,All types,1. Service recorded as provided,117,7,152515
All published records,Citywide,All types,1. Service recorded as provided,118,3,152518
All published records,Citywide,All types,1. Service recorded as provided,119,8,152526
All published records,Citywide,All types,1. Service recorded as provided,120,14,152540
All published records,Citywide,All types,1. Service recorded as provided,121,6,152546
All published records,Citywide,All types,1. Service recorded as provided,122,11,152557
All published records,Citywide,All types,1. Service recorded as provided,123,8,152565
All published records,Citywide,All types,1. Service recorded as provided,124,13,152578
All published records,Citywide,All types,1. Service recorded as provided,125,5,152583
All published records,Citywide,All types,1. Service recorded as provided,126,8,152591
All published records,Citywide,All types,1. Service recorded as provided,127,7,152598
All published records,Citywide,All types,1. Service recorded as provided,128,5,152603
All published records,Citywide,All types,1. Service recorded as provided,129,5,152608
All published records,Citywide,All types,1. Service recorded as provided,130,5,152613
All published records,Citywide,All types,1. Service recorded as provided,131,7,152620
All published records,Citywide,All types,1. Service recorded as provided,132,6,152626
All published records,Citywide,All types,1. Service recorded as provided,133,4,152630
All published records,Citywide,All types,1. Service recorded as provided,134,7,152637
All published records,Citywide,All types,1. Service recorded as provided,135,2,152639
All published records,Citywide,All types,1. Service recorded as provided,136,7,152646
All published records,Citywide,All types,1. Service recorded as provided,137,4,152650
All published records,Citywide,All types,1. Service recorded as provided,138,8,152658
All published records,Citywide,All types,1. Service recorded as provided,139,8,152666
All published records,Citywide,All types,1. Service recorded as provided,140,5,152671
All published records,Citywide,All types,1. Service recorded as provided,141,8,152679
All published records,Citywide,All types,1. Service recorded as provided,142,7,152686
All published records,Citywide,All types,1. Service recorded as provided,143,9,152695
All published records,Citywide,All types,1. Service recorded as provided,144,5,152700
All published records,Citywide,All types,1. Service recorded as provided,145,5,152705
All published records,Citywide,All types,1. Service recorded as provided,146,9,152714
All published records,Citywide,All types,1. Service recorded as provided,147,7,152721
All published records,Citywide,All types,1. Service recorded as provided,148,4,152725
All published records,Citywide,All types,1. Service recorded as provided,149,5,152730
All published records,Citywide,All types,1. Service recorded as provided,150,2,152732
All published records,Citywide,All types,1. Service recorded as provided,151,5,152737
All published records,Citywide,All types,1. Service recorded as provided,152,3,152740
All published records,Citywide,All types,1. Service recorded as provided,153,9,152749
All published records,Citywide,All types,1. Service recorded as provided,154,9,152758
All published records,Citywide,All types,1. Service recorded as provided,155,4,152762
All published records,Citywide,All types,1. Service recorded as provided,156,3,152765
All published records,Citywide,All types,1. Service recorded as provided,157,3,152768
All published records,Citywide,All types,1. Service recorded as provided,158,7,152775
All published records,Citywide,All types,1. Service recorded as provided,159,8,152783
All published records,Citywide,All types,1. Service recorded as provided,160,7,152790
All published records,Citywide,All types,1. Service recorded as provided,161,6,152796
All published records,Citywide,All types,1. Service recorded as provided,162,2,152798
All published records,Citywide,All types,1. Service recorded as provided,163,1,152799
All published records,Citywide,All types,1. Service recorded as provided,164,2,152801
All published records,Citywide,All types,1. Service recorded as provided,165,1,152802
All published records,Citywide,All types,1. Service recorded as provided,166,3,152805
All published records,Citywide,All types,1. Service recorded as provided,167,2,152807
All published records,Citywide,All types,1. Service recorded as provided,168,5,152812
All published records,Citywide,All types,1. Service recorded as provided,169,4,152816
All published records,Citywide,All types,1. Service recorded as provided,170,3,152819
All published records,Citywide,All types,1. Service recorded as provided,171,2,152821
All published records,Citywide,All types,1. Service recorded as provided,172,5,152826
All published records,Citywide,All types,1. Service recorded as provided,173,2,152828
All published records,Citywide,All types,1. Service recorded as provided,174,4,152832
All published records,Citywide,All types,1. Service recorded as provided,175,5,152837
All published records,Citywide,All types,1. Service recorded as provided,176,2,152839
All published records,Citywide,All types,1. Service recorded as provided,177,4,152843
All published records,Citywide,All types,1. Service recorded as provided,178,2,152845
All published records,Citywide,All types,1. Service recorded as provided,179,5,152850
All published records,Citywide,All types,1. Service recorded as provided,180,1,152851
All published records,Citywide,All types,1. Service recorded as provided,181,2,152853
All published records,Citywide,All types,1. Service recorded as provided,182,4,152857
All published records,Citywide,All types,1. Service recorded as provided,183,4,152861
All published records,Citywide,All types,1. Service recorded as provided,184,1,152862
All published records,Citywide,All types,1. Service recorded as provided,185,6,152868
All published records,Citywide,All types,1. Service recorded as provided,186,2,152870
All published records,Citywide,All types,1. Service recorded as provided,187,6,152876
All published records,Citywide,All types,1. Service recorded as provided,188,2,152878
All published records,Citywide,All types,1. Service recorded as provided,189,4,152882
All published records,Citywide,All types,1. Service recorded as provided,190,2,152884
All published records,Citywide,All types,1. Service recorded as provided,191,2,152886
All published records,Citywide,All types,1. Service recorded as provided,192,5,152891
All published records,Citywide,All types,1. Service recorded as provided,193,4,152895
All published records,Citywide,All types,1. Service recorded as provided,194,1,152896
All published records,Citywide,All types,1. Service recorded as provided,195,1,152897
All published records,Citywide,All types,1. Service recorded as provided,196,3,152900
All published records,Citywide,All types,1. Service recorded as provided,197,3,152903
All published records,Citywide,All types,1. Service recorded as provided,198,2,152905
All published records,Citywide,All types,1. Service recorded as provided,199,5,152910
All published records,Citywide,All types,1. Service recorded as provided,200,2,152912
All published records,Citywide,All types,1. Service recorded as provided,201,1,152913
All published records,Citywide,All types,1. Service recorded as provided,202,4,152917
All published records,Citywide,All types,1. Service recorded as provided,203,4,152921
All published records,Citywide,All types,1. Service recorded as provided,204,4,152925
All published records,Citywide,All types,1. Service recorded as provided,205,1,152926
All published records,Citywide,All types,1. Service recorded as provided,207,3,152929
All published records,Citywide,All types,1. Service recorded as provided,208,2,152931
All published records,Citywide,All types,1. Service recorded as provided,209,5,152936
All published records,Citywide,All types,1. Service recorded as provided,210,3,152939
All published records,Citywide,All types,1. Service recorded as provided,211,1,152940
All published records,Citywide,All types,1. Service recorded as provided,212,2,152942
All published records,Citywide,All types,1. Service recorded as provided,213,4,152946
All published records,Citywide,All types,1. Service recorded as provided,214,2,152948
All published records,Citywide,All types,1. Service recorded as provided,216,1,152949
All published records,Citywide,All types,1. Service recorded as provided,217,7,152956
All published records,Citywide,All types,1. Service recorded as provided,218,4,152960
All published records,Citywide,All types,1. Service recorded as provided,219,3,152963
All published records,Citywide,All types,1. Service recorded as provided,220,2,152965
All published records,Citywide,All types,1. Service recorded as provided,221,3,152968
All published records,Citywide,All types,1. Service recorded as provided,222,2,152970
All published records,Citywide,All types,1. Service recorded as provided,223,8,152978
All published records,Citywide,All types,1. Service recorded as provided,224,7,152985
All published records,Citywide,All types,1. Service recorded as provided,225,10,152995
All published records,Citywide,All types,1. Service recorded as provided,226,3,152998
All published records,Citywide,All types,1. Service recorded as provided,227,9,153007
All published records,Citywide,All types,1. Service recorded as provided,228,9,153016
All published records,Citywide,All types,1. Service recorded as provided,229,8,153024
All published records,Citywide,All types,1. Service recorded as provided,230,71,153095
All published records,Citywide,All types,1. Service recorded as provided,231,8,153103
All published records,Citywide,All types,1. Service recorded as provided,232,21,153124
All published records,Citywide,All types,1. Service recorded as provided,233,1,153125
All published records,Citywide,All types,1. Service recorded as provided,234,4,153129
All published records,Citywide,All types,1. Service recorded as provided,235,6,153135
All published records,Citywide,All types,1. Service recorded as provided,236,5,153140
All published records,Citywide,All types,1. Service recorded as provided,237,5,153145
All published records,Citywide,All types,1. Service recorded as provided,238,9,153154
All published records,Citywide,All types,1. Service recorded as provided,239,1,153155
All published records,Citywide,All types,1. Service recorded as provided,240,2,153157
All published records,Citywide,All types,1. Service recorded as provided,241,3,153160
All published records,Citywide,All types,1. Service recorded as provided,242,1,153161
All published records,Citywide,All types,1. Service recorded as provided,243,5,153166
All published records,Citywide,All types,1. Service recorded as provided,244,2,153168
All published records,Citywide,All types,1. Service recorded as provided,245,12,153180
All published records,Citywide,All types,1. Service recorded as provided,246,16,153196
All published records,Citywide,All types,1. Service recorded as provided,247,8,153204
All published records,Citywide,All types,1. Service recorded as provided,248,23,153227
All published records,Citywide,All types,1. Service recorded as provided,249,7,153234
All published records,Citywide,All types,1. Service recorded as provided,250,5,153239
All published records,Citywide,All types,1. Service recorded as provided,251,5,153244
All published records,Citywide,All types,1. Service recorded as provided,252,7,153251
All published records,Citywide,All types,1. Service recorded as provided,253,9,153260
All published records,Citywide,All types,1. Service recorded as provided,254,12,153272
All published records,Citywide,All types,1. Service recorded as provided,255,5,153277
All published records,Citywide,All types,1. Service recorded as provided,256,13,153290
All published records,Citywide,All types,1. Service recorded as provided,257,27,153317
All published records,Citywide,All types,1. Service recorded as provided,258,11,153328
All published records,Citywide,All types,1. Service recorded as provided,259,18,153346
All published records,Citywide,All types,1. Service recorded as provided,260,7,153353
All published records,Citywide,All types,1. Service recorded as provided,261,3,153356
All published records,Citywide,All types,1. Service recorded as provided,262,7,153363
All published records,Citywide,All types,1. Service recorded as provided,263,13,153376
All published records,Citywide,All types,1. Service recorded as provided,264,17,153393
All published records,Citywide,All types,1. Service recorded as provided,265,25,153418
All published records,Citywide,All types,1. Service recorded as provided,266,3,153421
All published records,Citywide,All types,1. Service recorded as provided,267,2,153423
All published records,Citywide,All types,1. Service recorded as provided,268,12,153435
All published records,Citywide,All types,1. Service recorded as provided,269,29,153464
All published records,Citywide,All types,1. Service recorded as provided,270,38,153502
All published records,Citywide,All types,1. Service recorded as provided,271,34,153536
All published records,Citywide,All types,1. Service recorded as provided,272,36,153572
All published records,Citywide,All types,1. Service recorded as provided,273,38,153610
All published records,Citywide,All types,1. Service recorded as provided,274,56,153666
All published records,Citywide,All types,1. Service recorded as provided,275,52,153718
All published records,Citywide,All types,1. Service recorded as provided,276,42,153760
All published records,Citywide,All types,1. Service recorded as provided,277,41,153801
All published records,Citywide,All types,1. Service recorded as provided,278,2,153803
All published records,Citywide,All types,1. Service recorded as provided,280,8,153811
All published records,Citywide,All types,1. Service recorded as provided,281,25,153836
All published records,Citywide,All types,1. Service recorded as provided,282,34,153870
All published records,Citywide,All types,1. Service recorded as provided,283,24,153894
All published records,Citywide,All types,1. Service recorded as provided,284,31,153925
All published records,Citywide,All types,1. Service recorded as provided,285,29,153954
All published records,Citywide,All types,1. Service recorded as provided,286,23,153977
All published records,Citywide,All types,1. Service recorded as provided,287,15,153992
All published records,Citywide,All types,1. Service recorded as provided,288,16,154008
All published records,Citywide,All types,1. Service recorded as provided,289,44,154052
All published records,Citywide,All types,1. Service recorded as provided,290,44,154096
All published records,Citywide,All types,1. Service recorded as provided,291,52,154148
All published records,Citywide,All types,1. Service recorded as provided,292,24,154172
All published records,Citywide,All types,1. Service recorded as provided,293,25,154197
All published records,Citywide,All types,1. Service recorded as provided,294,41,154238
All published records,Citywide,All types,1. Service recorded as provided,295,38,154276
All published records,Citywide,All types,1. Service recorded as provided,296,23,154299
All published records,Citywide,All types,1. Service recorded as provided,297,33,154332
All published records,Citywide,All types,1. Service recorded as provided,298,40,154372
All published records,Citywide,All types,1. Service recorded as provided,299,21,154393
All published records,Citywide,All types,1. Service recorded as provided,300,19,154412
All published records,Citywide,All types,1. Service recorded as provided,301,15,154427
All published records,Citywide,All types,1. Service recorded as provided,302,28,154455
All published records,Citywide,All types,1. Service recorded as provided,303,42,154497
All published records,Citywide,All types,1. Service recorded as provided,304,13,154510
All published records,Citywide,All types,1. Service recorded as provided,305,3,154513
All published records,Citywide,All types,1. Service recorded as provided,306,10,154523
All published records,Citywide,All types,1. Service recorded as provided,307,16,154539
All published records,Citywide,All types,1. Service recorded as provided,308,17,154556
All published records,Citywide,All types,1. Service recorded as provided,309,3,154559
All published records,Citywide,All types,1. Service recorded as provided,310,7,154566
All published records,Citywide,All types,1. Service recorded as provided,311,6,154572
All published records,Citywide,All types,1. Service recorded as provided,313,1,154573
All published records,Citywide,All types,1. Service recorded as provided,314,1,154574
All published records,Citywide,All types,1. Service recorded as provided,316,2,154576
All published records,Citywide,All types,1. Service recorded as provided,317,3,154579
All published records,Citywide,All types,1. Service recorded as provided,318,2,154581
All published records,Citywide,All types,1. Service recorded as provided,321,1,154582
All published records,Citywide,All types,1. Service recorded as provided,322,3,154585
All published records,Citywide,All types,1. Service recorded as provided,323,1,154586
All published records,Citywide,All types,1. Service recorded as provided,324,1,154587
All published records,Citywide,All types,1. Service recorded as provided,328,1,154588
All published records,Citywide,All types,1. Service recorded as provided,330,1,154589
All published records,Citywide,All types,1. Service recorded as provided,331,1,154590
All published records,Citywide,All types,1. Service recorded as provided,333,1,154591
All published records,Citywide,All types,1. Service recorded as provided,334,5,154596
All published records,Citywide,All types,1. Service recorded as provided,337,2,154598
All published records,Citywide,All types,1. Service recorded as provided,338,2,154600
All published records,Citywide,All types,1. Service recorded as provided,339,1,154601
All published records,Citywide,All types,1. Service recorded as provided,340,1,154602
All published records,Citywide,All types,1. Service recorded as provided,343,3,154605
All published records,Citywide,All types,1. Service recorded as provided,344,17,154622
All published records,Citywide,All types,1. Service recorded as provided,345,35,154657
All published records,Citywide,All types,1. Service recorded as provided,346,19,154676
All published records,Citywide,All types,1. Service recorded as provided,347,3,154679
All published records,Citywide,All types,1. Service recorded as provided,348,1,154680
All published records,Citywide,All types,1. Service recorded as provided,349,2,154682
All published records,Citywide,All types,1. Service recorded as provided,350,6,154688
All published records,Citywide,All types,1. Service recorded as provided,353,1,154689
All published records,Citywide,All types,1. Service recorded as provided,354,7,154696
All published records,Citywide,All types,1. Service recorded as provided,355,3,154699
All published records,Citywide,All types,1. Service recorded as provided,356,1,154700
All published records,Citywide,All types,1. Service recorded as provided,359,1,154701
All published records,Citywide,All types,1. Service recorded as provided,360,3,154704
All published records,Citywide,All types,1. Service recorded as provided,361,5,154709
All published records,Citywide,All types,1. Service recorded as provided,362,6,154715
All published records,Citywide,All types,1. Service recorded as provided,365,1,154716
All published records,Citywide,All types,1. Service recorded as provided,367,1,154717
All published records,Citywide,All types,1. Service recorded as provided,376,1,154718
All published records,Citywide,All types,1. Service recorded as provided,377,2,154720
All published records,Citywide,All types,1. Service recorded as provided,379,4,154724
All published records,Citywide,All types,1. Service recorded as provided,380,2,154726
All published records,Citywide,All types,1. Service recorded as provided,381,4,154730
All published records,Citywide,All types,1. Service recorded as provided,382,1,154731
All published records,Citywide,All types,1. Service recorded as provided,383,1,154732
All published records,Citywide,All types,1. Service recorded as provided,385,2,154734
All published records,Citywide,All types,1. Service recorded as provided,387,2,154736
All published records,Citywide,All types,1. Service recorded as provided,391,1,154737
All published records,Citywide,All types,1. Service recorded as provided,392,1,154738
All published records,Citywide,All types,1. Service recorded as provided,393,1,154739
All published records,Citywide,All types,1. Service recorded as provided,395,2,154741
All published records,Citywide,All types,1. Service recorded as provided,396,2,154743
All published records,Citywide,All types,1. Service recorded as provided,397,2,154745
All published records,Citywide,All types,1. Service recorded as provided,398,2,154747
All published records,Citywide,All types,1. Service recorded as provided,399,3,154750
All published records,Citywide,All types,1. Service recorded as provided,400,7,154757
All published records,Citywide,All types,1. Service recorded as provided,401,5,154762
All published records,Citywide,All types,1. Service recorded as provided,402,7,154769
All published records,Citywide,All types,1. Service recorded as provided,403,2,154771
All published records,Citywide,All types,1. Service recorded as provided,404,7,154778
All published records,Citywide,All types,1. Service recorded as provided,405,4,154782
All published records,Citywide,All types,1. Service recorded as provided,406,3,154785
All published records,Citywide,All types,1. Service recorded as provided,407,8,154793
All published records,Citywide,All types,1. Service recorded as provided,408,2,154795
All published records,Citywide,All types,1. Service recorded as provided,409,5,154800
All published records,Citywide,All types,1. Service recorded as provided,411,2,154802
All published records,Citywide,All types,1. Service recorded as provided,412,1,154803
All published records,Citywide,All types,1. Service recorded as provided,413,1,154804
All published records,Citywide,All types,1. Service recorded as provided,414,2,154806
All published records,Citywide,All types,1. Service recorded as provided,415,2,154808
All published records,Citywide,All types,1. Service recorded as provided,416,4,154812
All published records,Citywide,All types,1. Service recorded as provided,418,1,154813
All published records,Citywide,All types,1. Service recorded as provided,420,1,154814
All published records,Citywide,All types,1. Service recorded as provided,421,2,154816
All published records,Citywide,All types,1. Service recorded as provided,423,3,154819
All published records,Citywide,All types,1. Service recorded as provided,426,4,154823
All published records,Citywide,All types,1. Service recorded as provided,427,5,154828
All published records,Citywide,All types,1. Service recorded as provided,428,1,154829
All published records,Citywide,All types,1. Service recorded as provided,429,1,154830
All published records,Citywide,All types,1. Service recorded as provided,431,1,154831
All published records,Citywide,All types,1. Service recorded as provided,432,4,154835
All published records,Citywide,All types,1. Service recorded as provided,433,1,154836
All published records,Citywide,All types,1. Service recorded as provided,437,1,154837
All published records,Citywide,All types,1. Service recorded as provided,438,1,154838
All published records,Citywide,All types,1. Service recorded as provided,439,2,154840
All published records,Citywide,All types,1. Service recorded as provided,441,3,154843
All published records,Citywide,All types,1. Service recorded as provided,442,1,154844
All published records,Citywide,All types,1. Service recorded as provided,443,1,154845
All published records,Citywide,All types,1. Service recorded as provided,444,2,154847
All published records,Citywide,All types,1. Service recorded as provided,445,1,154848
All published records,Citywide,All types,1. Service recorded as provided,446,2,154850
All published records,Citywide,All types,1. Service recorded as provided,447,5,154855
All published records,Citywide,All types,1. Service recorded as provided,448,11,154866
All published records,Citywide,All types,1. Service recorded as provided,449,6,154872
All published records,Citywide,All types,1. Service recorded as provided,450,5,154877
All published records,Citywide,All types,1. Service recorded as provided,451,6,154883
All published records,Citywide,All types,1. Service recorded as provided,452,2,154885
All published records,Citywide,All types,1. Service recorded as provided,453,13,154898
All published records,Citywide,All types,1. Service recorded as provided,454,4,154902
All published records,Citywide,All types,1. Service recorded as provided,455,3,154905
All published records,Citywide,All types,1. Service recorded as provided,456,5,154910
All published records,Citywide,All types,1. Service recorded as provided,457,7,154917
All published records,Citywide,All types,1. Service recorded as provided,458,4,154921
All published records,Citywide,All types,1. Service recorded as provided,459,7,154928
All published records,Citywide,All types,1. Service recorded as provided,460,7,154935
All published records,Citywide,All types,1. Service recorded as provided,461,5,154940
All published records,Citywide,All types,1. Service recorded as provided,462,4,154944
All published records,Citywide,All types,1. Service recorded as provided,463,2,154946
All published records,Citywide,All types,1. Service recorded as provided,464,1,154947
All published records,Citywide,All types,1. Service recorded as provided,465,6,154953
All published records,Citywide,All types,1. Service recorded as provided,466,5,154958
All published records,Citywide,All types,1. Service recorded as provided,467,6,154964
All published records,Citywide,All types,1. Service recorded as provided,468,5,154969
All published records,Citywide,All types,1. Service recorded as provided,469,4,154973
All published records,Citywide,All types,1. Service recorded as provided,470,1,154974
All published records,Citywide,All types,1. Service recorded as provided,471,1,154975
All published records,Citywide,All types,1. Service recorded as provided,472,2,154977
All published records,Citywide,All types,1. Service recorded as provided,473,2,154979
All published records,Citywide,All types,1. Service recorded as provided,474,3,154982
All published records,Citywide,All types,1. Service recorded as provided,475,5,154987
All published records,Citywide,All types,1. Service recorded as provided,476,7,154994
All published records,Citywide,All types,1. Service recorded as provided,477,3,154997
All published records,Citywide,All types,1. Service recorded as provided,479,1,154998
All published records,Citywide,All types,1. Service recorded as provided,480,3,155001
All published records,Citywide,All types,1. Service recorded as provided,481,2,155003
All published records,Citywide,All types,1. Service recorded as provided,482,7,155010
All published records,Citywide,All types,1. Service recorded as provided,483,10,155020
All published records,Citywide,All types,1. Service recorded as provided,484,1,155021
All published records,Citywide,All types,1. Service recorded as provided,486,1,155022
All published records,Citywide,All types,1. Service recorded as provided,487,1,155023
All published records,Citywide,All types,1. Service recorded as provided,488,3,155026
All published records,Citywide,All types,1. Service recorded as provided,489,3,155029
All published records,Citywide,All types,1. Service recorded as provided,490,4,155033
All published records,Citywide,All types,1. Service recorded as provided,491,2,155035
All published records,Citywide,All types,1. Service recorded as provided,492,3,155038
All published records,Citywide,All types,1. Service recorded as provided,493,11,155049
All published records,Citywide,All types,1. Service recorded as provided,494,4,155053
All published records,Citywide,All types,1. Service recorded as provided,495,8,155061
All published records,Citywide,All types,1. Service recorded as provided,496,5,155066
All published records,Citywide,All types,1. Service recorded as provided,497,2,155068
All published records,Citywide,All types,1. Service recorded as provided,499,1,155069
All published records,Citywide,All types,1. Service recorded as provided,500,1,155070
All published records,Citywide,All types,1. Service recorded as provided,501,5,155075
All published records,Citywide,All types,1. Service recorded as provided,502,2,155077
All published records,Citywide,All types,1. Service recorded as provided,503,7,155084
All published records,Citywide,All types,1. Service recorded as provided,504,3,155087
All published records,Citywide,All types,1. Service recorded as provided,507,2,155089
All published records,Citywide,All types,1. Service recorded as provided,508,3,155092
All published records,Citywide,All types,1. Service recorded as provided,509,4,155096
All published records,Citywide,All types,1. Service recorded as provided,510,2,155098
All published records,Citywide,All types,1. Service recorded as provided,511,2,155100
All published records,Citywide,All types,1. Service recorded as provided,512,4,155104
All published records,Citywide,All types,1. Service recorded as provided,514,2,155106
All published records,Citywide,All types,1. Service recorded as provided,515,1,155107
All published records,Citywide,All types,1. Service recorded as provided,516,6,155113
All published records,Citywide,All types,1. Service recorded as provided,517,3,155116
All published records,Citywide,All types,1. Service recorded as provided,518,4,155120
All published records,Citywide,All types,1. Service recorded as provided,519,1,155121
All published records,Citywide,All types,1. Service recorded as provided,520,2,155123
All published records,Citywide,All types,1. Service recorded as provided,521,3,155126
All published records,Citywide,All types,1. Service recorded as provided,522,2,155128
All published records,Citywide,All types,1. Service recorded as provided,523,4,155132
All published records,Citywide,All types,1. Service recorded as provided,524,7,155139
All published records,Citywide,All types,1. Service recorded as provided,525,4,155143
All published records,Citywide,All types,1. Service recorded as provided,526,3,155146
All published records,Citywide,All types,1. Service recorded as provided,528,2,155148
All published records,Citywide,All types,1. Service recorded as provided,529,1,155149
All published records,Citywide,All types,1. Service recorded as provided,530,2,155151
All published records,Citywide,All types,1. Service recorded as provided,531,5,155156
All published records,Citywide,All types,1. Service recorded as provided,532,8,155164
All published records,Citywide,All types,1. Service recorded as provided,533,4,155168
All published records,Citywide,All types,1. Service recorded as provided,534,2,155170
All published records,Citywide,All types,1. Service recorded as provided,535,8,155178
All published records,Citywide,All types,1. Service recorded as provided,536,3,155181
All published records,Citywide,All types,1. Service recorded as provided,537,2,155183
All published records,Citywide,All types,1. Service recorded as provided,538,4,155187
All published records,Citywide,All types,1. Service recorded as provided,539,4,155191
All published records,Citywide,All types,1. Service recorded as provided,541,2,155193
All published records,Citywide,All types,1. Service recorded as provided,542,6,155199
All published records,Citywide,All types,1. Service recorded as provided,543,4,155203
All published records,Citywide,All types,1. Service recorded as provided,548,1,155204
All published records,Citywide,All types,1. Service recorded as provided,553,1,155205
All published records,Citywide,All types,1. Service recorded as provided,554,1,155206
All published records,Citywide,All types,1. Service recorded as provided,568,1,155207
All published records,Citywide,All types,1. Service recorded as provided,576,1,155208
All published records,Citywide,All types,1. Service recorded as provided,589,1,155209
All published records,Citywide,All types,1. Service recorded as provided,595,1,155210
All published records,Citywide,All types,"2. Work assigned, referred or continuing",0,27162,27162
All published records,Citywide,All types,"2. Work assigned, referred or continuing",1,10772,37934
All published records,Citywide,All types,"2. Work assigned, referred or continuing",2,6517,44451
All published records,Citywide,All types,"2. Work assigned, referred or continuing",3,4884,49335
All published records,Citywide,All types,"2. Work assigned, referred or continuing",4,3058,52393
All published records,Citywide,All types,"2. Work assigned, referred or continuing",5,2022,54415
All published records,Citywide,All types,"2. Work assigned, referred or continuing",6,1589,56004
All published records,Citywide,All types,"2. Work assigned, referred or continuing",7,1215,57219
All published records,Citywide,All types,"2. Work assigned, referred or continuing",8,851,58070
All published records,Citywide,All types,"2. Work assigned, referred or continuing",9,652,58722
All published records,Citywide,All types,"2. Work assigned, referred or continuing",10,496,59218
All published records,Citywide,All types,"2. Work assigned, referred or continuing",11,480,59698
All published records,Citywide,All types,"2. Work assigned, referred or continuing",12,382,60080
All published records,Citywide,All types,"2. Work assigned, referred or continuing",13,433,60513
All published records,Citywide,All types,"2. Work assigned, referred or continuing",14,384,60897
All published records,Citywide,All types,"2. Work assigned, referred or continuing",15,299,61196
All published records,Citywide,All types,"2. Work assigned, referred or continuing",16,228,61424
All published records,Citywide,All types,"2. Work assigned, referred or continuing",17,160,61584
All published records,Citywide,All types,"2. Work assigned, referred or continuing",18,168,61752
All published records,Citywide,All types,"2. Work assigned, referred or continuing",19,174,61926
All published records,Citywide,All types,"2. Work assigned, referred or continuing",20,148,62074
All published records,Citywide,All types,"2. Work assigned, referred or continuing",21,166,62240
All published records,Citywide,All types,"2. Work assigned, referred or continuing",22,123,62363
All published records,Citywide,All types,"2. Work assigned, referred or continuing",23,109,62472
All published records,Citywide,All types,"2. Work assigned, referred or continuing",24,105,62577
All published records,Citywide,All types,"2. Work assigned, referred or continuing",25,88,62665
All published records,Citywide,All types,"2. Work assigned, referred or continuing",26,88,62753
All published records,Citywide,All types,"2. Work assigned, referred or continuing",27,70,62823
All published records,Citywide,All types,"2. Work assigned, referred or continuing",28,83,62906
All published records,Citywide,All types,"2. Work assigned, referred or continuing",29,72,62978
All published records,Citywide,All types,"2. Work assigned, referred or continuing",30,68,63046
All published records,Citywide,All types,"2. Work assigned, referred or continuing",31,66,63112
All published records,Citywide,All types,"2. Work assigned, referred or continuing",32,83,63195
All published records,Citywide,All types,"2. Work assigned, referred or continuing",33,60,63255
All published records,Citywide,All types,"2. Work assigned, referred or continuing",34,78,63333
All published records,Citywide,All types,"2. Work assigned, referred or continuing",35,63,63396
All published records,Citywide,All types,"2. Work assigned, referred or continuing",36,54,63450
All published records,Citywide,All types,"2. Work assigned, referred or continuing",37,32,63482
All published records,Citywide,All types,"2. Work assigned, referred or continuing",38,45,63527
All published records,Citywide,All types,"2. Work assigned, referred or continuing",39,54,63581
All published records,Citywide,All types,"2. Work assigned, referred or continuing",40,57,63638
All published records,Citywide,All types,"2. Work assigned, referred or continuing",41,59,63697
All published records,Citywide,All types,"2. Work assigned, referred or continuing",42,49,63746
All published records,Citywide,All types,"2. Work assigned, referred or continuing",43,64,63810
All published records,Citywide,All types,"2. Work assigned, referred or continuing",44,36,63846
All published records,Citywide,All types,"2. Work assigned, referred or continuing",45,32,63878
All published records,Citywide,All types,"2. Work assigned, referred or continuing",46,25,63903
All published records,Citywide,All types,"2. Work assigned, referred or continuing",47,38,63941
All published records,Citywide,All types,"2. Work assigned, referred or continuing",48,31,63972
All published records,Citywide,All types,"2. Work assigned, referred or continuing",49,30,64002
All published records,Citywide,All types,"2. Work assigned, referred or continuing",50,41,64043
All published records,Citywide,All types,"2. Work assigned, referred or continuing",51,33,64076
All published records,Citywide,All types,"2. Work assigned, referred or continuing",52,19,64095
All published records,Citywide,All types,"2. Work assigned, referred or continuing",53,14,64109
All published records,Citywide,All types,"2. Work assigned, referred or continuing",54,29,64138
All published records,Citywide,All types,"2. Work assigned, referred or continuing",55,21,64159
All published records,Citywide,All types,"2. Work assigned, referred or continuing",56,30,64189
All published records,Citywide,All types,"2. Work assigned, referred or continuing",57,30,64219
All published records,Citywide,All types,"2. Work assigned, referred or continuing",58,13,64232
All published records,Citywide,All types,"2. Work assigned, referred or continuing",59,18,64250
All published records,Citywide,All types,"2. Work assigned, referred or continuing",60,21,64271
All published records,Citywide,All types,"2. Work assigned, referred or continuing",61,20,64291
All published records,Citywide,All types,"2. Work assigned, referred or continuing",62,23,64314
All published records,Citywide,All types,"2. Work assigned, referred or continuing",63,21,64335
All published records,Citywide,All types,"2. Work assigned, referred or continuing",64,17,64352
All published records,Citywide,All types,"2. Work assigned, referred or continuing",65,8,64360
All published records,Citywide,All types,"2. Work assigned, referred or continuing",66,15,64375
All published records,Citywide,All types,"2. Work assigned, referred or continuing",67,17,64392
All published records,Citywide,All types,"2. Work assigned, referred or continuing",68,14,64406
All published records,Citywide,All types,"2. Work assigned, referred or continuing",69,10,64416
All published records,Citywide,All types,"2. Work assigned, referred or continuing",70,24,64440
All published records,Citywide,All types,"2. Work assigned, referred or continuing",71,11,64451
All published records,Citywide,All types,"2. Work assigned, referred or continuing",72,15,64466
All published records,Citywide,All types,"2. Work assigned, referred or continuing",73,13,64479
All published records,Citywide,All types,"2. Work assigned, referred or continuing",74,3,64482
All published records,Citywide,All types,"2. Work assigned, referred or continuing",75,9,64491
All published records,Citywide,All types,"2. Work assigned, referred or continuing",76,13,64504
All published records,Citywide,All types,"2. Work assigned, referred or continuing",77,14,64518
All published records,Citywide,All types,"2. Work assigned, referred or continuing",78,8,64526
All published records,Citywide,All types,"2. Work assigned, referred or continuing",79,11,64537
All published records,Citywide,All types,"2. Work assigned, referred or continuing",80,10,64547
All published records,Citywide,All types,"2. Work assigned, referred or continuing",81,10,64557
All published records,Citywide,All types,"2. Work assigned, referred or continuing",82,10,64567
All published records,Citywide,All types,"2. Work assigned, referred or continuing",83,3,64570
All published records,Citywide,All types,"2. Work assigned, referred or continuing",84,4,64574
All published records,Citywide,All types,"2. Work assigned, referred or continuing",85,7,64581
All published records,Citywide,All types,"2. Work assigned, referred or continuing",86,7,64588
All published records,Citywide,All types,"2. Work assigned, referred or continuing",87,8,64596
All published records,Citywide,All types,"2. Work assigned, referred or continuing",88,7,64603
All published records,Citywide,All types,"2. Work assigned, referred or continuing",89,5,64608
All published records,Citywide,All types,"2. Work assigned, referred or continuing",90,12,64620
All published records,Citywide,All types,"2. Work assigned, referred or continuing",91,8,64628
All published records,Citywide,All types,"2. Work assigned, referred or continuing",92,7,64635
All published records,Citywide,All types,"2. Work assigned, referred or continuing",93,11,64646
All published records,Citywide,All types,"2. Work assigned, referred or continuing",94,5,64651
All published records,Citywide,All types,"2. Work assigned, referred or continuing",95,7,64658
All published records,Citywide,All types,"2. Work assigned, referred or continuing",96,8,64666
All published records,Citywide,All types,"2. Work assigned, referred or continuing",97,4,64670
All published records,Citywide,All types,"2. Work assigned, referred or continuing",98,4,64674
All published records,Citywide,All types,"2. Work assigned, referred or continuing",99,5,64679
All published records,Citywide,All types,"2. Work assigned, referred or continuing",100,4,64683
All published records,Citywide,All types,"2. Work assigned, referred or continuing",101,9,64692
All published records,Citywide,All types,"2. Work assigned, referred or continuing",102,6,64698
All published records,Citywide,All types,"2. Work assigned, referred or continuing",103,3,64701
All published records,Citywide,All types,"2. Work assigned, referred or continuing",104,7,64708
All published records,Citywide,All types,"2. Work assigned, referred or continuing",105,10,64718
All published records,Citywide,All types,"2. Work assigned, referred or continuing",106,9,64727
All published records,Citywide,All types,"2. Work assigned, referred or continuing",107,10,64737
All published records,Citywide,All types,"2. Work assigned, referred or continuing",108,4,64741
All published records,Citywide,All types,"2. Work assigned, referred or continuing",109,8,64749
All published records,Citywide,All types,"2. Work assigned, referred or continuing",110,7,64756
All published records,Citywide,All types,"2. Work assigned, referred or continuing",111,2,64758
All published records,Citywide,All types,"2. Work assigned, referred or continuing",112,5,64763
All published records,Citywide,All types,"2. Work assigned, referred or continuing",113,7,64770
All published records,Citywide,All types,"2. Work assigned, referred or continuing",114,5,64775
All published records,Citywide,All types,"2. Work assigned, referred or continuing",115,12,64787
All published records,Citywide,All types,"2. Work assigned, referred or continuing",116,6,64793
All published records,Citywide,All types,"2. Work assigned, referred or continuing",117,4,64797
All published records,Citywide,All types,"2. Work assigned, referred or continuing",118,5,64802
All published records,Citywide,All types,"2. Work assigned, referred or continuing",119,6,64808
All published records,Citywide,All types,"2. Work assigned, referred or continuing",120,4,64812
All published records,Citywide,All types,"2. Work assigned, referred or continuing",121,3,64815
All published records,Citywide,All types,"2. Work assigned, referred or continuing",122,3,64818
All published records,Citywide,All types,"2. Work assigned, referred or continuing",123,2,64820
All published records,Citywide,All types,"2. Work assigned, referred or continuing",124,3,64823
All published records,Citywide,All types,"2. Work assigned, referred or continuing",125,4,64827
All published records,Citywide,All types,"2. Work assigned, referred or continuing",126,2,64829
All published records,Citywide,All types,"2. Work assigned, referred or continuing",127,4,64833
All published records,Citywide,All types,"2. Work assigned, referred or continuing",128,2,64835
All published records,Citywide,All types,"2. Work assigned, referred or continuing",129,3,64838
All published records,Citywide,All types,"2. Work assigned, referred or continuing",130,3,64841
All published records,Citywide,All types,"2. Work assigned, referred or continuing",131,4,64845
All published records,Citywide,All types,"2. Work assigned, referred or continuing",132,4,64849
All published records,Citywide,All types,"2. Work assigned, referred or continuing",133,3,64852
All published records,Citywide,All types,"2. Work assigned, referred or continuing",134,5,64857
All published records,Citywide,All types,"2. Work assigned, referred or continuing",135,5,64862
All published records,Citywide,All types,"2. Work assigned, referred or continuing",136,4,64866
All published records,Citywide,All types,"2. Work assigned, referred or continuing",137,4,64870
All published records,Citywide,All types,"2. Work assigned, referred or continuing",138,5,64875
All published records,Citywide,All types,"2. Work assigned, referred or continuing",139,2,64877
All published records,Citywide,All types,"2. Work assigned, referred or continuing",140,3,64880
All published records,Citywide,All types,"2. Work assigned, referred or continuing",141,3,64883
All published records,Citywide,All types,"2. Work assigned, referred or continuing",143,4,64887
All published records,Citywide,All types,"2. Work assigned, referred or continuing",144,1,64888
All published records,Citywide,All types,"2. Work assigned, referred or continuing",145,1,64889
All published records,Citywide,All types,"2. Work assigned, referred or continuing",146,3,64892
All published records,Citywide,All types,"2. Work assigned, referred or continuing",147,4,64896
All published records,Citywide,All types,"2. Work assigned, referred or continuing",148,4,64900
All published records,Citywide,All types,"2. Work assigned, referred or continuing",149,2,64902
All published records,Citywide,All types,"2. Work assigned, referred or continuing",150,4,64906
All published records,Citywide,All types,"2. Work assigned, referred or continuing",151,1,64907
All published records,Citywide,All types,"2. Work assigned, referred or continuing",152,4,64911
All published records,Citywide,All types,"2. Work assigned, referred or continuing",153,2,64913
All published records,Citywide,All types,"2. Work assigned, referred or continuing",154,4,64917
All published records,Citywide,All types,"2. Work assigned, referred or continuing",155,3,64920
All published records,Citywide,All types,"2. Work assigned, referred or continuing",156,2,64922
All published records,Citywide,All types,"2. Work assigned, referred or continuing",158,2,64924
All published records,Citywide,All types,"2. Work assigned, referred or continuing",159,4,64928
All published records,Citywide,All types,"2. Work assigned, referred or continuing",160,2,64930
All published records,Citywide,All types,"2. Work assigned, referred or continuing",161,2,64932
All published records,Citywide,All types,"2. Work assigned, referred or continuing",162,2,64934
All published records,Citywide,All types,"2. Work assigned, referred or continuing",163,2,64936
All published records,Citywide,All types,"2. Work assigned, referred or continuing",164,1,64937
All published records,Citywide,All types,"2. Work assigned, referred or continuing",167,2,64939
All published records,Citywide,All types,"2. Work assigned, referred or continuing",168,4,64943
All published records,Citywide,All types,"2. Work assigned, referred or continuing",169,2,64945
All published records,Citywide,All types,"2. Work assigned, referred or continuing",170,1,64946
All published records,Citywide,All types,"2. Work assigned, referred or continuing",171,3,64949
All published records,Citywide,All types,"2. Work assigned, referred or continuing",172,2,64951
All published records,Citywide,All types,"2. Work assigned, referred or continuing",173,1,64952
All published records,Citywide,All types,"2. Work assigned, referred or continuing",176,2,64954
All published records,Citywide,All types,"2. Work assigned, referred or continuing",177,1,64955
All published records,Citywide,All types,"2. Work assigned, referred or continuing",179,3,64958
All published records,Citywide,All types,"2. Work assigned, referred or continuing",180,2,64960
All published records,Citywide,All types,"2. Work assigned, referred or continuing",181,1,64961
All published records,Citywide,All types,"2. Work assigned, referred or continuing",182,5,64966
All published records,Citywide,All types,"2. Work assigned, referred or continuing",183,1,64967
All published records,Citywide,All types,"2. Work assigned, referred or continuing",184,1,64968
All published records,Citywide,All types,"2. Work assigned, referred or continuing",185,2,64970
All published records,Citywide,All types,"2. Work assigned, referred or continuing",188,3,64973
All published records,Citywide,All types,"2. Work assigned, referred or continuing",189,1,64974
All published records,Citywide,All types,"2. Work assigned, referred or continuing",190,2,64976
All published records,Citywide,All types,"2. Work assigned, referred or continuing",191,2,64978
All published records,Citywide,All types,"2. Work assigned, referred or continuing",192,2,64980
All published records,Citywide,All types,"2. Work assigned, referred or continuing",193,1,64981
All published records,Citywide,All types,"2. Work assigned, referred or continuing",194,3,64984
All published records,Citywide,All types,"2. Work assigned, referred or continuing",195,1,64985
All published records,Citywide,All types,"2. Work assigned, referred or continuing",196,1,64986
All published records,Citywide,All types,"2. Work assigned, referred or continuing",197,2,64988
All published records,Citywide,All types,"2. Work assigned, referred or continuing",198,3,64991
All published records,Citywide,All types,"2. Work assigned, referred or continuing",199,1,64992
All published records,Citywide,All types,"2. Work assigned, referred or continuing",200,1,64993
All published records,Citywide,All types,"2. Work assigned, referred or continuing",204,2,64995
All published records,Citywide,All types,"2. Work assigned, referred or continuing",205,1,64996
All published records,Citywide,All types,"2. Work assigned, referred or continuing",206,2,64998
All published records,Citywide,All types,"2. Work assigned, referred or continuing",208,2,65000
All published records,Citywide,All types,"2. Work assigned, referred or continuing",209,2,65002
All published records,Citywide,All types,"2. Work assigned, referred or continuing",210,4,65006
All published records,Citywide,All types,"2. Work assigned, referred or continuing",211,2,65008
All published records,Citywide,All types,"2. Work assigned, referred or continuing",212,3,65011
All published records,Citywide,All types,"2. Work assigned, referred or continuing",213,1,65012
All published records,Citywide,All types,"2. Work assigned, referred or continuing",214,1,65013
All published records,Citywide,All types,"2. Work assigned, referred or continuing",215,2,65015
All published records,Citywide,All types,"2. Work assigned, referred or continuing",217,1,65016
All published records,Citywide,All types,"2. Work assigned, referred or continuing",221,1,65017
All published records,Citywide,All types,"2. Work assigned, referred or continuing",222,1,65018
All published records,Citywide,All types,"2. Work assigned, referred or continuing",223,2,65020
All published records,Citywide,All types,"2. Work assigned, referred or continuing",224,2,65022
All published records,Citywide,All types,"2. Work assigned, referred or continuing",225,2,65024
All published records,Citywide,All types,"2. Work assigned, referred or continuing",227,1,65025
All published records,Citywide,All types,"2. Work assigned, referred or continuing",228,2,65027
All published records,Citywide,All types,"2. Work assigned, referred or continuing",229,1,65028
All published records,Citywide,All types,"2. Work assigned, referred or continuing",230,2,65030
All published records,Citywide,All types,"2. Work assigned, referred or continuing",232,2,65032
All published records,Citywide,All types,"2. Work assigned, referred or continuing",234,4,65036
All published records,Citywide,All types,"2. Work assigned, referred or continuing",235,1,65037
All published records,Citywide,All types,"2. Work assigned, referred or continuing",238,1,65038
All published records,Citywide,All types,"2. Work assigned, referred or continuing",239,1,65039
All published records,Citywide,All types,"2. Work assigned, referred or continuing",240,2,65041
All published records,Citywide,All types,"2. Work assigned, referred or continuing",241,1,65042
All published records,Citywide,All types,"2. Work assigned, referred or continuing",242,1,65043
All published records,Citywide,All types,"2. Work assigned, referred or continuing",245,1,65044
All published records,Citywide,All types,"2. Work assigned, referred or continuing",246,1,65045
All published records,Citywide,All types,"2. Work assigned, referred or continuing",248,1,65046
All published records,Citywide,All types,"2. Work assigned, referred or continuing",249,1,65047
All published records,Citywide,All types,"2. Work assigned, referred or continuing",250,1,65048
All published records,Citywide,All types,"2. Work assigned, referred or continuing",251,3,65051
All published records,Citywide,All types,"2. Work assigned, referred or continuing",252,1,65052
All published records,Citywide,All types,"2. Work assigned, referred or continuing",253,2,65054
All published records,Citywide,All types,"2. Work assigned, referred or continuing",254,1,65055
All published records,Citywide,All types,"2. Work assigned, referred or continuing",256,1,65056
All published records,Citywide,All types,"2. Work assigned, referred or continuing",259,3,65059
All published records,Citywide,All types,"2. Work assigned, referred or continuing",262,2,65061
All published records,Citywide,All types,"2. Work assigned, referred or continuing",263,1,65062
All published records,Citywide,All types,"2. Work assigned, referred or continuing",264,3,65065
All published records,Citywide,All types,"2. Work assigned, referred or continuing",266,1,65066
All published records,Citywide,All types,"2. Work assigned, referred or continuing",267,1,65067
All published records,Citywide,All types,"2. Work assigned, referred or continuing",272,3,65070
All published records,Citywide,All types,"2. Work assigned, referred or continuing",278,2,65072
All published records,Citywide,All types,"2. Work assigned, referred or continuing",283,1,65073
All published records,Citywide,All types,"2. Work assigned, referred or continuing",284,2,65075
All published records,Citywide,All types,"2. Work assigned, referred or continuing",287,1,65076
All published records,Citywide,All types,"2. Work assigned, referred or continuing",294,1,65077
All published records,Citywide,All types,"2. Work assigned, referred or continuing",295,2,65079
All published records,Citywide,All types,"2. Work assigned, referred or continuing",296,1,65080
All published records,Citywide,All types,"2. Work assigned, referred or continuing",302,1,65081
All published records,Citywide,All types,"2. Work assigned, referred or continuing",315,2,65083
All published records,Citywide,All types,"2. Work assigned, referred or continuing",316,1,65084
All published records,Citywide,All types,"2. Work assigned, referred or continuing",317,1,65085
All published records,Citywide,All types,"2. Work assigned, referred or continuing",318,1,65086
All published records,Citywide,All types,"2. Work assigned, referred or continuing",321,2,65088
All published records,Citywide,All types,"2. Work assigned, referred or continuing",323,1,65089
All published records,Citywide,All types,"2. Work assigned, referred or continuing",325,2,65091
All published records,Citywide,All types,"2. Work assigned, referred or continuing",326,1,65092
All published records,Citywide,All types,"2. Work assigned, referred or continuing",328,1,65093
All published records,Citywide,All types,"2. Work assigned, referred or continuing",333,1,65094
All published records,Citywide,All types,"2. Work assigned, referred or continuing",334,1,65095
All published records,Citywide,All types,"2. Work assigned, referred or continuing",335,1,65096
All published records,Citywide,All types,"2. Work assigned, referred or continuing",336,1,65097
All published records,Citywide,All types,"2. Work assigned, referred or continuing",341,1,65098
All published records,Citywide,All types,"2. Work assigned, referred or continuing",347,1,65099
All published records,Citywide,All types,"2. Work assigned, referred or continuing",348,1,65100
All published records,Citywide,All types,"2. Work assigned, referred or continuing",353,1,65101
All published records,Citywide,All types,"2. Work assigned, referred or continuing",360,1,65102
All published records,Citywide,All types,"2. Work assigned, referred or continuing",370,1,65103
All published records,Citywide,All types,"2. Work assigned, referred or continuing",386,1,65104
All published records,Citywide,All types,"2. Work assigned, referred or continuing",395,1,65105
All published records,Citywide,All types,"2. Work assigned, referred or continuing",399,1,65106
All published records,Citywide,All types,"2. Work assigned, referred or continuing",405,1,65107
All published records,Citywide,All types,"2. Work assigned, referred or continuing",457,1,65108
All published records,Citywide,All types,"2. Work assigned, referred or continuing",460,1,65109
All published records,Citywide,All types,"2. Work assigned, referred or continuing",466,1,65110
All published records,Citywide,All types,"2. Work assigned, referred or continuing",477,1,65111
All published records,Citywide,All types,"2. Work assigned, referred or continuing",481,1,65112
All published records,Citywide,All types,"2. Work assigned, referred or continuing",491,1,65113
All published records,Citywide,All types,"2. Work assigned, referred or continuing",506,1,65114
All published records,Citywide,All types,"2. Work assigned, referred or continuing",518,1,65115
All published records,Citywide,All types,"2. Work assigned, referred or continuing",537,1,65116
All published records,Citywide,All types,3. No service or no action recorded,0,3378,3378
All published records,Citywide,All types,3. No service or no action recorded,1,5070,8448
All published records,Citywide,All types,3. No service or no action recorded,2,3678,12126
All published records,Citywide,All types,3. No service or no action recorded,3,2612,14738
All published records,Citywide,All types,3. No service or no action recorded,4,2293,17031
All published records,Citywide,All types,3. No service or no action recorded,5,1553,18584
All published records,Citywide,All types,3. No service or no action recorded,6,1290,19874
All published records,Citywide,All types,3. No service or no action recorded,7,975,20849
All published records,Citywide,All types,3. No service or no action recorded,8,797,21646
All published records,Citywide,All types,3. No service or no action recorded,9,502,22148
All published records,Citywide,All types,3. No service or no action recorded,10,378,22526
All published records,Citywide,All types,3. No service or no action recorded,11,350,22876
All published records,Citywide,All types,3. No service or no action recorded,12,327,23203
All published records,Citywide,All types,3. No service or no action recorded,13,309,23512
All published records,Citywide,All types,3. No service or no action recorded,14,301,23813
All published records,Citywide,All types,3. No service or no action recorded,15,167,23980
All published records,Citywide,All types,3. No service or no action recorded,16,142,24122
All published records,Citywide,All types,3. No service or no action recorded,17,120,24242
All published records,Citywide,All types,3. No service or no action recorded,18,124,24366
All published records,Citywide,All types,3. No service or no action recorded,19,127,24493
All published records,Citywide,All types,3. No service or no action recorded,20,114,24607
All published records,Citywide,All types,3. No service or no action recorded,21,104,24711
All published records,Citywide,All types,3. No service or no action recorded,22,96,24807
All published records,Citywide,All types,3. No service or no action recorded,23,74,24881
All published records,Citywide,All types,3. No service or no action recorded,24,62,24943
All published records,Citywide,All types,3. No service or no action recorded,25,71,25014
All published records,Citywide,All types,3. No service or no action recorded,26,49,25063
All published records,Citywide,All types,3. No service or no action recorded,27,53,25116
All published records,Citywide,All types,3. No service or no action recorded,28,60,25176
All published records,Citywide,All types,3. No service or no action recorded,29,51,25227
All published records,Citywide,All types,3. No service or no action recorded,30,55,25282
All published records,Citywide,All types,3. No service or no action recorded,31,47,25329
All published records,Citywide,All types,3. No service or no action recorded,32,41,25370
All published records,Citywide,All types,3. No service or no action recorded,33,34,25404
All published records,Citywide,All types,3. No service or no action recorded,34,36,25440
All published records,Citywide,All types,3. No service or no action recorded,35,56,25496
All published records,Citywide,All types,3. No service or no action recorded,36,36,25532
All published records,Citywide,All types,3. No service or no action recorded,37,39,25571
All published records,Citywide,All types,3. No service or no action recorded,38,19,25590
All published records,Citywide,All types,3. No service or no action recorded,39,24,25614
All published records,Citywide,All types,3. No service or no action recorded,40,17,25631
All published records,Citywide,All types,3. No service or no action recorded,41,22,25653
All published records,Citywide,All types,3. No service or no action recorded,42,19,25672
All published records,Citywide,All types,3. No service or no action recorded,43,23,25695
All published records,Citywide,All types,3. No service or no action recorded,44,12,25707
All published records,Citywide,All types,3. No service or no action recorded,45,24,25731
All published records,Citywide,All types,3. No service or no action recorded,46,18,25749
All published records,Citywide,All types,3. No service or no action recorded,47,17,25766
All published records,Citywide,All types,3. No service or no action recorded,48,16,25782
All published records,Citywide,All types,3. No service or no action recorded,49,29,25811
All published records,Citywide,All types,3. No service or no action recorded,50,36,25847
All published records,Citywide,All types,3. No service or no action recorded,51,15,25862
All published records,Citywide,All types,3. No service or no action recorded,52,12,25874
All published records,Citywide,All types,3. No service or no action recorded,53,14,25888
All published records,Citywide,All types,3. No service or no action recorded,54,24,25912
All published records,Citywide,All types,3. No service or no action recorded,55,12,25924
All published records,Citywide,All types,3. No service or no action recorded,56,18,25942
All published records,Citywide,All types,3. No service or no action recorded,57,14,25956
All published records,Citywide,All types,3. No service or no action recorded,58,9,25965
All published records,Citywide,All types,3. No service or no action recorded,59,12,25977
All published records,Citywide,All types,3. No service or no action recorded,60,14,25991
All published records,Citywide,All types,3. No service or no action recorded,61,8,25999
All published records,Citywide,All types,3. No service or no action recorded,62,13,26012
All published records,Citywide,All types,3. No service or no action recorded,63,23,26035
All published records,Citywide,All types,3. No service or no action recorded,64,13,26048
All published records,Citywide,All types,3. No service or no action recorded,65,10,26058
All published records,Citywide,All types,3. No service or no action recorded,66,14,26072
All published records,Citywide,All types,3. No service or no action recorded,67,12,26084
All published records,Citywide,All types,3. No service or no action recorded,68,7,26091
All published records,Citywide,All types,3. No service or no action recorded,69,12,26103
All published records,Citywide,All types,3. No service or no action recorded,70,11,26114
All published records,Citywide,All types,3. No service or no action recorded,71,5,26119
All published records,Citywide,All types,3. No service or no action recorded,72,14,26133
All published records,Citywide,All types,3. No service or no action recorded,73,12,26145
All published records,Citywide,All types,3. No service or no action recorded,74,11,26156
All published records,Citywide,All types,3. No service or no action recorded,75,12,26168
All published records,Citywide,All types,3. No service or no action recorded,76,15,26183
All published records,Citywide,All types,3. No service or no action recorded,77,9,26192
All published records,Citywide,All types,3. No service or no action recorded,78,13,26205
All published records,Citywide,All types,3. No service or no action recorded,79,8,26213
All published records,Citywide,All types,3. No service or no action recorded,80,6,26219
All published records,Citywide,All types,3. No service or no action recorded,81,6,26225
All published records,Citywide,All types,3. No service or no action recorded,82,12,26237
All published records,Citywide,All types,3. No service or no action recorded,83,8,26245
All published records,Citywide,All types,3. No service or no action recorded,84,18,26263
All published records,Citywide,All types,3. No service or no action recorded,85,12,26275
All published records,Citywide,All types,3. No service or no action recorded,86,9,26284
All published records,Citywide,All types,3. No service or no action recorded,87,3,26287
All published records,Citywide,All types,3. No service or no action recorded,88,3,26290
All published records,Citywide,All types,3. No service or no action recorded,89,5,26295
All published records,Citywide,All types,3. No service or no action recorded,90,8,26303
All published records,Citywide,All types,3. No service or no action recorded,91,5,26308
All published records,Citywide,All types,3. No service or no action recorded,92,4,26312
All published records,Citywide,All types,3. No service or no action recorded,93,8,26320
All published records,Citywide,All types,3. No service or no action recorded,94,2,26322
All published records,Citywide,All types,3. No service or no action recorded,95,4,26326
All published records,Citywide,All types,3. No service or no action recorded,96,3,26329
All published records,Citywide,All types,3. No service or no action recorded,97,5,26334
All published records,Citywide,All types,3. No service or no action recorded,98,7,26341
All published records,Citywide,All types,3. No service or no action recorded,99,3,26344
All published records,Citywide,All types,3. No service or no action recorded,100,2,26346
All published records,Citywide,All types,3. No service or no action recorded,101,6,26352
All published records,Citywide,All types,3. No service or no action recorded,102,5,26357
All published records,Citywide,All types,3. No service or no action recorded,104,6,26363
All published records,Citywide,All types,3. No service or no action recorded,105,7,26370
All published records,Citywide,All types,3. No service or no action recorded,106,2,26372
All published records,Citywide,All types,3. No service or no action recorded,107,10,26382
All published records,Citywide,All types,3. No service or no action recorded,108,3,26385
All published records,Citywide,All types,3. No service or no action recorded,109,3,26388
All published records,Citywide,All types,3. No service or no action recorded,110,3,26391
All published records,Citywide,All types,3. No service or no action recorded,111,3,26394
All published records,Citywide,All types,3. No service or no action recorded,112,4,26398
All published records,Citywide,All types,3. No service or no action recorded,113,4,26402
All published records,Citywide,All types,3. No service or no action recorded,114,4,26406
All published records,Citywide,All types,3. No service or no action recorded,115,1,26407
All published records,Citywide,All types,3. No service or no action recorded,116,3,26410
All published records,Citywide,All types,3. No service or no action recorded,117,1,26411
All published records,Citywide,All types,3. No service or no action recorded,118,3,26414
All published records,Citywide,All types,3. No service or no action recorded,119,2,26416
All published records,Citywide,All types,3. No service or no action recorded,120,4,26420
All published records,Citywide,All types,3. No service or no action recorded,121,1,26421
All published records,Citywide,All types,3. No service or no action recorded,122,2,26423
All published records,Citywide,All types,3. No service or no action recorded,124,6,26429
All published records,Citywide,All types,3. No service or no action recorded,125,2,26431
All published records,Citywide,All types,3. No service or no action recorded,126,3,26434
All published records,Citywide,All types,3. No service or no action recorded,127,3,26437
All published records,Citywide,All types,3. No service or no action recorded,128,2,26439
All published records,Citywide,All types,3. No service or no action recorded,129,4,26443
All published records,Citywide,All types,3. No service or no action recorded,130,4,26447
All published records,Citywide,All types,3. No service or no action recorded,131,3,26450
All published records,Citywide,All types,3. No service or no action recorded,132,3,26453
All published records,Citywide,All types,3. No service or no action recorded,133,2,26455
All published records,Citywide,All types,3. No service or no action recorded,134,1,26456
All published records,Citywide,All types,3. No service or no action recorded,135,2,26458
All published records,Citywide,All types,3. No service or no action recorded,136,1,26459
All published records,Citywide,All types,3. No service or no action recorded,137,5,26464
All published records,Citywide,All types,3. No service or no action recorded,138,4,26468
All published records,Citywide,All types,3. No service or no action recorded,139,7,26475
All published records,Citywide,All types,3. No service or no action recorded,140,4,26479
All published records,Citywide,All types,3. No service or no action recorded,141,2,26481
All published records,Citywide,All types,3. No service or no action recorded,142,4,26485
All published records,Citywide,All types,3. No service or no action recorded,143,4,26489
All published records,Citywide,All types,3. No service or no action recorded,144,6,26495
All published records,Citywide,All types,3. No service or no action recorded,145,4,26499
All published records,Citywide,All types,3. No service or no action recorded,146,5,26504
All published records,Citywide,All types,3. No service or no action recorded,147,2,26506
All published records,Citywide,All types,3. No service or no action recorded,148,1,26507
All published records,Citywide,All types,3. No service or no action recorded,149,1,26508
All published records,Citywide,All types,3. No service or no action recorded,150,3,26511
All published records,Citywide,All types,3. No service or no action recorded,152,1,26512
All published records,Citywide,All types,3. No service or no action recorded,153,1,26513
All published records,Citywide,All types,3. No service or no action recorded,154,6,26519
All published records,Citywide,All types,3. No service or no action recorded,155,5,26524
All published records,Citywide,All types,3. No service or no action recorded,156,2,26526
All published records,Citywide,All types,3. No service or no action recorded,158,2,26528
All published records,Citywide,All types,3. No service or no action recorded,159,1,26529
All published records,Citywide,All types,3. No service or no action recorded,160,1,26530
All published records,Citywide,All types,3. No service or no action recorded,161,5,26535
All published records,Citywide,All types,3. No service or no action recorded,162,2,26537
All published records,Citywide,All types,3. No service or no action recorded,163,4,26541
All published records,Citywide,All types,3. No service or no action recorded,164,2,26543
All published records,Citywide,All types,3. No service or no action recorded,165,1,26544
All published records,Citywide,All types,3. No service or no action recorded,166,2,26546
All published records,Citywide,All types,3. No service or no action recorded,167,3,26549
All published records,Citywide,All types,3. No service or no action recorded,169,2,26551
All published records,Citywide,All types,3. No service or no action recorded,170,4,26555
All published records,Citywide,All types,3. No service or no action recorded,171,1,26556
All published records,Citywide,All types,3. No service or no action recorded,172,2,26558
All published records,Citywide,All types,3. No service or no action recorded,173,2,26560
All published records,Citywide,All types,3. No service or no action recorded,174,2,26562
All published records,Citywide,All types,3. No service or no action recorded,175,2,26564
All published records,Citywide,All types,3. No service or no action recorded,176,4,26568
All published records,Citywide,All types,3. No service or no action recorded,177,2,26570
All published records,Citywide,All types,3. No service or no action recorded,178,3,26573
All published records,Citywide,All types,3. No service or no action recorded,179,3,26576
All published records,Citywide,All types,3. No service or no action recorded,183,3,26579
All published records,Citywide,All types,3. No service or no action recorded,184,5,26584
All published records,Citywide,All types,3. No service or no action recorded,185,7,26591
All published records,Citywide,All types,3. No service or no action recorded,186,3,26594
All published records,Citywide,All types,3. No service or no action recorded,187,2,26596
All published records,Citywide,All types,3. No service or no action recorded,189,3,26599
All published records,Citywide,All types,3. No service or no action recorded,191,1,26600
All published records,Citywide,All types,3. No service or no action recorded,192,1,26601
All published records,Citywide,All types,3. No service or no action recorded,194,3,26604
All published records,Citywide,All types,3. No service or no action recorded,195,2,26606
All published records,Citywide,All types,3. No service or no action recorded,196,6,26612
All published records,Citywide,All types,3. No service or no action recorded,198,2,26614
All published records,Citywide,All types,3. No service or no action recorded,200,1,26615
All published records,Citywide,All types,3. No service or no action recorded,202,3,26618
All published records,Citywide,All types,3. No service or no action recorded,203,4,26622
All published records,Citywide,All types,3. No service or no action recorded,205,2,26624
All published records,Citywide,All types,3. No service or no action recorded,209,1,26625
All published records,Citywide,All types,3. No service or no action recorded,210,4,26629
All published records,Citywide,All types,3. No service or no action recorded,211,3,26632
All published records,Citywide,All types,3. No service or no action recorded,212,1,26633
All published records,Citywide,All types,3. No service or no action recorded,213,4,26637
All published records,Citywide,All types,3. No service or no action recorded,214,1,26638
All published records,Citywide,All types,3. No service or no action recorded,215,2,26640
All published records,Citywide,All types,3. No service or no action recorded,216,6,26646
All published records,Citywide,All types,3. No service or no action recorded,217,6,26652
All published records,Citywide,All types,3. No service or no action recorded,218,2,26654
All published records,Citywide,All types,3. No service or no action recorded,220,2,26656
All published records,Citywide,All types,3. No service or no action recorded,223,2,26658
All published records,Citywide,All types,3. No service or no action recorded,224,2,26660
All published records,Citywide,All types,3. No service or no action recorded,225,1,26661
All published records,Citywide,All types,3. No service or no action recorded,226,2,26663
All published records,Citywide,All types,3. No service or no action recorded,227,2,26665
All published records,Citywide,All types,3. No service or no action recorded,228,1,26666
All published records,Citywide,All types,3. No service or no action recorded,229,1,26667
All published records,Citywide,All types,3. No service or no action recorded,230,5,26672
All published records,Citywide,All types,3. No service or no action recorded,231,1,26673
All published records,Citywide,All types,3. No service or no action recorded,232,1,26674
All published records,Citywide,All types,3. No service or no action recorded,233,3,26677
All published records,Citywide,All types,3. No service or no action recorded,234,1,26678
All published records,Citywide,All types,3. No service or no action recorded,235,2,26680
All published records,Citywide,All types,3. No service or no action recorded,236,1,26681
All published records,Citywide,All types,3. No service or no action recorded,237,2,26683
All published records,Citywide,All types,3. No service or no action recorded,238,2,26685
All published records,Citywide,All types,3. No service or no action recorded,239,1,26686
All published records,Citywide,All types,3. No service or no action recorded,240,2,26688
All published records,Citywide,All types,3. No service or no action recorded,241,2,26690
All published records,Citywide,All types,3. No service or no action recorded,243,3,26693
All published records,Citywide,All types,3. No service or no action recorded,245,3,26696
All published records,Citywide,All types,3. No service or no action recorded,246,2,26698
All published records,Citywide,All types,3. No service or no action recorded,247,2,26700
All published records,Citywide,All types,3. No service or no action recorded,248,3,26703
All published records,Citywide,All types,3. No service or no action recorded,250,4,26707
All published records,Citywide,All types,3. No service or no action recorded,251,4,26711
All published records,Citywide,All types,3. No service or no action recorded,252,1,26712
All published records,Citywide,All types,3. No service or no action recorded,253,2,26714
All published records,Citywide,All types,3. No service or no action recorded,254,5,26719
All published records,Citywide,All types,3. No service or no action recorded,255,2,26721
All published records,Citywide,All types,3. No service or no action recorded,256,3,26724
All published records,Citywide,All types,3. No service or no action recorded,259,1,26725
All published records,Citywide,All types,3. No service or no action recorded,260,2,26727
All published records,Citywide,All types,3. No service or no action recorded,262,1,26728
All published records,Citywide,All types,3. No service or no action recorded,263,3,26731
All published records,Citywide,All types,3. No service or no action recorded,266,4,26735
All published records,Citywide,All types,3. No service or no action recorded,267,1,26736
All published records,Citywide,All types,3. No service or no action recorded,269,1,26737
All published records,Citywide,All types,3. No service or no action recorded,270,1,26738
All published records,Citywide,All types,3. No service or no action recorded,271,1,26739
All published records,Citywide,All types,3. No service or no action recorded,272,1,26740
All published records,Citywide,All types,3. No service or no action recorded,273,2,26742
All published records,Citywide,All types,3. No service or no action recorded,274,3,26745
All published records,Citywide,All types,3. No service or no action recorded,276,3,26748
All published records,Citywide,All types,3. No service or no action recorded,277,1,26749
All published records,Citywide,All types,3. No service or no action recorded,278,3,26752
All published records,Citywide,All types,3. No service or no action recorded,279,2,26754
All published records,Citywide,All types,3. No service or no action recorded,280,3,26757
All published records,Citywide,All types,3. No service or no action recorded,281,2,26759
All published records,Citywide,All types,3. No service or no action recorded,282,2,26761
All published records,Citywide,All types,3. No service or no action recorded,283,1,26762
All published records,Citywide,All types,3. No service or no action recorded,284,2,26764
All published records,Citywide,All types,3. No service or no action recorded,285,1,26765
All published records,Citywide,All types,3. No service or no action recorded,287,1,26766
All published records,Citywide,All types,3. No service or no action recorded,288,1,26767
All published records,Citywide,All types,3. No service or no action recorded,289,2,26769
All published records,Citywide,All types,3. No service or no action recorded,290,1,26770
All published records,Citywide,All types,3. No service or no action recorded,291,1,26771
All published records,Citywide,All types,3. No service or no action recorded,292,1,26772
All published records,Citywide,All types,3. No service or no action recorded,293,2,26774
All published records,Citywide,All types,3. No service or no action recorded,297,2,26776
All published records,Citywide,All types,3. No service or no action recorded,298,1,26777
All published records,Citywide,All types,3. No service or no action recorded,301,1,26778
All published records,Citywide,All types,3. No service or no action recorded,303,1,26779
All published records,Citywide,All types,3. No service or no action recorded,304,2,26781
All published records,Citywide,All types,3. No service or no action recorded,307,2,26783
All published records,Citywide,All types,3. No service or no action recorded,309,1,26784
All published records,Citywide,All types,3. No service or no action recorded,310,1,26785
All published records,Citywide,All types,3. No service or no action recorded,312,1,26786
All published records,Citywide,All types,3. No service or no action recorded,313,1,26787
All published records,Citywide,All types,3. No service or no action recorded,315,1,26788
All published records,Citywide,All types,3. No service or no action recorded,317,1,26789
All published records,Citywide,All types,3. No service or no action recorded,318,1,26790
All published records,Citywide,All types,3. No service or no action recorded,319,1,26791
All published records,Citywide,All types,3. No service or no action recorded,321,3,26794
All published records,Citywide,All types,3. No service or no action recorded,323,1,26795
All published records,Citywide,All types,3. No service or no action recorded,324,3,26798
All published records,Citywide,All types,3. No service or no action recorded,325,1,26799
All published records,Citywide,All types,3. No service or no action recorded,326,1,26800
All published records,Citywide,All types,3. No service or no action recorded,328,1,26801
All published records,Citywide,All types,3. No service or no action recorded,329,2,26803
All published records,Citywide,All types,3. No service or no action recorded,330,1,26804
All published records,Citywide,All types,3. No service or no action recorded,334,1,26805
All published records,Citywide,All types,3. No service or no action recorded,335,2,26807
All published records,Citywide,All types,3. No service or no action recorded,336,1,26808
All published records,Citywide,All types,3. No service or no action recorded,339,1,26809
All published records,Citywide,All types,3. No service or no action recorded,342,2,26811
All published records,Citywide,All types,3. No service or no action recorded,344,1,26812
All published records,Citywide,All types,3. No service or no action recorded,346,1,26813
All published records,Citywide,All types,3. No service or no action recorded,351,1,26814
All published records,Citywide,All types,3. No service or no action recorded,352,3,26817
All published records,Citywide,All types,3. No service or no action recorded,353,1,26818
All published records,Citywide,All types,3. No service or no action recorded,354,1,26819
All published records,Citywide,All types,3. No service or no action recorded,357,1,26820
All published records,Citywide,All types,3. No service or no action recorded,358,2,26822
All published records,Citywide,All types,3. No service or no action recorded,360,1,26823
All published records,Citywide,All types,3. No service or no action recorded,361,1,26824
All published records,Citywide,All types,3. No service or no action recorded,362,1,26825
All published records,Citywide,All types,3. No service or no action recorded,363,1,26826
All published records,Citywide,All types,3. No service or no action recorded,364,1,26827
All published records,Citywide,All types,3. No service or no action recorded,367,1,26828
All published records,Citywide,All types,3. No service or no action recorded,370,1,26829
All published records,Citywide,All types,3. No service or no action recorded,374,1,26830
All published records,Citywide,All types,3. No service or no action recorded,383,1,26831
All published records,Citywide,All types,3. No service or no action recorded,384,1,26832
All published records,Citywide,All types,3. No service or no action recorded,386,1,26833
All published records,Citywide,All types,3. No service or no action recorded,387,2,26835
All published records,Citywide,All types,3. No service or no action recorded,389,2,26837
All published records,Citywide,All types,3. No service or no action recorded,390,1,26838
All published records,Citywide,All types,3. No service or no action recorded,391,2,26840
All published records,Citywide,All types,3. No service or no action recorded,399,3,26843
All published records,Citywide,All types,3. No service or no action recorded,404,2,26845
All published records,Citywide,All types,3. No service or no action recorded,405,1,26846
All published records,Citywide,All types,3. No service or no action recorded,406,4,26850
All published records,Citywide,All types,3. No service or no action recorded,408,1,26851
All published records,Citywide,All types,3. No service or no action recorded,410,2,26853
All published records,Citywide,All types,3. No service or no action recorded,412,1,26854
All published records,Citywide,All types,3. No service or no action recorded,413,1,26855
All published records,Citywide,All types,3. No service or no action recorded,418,1,26856
All published records,Citywide,All types,3. No service or no action recorded,419,2,26858
All published records,Citywide,All types,3. No service or no action recorded,420,1,26859
All published records,Citywide,All types,3. No service or no action recorded,423,1,26860
All published records,Citywide,All types,3. No service or no action recorded,428,1,26861
All published records,Citywide,All types,3. No service or no action recorded,435,1,26862
All published records,Citywide,All types,3. No service or no action recorded,443,1,26863
All published records,Citywide,All types,3. No service or no action recorded,444,1,26864
All published records,Citywide,All types,3. No service or no action recorded,464,1,26865
All published records,Citywide,All types,3. No service or no action recorded,482,1,26866
All published records,Citywide,All types,3. No service or no action recorded,485,1,26867
All published records,Citywide,All types,3. No service or no action recorded,487,1,26868
All published records,Citywide,All types,3. No service or no action recorded,519,1,26869
All published records,Citywide,All types,3. No service or no action recorded,574,1,26870
All published records,Citywide,All types,3. No service or no action recorded,581,1,26871
All published records,Citywide,All types,4. Insufficient information / could not proceed,0,1405,1405
All published records,Citywide,All types,4. Insufficient information / could not proceed,1,1301,2706
All published records,Citywide,All types,4. Insufficient information / could not proceed,2,453,3159
All published records,Citywide,All types,4. Insufficient information / could not proceed,3,411,3570
All published records,Citywide,All types,4. Insufficient information / could not proceed,4,245,3815
All published records,Citywide,All types,4. Insufficient information / could not proceed,5,163,3978
All published records,Citywide,All types,4. Insufficient information / could not proceed,6,130,4108
All published records,Citywide,All types,4. Insufficient information / could not proceed,7,168,4276
All published records,Citywide,All types,4. Insufficient information / could not proceed,8,109,4385
All published records,Citywide,All types,4. Insufficient information / could not proceed,9,63,4448
All published records,Citywide,All types,4. Insufficient information / could not proceed,10,57,4505
All published records,Citywide,All types,4. Insufficient information / could not proceed,11,64,4569
All published records,Citywide,All types,4. Insufficient information / could not proceed,12,47,4616
All published records,Citywide,All types,4. Insufficient information / could not proceed,13,52,4668
All published records,Citywide,All types,4. Insufficient information / could not proceed,14,45,4713
All published records,Citywide,All types,4. Insufficient information / could not proceed,15,21,4734
All published records,Citywide,All types,4. Insufficient information / could not proceed,16,25,4759
All published records,Citywide,All types,4. Insufficient information / could not proceed,17,20,4779
All published records,Citywide,All types,4. Insufficient information / could not proceed,18,18,4797
All published records,Citywide,All types,4. Insufficient information / could not proceed,19,20,4817
All published records,Citywide,All types,4. Insufficient information / could not proceed,20,13,4830
All published records,Citywide,All types,4. Insufficient information / could not proceed,21,8,4838
All published records,Citywide,All types,4. Insufficient information / could not proceed,22,2,4840
All published records,Citywide,All types,4. Insufficient information / could not proceed,23,4,4844
All published records,Citywide,All types,4. Insufficient information / could not proceed,24,5,4849
All published records,Citywide,All types,4. Insufficient information / could not proceed,25,5,4854
All published records,Citywide,All types,4. Insufficient information / could not proceed,26,9,4863
All published records,Citywide,All types,4. Insufficient information / could not proceed,27,3,4866
All published records,Citywide,All types,4. Insufficient information / could not proceed,28,6,4872
All published records,Citywide,All types,4. Insufficient information / could not proceed,29,7,4879
All published records,Citywide,All types,4. Insufficient information / could not proceed,30,4,4883
All published records,Citywide,All types,4. Insufficient information / could not proceed,31,3,4886
All published records,Citywide,All types,4. Insufficient information / could not proceed,32,2,4888
All published records,Citywide,All types,4. Insufficient information / could not proceed,33,1,4889
All published records,Citywide,All types,4. Insufficient information / could not proceed,34,5,4894
All published records,Citywide,All types,4. Insufficient information / could not proceed,35,3,4897
All published records,Citywide,All types,4. Insufficient information / could not proceed,36,2,4899
All published records,Citywide,All types,4. Insufficient information / could not proceed,37,3,4902
All published records,Citywide,All types,4. Insufficient information / could not proceed,38,3,4905
All published records,Citywide,All types,4. Insufficient information / could not proceed,39,7,4912
All published records,Citywide,All types,4. Insufficient information / could not proceed,40,1,4913
All published records,Citywide,All types,4. Insufficient information / could not proceed,41,3,4916
All published records,Citywide,All types,4. Insufficient information / could not proceed,42,2,4918
All published records,Citywide,All types,4. Insufficient information / could not proceed,43,1,4919
All published records,Citywide,All types,4. Insufficient information / could not proceed,44,2,4921
All published records,Citywide,All types,4. Insufficient information / could not proceed,46,1,4922
All published records,Citywide,All types,4. Insufficient information / could not proceed,47,2,4924
All published records,Citywide,All types,4. Insufficient information / could not proceed,48,1,4925
All published records,Citywide,All types,4. Insufficient information / could not proceed,49,1,4926
All published records,Citywide,All types,4. Insufficient information / could not proceed,50,3,4929
All published records,Citywide,All types,4. Insufficient information / could not proceed,51,2,4931
All published records,Citywide,All types,4. Insufficient information / could not proceed,52,1,4932
All published records,Citywide,All types,4. Insufficient information / could not proceed,53,1,4933
All published records,Citywide,All types,4. Insufficient information / could not proceed,54,3,4936
All published records,Citywide,All types,4. Insufficient information / could not proceed,55,1,4937
All published records,Citywide,All types,4. Insufficient information / could not proceed,56,4,4941
All published records,Citywide,All types,4. Insufficient information / could not proceed,57,3,4944
All published records,Citywide,All types,4. Insufficient information / could not proceed,58,2,4946
All published records,Citywide,All types,4. Insufficient information / could not proceed,60,2,4948
All published records,Citywide,All types,4. Insufficient information / could not proceed,61,1,4949
All published records,Citywide,All types,4. Insufficient information / could not proceed,63,2,4951
All published records,Citywide,All types,4. Insufficient information / could not proceed,65,1,4952
All published records,Citywide,All types,4. Insufficient information / could not proceed,71,2,4954
All published records,Citywide,All types,4. Insufficient information / could not proceed,72,3,4957
All published records,Citywide,All types,4. Insufficient information / could not proceed,75,1,4958
All published records,Citywide,All types,4. Insufficient information / could not proceed,76,1,4959
All published records,Citywide,All types,4. Insufficient information / could not proceed,77,1,4960
All published records,Citywide,All types,4. Insufficient information / could not proceed,78,1,4961
All published records,Citywide,All types,4. Insufficient information / could not proceed,80,1,4962
All published records,Citywide,All types,4. Insufficient information / could not proceed,82,1,4963
All published records,Citywide,All types,4. Insufficient information / could not proceed,84,2,4965
All published records,Citywide,All types,4. Insufficient information / could not proceed,88,1,4966
All published records,Citywide,All types,4. Insufficient information / could not proceed,89,1,4967
All published records,Citywide,All types,4. Insufficient information / could not proceed,94,1,4968
All published records,Citywide,All types,4. Insufficient information / could not proceed,95,1,4969
All published records,Citywide,All types,4. Insufficient information / could not proceed,98,1,4970
All published records,Citywide,All types,4. Insufficient information / could not proceed,101,1,4971
All published records,Citywide,All types,4. Insufficient information / could not proceed,102,1,4972
All published records,Citywide,All types,4. Insufficient information / could not proceed,110,1,4973
All published records,Citywide,All types,4. Insufficient information / could not proceed,113,2,4975
All published records,Citywide,All types,4. Insufficient information / could not proceed,114,1,4976
All published records,Citywide,All types,4. Insufficient information / could not proceed,116,1,4977
All published records,Citywide,All types,4. Insufficient information / could not proceed,118,2,4979
All published records,Citywide,All types,4. Insufficient information / could not proceed,120,1,4980
All published records,Citywide,All types,4. Insufficient information / could not proceed,127,1,4981
All published records,Citywide,All types,4. Insufficient information / could not proceed,128,1,4982
All published records,Citywide,All types,4. Insufficient information / could not proceed,131,1,4983
All published records,Citywide,All types,4. Insufficient information / could not proceed,134,1,4984
All published records,Citywide,All types,4. Insufficient information / could not proceed,158,1,4985
All published records,Citywide,All types,4. Insufficient information / could not proceed,161,1,4986
All published records,Citywide,All types,4. Insufficient information / could not proceed,170,1,4987
All published records,Citywide,All types,4. Insufficient information / could not proceed,231,1,4988
All published records,Citywide,All types,4. Insufficient information / could not proceed,256,1,4989
All published records,Citywide,All types,4. Insufficient information / could not proceed,334,1,4990
All published records,Citywide,All types,4. Insufficient information / could not proceed,337,1,4991
All published records,Citywide,All types,4. Insufficient information / could not proceed,341,1,4992
All published records,Citywide,All types,4. Insufficient information / could not proceed,435,1,4993
All published records,Citywide,All types,4. Insufficient information / could not proceed,437,1,4994
All published records,Citywide,All types,4. Insufficient information / could not proceed,439,1,4995
All published records,Citywide,All types,4. Insufficient information / could not proceed,453,1,4996
All published records,Citywide,All types,4. Insufficient information / could not proceed,456,1,4997
All published records,Citywide,All types,4. Insufficient information / could not proceed,461,1,4998
All published records,Citywide,All types,5. Unknown or N/A,0,15883,15883
All published records,Citywide,All types,5. Unknown or N/A,1,8,15891
All published records,Citywide,All types,5. Unknown or N/A,2,2,15893
All published records,Citywide,All types,5. Unknown or N/A,3,6,15899
All published records,Citywide,All types,5. Unknown or N/A,4,7,15906
All published records,Citywide,All types,5. Unknown or N/A,5,9,15915
All published records,Citywide,All types,5. Unknown or N/A,6,9,15924
All published records,Citywide,All types,5. Unknown or N/A,7,2,15926
All published records,Citywide,All types,5. Unknown or N/A,8,1,15927
All published records,Citywide,All types,5. Unknown or N/A,9,1,15928
All published records,Citywide,All types,5. Unknown or N/A,12,1,15929
All published records,Citywide,All types,5. Unknown or N/A,13,1,15930
All published records,Citywide,All types,5. Unknown or N/A,15,2,15932
All published records,Citywide,All types,5. Unknown or N/A,16,1,15933
All published records,Citywide,All types,5. Unknown or N/A,18,1,15934
All published records,Citywide,All types,5. Unknown or N/A,20,1,15935
All published records,Citywide,All types,5. Unknown or N/A,27,1,15936
All published records,Citywide,All types,5. Unknown or N/A,52,1,15937
All published records,Citywide,All types,5. Unknown or N/A,75,1,15938
All published records,Citywide,All types,5. Unknown or N/A,114,1,15939
All published records,Citywide,All types,5. Unknown or N/A,244,1,15940
All published records,Citywide,All types,5. Unknown or N/A,250,1,15941
All published records,Citywide,All types,5. Unknown or N/A,382,1,15942
All published records,Citywide,All types,5. Unknown or N/A,447,2,15944
All published records,Citywide,All types,5. Unknown or N/A,454,1,15945
All published records,Citywide,All types,5. Unknown or N/A,455,1,15946
All published records,Citywide,All types,5. Unknown or N/A,459,1,15947
All published records,Citywide,All types,5. Unknown or N/A,463,1,15948
All published records,Citywide,All types,5. Unknown or N/A,472,2,15950
All published records,Citywide,All types,5. Unknown or N/A,475,1,15951
All published records,Citywide,All types,5. Unknown or N/A,477,2,15953
All published records,Citywide,All types,5. Unknown or N/A,478,2,15955
All published records,Citywide,All types,5. Unknown or N/A,479,1,15956
All published records,Citywide,All types,5. Unknown or N/A,482,1,15957
All published records,Citywide,All types,5. Unknown or N/A,488,2,15959
All published records,Citywide,All types,5. Unknown or N/A,497,1,15960
All published records,Citywide,All types,5. Unknown or N/A,502,1,15961
All published records,Citywide,All types,5. Unknown or N/A,503,1,15962
All published records,Citywide,All types,5. Unknown or N/A,508,1,15963
All published records,Citywide,All types,5. Unknown or N/A,520,1,15964
All published records,Citywide,All types,5. Unknown or N/A,521,1,15965
All published records,Citywide,All types,5. Unknown or N/A,524,2,15967
All published records,Citywide,All types,5. Unknown or N/A,525,1,15968
All published records,Citywide,All types,5. Unknown or N/A,534,1,15969
All published records,Citywide,All types,5. Unknown or N/A,536,1,15970
All published records,Citywide,All types,5. Unknown or N/A,537,1,15971
All published records,Citywide,All types,6. Other - requires review,0,252,252
All published records,Citywide,All types,6. Other - requires review,1,386,638
All published records,Citywide,All types,6. Other - requires review,2,244,882
All published records,Citywide,All types,6. Other - requires review,3,202,1084
All published records,Citywide,All types,6. Other - requires review,4,130,1214
All published records,Citywide,All types,6. Other - requires review,5,87,1301
All published records,Citywide,All types,6. Other - requires review,6,55,1356
All published records,Citywide,All types,6. Other - requires review,7,48,1404
All published records,Citywide,All types,6. Other - requires review,8,33,1437
All published records,Citywide,All types,6. Other - requires review,9,24,1461
All published records,Citywide,All types,6. Other - requires review,10,11,1472
All published records,Citywide,All types,6. Other - requires review,11,19,1491
All published records,Citywide,All types,6. Other - requires review,12,11,1502
All published records,Citywide,All types,6. Other - requires review,13,10,1512
All published records,Citywide,All types,6. Other - requires review,14,11,1523
All published records,Citywide,All types,6. Other - requires review,15,6,1529
All published records,Citywide,All types,6. Other - requires review,16,7,1536
All published records,Citywide,All types,6. Other - requires review,17,4,1540
All published records,Citywide,All types,6. Other - requires review,18,8,1548
All published records,Citywide,All types,6. Other - requires review,19,7,1555
All published records,Citywide,All types,6. Other - requires review,20,7,1562
All published records,Citywide,All types,6. Other - requires review,21,6,1568
All published records,Citywide,All types,6. Other - requires review,22,4,1572
All published records,Citywide,All types,6. Other - requires review,23,5,1577
All published records,Citywide,All types,6. Other - requires review,24,2,1579
All published records,Citywide,All types,6. Other - requires review,25,1,1580
All published records,Citywide,All types,6. Other - requires review,26,1,1581
All published records,Citywide,All types,6. Other - requires review,28,1,1582
All published records,Citywide,All types,6. Other - requires review,29,5,1587
All published records,Citywide,All types,6. Other - requires review,31,1,1588
All published records,Citywide,All types,6. Other - requires review,33,1,1589
All published records,Citywide,All types,6. Other - requires review,35,1,1590
All published records,Citywide,All types,6. Other - requires review,36,1,1591
All published records,Citywide,All types,6. Other - requires review,40,3,1594
All published records,Citywide,All types,6. Other - requires review,44,2,1596
All published records,Citywide,All types,6. Other - requires review,45,1,1597
All published records,Citywide,All types,6. Other - requires review,47,1,1598
All published records,Citywide,All types,6. Other - requires review,50,1,1599
All published records,Citywide,All types,6. Other - requires review,51,1,1600
All published records,Citywide,All types,6. Other - requires review,54,1,1601
All published records,Citywide,All types,6. Other - requires review,55,1,1602
All published records,Citywide,All types,6. Other - requires review,57,2,1604
All published records,Citywide,All types,6. Other - requires review,61,1,1605
All published records,Citywide,All types,6. Other - requires review,67,1,1606
All published records,Citywide,All types,6. Other - requires review,77,1,1607
All published records,Citywide,All types,6. Other - requires review,97,1,1608
All published records,Citywide,All types,6. Other - requires review,108,1,1609
All published records,Citywide,All types,6. Other - requires review,110,1,1610
All published records,Citywide,All types,6. Other - requires review,118,1,1611
All published records,Citywide,All types,6. Other - requires review,120,1,1612
All published records,Citywide,All types,6. Other - requires review,140,1,1613
All published records,Citywide,All types,6. Other - requires review,158,1,1614
All published records,Citywide,All types,6. Other - requires review,171,1,1615
All published records,Citywide,All types,6. Other - requires review,180,1,1616
All published records,Citywide,All types,6. Other - requires review,183,1,1617
All published records,Citywide,All types,6. Other - requires review,197,2,1619
All published records,Citywide,All types,6. Other - requires review,203,1,1620
All published records,Citywide,All types,6. Other - requires review,208,1,1621
All published records,Citywide,All types,6. Other - requires review,586,1,1622
All published records,Citywide,All types,All outcomes (mixed),0,72356,72356
All published records,Citywide,All types,All outcomes (mixed),1,38841,111197
All published records,Citywide,All types,All outcomes (mixed),2,26616,137813
All published records,Citywide,All types,All outcomes (mixed),3,19474,157287
All published records,Citywide,All types,All outcomes (mixed),4,15991,173278
All published records,Citywide,All types,All outcomes (mixed),5,12062,185340
All published records,Citywide,All types,All outcomes (mixed),6,11020,196360
All published records,Citywide,All types,All outcomes (mixed),7,9790,206150
All published records,Citywide,All types,All outcomes (mixed),8,7634,213784
All published records,Citywide,All types,All outcomes (mixed),9,5656,219440
All published records,Citywide,All types,All outcomes (mixed),10,4600,224040
All published records,Citywide,All types,All outcomes (mixed),11,4364,228404
All published records,Citywide,All types,All outcomes (mixed),12,3614,232018
All published records,Citywide,All types,All outcomes (mixed),13,3906,235924
All published records,Citywide,All types,All outcomes (mixed),14,3703,239627
All published records,Citywide,All types,All outcomes (mixed),15,2802,242429
All published records,Citywide,All types,All outcomes (mixed),16,2213,244642
All published records,Citywide,All types,All outcomes (mixed),17,1730,246372
All published records,Citywide,All types,All outcomes (mixed),18,1716,248088
All published records,Citywide,All types,All outcomes (mixed),19,1507,249595
All published records,Citywide,All types,All outcomes (mixed),20,1498,251093
All published records,Citywide,All types,All outcomes (mixed),21,1436,252529
All published records,Citywide,All types,All outcomes (mixed),22,1109,253638
All published records,Citywide,All types,All outcomes (mixed),23,828,254466
All published records,Citywide,All types,All outcomes (mixed),24,721,255187
All published records,Citywide,All types,All outcomes (mixed),25,641,255828
All published records,Citywide,All types,All outcomes (mixed),26,537,256365
All published records,Citywide,All types,All outcomes (mixed),27,559,256924
All published records,Citywide,All types,All outcomes (mixed),28,588,257512
All published records,Citywide,All types,All outcomes (mixed),29,519,258031
All published records,Citywide,All types,All outcomes (mixed),30,431,258462
All published records,Citywide,All types,All outcomes (mixed),31,430,258892
All published records,Citywide,All types,All outcomes (mixed),32,457,259349
All published records,Citywide,All types,All outcomes (mixed),33,389,259738
All published records,Citywide,All types,All outcomes (mixed),34,357,260095
All published records,Citywide,All types,All outcomes (mixed),35,383,260478
All published records,Citywide,All types,All outcomes (mixed),36,323,260801
All published records,Citywide,All types,All outcomes (mixed),37,231,261032
All published records,Citywide,All types,All outcomes (mixed),38,192,261224
All published records,Citywide,All types,All outcomes (mixed),39,202,261426
All published records,Citywide,All types,All outcomes (mixed),40,215,261641
All published records,Citywide,All types,All outcomes (mixed),41,232,261873
All published records,Citywide,All types,All outcomes (mixed),42,182,262055
All published records,Citywide,All types,All outcomes (mixed),43,236,262291
All published records,Citywide,All types,All outcomes (mixed),44,148,262439
All published records,Citywide,All types,All outcomes (mixed),45,133,262572
All published records,Citywide,All types,All outcomes (mixed),46,129,262701
All published records,Citywide,All types,All outcomes (mixed),47,146,262847
All published records,Citywide,All types,All outcomes (mixed),48,131,262978
All published records,Citywide,All types,All outcomes (mixed),49,165,263143
All published records,Citywide,All types,All outcomes (mixed),50,140,263283
All published records,Citywide,All types,All outcomes (mixed),51,105,263388
All published records,Citywide,All types,All outcomes (mixed),52,71,263459
All published records,Citywide,All types,All outcomes (mixed),53,65,263524
All published records,Citywide,All types,All outcomes (mixed),54,113,263637
All published records,Citywide,All types,All outcomes (mixed),55,93,263730
All published records,Citywide,All types,All outcomes (mixed),56,127,263857
All published records,Citywide,All types,All outcomes (mixed),57,112,263969
All published records,Citywide,All types,All outcomes (mixed),58,87,264056
All published records,Citywide,All types,All outcomes (mixed),59,78,264134
All published records,Citywide,All types,All outcomes (mixed),60,77,264211
All published records,Citywide,All types,All outcomes (mixed),61,67,264278
All published records,Citywide,All types,All outcomes (mixed),62,79,264357
All published records,Citywide,All types,All outcomes (mixed),63,102,264459
All published records,Citywide,All types,All outcomes (mixed),64,63,264522
All published records,Citywide,All types,All outcomes (mixed),65,45,264567
All published records,Citywide,All types,All outcomes (mixed),66,63,264630
All published records,Citywide,All types,All outcomes (mixed),67,67,264697
All published records,Citywide,All types,All outcomes (mixed),68,49,264746
All published records,Citywide,All types,All outcomes (mixed),69,61,264807
All published records,Citywide,All types,All outcomes (mixed),70,67,264874
All published records,Citywide,All types,All outcomes (mixed),71,47,264921
All published records,Citywide,All types,All outcomes (mixed),72,57,264978
All published records,Citywide,All types,All outcomes (mixed),73,53,265031
All published records,Citywide,All types,All outcomes (mixed),74,37,265068
All published records,Citywide,All types,All outcomes (mixed),75,50,265118
All published records,Citywide,All types,All outcomes (mixed),76,58,265176
All published records,Citywide,All types,All outcomes (mixed),77,50,265226
All published records,Citywide,All types,All outcomes (mixed),78,49,265275
All published records,Citywide,All types,All outcomes (mixed),79,52,265327
All published records,Citywide,All types,All outcomes (mixed),80,33,265360
All published records,Citywide,All types,All outcomes (mixed),81,31,265391
All published records,Citywide,All types,All outcomes (mixed),82,50,265441
All published records,Citywide,All types,All outcomes (mixed),83,45,265486
All published records,Citywide,All types,All outcomes (mixed),84,44,265530
All published records,Citywide,All types,All outcomes (mixed),85,36,265566
All published records,Citywide,All types,All outcomes (mixed),86,29,265595
All published records,Citywide,All types,All outcomes (mixed),87,26,265621
All published records,Citywide,All types,All outcomes (mixed),88,22,265643
All published records,Citywide,All types,All outcomes (mixed),89,31,265674
All published records,Citywide,All types,All outcomes (mixed),90,35,265709
All published records,Citywide,All types,All outcomes (mixed),91,23,265732
All published records,Citywide,All types,All outcomes (mixed),92,21,265753
All published records,Citywide,All types,All outcomes (mixed),93,27,265780
All published records,Citywide,All types,All outcomes (mixed),94,16,265796
All published records,Citywide,All types,All outcomes (mixed),95,23,265819
All published records,Citywide,All types,All outcomes (mixed),96,18,265837
All published records,Citywide,All types,All outcomes (mixed),97,20,265857
All published records,Citywide,All types,All outcomes (mixed),98,28,265885
All published records,Citywide,All types,All outcomes (mixed),99,24,265909
All published records,Citywide,All types,All outcomes (mixed),100,16,265925
All published records,Citywide,All types,All outcomes (mixed),101,28,265953
All published records,Citywide,All types,All outcomes (mixed),102,21,265974
All published records,Citywide,All types,All outcomes (mixed),103,12,265986
All published records,Citywide,All types,All outcomes (mixed),104,20,266006
All published records,Citywide,All types,All outcomes (mixed),105,26,266032
All published records,Citywide,All types,All outcomes (mixed),106,21,266053
All published records,Citywide,All types,All outcomes (mixed),107,30,266083
All published records,Citywide,All types,All outcomes (mixed),108,8,266091
All published records,Citywide,All types,All outcomes (mixed),109,22,266113
All published records,Citywide,All types,All outcomes (mixed),110,23,266136
All published records,Citywide,All types,All outcomes (mixed),111,14,266150
All published records,Citywide,All types,All outcomes (mixed),112,17,266167
All published records,Citywide,All types,All outcomes (mixed),113,22,266189
All published records,Citywide,All types,All outcomes (mixed),114,18,266207
All published records,Citywide,All types,All outcomes (mixed),115,16,266223
All published records,Citywide,All types,All outcomes (mixed),116,14,266237
All published records,Citywide,All types,All outcomes (mixed),117,12,266249
All published records,Citywide,All types,All outcomes (mixed),118,14,266263
All published records,Citywide,All types,All outcomes (mixed),119,16,266279
All published records,Citywide,All types,All outcomes (mixed),120,24,266303
All published records,Citywide,All types,All outcomes (mixed),121,10,266313
All published records,Citywide,All types,All outcomes (mixed),122,16,266329
All published records,Citywide,All types,All outcomes (mixed),123,10,266339
All published records,Citywide,All types,All outcomes (mixed),124,22,266361
All published records,Citywide,All types,All outcomes (mixed),125,11,266372
All published records,Citywide,All types,All outcomes (mixed),126,13,266385
All published records,Citywide,All types,All outcomes (mixed),127,15,266400
All published records,Citywide,All types,All outcomes (mixed),128,10,266410
All published records,Citywide,All types,All outcomes (mixed),129,12,266422
All published records,Citywide,All types,All outcomes (mixed),130,12,266434
All published records,Citywide,All types,All outcomes (mixed),131,15,266449
All published records,Citywide,All types,All outcomes (mixed),132,13,266462
All published records,Citywide,All types,All outcomes (mixed),133,9,266471
All published records,Citywide,All types,All outcomes (mixed),134,14,266485
All published records,Citywide,All types,All outcomes (mixed),135,9,266494
All published records,Citywide,All types,All outcomes (mixed),136,12,266506
All published records,Citywide,All types,All outcomes (mixed),137,13,266519
All published records,Citywide,All types,All outcomes (mixed),138,17,266536
All published records,Citywide,All types,All outcomes (mixed),139,17,266553
All published records,Citywide,All types,All outcomes (mixed),140,13,266566
All published records,Citywide,All types,All outcomes (mixed),141,13,266579
All published records,Citywide,All types,All outcomes (mixed),142,11,266590
All published records,Citywide,All types,All outcomes (mixed),143,17,266607
All published records,Citywide,All types,All outcomes (mixed),144,12,266619
All published records,Citywide,All types,All outcomes (mixed),145,10,266629
All published records,Citywide,All types,All outcomes (mixed),146,17,266646
All published records,Citywide,All types,All outcomes (mixed),147,13,266659
All published records,Citywide,All types,All outcomes (mixed),148,9,266668
All published records,Citywide,All types,All outcomes (mixed),149,8,266676
All published records,Citywide,All types,All outcomes (mixed),150,9,266685
All published records,Citywide,All types,All outcomes (mixed),151,6,266691
All published records,Citywide,All types,All outcomes (mixed),152,8,266699
All published records,Citywide,All types,All outcomes (mixed),153,12,266711
All published records,Citywide,All types,All outcomes (mixed),154,19,266730
All published records,Citywide,All types,All outcomes (mixed),155,12,266742
All published records,Citywide,All types,All outcomes (mixed),156,7,266749
All published records,Citywide,All types,All outcomes (mixed),157,3,266752
All published records,Citywide,All types,All outcomes (mixed),158,13,266765
All published records,Citywide,All types,All outcomes (mixed),159,13,266778
All published records,Citywide,All types,All outcomes (mixed),160,10,266788
All published records,Citywide,All types,All outcomes (mixed),161,14,266802
All published records,Citywide,All types,All outcomes (mixed),162,6,266808
All published records,Citywide,All types,All outcomes (mixed),163,7,266815
All published records,Citywide,All types,All outcomes (mixed),164,5,266820
All published records,Citywide,All types,All outcomes (mixed),165,2,266822
All published records,Citywide,All types,All outcomes (mixed),166,5,266827
All published records,Citywide,All types,All outcomes (mixed),167,7,266834
All published records,Citywide,All types,All outcomes (mixed),168,9,266843
All published records,Citywide,All types,All outcomes (mixed),169,8,266851
All published records,Citywide,All types,All outcomes (mixed),170,9,266860
All published records,Citywide,All types,All outcomes (mixed),171,7,266867
All published records,Citywide,All types,All outcomes (mixed),172,9,266876
All published records,Citywide,All types,All outcomes (mixed),173,5,266881
All published records,Citywide,All types,All outcomes (mixed),174,6,266887
All published records,Citywide,All types,All outcomes (mixed),175,7,266894
All published records,Citywide,All types,All outcomes (mixed),176,8,266902
All published records,Citywide,All types,All outcomes (mixed),177,7,266909
All published records,Citywide,All types,All outcomes (mixed),178,5,266914
All published records,Citywide,All types,All outcomes (mixed),179,11,266925
All published records,Citywide,All types,All outcomes (mixed),180,4,266929
All published records,Citywide,All types,All outcomes (mixed),181,3,266932
All published records,Citywide,All types,All outcomes (mixed),182,9,266941
All published records,Citywide,All types,All outcomes (mixed),183,9,266950
All published records,Citywide,All types,All outcomes (mixed),184,7,266957
All published records,Citywide,All types,All outcomes (mixed),185,15,266972
All published records,Citywide,All types,All outcomes (mixed),186,5,266977
All published records,Citywide,All types,All outcomes (mixed),187,8,266985
All published records,Citywide,All types,All outcomes (mixed),188,5,266990
All published records,Citywide,All types,All outcomes (mixed),189,8,266998
All published records,Citywide,All types,All outcomes (mixed),190,4,267002
All published records,Citywide,All types,All outcomes (mixed),191,5,267007
All published records,Citywide,All types,All outcomes (mixed),192,8,267015
All published records,Citywide,All types,All outcomes (mixed),193,5,267020
All published records,Citywide,All types,All outcomes (mixed),194,7,267027
All published records,Citywide,All types,All outcomes (mixed),195,4,267031
All published records,Citywide,All types,All outcomes (mixed),196,10,267041
All published records,Citywide,All types,All outcomes (mixed),197,7,267048
All published records,Citywide,All types,All outcomes (mixed),198,7,267055
All published records,Citywide,All types,All outcomes (mixed),199,6,267061
All published records,Citywide,All types,All outcomes (mixed),200,4,267065
All published records,Citywide,All types,All outcomes (mixed),201,1,267066
All published records,Citywide,All types,All outcomes (mixed),202,7,267073
All published records,Citywide,All types,All outcomes (mixed),203,9,267082
All published records,Citywide,All types,All outcomes (mixed),204,6,267088
All published records,Citywide,All types,All outcomes (mixed),205,4,267092
All published records,Citywide,All types,All outcomes (mixed),206,2,267094
All published records,Citywide,All types,All outcomes (mixed),207,3,267097
All published records,Citywide,All types,All outcomes (mixed),208,5,267102
All published records,Citywide,All types,All outcomes (mixed),209,8,267110
All published records,Citywide,All types,All outcomes (mixed),210,11,267121
All published records,Citywide,All types,All outcomes (mixed),211,6,267127
All published records,Citywide,All types,All outcomes (mixed),212,6,267133
All published records,Citywide,All types,All outcomes (mixed),213,9,267142
All published records,Citywide,All types,All outcomes (mixed),214,4,267146
All published records,Citywide,All types,All outcomes (mixed),215,4,267150
All published records,Citywide,All types,All outcomes (mixed),216,7,267157
All published records,Citywide,All types,All outcomes (mixed),217,14,267171
All published records,Citywide,All types,All outcomes (mixed),218,6,267177
All published records,Citywide,All types,All outcomes (mixed),219,3,267180
All published records,Citywide,All types,All outcomes (mixed),220,4,267184
All published records,Citywide,All types,All outcomes (mixed),221,4,267188
All published records,Citywide,All types,All outcomes (mixed),222,3,267191
All published records,Citywide,All types,All outcomes (mixed),223,12,267203
All published records,Citywide,All types,All outcomes (mixed),224,11,267214
All published records,Citywide,All types,All outcomes (mixed),225,13,267227
All published records,Citywide,All types,All outcomes (mixed),226,5,267232
All published records,Citywide,All types,All outcomes (mixed),227,12,267244
All published records,Citywide,All types,All outcomes (mixed),228,12,267256
All published records,Citywide,All types,All outcomes (mixed),229,10,267266
All published records,Citywide,All types,All outcomes (mixed),230,78,267344
All published records,Citywide,All types,All outcomes (mixed),231,10,267354
All published records,Citywide,All types,All outcomes (mixed),232,24,267378
All published records,Citywide,All types,All outcomes (mixed),233,4,267382
All published records,Citywide,All types,All outcomes (mixed),234,9,267391
All published records,Citywide,All types,All outcomes (mixed),235,9,267400
All published records,Citywide,All types,All outcomes (mixed),236,6,267406
All published records,Citywide,All types,All outcomes (mixed),237,7,267413
All published records,Citywide,All types,All outcomes (mixed),238,12,267425
All published records,Citywide,All types,All outcomes (mixed),239,3,267428
All published records,Citywide,All types,All outcomes (mixed),240,6,267434
All published records,Citywide,All types,All outcomes (mixed),241,6,267440
All published records,Citywide,All types,All outcomes (mixed),242,2,267442
All published records,Citywide,All types,All outcomes (mixed),243,8,267450
All published records,Citywide,All types,All outcomes (mixed),244,3,267453
All published records,Citywide,All types,All outcomes (mixed),245,16,267469
All published records,Citywide,All types,All outcomes (mixed),246,19,267488
All published records,Citywide,All types,All outcomes (mixed),247,10,267498
All published records,Citywide,All types,All outcomes (mixed),248,27,267525
All published records,Citywide,All types,All outcomes (mixed),249,8,267533
All published records,Citywide,All types,All outcomes (mixed),250,11,267544
All published records,Citywide,All types,All outcomes (mixed),251,12,267556
All published records,Citywide,All types,All outcomes (mixed),252,9,267565
All published records,Citywide,All types,All outcomes (mixed),253,13,267578
All published records,Citywide,All types,All outcomes (mixed),254,18,267596
All published records,Citywide,All types,All outcomes (mixed),255,7,267603
All published records,Citywide,All types,All outcomes (mixed),256,18,267621
All published records,Citywide,All types,All outcomes (mixed),257,27,267648
All published records,Citywide,All types,All outcomes (mixed),258,11,267659
All published records,Citywide,All types,All outcomes (mixed),259,22,267681
All published records,Citywide,All types,All outcomes (mixed),260,9,267690
All published records,Citywide,All types,All outcomes (mixed),261,3,267693
All published records,Citywide,All types,All outcomes (mixed),262,10,267703
All published records,Citywide,All types,All outcomes (mixed),263,17,267720
All published records,Citywide,All types,All outcomes (mixed),264,20,267740
All published records,Citywide,All types,All outcomes (mixed),265,25,267765
All published records,Citywide,All types,All outcomes (mixed),266,8,267773
All published records,Citywide,All types,All outcomes (mixed),267,4,267777
All published records,Citywide,All types,All outcomes (mixed),268,12,267789
All published records,Citywide,All types,All outcomes (mixed),269,30,267819
All published records,Citywide,All types,All outcomes (mixed),270,39,267858
All published records,Citywide,All types,All outcomes (mixed),271,35,267893
All published records,Citywide,All types,All outcomes (mixed),272,40,267933
All published records,Citywide,All types,All outcomes (mixed),273,40,267973
All published records,Citywide,All types,All outcomes (mixed),274,59,268032
All published records,Citywide,All types,All outcomes (mixed),275,52,268084
All published records,Citywide,All types,All outcomes (mixed),276,45,268129
All published records,Citywide,All types,All outcomes (mixed),277,42,268171
All published records,Citywide,All types,All outcomes (mixed),278,7,268178
All published records,Citywide,All types,All outcomes (mixed),279,2,268180
All published records,Citywide,All types,All outcomes (mixed),280,11,268191
All published records,Citywide,All types,All outcomes (mixed),281,27,268218
All published records,Citywide,All types,All outcomes (mixed),282,36,268254
All published records,Citywide,All types,All outcomes (mixed),283,26,268280
All published records,Citywide,All types,All outcomes (mixed),284,35,268315
All published records,Citywide,All types,All outcomes (mixed),285,30,268345
All published records,Citywide,All types,All outcomes (mixed),286,23,268368
All published records,Citywide,All types,All outcomes (mixed),287,17,268385
All published records,Citywide,All types,All outcomes (mixed),288,17,268402
All published records,Citywide,All types,All outcomes (mixed),289,46,268448
All published records,Citywide,All types,All outcomes (mixed),290,45,268493
All published records,Citywide,All types,All outcomes (mixed),291,53,268546
All published records,Citywide,All types,All outcomes (mixed),292,25,268571
All published records,Citywide,All types,All outcomes (mixed),293,27,268598
All published records,Citywide,All types,All outcomes (mixed),294,42,268640
All published records,Citywide,All types,All outcomes (mixed),295,40,268680
All published records,Citywide,All types,All outcomes (mixed),296,24,268704
All published records,Citywide,All types,All outcomes (mixed),297,35,268739
All published records,Citywide,All types,All outcomes (mixed),298,41,268780
All published records,Citywide,All types,All outcomes (mixed),299,21,268801
All published records,Citywide,All types,All outcomes (mixed),300,19,268820
All published records,Citywide,All types,All outcomes (mixed),301,16,268836
All published records,Citywide,All types,All outcomes (mixed),302,29,268865
All published records,Citywide,All types,All outcomes (mixed),303,43,268908
All published records,Citywide,All types,All outcomes (mixed),304,15,268923
All published records,Citywide,All types,All outcomes (mixed),305,3,268926
All published records,Citywide,All types,All outcomes (mixed),306,10,268936
All published records,Citywide,All types,All outcomes (mixed),307,18,268954
All published records,Citywide,All types,All outcomes (mixed),308,17,268971
All published records,Citywide,All types,All outcomes (mixed),309,4,268975
All published records,Citywide,All types,All outcomes (mixed),310,8,268983
All published records,Citywide,All types,All outcomes (mixed),311,6,268989
All published records,Citywide,All types,All outcomes (mixed),312,1,268990
All published records,Citywide,All types,All outcomes (mixed),313,2,268992
All published records,Citywide,All types,All outcomes (mixed),314,1,268993
All published records,Citywide,All types,All outcomes (mixed),315,3,268996
All published records,Citywide,All types,All outcomes (mixed),316,3,268999
All published records,Citywide,All types,All outcomes (mixed),317,5,269004
All published records,Citywide,All types,All outcomes (mixed),318,4,269008
All published records,Citywide,All types,All outcomes (mixed),319,1,269009
All published records,Citywide,All types,All outcomes (mixed),321,6,269015
All published records,Citywide,All types,All outcomes (mixed),322,3,269018
All published records,Citywide,All types,All outcomes (mixed),323,3,269021
All published records,Citywide,All types,All outcomes (mixed),324,4,269025
All published records,Citywide,All types,All outcomes (mixed),325,3,269028
All published records,Citywide,All types,All outcomes (mixed),326,2,269030
All published records,Citywide,All types,All outcomes (mixed),328,3,269033
All published records,Citywide,All types,All outcomes (mixed),329,2,269035
All published records,Citywide,All types,All outcomes (mixed),330,2,269037
All published records,Citywide,All types,All outcomes (mixed),331,1,269038
All published records,Citywide,All types,All outcomes (mixed),333,2,269040
All published records,Citywide,All types,All outcomes (mixed),334,8,269048
All published records,Citywide,All types,All outcomes (mixed),335,3,269051
All published records,Citywide,All types,All outcomes (mixed),336,2,269053
All published records,Citywide,All types,All outcomes (mixed),337,3,269056
All published records,Citywide,All types,All outcomes (mixed),338,2,269058
All published records,Citywide,All types,All outcomes (mixed),339,2,269060
All published records,Citywide,All types,All outcomes (mixed),340,1,269061
All published records,Citywide,All types,All outcomes (mixed),341,2,269063
All published records,Citywide,All types,All outcomes (mixed),342,2,269065
All published records,Citywide,All types,All outcomes (mixed),343,3,269068
All published records,Citywide,All types,All outcomes (mixed),344,18,269086
All published records,Citywide,All types,All outcomes (mixed),345,35,269121
All published records,Citywide,All types,All outcomes (mixed),346,20,269141
All published records,Citywide,All types,All outcomes (mixed),347,4,269145
All published records,Citywide,All types,All outcomes (mixed),348,2,269147
All published records,Citywide,All types,All outcomes (mixed),349,2,269149
All published records,Citywide,All types,All outcomes (mixed),350,6,269155
All published records,Citywide,All types,All outcomes (mixed),351,1,269156
All published records,Citywide,All types,All outcomes (mixed),352,3,269159
All published records,Citywide,All types,All outcomes (mixed),353,3,269162
All published records,Citywide,All types,All outcomes (mixed),354,8,269170
All published records,Citywide,All types,All outcomes (mixed),355,3,269173
All published records,Citywide,All types,All outcomes (mixed),356,1,269174
All published records,Citywide,All types,All outcomes (mixed),357,1,269175
All published records,Citywide,All types,All outcomes (mixed),358,2,269177
All published records,Citywide,All types,All outcomes (mixed),359,1,269178
All published records,Citywide,All types,All outcomes (mixed),360,5,269183
All published records,Citywide,All types,All outcomes (mixed),361,6,269189
All published records,Citywide,All types,All outcomes (mixed),362,7,269196
All published records,Citywide,All types,All outcomes (mixed),363,1,269197
All published records,Citywide,All types,All outcomes (mixed),364,1,269198
All published records,Citywide,All types,All outcomes (mixed),365,1,269199
All published records,Citywide,All types,All outcomes (mixed),367,2,269201
All published records,Citywide,All types,All outcomes (mixed),370,2,269203
All published records,Citywide,All types,All outcomes (mixed),374,1,269204
All published records,Citywide,All types,All outcomes (mixed),376,1,269205
All published records,Citywide,All types,All outcomes (mixed),377,2,269207
All published records,Citywide,All types,All outcomes (mixed),379,4,269211
All published records,Citywide,All types,All outcomes (mixed),380,2,269213
All published records,Citywide,All types,All outcomes (mixed),381,4,269217
All published records,Citywide,All types,All outcomes (mixed),382,2,269219
All published records,Citywide,All types,All outcomes (mixed),383,2,269221
All published records,Citywide,All types,All outcomes (mixed),384,1,269222
All published records,Citywide,All types,All outcomes (mixed),385,2,269224
All published records,Citywide,All types,All outcomes (mixed),386,2,269226
All published records,Citywide,All types,All outcomes (mixed),387,4,269230
All published records,Citywide,All types,All outcomes (mixed),389,2,269232
All published records,Citywide,All types,All outcomes (mixed),390,1,269233
All published records,Citywide,All types,All outcomes (mixed),391,3,269236
All published records,Citywide,All types,All outcomes (mixed),392,1,269237
All published records,Citywide,All types,All outcomes (mixed),393,1,269238
All published records,Citywide,All types,All outcomes (mixed),395,3,269241
All published records,Citywide,All types,All outcomes (mixed),396,2,269243
All published records,Citywide,All types,All outcomes (mixed),397,2,269245
All published records,Citywide,All types,All outcomes (mixed),398,2,269247
All published records,Citywide,All types,All outcomes (mixed),399,7,269254
All published records,Citywide,All types,All outcomes (mixed),400,7,269261
All published records,Citywide,All types,All outcomes (mixed),401,5,269266
All published records,Citywide,All types,All outcomes (mixed),402,7,269273
All published records,Citywide,All types,All outcomes (mixed),403,2,269275
All published records,Citywide,All types,All outcomes (mixed),404,9,269284
All published records,Citywide,All types,All outcomes (mixed),405,6,269290
All published records,Citywide,All types,All outcomes (mixed),406,7,269297
All published records,Citywide,All types,All outcomes (mixed),407,8,269305
All published records,Citywide,All types,All outcomes (mixed),408,3,269308
All published records,Citywide,All types,All outcomes (mixed),409,5,269313
All published records,Citywide,All types,All outcomes (mixed),410,2,269315
All published records,Citywide,All types,All outcomes (mixed),411,2,269317
All published records,Citywide,All types,All outcomes (mixed),412,2,269319
All published records,Citywide,All types,All outcomes (mixed),413,2,269321
All published records,Citywide,All types,All outcomes (mixed),414,2,269323
All published records,Citywide,All types,All outcomes (mixed),415,2,269325
All published records,Citywide,All types,All outcomes (mixed),416,4,269329
All published records,Citywide,All types,All outcomes (mixed),418,2,269331
All published records,Citywide,All types,All outcomes (mixed),419,2,269333
All published records,Citywide,All types,All outcomes (mixed),420,2,269335
All published records,Citywide,All types,All outcomes (mixed),421,2,269337
All published records,Citywide,All types,All outcomes (mixed),423,4,269341
All published records,Citywide,All types,All outcomes (mixed),426,4,269345
All published records,Citywide,All types,All outcomes (mixed),427,5,269350
All published records,Citywide,All types,All outcomes (mixed),428,2,269352
All published records,Citywide,All types,All outcomes (mixed),429,1,269353
All published records,Citywide,All types,All outcomes (mixed),431,1,269354
All published records,Citywide,All types,All outcomes (mixed),432,4,269358
All published records,Citywide,All types,All outcomes (mixed),433,1,269359
All published records,Citywide,All types,All outcomes (mixed),435,2,269361
All published records,Citywide,All types,All outcomes (mixed),437,2,269363
All published records,Citywide,All types,All outcomes (mixed),438,1,269364
All published records,Citywide,All types,All outcomes (mixed),439,3,269367
All published records,Citywide,All types,All outcomes (mixed),441,3,269370
All published records,Citywide,All types,All outcomes (mixed),442,1,269371
All published records,Citywide,All types,All outcomes (mixed),443,2,269373
All published records,Citywide,All types,All outcomes (mixed),444,3,269376
All published records,Citywide,All types,All outcomes (mixed),445,1,269377
All published records,Citywide,All types,All outcomes (mixed),446,2,269379
All published records,Citywide,All types,All outcomes (mixed),447,7,269386
All published records,Citywide,All types,All outcomes (mixed),448,11,269397
All published records,Citywide,All types,All outcomes (mixed),449,6,269403
All published records,Citywide,All types,All outcomes (mixed),450,5,269408
All published records,Citywide,All types,All outcomes (mixed),451,6,269414
All published records,Citywide,All types,All outcomes (mixed),452,2,269416
All published records,Citywide,All types,All outcomes (mixed),453,14,269430
All published records,Citywide,All types,All outcomes (mixed),454,5,269435
All published records,Citywide,All types,All outcomes (mixed),455,4,269439
All published records,Citywide,All types,All outcomes (mixed),456,6,269445
All published records,Citywide,All types,All outcomes (mixed),457,8,269453
All published records,Citywide,All types,All outcomes (mixed),458,4,269457
All published records,Citywide,All types,All outcomes (mixed),459,8,269465
All published records,Citywide,All types,All outcomes (mixed),460,8,269473
All published records,Citywide,All types,All outcomes (mixed),461,6,269479
All published records,Citywide,All types,All outcomes (mixed),462,4,269483
All published records,Citywide,All types,All outcomes (mixed),463,3,269486
All published records,Citywide,All types,All outcomes (mixed),464,2,269488
All published records,Citywide,All types,All outcomes (mixed),465,6,269494
All published records,Citywide,All types,All outcomes (mixed),466,6,269500
All published records,Citywide,All types,All outcomes (mixed),467,6,269506
All published records,Citywide,All types,All outcomes (mixed),468,5,269511
All published records,Citywide,All types,All outcomes (mixed),469,4,269515
All published records,Citywide,All types,All outcomes (mixed),470,1,269516
All published records,Citywide,All types,All outcomes (mixed),471,1,269517
All published records,Citywide,All types,All outcomes (mixed),472,4,269521
All published records,Citywide,All types,All outcomes (mixed),473,2,269523
All published records,Citywide,All types,All outcomes (mixed),474,3,269526
All published records,Citywide,All types,All outcomes (mixed),475,6,269532
All published records,Citywide,All types,All outcomes (mixed),476,7,269539
All published records,Citywide,All types,All outcomes (mixed),477,6,269545
All published records,Citywide,All types,All outcomes (mixed),478,2,269547
All published records,Citywide,All types,All outcomes (mixed),479,2,269549
All published records,Citywide,All types,All outcomes (mixed),480,3,269552
All published records,Citywide,All types,All outcomes (mixed),481,3,269555
All published records,Citywide,All types,All outcomes (mixed),482,9,269564
All published records,Citywide,All types,All outcomes (mixed),483,10,269574
All published records,Citywide,All types,All outcomes (mixed),484,1,269575
All published records,Citywide,All types,All outcomes (mixed),485,1,269576
All published records,Citywide,All types,All outcomes (mixed),486,1,269577
All published records,Citywide,All types,All outcomes (mixed),487,2,269579
All published records,Citywide,All types,All outcomes (mixed),488,5,269584
All published records,Citywide,All types,All outcomes (mixed),489,3,269587
All published records,Citywide,All types,All outcomes (mixed),490,4,269591
All published records,Citywide,All types,All outcomes (mixed),491,3,269594
All published records,Citywide,All types,All outcomes (mixed),492,3,269597
All published records,Citywide,All types,All outcomes (mixed),493,11,269608
All published records,Citywide,All types,All outcomes (mixed),494,4,269612
All published records,Citywide,All types,All outcomes (mixed),495,8,269620
All published records,Citywide,All types,All outcomes (mixed),496,5,269625
All published records,Citywide,All types,All outcomes (mixed),497,3,269628
All published records,Citywide,All types,All outcomes (mixed),499,1,269629
All published records,Citywide,All types,All outcomes (mixed),500,1,269630
All published records,Citywide,All types,All outcomes (mixed),501,5,269635
All published records,Citywide,All types,All outcomes (mixed),502,3,269638
All published records,Citywide,All types,All outcomes (mixed),503,8,269646
All published records,Citywide,All types,All outcomes (mixed),504,3,269649
All published records,Citywide,All types,All outcomes (mixed),506,1,269650
All published records,Citywide,All types,All outcomes (mixed),507,2,269652
All published records,Citywide,All types,All outcomes (mixed),508,4,269656
All published records,Citywide,All types,All outcomes (mixed),509,4,269660
All published records,Citywide,All types,All outcomes (mixed),510,2,269662
All published records,Citywide,All types,All outcomes (mixed),511,2,269664
All published records,Citywide,All types,All outcomes (mixed),512,4,269668
All published records,Citywide,All types,All outcomes (mixed),514,2,269670
All published records,Citywide,All types,All outcomes (mixed),515,1,269671
All published records,Citywide,All types,All outcomes (mixed),516,6,269677
All published records,Citywide,All types,All outcomes (mixed),517,3,269680
All published records,Citywide,All types,All outcomes (mixed),518,5,269685
All published records,Citywide,All types,All outcomes (mixed),519,2,269687
All published records,Citywide,All types,All outcomes (mixed),520,3,269690
All published records,Citywide,All types,All outcomes (mixed),521,4,269694
All published records,Citywide,All types,All outcomes (mixed),522,2,269696
All published records,Citywide,All types,All outcomes (mixed),523,4,269700
All published records,Citywide,All types,All outcomes (mixed),524,9,269709
All published records,Citywide,All types,All outcomes (mixed),525,5,269714
All published records,Citywide,All types,All outcomes (mixed),526,3,269717
All published records,Citywide,All types,All outcomes (mixed),528,2,269719
All published records,Citywide,All types,All outcomes (mixed),529,1,269720
All published records,Citywide,All types,All outcomes (mixed),530,2,269722
All published records,Citywide,All types,All outcomes (mixed),531,5,269727
All published records,Citywide,All types,All outcomes (mixed),532,8,269735
All published records,Citywide,All types,All outcomes (mixed),533,4,269739
All published records,Citywide,All types,All outcomes (mixed),534,3,269742
All published records,Citywide,All types,All outcomes (mixed),535,8,269750
All published records,Citywide,All types,All outcomes (mixed),536,4,269754
All published records,Citywide,All types,All outcomes (mixed),537,4,269758
All published records,Citywide,All types,All outcomes (mixed),538,4,269762
All published records,Citywide,All types,All outcomes (mixed),539,4,269766
All published records,Citywide,All types,All outcomes (mixed),541,2,269768
All published records,Citywide,All types,All outcomes (mixed),542,6,269774
All published records,Citywide,All types,All outcomes (mixed),543,4,269778
All published records,Citywide,All types,All outcomes (mixed),548,1,269779
All published records,Citywide,All types,All outcomes (mixed),553,1,269780
All published records,Citywide,All types,All outcomes (mixed),554,1,269781
All published records,Citywide,All types,All outcomes (mixed),568,1,269782
All published records,Citywide,All types,All outcomes (mixed),574,1,269783
All published records,Citywide,All types,All outcomes (mixed),576,1,269784
All published records,Citywide,All types,All outcomes (mixed),581,1,269785
All published records,Citywide,All types,All outcomes (mixed),586,1,269786
All published records,Citywide,All types,All outcomes (mixed),589,1,269787
All published records,Citywide,All types,All outcomes (mixed),595,1,269788
All published records,Focus family,All three types,1. Service recorded as provided,0,6,6
All published records,Focus family,All three types,1. Service recorded as provided,1,371,377
All published records,Focus family,All three types,1. Service recorded as provided,2,508,885
All published records,Focus family,All three types,1. Service recorded as provided,3,696,1581
All published records,Focus family,All three types,1. Service recorded as provided,4,563,2144
All published records,Focus family,All three types,1. Service recorded as provided,5,578,2722
All published records,Focus family,All three types,1. Service recorded as provided,6,469,3191
All published records,Focus family,All three types,1. Service recorded as provided,7,282,3473
All published records,Focus family,All three types,1. Service recorded as provided,8,150,3623
All published records,Focus family,All three types,1. Service recorded as provided,9,92,3715
All published records,Focus family,All three types,1. Service recorded as provided,10,124,3839
All published records,Focus family,All three types,1. Service recorded as provided,11,90,3929
All published records,Focus family,All three types,1. Service recorded as provided,12,71,4000
All published records,Focus family,All three types,1. Service recorded as provided,13,67,4067
All published records,Focus family,All three types,1. Service recorded as provided,14,72,4139
All published records,Focus family,All three types,1. Service recorded as provided,15,44,4183
All published records,Focus family,All three types,1. Service recorded as provided,16,48,4231
All published records,Focus family,All three types,1. Service recorded as provided,17,37,4268
All published records,Focus family,All three types,1. Service recorded as provided,18,31,4299
All published records,Focus family,All three types,1. Service recorded as provided,19,21,4320
All published records,Focus family,All three types,1. Service recorded as provided,20,19,4339
All published records,Focus family,All three types,1. Service recorded as provided,21,19,4358
All published records,Focus family,All three types,1. Service recorded as provided,22,10,4368
All published records,Focus family,All three types,1. Service recorded as provided,23,12,4380
All published records,Focus family,All three types,1. Service recorded as provided,24,4,4384
All published records,Focus family,All three types,1. Service recorded as provided,25,11,4395
All published records,Focus family,All three types,1. Service recorded as provided,26,2,4397
All published records,Focus family,All three types,1. Service recorded as provided,27,2,4399
All published records,Focus family,All three types,1. Service recorded as provided,28,6,4405
All published records,Focus family,All three types,1. Service recorded as provided,29,12,4417
All published records,Focus family,All three types,1. Service recorded as provided,30,6,4423
All published records,Focus family,All three types,1. Service recorded as provided,31,5,4428
All published records,Focus family,All three types,1. Service recorded as provided,32,3,4431
All published records,Focus family,All three types,1. Service recorded as provided,33,4,4435
All published records,Focus family,All three types,1. Service recorded as provided,34,3,4438
All published records,Focus family,All three types,1. Service recorded as provided,35,3,4441
All published records,Focus family,All three types,1. Service recorded as provided,36,8,4449
All published records,Focus family,All three types,1. Service recorded as provided,37,3,4452
All published records,Focus family,All three types,1. Service recorded as provided,38,1,4453
All published records,Focus family,All three types,1. Service recorded as provided,39,2,4455
All published records,Focus family,All three types,1. Service recorded as provided,40,3,4458
All published records,Focus family,All three types,1. Service recorded as provided,41,3,4461
All published records,Focus family,All three types,1. Service recorded as provided,42,4,4465
All published records,Focus family,All three types,1. Service recorded as provided,43,3,4468
All published records,Focus family,All three types,1. Service recorded as provided,44,1,4469
All published records,Focus family,All three types,1. Service recorded as provided,45,2,4471
All published records,Focus family,All three types,1. Service recorded as provided,46,1,4472
All published records,Focus family,All three types,1. Service recorded as provided,47,1,4473
All published records,Focus family,All three types,1. Service recorded as provided,48,1,4474
All published records,Focus family,All three types,1. Service recorded as provided,49,11,4485
All published records,Focus family,All three types,1. Service recorded as provided,50,1,4486
All published records,Focus family,All three types,1. Service recorded as provided,51,2,4488
All published records,Focus family,All three types,1. Service recorded as provided,52,1,4489
All published records,Focus family,All three types,1. Service recorded as provided,53,2,4491
All published records,Focus family,All three types,1. Service recorded as provided,54,2,4493
All published records,Focus family,All three types,1. Service recorded as provided,55,1,4494
All published records,Focus family,All three types,1. Service recorded as provided,56,2,4496
All published records,Focus family,All three types,1. Service recorded as provided,57,2,4498
All published records,Focus family,All three types,1. Service recorded as provided,59,1,4499
All published records,Focus family,All three types,1. Service recorded as provided,60,2,4501
All published records,Focus family,All three types,1. Service recorded as provided,62,2,4503
All published records,Focus family,All three types,1. Service recorded as provided,63,1,4504
All published records,Focus family,All three types,1. Service recorded as provided,65,1,4505
All published records,Focus family,All three types,1. Service recorded as provided,67,1,4506
All published records,Focus family,All three types,1. Service recorded as provided,69,1,4507
All published records,Focus family,All three types,1. Service recorded as provided,71,1,4508
All published records,Focus family,All three types,1. Service recorded as provided,73,1,4509
All published records,Focus family,All three types,1. Service recorded as provided,74,1,4510
All published records,Focus family,All three types,1. Service recorded as provided,75,3,4513
All published records,Focus family,All three types,1. Service recorded as provided,77,2,4515
All published records,Focus family,All three types,1. Service recorded as provided,78,1,4516
All published records,Focus family,All three types,1. Service recorded as provided,82,2,4518
All published records,Focus family,All three types,1. Service recorded as provided,88,1,4519
All published records,Focus family,All three types,1. Service recorded as provided,99,1,4520
All published records,Focus family,All three types,1. Service recorded as provided,100,1,4521
All published records,Focus family,All three types,1. Service recorded as provided,101,1,4522
All published records,Focus family,All three types,1. Service recorded as provided,113,1,4523
All published records,Focus family,All three types,1. Service recorded as provided,119,1,4524
All published records,Focus family,All three types,1. Service recorded as provided,134,1,4525
All published records,Focus family,All three types,1. Service recorded as provided,143,1,4526
All published records,Focus family,All three types,1. Service recorded as provided,160,1,4527
All published records,Focus family,All three types,1. Service recorded as provided,179,1,4528
All published records,Focus family,All three types,1. Service recorded as provided,183,1,4529
All published records,Focus family,All three types,1. Service recorded as provided,187,1,4530
All published records,Focus family,All three types,1. Service recorded as provided,209,1,4531
All published records,Focus family,All three types,1. Service recorded as provided,220,1,4532
All published records,Focus family,All three types,1. Service recorded as provided,252,1,4533
All published records,Focus family,All three types,"2. Work assigned, referred or continuing",0,47,47
All published records,Focus family,All three types,"2. Work assigned, referred or continuing",1,534,581
All published records,Focus family,All three types,"2. Work assigned, referred or continuing",2,246,827
All published records,Focus family,All three types,"2. Work assigned, referred or continuing",3,202,1029
All published records,Focus family,All three types,"2. Work assigned, referred or continuing",4,167,1196
All published records,Focus family,All three types,"2. Work assigned, referred or continuing",5,135,1331
All published records,Focus family,All three types,"2. Work assigned, referred or continuing",6,127,1458
All published records,Focus family,All three types,"2. Work assigned, referred or continuing",7,112,1570
All published records,Focus family,All three types,"2. Work assigned, referred or continuing",8,70,1640
All published records,Focus family,All three types,"2. Work assigned, referred or continuing",9,57,1697
All published records,Focus family,All three types,"2. Work assigned, referred or continuing",10,58,1755
All published records,Focus family,All three types,"2. Work assigned, referred or continuing",11,61,1816
All published records,Focus family,All three types,"2. Work assigned, referred or continuing",12,43,1859
All published records,Focus family,All three types,"2. Work assigned, referred or continuing",13,42,1901
All published records,Focus family,All three types,"2. Work assigned, referred or continuing",14,37,1938
All published records,Focus family,All three types,"2. Work assigned, referred or continuing",15,30,1968
All published records,Focus family,All three types,"2. Work assigned, referred or continuing",16,30,1998
All published records,Focus family,All three types,"2. Work assigned, referred or continuing",17,21,2019
All published records,Focus family,All three types,"2. Work assigned, referred or continuing",18,7,2026
All published records,Focus family,All three types,"2. Work assigned, referred or continuing",19,18,2044
All published records,Focus family,All three types,"2. Work assigned, referred or continuing",20,20,2064
All published records,Focus family,All three types,"2. Work assigned, referred or continuing",21,21,2085
All published records,Focus family,All three types,"2. Work assigned, referred or continuing",22,13,2098
All published records,Focus family,All three types,"2. Work assigned, referred or continuing",23,13,2111
All published records,Focus family,All three types,"2. Work assigned, referred or continuing",24,8,2119
All published records,Focus family,All three types,"2. Work assigned, referred or continuing",25,12,2131
All published records,Focus family,All three types,"2. Work assigned, referred or continuing",26,9,2140
All published records,Focus family,All three types,"2. Work assigned, referred or continuing",27,12,2152
All published records,Focus family,All three types,"2. Work assigned, referred or continuing",28,5,2157
All published records,Focus family,All three types,"2. Work assigned, referred or continuing",29,6,2163
All published records,Focus family,All three types,"2. Work assigned, referred or continuing",30,5,2168
All published records,Focus family,All three types,"2. Work assigned, referred or continuing",31,5,2173
All published records,Focus family,All three types,"2. Work assigned, referred or continuing",32,2,2175
All published records,Focus family,All three types,"2. Work assigned, referred or continuing",33,8,2183
All published records,Focus family,All three types,"2. Work assigned, referred or continuing",34,4,2187
All published records,Focus family,All three types,"2. Work assigned, referred or continuing",35,3,2190
All published records,Focus family,All three types,"2. Work assigned, referred or continuing",37,3,2193
All published records,Focus family,All three types,"2. Work assigned, referred or continuing",39,3,2196
All published records,Focus family,All three types,"2. Work assigned, referred or continuing",41,2,2198
All published records,Focus family,All three types,"2. Work assigned, referred or continuing",42,4,2202
All published records,Focus family,All three types,"2. Work assigned, referred or continuing",43,5,2207
All published records,Focus family,All three types,"2. Work assigned, referred or continuing",44,3,2210
All published records,Focus family,All three types,"2. Work assigned, referred or continuing",45,2,2212
All published records,Focus family,All three types,"2. Work assigned, referred or continuing",47,5,2217
All published records,Focus family,All three types,"2. Work assigned, referred or continuing",49,2,2219
All published records,Focus family,All three types,"2. Work assigned, referred or continuing",50,2,2221
All published records,Focus family,All three types,"2. Work assigned, referred or continuing",51,2,2223
All published records,Focus family,All three types,"2. Work assigned, referred or continuing",52,2,2225
All published records,Focus family,All three types,"2. Work assigned, referred or continuing",53,1,2226
All published records,Focus family,All three types,"2. Work assigned, referred or continuing",54,2,2228
All published records,Focus family,All three types,"2. Work assigned, referred or continuing",55,1,2229
All published records,Focus family,All three types,"2. Work assigned, referred or continuing",56,2,2231
All published records,Focus family,All three types,"2. Work assigned, referred or continuing",57,1,2232
All published records,Focus family,All three types,"2. Work assigned, referred or continuing",58,1,2233
All published records,Focus family,All three types,"2. Work assigned, referred or continuing",59,2,2235
All published records,Focus family,All three types,"2. Work assigned, referred or continuing",60,1,2236
All published records,Focus family,All three types,"2. Work assigned, referred or continuing",61,1,2237
All published records,Focus family,All three types,"2. Work assigned, referred or continuing",63,1,2238
All published records,Focus family,All three types,"2. Work assigned, referred or continuing",67,2,2240
All published records,Focus family,All three types,"2. Work assigned, referred or continuing",69,1,2241
All published records,Focus family,All three types,"2. Work assigned, referred or continuing",70,1,2242
All published records,Focus family,All three types,"2. Work assigned, referred or continuing",72,1,2243
All published records,Focus family,All three types,"2. Work assigned, referred or continuing",73,1,2244
All published records,Focus family,All three types,"2. Work assigned, referred or continuing",75,1,2245
All published records,Focus family,All three types,"2. Work assigned, referred or continuing",77,1,2246
All published records,Focus family,All three types,"2. Work assigned, referred or continuing",78,2,2248
All published records,Focus family,All three types,"2. Work assigned, referred or continuing",81,1,2249
All published records,Focus family,All three types,"2. Work assigned, referred or continuing",88,1,2250
All published records,Focus family,All three types,"2. Work assigned, referred or continuing",90,1,2251
All published records,Focus family,All three types,"2. Work assigned, referred or continuing",134,1,2252
All published records,Focus family,All three types,"2. Work assigned, referred or continuing",137,1,2253
All published records,Focus family,All three types,"2. Work assigned, referred or continuing",141,1,2254
All published records,Focus family,All three types,"2. Work assigned, referred or continuing",179,1,2255
All published records,Focus family,All three types,"2. Work assigned, referred or continuing",190,1,2256
All published records,Focus family,All three types,"2. Work assigned, referred or continuing",191,1,2257
All published records,Focus family,All three types,"2. Work assigned, referred or continuing",224,1,2258
All published records,Focus family,All three types,"2. Work assigned, referred or continuing",256,1,2259
All published records,Focus family,All three types,"2. Work assigned, referred or continuing",321,1,2260
All published records,Focus family,All three types,3. No service or no action recorded,0,8,8
All published records,Focus family,All three types,3. No service or no action recorded,1,94,102
All published records,Focus family,All three types,3. No service or no action recorded,2,90,192
All published records,Focus family,All three types,3. No service or no action recorded,3,82,274
All published records,Focus family,All three types,3. No service or no action recorded,4,51,325
All published records,Focus family,All three types,3. No service or no action recorded,5,41,366
All published records,Focus family,All three types,3. No service or no action recorded,6,46,412
All published records,Focus family,All three types,3. No service or no action recorded,7,40,452
All published records,Focus family,All three types,3. No service or no action recorded,8,20,472
All published records,Focus family,All three types,3. No service or no action recorded,9,12,484
All published records,Focus family,All three types,3. No service or no action recorded,10,13,497
All published records,Focus family,All three types,3. No service or no action recorded,11,15,512
All published records,Focus family,All three types,3. No service or no action recorded,12,14,526
All published records,Focus family,All three types,3. No service or no action recorded,13,8,534
All published records,Focus family,All three types,3. No service or no action recorded,14,14,548
All published records,Focus family,All three types,3. No service or no action recorded,15,7,555
All published records,Focus family,All three types,3. No service or no action recorded,16,4,559
All published records,Focus family,All three types,3. No service or no action recorded,17,3,562
All published records,Focus family,All three types,3. No service or no action recorded,18,8,570
All published records,Focus family,All three types,3. No service or no action recorded,19,5,575
All published records,Focus family,All three types,3. No service or no action recorded,20,4,579
All published records,Focus family,All three types,3. No service or no action recorded,21,5,584
All published records,Focus family,All three types,3. No service or no action recorded,22,7,591
All published records,Focus family,All three types,3. No service or no action recorded,23,5,596
All published records,Focus family,All three types,3. No service or no action recorded,24,4,600
All published records,Focus family,All three types,3. No service or no action recorded,25,4,604
All published records,Focus family,All three types,3. No service or no action recorded,26,2,606
All published records,Focus family,All three types,3. No service or no action recorded,27,1,607
All published records,Focus family,All three types,3. No service or no action recorded,29,4,611
All published records,Focus family,All three types,3. No service or no action recorded,30,3,614
All published records,Focus family,All three types,3. No service or no action recorded,33,1,615
All published records,Focus family,All three types,3. No service or no action recorded,34,1,616
All published records,Focus family,All three types,3. No service or no action recorded,35,2,618
All published records,Focus family,All three types,3. No service or no action recorded,36,1,619
All published records,Focus family,All three types,3. No service or no action recorded,39,1,620
All published records,Focus family,All three types,3. No service or no action recorded,40,1,621
All published records,Focus family,All three types,3. No service or no action recorded,42,1,622
All published records,Focus family,All three types,3. No service or no action recorded,43,1,623
All published records,Focus family,All three types,3. No service or no action recorded,46,2,625
All published records,Focus family,All three types,3. No service or no action recorded,47,1,626
All published records,Focus family,All three types,3. No service or no action recorded,48,2,628
All published records,Focus family,All three types,3. No service or no action recorded,49,2,630
All published records,Focus family,All three types,3. No service or no action recorded,55,1,631
All published records,Focus family,All three types,3. No service or no action recorded,59,1,632
All published records,Focus family,All three types,3. No service or no action recorded,64,1,633
All published records,Focus family,All three types,3. No service or no action recorded,71,1,634
All published records,Focus family,All three types,3. No service or no action recorded,72,2,636
All published records,Focus family,All three types,3. No service or no action recorded,73,1,637
All published records,Focus family,All three types,3. No service or no action recorded,75,1,638
All published records,Focus family,All three types,3. No service or no action recorded,76,1,639
All published records,Focus family,All three types,3. No service or no action recorded,77,1,640
All published records,Focus family,All three types,3. No service or no action recorded,78,1,641
All published records,Focus family,All three types,3. No service or no action recorded,97,1,642
All published records,Focus family,All three types,3. No service or no action recorded,99,1,643
All published records,Focus family,All three types,3. No service or no action recorded,105,1,644
All published records,Focus family,All three types,3. No service or no action recorded,117,1,645
All published records,Focus family,All three types,3. No service or no action recorded,119,1,646
All published records,Focus family,All three types,3. No service or no action recorded,130,1,647
All published records,Focus family,All three types,3. No service or no action recorded,154,2,649
All published records,Focus family,All three types,3. No service or no action recorded,161,1,650
All published records,Focus family,All three types,3. No service or no action recorded,166,1,651
All published records,Focus family,All three types,3. No service or no action recorded,192,1,652
All published records,Focus family,All three types,3. No service or no action recorded,240,1,653
All published records,Focus family,All three types,3. No service or no action recorded,245,1,654
All published records,Focus family,All three types,3. No service or no action recorded,256,1,655
All published records,Focus family,All three types,3. No service or no action recorded,274,1,656
All published records,Focus family,All three types,3. No service or no action recorded,284,1,657
All published records,Focus family,All three types,3. No service or no action recorded,303,1,658
All published records,Focus family,All three types,3. No service or no action recorded,346,1,659
All published records,Focus family,All three types,3. No service or no action recorded,485,1,660
All published records,Focus family,All three types,3. No service or no action recorded,519,1,661
All published records,Focus family,All three types,4. Insufficient information / could not proceed,0,1,1
All published records,Focus family,All three types,4. Insufficient information / could not proceed,1,4,5
All published records,Focus family,All three types,4. Insufficient information / could not proceed,3,1,6
All published records,Focus family,All three types,4. Insufficient information / could not proceed,4,1,7
All published records,Focus family,All three types,4. Insufficient information / could not proceed,5,2,9
All published records,Focus family,All three types,4. Insufficient information / could not proceed,6,1,10
All published records,Focus family,All three types,4. Insufficient information / could not proceed,11,1,11
All published records,Focus family,All three types,4. Insufficient information / could not proceed,15,1,12
All published records,Focus family,All three types,4. Insufficient information / could not proceed,17,1,13
All published records,Focus family,All three types,5. Unknown or N/A,1,6,6
All published records,Focus family,All three types,5. Unknown or N/A,2,1,7
All published records,Focus family,All three types,5. Unknown or N/A,3,4,11
All published records,Focus family,All three types,5. Unknown or N/A,4,5,16
All published records,Focus family,All three types,5. Unknown or N/A,5,8,24
All published records,Focus family,All three types,5. Unknown or N/A,6,8,32
All published records,Focus family,All three types,5. Unknown or N/A,7,2,34
All published records,Focus family,All three types,5. Unknown or N/A,8,1,35
All published records,Focus family,All three types,5. Unknown or N/A,9,1,36
All published records,Focus family,All three types,5. Unknown or N/A,12,1,37
All published records,Focus family,All three types,5. Unknown or N/A,13,1,38
All published records,Focus family,All three types,5. Unknown or N/A,15,2,40
All published records,Focus family,All three types,5. Unknown or N/A,16,1,41
All published records,Focus family,All three types,5. Unknown or N/A,27,1,42
All published records,Focus family,All three types,5. Unknown or N/A,52,1,43
All published records,Focus family,All three types,All outcomes (mixed),0,62,62
All published records,Focus family,All three types,All outcomes (mixed),1,1009,1071
All published records,Focus family,All three types,All outcomes (mixed),2,845,1916
All published records,Focus family,All three types,All outcomes (mixed),3,985,2901
All published records,Focus family,All three types,All outcomes (mixed),4,787,3688
All published records,Focus family,All three types,All outcomes (mixed),5,764,4452
All published records,Focus family,All three types,All outcomes (mixed),6,651,5103
All published records,Focus family,All three types,All outcomes (mixed),7,436,5539
All published records,Focus family,All three types,All outcomes (mixed),8,241,5780
All published records,Focus family,All three types,All outcomes (mixed),9,162,5942
All published records,Focus family,All three types,All outcomes (mixed),10,195,6137
All published records,Focus family,All three types,All outcomes (mixed),11,167,6304
All published records,Focus family,All three types,All outcomes (mixed),12,129,6433
All published records,Focus family,All three types,All outcomes (mixed),13,118,6551
All published records,Focus family,All three types,All outcomes (mixed),14,123,6674
All published records,Focus family,All three types,All outcomes (mixed),15,84,6758
All published records,Focus family,All three types,All outcomes (mixed),16,83,6841
All published records,Focus family,All three types,All outcomes (mixed),17,62,6903
All published records,Focus family,All three types,All outcomes (mixed),18,46,6949
All published records,Focus family,All three types,All outcomes (mixed),19,44,6993
All published records,Focus family,All three types,All outcomes (mixed),20,43,7036
All published records,Focus family,All three types,All outcomes (mixed),21,45,7081
All published records,Focus family,All three types,All outcomes (mixed),22,30,7111
All published records,Focus family,All three types,All outcomes (mixed),23,30,7141
All published records,Focus family,All three types,All outcomes (mixed),24,16,7157
All published records,Focus family,All three types,All outcomes (mixed),25,27,7184
All published records,Focus family,All three types,All outcomes (mixed),26,13,7197
All published records,Focus family,All three types,All outcomes (mixed),27,16,7213
All published records,Focus family,All three types,All outcomes (mixed),28,11,7224
All published records,Focus family,All three types,All outcomes (mixed),29,22,7246
All published records,Focus family,All three types,All outcomes (mixed),30,14,7260
All published records,Focus family,All three types,All outcomes (mixed),31,10,7270
All published records,Focus family,All three types,All outcomes (mixed),32,5,7275
All published records,Focus family,All three types,All outcomes (mixed),33,13,7288
All published records,Focus family,All three types,All outcomes (mixed),34,8,7296
All published records,Focus family,All three types,All outcomes (mixed),35,8,7304
All published records,Focus family,All three types,All outcomes (mixed),36,9,7313
All published records,Focus family,All three types,All outcomes (mixed),37,6,7319
All published records,Focus family,All three types,All outcomes (mixed),38,1,7320
All published records,Focus family,All three types,All outcomes (mixed),39,6,7326
All published records,Focus family,All three types,All outcomes (mixed),40,4,7330
All published records,Focus family,All three types,All outcomes (mixed),41,5,7335
All published records,Focus family,All three types,All outcomes (mixed),42,9,7344
All published records,Focus family,All three types,All outcomes (mixed),43,9,7353
All published records,Focus family,All three types,All outcomes (mixed),44,4,7357
All published records,Focus family,All three types,All outcomes (mixed),45,4,7361
All published records,Focus family,All three types,All outcomes (mixed),46,3,7364
All published records,Focus family,All three types,All outcomes (mixed),47,7,7371
All published records,Focus family,All three types,All outcomes (mixed),48,3,7374
All published records,Focus family,All three types,All outcomes (mixed),49,15,7389
All published records,Focus family,All three types,All outcomes (mixed),50,3,7392
All published records,Focus family,All three types,All outcomes (mixed),51,4,7396
All published records,Focus family,All three types,All outcomes (mixed),52,4,7400
All published records,Focus family,All three types,All outcomes (mixed),53,3,7403
All published records,Focus family,All three types,All outcomes (mixed),54,4,7407
All published records,Focus family,All three types,All outcomes (mixed),55,3,7410
All published records,Focus family,All three types,All outcomes (mixed),56,4,7414
All published records,Focus family,All three types,All outcomes (mixed),57,3,7417
All published records,Focus family,All three types,All outcomes (mixed),58,1,7418
All published records,Focus family,All three types,All outcomes (mixed),59,4,7422
All published records,Focus family,All three types,All outcomes (mixed),60,3,7425
All published records,Focus family,All three types,All outcomes (mixed),61,1,7426
All published records,Focus family,All three types,All outcomes (mixed),62,2,7428
All published records,Focus family,All three types,All outcomes (mixed),63,2,7430
All published records,Focus family,All three types,All outcomes (mixed),64,1,7431
All published records,Focus family,All three types,All outcomes (mixed),65,1,7432
All published records,Focus family,All three types,All outcomes (mixed),67,3,7435
All published records,Focus family,All three types,All outcomes (mixed),69,2,7437
All published records,Focus family,All three types,All outcomes (mixed),70,1,7438
All published records,Focus family,All three types,All outcomes (mixed),71,2,7440
All published records,Focus family,All three types,All outcomes (mixed),72,3,7443
All published records,Focus family,All three types,All outcomes (mixed),73,3,7446
All published records,Focus family,All three types,All outcomes (mixed),74,1,7447
All published records,Focus family,All three types,All outcomes (mixed),75,5,7452
All published records,Focus family,All three types,All outcomes (mixed),76,1,7453
All published records,Focus family,All three types,All outcomes (mixed),77,4,7457
All published records,Focus family,All three types,All outcomes (mixed),78,4,7461
All published records,Focus family,All three types,All outcomes (mixed),81,1,7462
All published records,Focus family,All three types,All outcomes (mixed),82,2,7464
All published records,Focus family,All three types,All outcomes (mixed),88,2,7466
All published records,Focus family,All three types,All outcomes (mixed),90,1,7467
All published records,Focus family,All three types,All outcomes (mixed),97,1,7468
All published records,Focus family,All three types,All outcomes (mixed),99,2,7470
All published records,Focus family,All three types,All outcomes (mixed),100,1,7471
All published records,Focus family,All three types,All outcomes (mixed),101,1,7472
All published records,Focus family,All three types,All outcomes (mixed),105,1,7473
All published records,Focus family,All three types,All outcomes (mixed),113,1,7474
All published records,Focus family,All three types,All outcomes (mixed),117,1,7475
All published records,Focus family,All three types,All outcomes (mixed),119,2,7477
All published records,Focus family,All three types,All outcomes (mixed),130,1,7478
All published records,Focus family,All three types,All outcomes (mixed),134,2,7480
All published records,Focus family,All three types,All outcomes (mixed),137,1,7481
All published records,Focus family,All three types,All outcomes (mixed),141,1,7482
All published records,Focus family,All three types,All outcomes (mixed),143,1,7483
All published records,Focus family,All three types,All outcomes (mixed),154,2,7485
All published records,Focus family,All three types,All outcomes (mixed),160,1,7486
All published records,Focus family,All three types,All outcomes (mixed),161,1,7487
All published records,Focus family,All three types,All outcomes (mixed),166,1,7488
All published records,Focus family,All three types,All outcomes (mixed),179,2,7490
All published records,Focus family,All three types,All outcomes (mixed),183,1,7491
All published records,Focus family,All three types,All outcomes (mixed),187,1,7492
All published records,Focus family,All three types,All outcomes (mixed),190,1,7493
All published records,Focus family,All three types,All outcomes (mixed),191,1,7494
All published records,Focus family,All three types,All outcomes (mixed),192,1,7495
All published records,Focus family,All three types,All outcomes (mixed),209,1,7496
All published records,Focus family,All three types,All outcomes (mixed),220,1,7497
All published records,Focus family,All three types,All outcomes (mixed),224,1,7498
All published records,Focus family,All three types,All outcomes (mixed),240,1,7499
All published records,Focus family,All three types,All outcomes (mixed),245,1,7500
All published records,Focus family,All three types,All outcomes (mixed),252,1,7501
All published records,Focus family,All three types,All outcomes (mixed),256,2,7503
All published records,Focus family,All three types,All outcomes (mixed),274,1,7504
All published records,Focus family,All three types,All outcomes (mixed),284,1,7505
All published records,Focus family,All three types,All outcomes (mixed),303,1,7506
All published records,Focus family,All three types,All outcomes (mixed),321,1,7507
All published records,Focus family,All three types,All outcomes (mixed),346,1,7508
All published records,Focus family,All three types,All outcomes (mixed),485,1,7509
All published records,Focus family,All three types,All outcomes (mixed),519,1,7510
All published records,Focus family,All three types,Further action has been planned,0,12,12
All published records,Focus family,All three types,Further action has been planned,1,372,384
All published records,Focus family,All three types,Further action has been planned,2,173,557
All published records,Focus family,All three types,Further action has been planned,3,148,705
All published records,Focus family,All three types,Further action has been planned,4,131,836
All published records,Focus family,All three types,Further action has been planned,5,111,947
All published records,Focus family,All three types,Further action has been planned,6,102,1049
All published records,Focus family,All three types,Further action has been planned,7,97,1146
All published records,Focus family,All three types,Further action has been planned,8,60,1206
All published records,Focus family,All three types,Further action has been planned,9,51,1257
All published records,Focus family,All three types,Further action has been planned,10,55,1312
All published records,Focus family,All three types,Further action has been planned,11,51,1363
All published records,Focus family,All three types,Further action has been planned,12,38,1401
All published records,Focus family,All three types,Further action has been planned,13,40,1441
All published records,Focus family,All three types,Further action has been planned,14,34,1475
All published records,Focus family,All three types,Further action has been planned,15,27,1502
All published records,Focus family,All three types,Further action has been planned,16,25,1527
All published records,Focus family,All three types,Further action has been planned,17,19,1546
All published records,Focus family,All three types,Further action has been planned,18,5,1551
All published records,Focus family,All three types,Further action has been planned,19,17,1568
All published records,Focus family,All three types,Further action has been planned,20,20,1588
All published records,Focus family,All three types,Further action has been planned,21,21,1609
All published records,Focus family,All three types,Further action has been planned,22,12,1621
All published records,Focus family,All three types,Further action has been planned,23,13,1634
All published records,Focus family,All three types,Further action has been planned,24,7,1641
All published records,Focus family,All three types,Further action has been planned,25,11,1652
All published records,Focus family,All three types,Further action has been planned,26,9,1661
All published records,Focus family,All three types,Further action has been planned,27,12,1673
All published records,Focus family,All three types,Further action has been planned,28,5,1678
All published records,Focus family,All three types,Further action has been planned,29,6,1684
All published records,Focus family,All three types,Further action has been planned,30,4,1688
All published records,Focus family,All three types,Further action has been planned,31,5,1693
All published records,Focus family,All three types,Further action has been planned,32,1,1694
All published records,Focus family,All three types,Further action has been planned,33,8,1702
All published records,Focus family,All three types,Further action has been planned,34,3,1705
All published records,Focus family,All three types,Further action has been planned,35,2,1707
All published records,Focus family,All three types,Further action has been planned,37,3,1710
All published records,Focus family,All three types,Further action has been planned,39,3,1713
All published records,Focus family,All three types,Further action has been planned,41,2,1715
All published records,Focus family,All three types,Further action has been planned,42,3,1718
All published records,Focus family,All three types,Further action has been planned,43,4,1722
All published records,Focus family,All three types,Further action has been planned,44,2,1724
All published records,Focus family,All three types,Further action has been planned,45,2,1726
All published records,Focus family,All three types,Further action has been planned,47,4,1730
All published records,Focus family,All three types,Further action has been planned,49,2,1732
All published records,Focus family,All three types,Further action has been planned,50,1,1733
All published records,Focus family,All three types,Further action has been planned,51,2,1735
All published records,Focus family,All three types,Further action has been planned,52,1,1736
All published records,Focus family,All three types,Further action has been planned,54,2,1738
All published records,Focus family,All three types,Further action has been planned,55,1,1739
All published records,Focus family,All three types,Further action has been planned,56,2,1741
All published records,Focus family,All three types,Further action has been planned,57,1,1742
All published records,Focus family,All three types,Further action has been planned,58,1,1743
All published records,Focus family,All three types,Further action has been planned,59,1,1744
All published records,Focus family,All three types,Further action has been planned,61,1,1745
All published records,Focus family,All three types,Further action has been planned,63,1,1746
All published records,Focus family,All three types,Further action has been planned,67,2,1748
All published records,Focus family,All three types,Further action has been planned,69,1,1749
All published records,Focus family,All three types,Further action has been planned,72,1,1750
All published records,Focus family,All three types,Further action has been planned,73,1,1751
All published records,Focus family,All three types,Further action has been planned,77,1,1752
All published records,Focus family,All three types,Further action has been planned,78,2,1754
All published records,Focus family,All three types,Further action has been planned,81,1,1755
All published records,Focus family,All three types,Further action has been planned,88,1,1756
All published records,Focus family,All three types,Further action has been planned,90,1,1757
All published records,Focus family,All three types,Further action has been planned,141,1,1758
All published records,Focus family,All three types,Further action has been planned,179,1,1759
All published records,Focus family,All three types,Further action has been planned,190,1,1760
All published records,Focus family,All three types,Further action has been planned,224,1,1761
All published records,Focus family,All three types,Further action has been planned,256,1,1762
All published records,Focus family,All three types,Further action has been planned,321,1,1763
All published records,Focus family,All three types,Referred to another service group,0,35,35
All published records,Focus family,All three types,Referred to another service group,1,162,197
All published records,Focus family,All three types,Referred to another service group,2,73,270
All published records,Focus family,All three types,Referred to another service group,3,54,324
All published records,Focus family,All three types,Referred to another service group,4,36,360
All published records,Focus family,All three types,Referred to another service group,5,24,384
All published records,Focus family,All three types,Referred to another service group,6,25,409
All published records,Focus family,All three types,Referred to another service group,7,15,424
All published records,Focus family,All three types,Referred to another service group,8,10,434
All published records,Focus family,All three types,Referred to another service group,9,6,440
All published records,Focus family,All three types,Referred to another service group,10,3,443
All published records,Focus family,All three types,Referred to another service group,11,10,453
All published records,Focus family,All three types,Referred to another service group,12,5,458
All published records,Focus family,All three types,Referred to another service group,13,2,460
All published records,Focus family,All three types,Referred to another service group,14,3,463
All published records,Focus family,All three types,Referred to another service group,15,3,466
All published records,Focus family,All three types,Referred to another service group,16,5,471
All published records,Focus family,All three types,Referred to another service group,17,1,472
All published records,Focus family,All three types,Referred to another service group,18,2,474
All published records,Focus family,All three types,Referred to another service group,19,1,475
All published records,Focus family,All three types,Referred to another service group,22,1,476
All published records,Focus family,All three types,Referred to another service group,24,1,477
All published records,Focus family,All three types,Referred to another service group,25,1,478
All published records,Focus family,All three types,Referred to another service group,30,1,479
All published records,Focus family,All three types,Referred to another service group,32,1,480
All published records,Focus family,All three types,Referred to another service group,34,1,481
All published records,Focus family,All three types,Referred to another service group,35,1,482
All published records,Focus family,All three types,Referred to another service group,42,1,483
All published records,Focus family,All three types,Referred to another service group,43,1,484
All published records,Focus family,All three types,Referred to another service group,44,1,485
All published records,Focus family,All three types,Referred to another service group,47,1,486
All published records,Focus family,All three types,Referred to another service group,50,1,487
All published records,Focus family,All three types,Referred to another service group,52,1,488
All published records,Focus family,All three types,Referred to another service group,53,1,489
All published records,Focus family,All three types,Referred to another service group,59,1,490
All published records,Focus family,All three types,Referred to another service group,60,1,491
All published records,Focus family,All three types,Referred to another service group,70,1,492
All published records,Focus family,All three types,Referred to another service group,75,1,493
All published records,Focus family,All three types,Referred to another service group,134,1,494
All published records,Focus family,All three types,Referred to another service group,137,1,495
All published records,Focus family,All three types,Referred to another service group,191,1,496
All published records,Focus family,Pothole Case,1. Service recorded as provided,0,2,2
All published records,Focus family,Pothole Case,1. Service recorded as provided,1,210,212
All published records,Focus family,Pothole Case,1. Service recorded as provided,2,332,544
All published records,Focus family,Pothole Case,1. Service recorded as provided,3,491,1035
All published records,Focus family,Pothole Case,1. Service recorded as provided,4,376,1411
All published records,Focus family,Pothole Case,1. Service recorded as provided,5,400,1811
All published records,Focus family,Pothole Case,1. Service recorded as provided,6,283,2094
All published records,Focus family,Pothole Case,1. Service recorded as provided,7,164,2258
All published records,Focus family,Pothole Case,1. Service recorded as provided,8,102,2360
All published records,Focus family,Pothole Case,1. Service recorded as provided,9,55,2415
All published records,Focus family,Pothole Case,1. Service recorded as provided,10,93,2508
All published records,Focus family,Pothole Case,1. Service recorded as provided,11,60,2568
All published records,Focus family,Pothole Case,1. Service recorded as provided,12,47,2615
All published records,Focus family,Pothole Case,1. Service recorded as provided,13,44,2659
All published records,Focus family,Pothole Case,1. Service recorded as provided,14,44,2703
All published records,Focus family,Pothole Case,1. Service recorded as provided,15,25,2728
All published records,Focus family,Pothole Case,1. Service recorded as provided,16,31,2759
All published records,Focus family,Pothole Case,1. Service recorded as provided,17,25,2784
All published records,Focus family,Pothole Case,1. Service recorded as provided,18,20,2804
All published records,Focus family,Pothole Case,1. Service recorded as provided,19,14,2818
All published records,Focus family,Pothole Case,1. Service recorded as provided,20,15,2833
All published records,Focus family,Pothole Case,1. Service recorded as provided,21,10,2843
All published records,Focus family,Pothole Case,1. Service recorded as provided,22,4,2847
All published records,Focus family,Pothole Case,1. Service recorded as provided,23,8,2855
All published records,Focus family,Pothole Case,1. Service recorded as provided,24,4,2859
All published records,Focus family,Pothole Case,1. Service recorded as provided,25,5,2864
All published records,Focus family,Pothole Case,1. Service recorded as provided,26,1,2865
All published records,Focus family,Pothole Case,1. Service recorded as provided,27,1,2866
All published records,Focus family,Pothole Case,1. Service recorded as provided,28,4,2870
All published records,Focus family,Pothole Case,1. Service recorded as provided,29,7,2877
All published records,Focus family,Pothole Case,1. Service recorded as provided,30,5,2882
All published records,Focus family,Pothole Case,1. Service recorded as provided,31,3,2885
All published records,Focus family,Pothole Case,1. Service recorded as provided,32,2,2887
All published records,Focus family,Pothole Case,1. Service recorded as provided,33,2,2889
All published records,Focus family,Pothole Case,1. Service recorded as provided,34,2,2891
All published records,Focus family,Pothole Case,1. Service recorded as provided,35,3,2894
All published records,Focus family,Pothole Case,1. Service recorded as provided,36,5,2899
All published records,Focus family,Pothole Case,1. Service recorded as provided,37,2,2901
All published records,Focus family,Pothole Case,1. Service recorded as provided,38,1,2902
All published records,Focus family,Pothole Case,1. Service recorded as provided,40,3,2905
All published records,Focus family,Pothole Case,1. Service recorded as provided,41,2,2907
All published records,Focus family,Pothole Case,1. Service recorded as provided,42,3,2910
All published records,Focus family,Pothole Case,1. Service recorded as provided,43,3,2913
All published records,Focus family,Pothole Case,1. Service recorded as provided,44,1,2914
All published records,Focus family,Pothole Case,1. Service recorded as provided,45,2,2916
All published records,Focus family,Pothole Case,1. Service recorded as provided,46,1,2917
All published records,Focus family,Pothole Case,1. Service recorded as provided,47,1,2918
All published records,Focus family,Pothole Case,1. Service recorded as provided,48,1,2919
All published records,Focus family,Pothole Case,1. Service recorded as provided,49,7,2926
All published records,Focus family,Pothole Case,1. Service recorded as provided,50,1,2927
All published records,Focus family,Pothole Case,1. Service recorded as provided,51,2,2929
All published records,Focus family,Pothole Case,1. Service recorded as provided,53,1,2930
All published records,Focus family,Pothole Case,1. Service recorded as provided,54,1,2931
All published records,Focus family,Pothole Case,1. Service recorded as provided,55,1,2932
All published records,Focus family,Pothole Case,1. Service recorded as provided,60,1,2933
All published records,Focus family,Pothole Case,1. Service recorded as provided,63,1,2934
All published records,Focus family,Pothole Case,1. Service recorded as provided,65,1,2935
All published records,Focus family,Pothole Case,1. Service recorded as provided,67,1,2936
All published records,Focus family,Pothole Case,1. Service recorded as provided,71,1,2937
All published records,Focus family,Pothole Case,1. Service recorded as provided,75,1,2938
All published records,Focus family,Pothole Case,1. Service recorded as provided,100,1,2939
All published records,Focus family,Pothole Case,1. Service recorded as provided,183,1,2940
All published records,Focus family,Pothole Case,"2. Work assigned, referred or continuing",0,16,16
All published records,Focus family,Pothole Case,"2. Work assigned, referred or continuing",1,256,272
All published records,Focus family,Pothole Case,"2. Work assigned, referred or continuing",2,85,357
All published records,Focus family,Pothole Case,"2. Work assigned, referred or continuing",3,74,431
All published records,Focus family,Pothole Case,"2. Work assigned, referred or continuing",4,48,479
All published records,Focus family,Pothole Case,"2. Work assigned, referred or continuing",5,33,512
All published records,Focus family,Pothole Case,"2. Work assigned, referred or continuing",6,25,537
All published records,Focus family,Pothole Case,"2. Work assigned, referred or continuing",7,33,570
All published records,Focus family,Pothole Case,"2. Work assigned, referred or continuing",8,15,585
All published records,Focus family,Pothole Case,"2. Work assigned, referred or continuing",9,8,593
All published records,Focus family,Pothole Case,"2. Work assigned, referred or continuing",10,7,600
All published records,Focus family,Pothole Case,"2. Work assigned, referred or continuing",11,16,616
All published records,Focus family,Pothole Case,"2. Work assigned, referred or continuing",12,13,629
All published records,Focus family,Pothole Case,"2. Work assigned, referred or continuing",13,11,640
All published records,Focus family,Pothole Case,"2. Work assigned, referred or continuing",14,7,647
All published records,Focus family,Pothole Case,"2. Work assigned, referred or continuing",15,3,650
All published records,Focus family,Pothole Case,"2. Work assigned, referred or continuing",16,6,656
All published records,Focus family,Pothole Case,"2. Work assigned, referred or continuing",17,4,660
All published records,Focus family,Pothole Case,"2. Work assigned, referred or continuing",18,2,662
All published records,Focus family,Pothole Case,"2. Work assigned, referred or continuing",19,6,668
All published records,Focus family,Pothole Case,"2. Work assigned, referred or continuing",20,5,673
All published records,Focus family,Pothole Case,"2. Work assigned, referred or continuing",21,2,675
All published records,Focus family,Pothole Case,"2. Work assigned, referred or continuing",22,3,678
All published records,Focus family,Pothole Case,"2. Work assigned, referred or continuing",23,1,679
All published records,Focus family,Pothole Case,"2. Work assigned, referred or continuing",24,1,680
All published records,Focus family,Pothole Case,"2. Work assigned, referred or continuing",25,2,682
All published records,Focus family,Pothole Case,"2. Work assigned, referred or continuing",26,2,684
All published records,Focus family,Pothole Case,"2. Work assigned, referred or continuing",27,3,687
All published records,Focus family,Pothole Case,"2. Work assigned, referred or continuing",28,2,689
All published records,Focus family,Pothole Case,"2. Work assigned, referred or continuing",29,1,690
All published records,Focus family,Pothole Case,"2. Work assigned, referred or continuing",30,1,691
All published records,Focus family,Pothole Case,"2. Work assigned, referred or continuing",31,1,692
All published records,Focus family,Pothole Case,"2. Work assigned, referred or continuing",32,1,693
All published records,Focus family,Pothole Case,"2. Work assigned, referred or continuing",35,1,694
All published records,Focus family,Pothole Case,"2. Work assigned, referred or continuing",39,1,695
All published records,Focus family,Pothole Case,"2. Work assigned, referred or continuing",42,1,696
All published records,Focus family,Pothole Case,"2. Work assigned, referred or continuing",47,2,698
All published records,Focus family,Pothole Case,"2. Work assigned, referred or continuing",50,1,699
All published records,Focus family,Pothole Case,"2. Work assigned, referred or continuing",51,1,700
All published records,Focus family,Pothole Case,"2. Work assigned, referred or continuing",55,1,701
All published records,Focus family,Pothole Case,"2. Work assigned, referred or continuing",67,2,703
All published records,Focus family,Pothole Case,"2. Work assigned, referred or continuing",69,1,704
All published records,Focus family,Pothole Case,"2. Work assigned, referred or continuing",73,1,705
All published records,Focus family,Pothole Case,"2. Work assigned, referred or continuing",78,1,706
All published records,Focus family,Pothole Case,3. No service or no action recorded,0,2,2
All published records,Focus family,Pothole Case,3. No service or no action recorded,1,19,21
All published records,Focus family,Pothole Case,3. No service or no action recorded,2,19,40
All published records,Focus family,Pothole Case,3. No service or no action recorded,3,27,67
All published records,Focus family,Pothole Case,3. No service or no action recorded,4,12,79
All published records,Focus family,Pothole Case,3. No service or no action recorded,5,7,86
All published records,Focus family,Pothole Case,3. No service or no action recorded,6,12,98
All published records,Focus family,Pothole Case,3. No service or no action recorded,7,9,107
All published records,Focus family,Pothole Case,3. No service or no action recorded,8,3,110
All published records,Focus family,Pothole Case,3. No service or no action recorded,9,2,112
All published records,Focus family,Pothole Case,3. No service or no action recorded,10,2,114
All published records,Focus family,Pothole Case,3. No service or no action recorded,11,4,118
All published records,Focus family,Pothole Case,3. No service or no action recorded,12,3,121
All published records,Focus family,Pothole Case,3. No service or no action recorded,13,1,122
All published records,Focus family,Pothole Case,3. No service or no action recorded,14,3,125
All published records,Focus family,Pothole Case,3. No service or no action recorded,15,3,128
All published records,Focus family,Pothole Case,3. No service or no action recorded,17,1,129
All published records,Focus family,Pothole Case,3. No service or no action recorded,18,1,130
All published records,Focus family,Pothole Case,3. No service or no action recorded,20,1,131
All published records,Focus family,Pothole Case,3. No service or no action recorded,22,1,132
All published records,Focus family,Pothole Case,3. No service or no action recorded,24,2,134
All published records,Focus family,Pothole Case,3. No service or no action recorded,25,1,135
All published records,Focus family,Pothole Case,3. No service or no action recorded,29,1,136
All published records,Focus family,Pothole Case,3. No service or no action recorded,33,1,137
All published records,Focus family,Pothole Case,3. No service or no action recorded,34,1,138
All published records,Focus family,Pothole Case,3. No service or no action recorded,46,1,139
All published records,Focus family,Pothole Case,3. No service or no action recorded,48,1,140
All published records,Focus family,Pothole Case,3. No service or no action recorded,49,1,141
All published records,Focus family,Pothole Case,3. No service or no action recorded,73,1,142
All published records,Focus family,Pothole Case,3. No service or no action recorded,77,1,143
All published records,Focus family,Pothole Case,4. Insufficient information / could not proceed,1,1,1
All published records,Focus family,Pothole Case,4. Insufficient information / could not proceed,3,1,2
All published records,Focus family,Pothole Case,4. Insufficient information / could not proceed,11,1,3
All published records,Focus family,Pothole Case,5. Unknown or N/A,1,4,4
All published records,Focus family,Pothole Case,5. Unknown or N/A,3,3,7
All published records,Focus family,Pothole Case,5. Unknown or N/A,4,3,10
All published records,Focus family,Pothole Case,5. Unknown or N/A,5,6,16
All published records,Focus family,Pothole Case,5. Unknown or N/A,6,2,18
All published records,Focus family,Pothole Case,5. Unknown or N/A,7,2,20
All published records,Focus family,Pothole Case,5. Unknown or N/A,8,1,21
All published records,Focus family,Pothole Case,5. Unknown or N/A,9,1,22
All published records,Focus family,Pothole Case,5. Unknown or N/A,12,1,23
All published records,Focus family,Pothole Case,5. Unknown or N/A,13,1,24
All published records,Focus family,Pothole Case,5. Unknown or N/A,15,2,26
All published records,Focus family,Pothole Case,5. Unknown or N/A,16,1,27
All published records,Focus family,Pothole Case,5. Unknown or N/A,27,1,28
All published records,Focus family,Pothole Case,All outcomes (mixed),0,20,20
All published records,Focus family,Pothole Case,All outcomes (mixed),1,490,510
All published records,Focus family,Pothole Case,All outcomes (mixed),2,436,946
All published records,Focus family,Pothole Case,All outcomes (mixed),3,596,1542
All published records,Focus family,Pothole Case,All outcomes (mixed),4,439,1981
All published records,Focus family,Pothole Case,All outcomes (mixed),5,446,2427
All published records,Focus family,Pothole Case,All outcomes (mixed),6,322,2749
All published records,Focus family,Pothole Case,All outcomes (mixed),7,208,2957
All published records,Focus family,Pothole Case,All outcomes (mixed),8,121,3078
All published records,Focus family,Pothole Case,All outcomes (mixed),9,66,3144
All published records,Focus family,Pothole Case,All outcomes (mixed),10,102,3246
All published records,Focus family,Pothole Case,All outcomes (mixed),11,81,3327
All published records,Focus family,Pothole Case,All outcomes (mixed),12,64,3391
All published records,Focus family,Pothole Case,All outcomes (mixed),13,57,3448
All published records,Focus family,Pothole Case,All outcomes (mixed),14,54,3502
All published records,Focus family,Pothole Case,All outcomes (mixed),15,33,3535
All published records,Focus family,Pothole Case,All outcomes (mixed),16,38,3573
All published records,Focus family,Pothole Case,All outcomes (mixed),17,30,3603
All published records,Focus family,Pothole Case,All outcomes (mixed),18,23,3626
All published records,Focus family,Pothole Case,All outcomes (mixed),19,20,3646
All published records,Focus family,Pothole Case,All outcomes (mixed),20,21,3667
All published records,Focus family,Pothole Case,All outcomes (mixed),21,12,3679
All published records,Focus family,Pothole Case,All outcomes (mixed),22,8,3687
All published records,Focus family,Pothole Case,All outcomes (mixed),23,9,3696
All published records,Focus family,Pothole Case,All outcomes (mixed),24,7,3703
All published records,Focus family,Pothole Case,All outcomes (mixed),25,8,3711
All published records,Focus family,Pothole Case,All outcomes (mixed),26,3,3714
All published records,Focus family,Pothole Case,All outcomes (mixed),27,5,3719
All published records,Focus family,Pothole Case,All outcomes (mixed),28,6,3725
All published records,Focus family,Pothole Case,All outcomes (mixed),29,9,3734
All published records,Focus family,Pothole Case,All outcomes (mixed),30,6,3740
All published records,Focus family,Pothole Case,All outcomes (mixed),31,4,3744
All published records,Focus family,Pothole Case,All outcomes (mixed),32,3,3747
All published records,Focus family,Pothole Case,All outcomes (mixed),33,3,3750
All published records,Focus family,Pothole Case,All outcomes (mixed),34,3,3753
All published records,Focus family,Pothole Case,All outcomes (mixed),35,4,3757
All published records,Focus family,Pothole Case,All outcomes (mixed),36,5,3762
All published records,Focus family,Pothole Case,All outcomes (mixed),37,2,3764
All published records,Focus family,Pothole Case,All outcomes (mixed),38,1,3765
All published records,Focus family,Pothole Case,All outcomes (mixed),39,1,3766
All published records,Focus family,Pothole Case,All outcomes (mixed),40,3,3769
All published records,Focus family,Pothole Case,All outcomes (mixed),41,2,3771
All published records,Focus family,Pothole Case,All outcomes (mixed),42,4,3775
All published records,Focus family,Pothole Case,All outcomes (mixed),43,3,3778
All published records,Focus family,Pothole Case,All outcomes (mixed),44,1,3779
All published records,Focus family,Pothole Case,All outcomes (mixed),45,2,3781
All published records,Focus family,Pothole Case,All outcomes (mixed),46,2,3783
All published records,Focus family,Pothole Case,All outcomes (mixed),47,3,3786
All published records,Focus family,Pothole Case,All outcomes (mixed),48,2,3788
All published records,Focus family,Pothole Case,All outcomes (mixed),49,8,3796
All published records,Focus family,Pothole Case,All outcomes (mixed),50,2,3798
All published records,Focus family,Pothole Case,All outcomes (mixed),51,3,3801
All published records,Focus family,Pothole Case,All outcomes (mixed),53,1,3802
All published records,Focus family,Pothole Case,All outcomes (mixed),54,1,3803
All published records,Focus family,Pothole Case,All outcomes (mixed),55,2,3805
All published records,Focus family,Pothole Case,All outcomes (mixed),60,1,3806
All published records,Focus family,Pothole Case,All outcomes (mixed),63,1,3807
All published records,Focus family,Pothole Case,All outcomes (mixed),65,1,3808
All published records,Focus family,Pothole Case,All outcomes (mixed),67,3,3811
All published records,Focus family,Pothole Case,All outcomes (mixed),69,1,3812
All published records,Focus family,Pothole Case,All outcomes (mixed),71,1,3813
All published records,Focus family,Pothole Case,All outcomes (mixed),73,2,3815
All published records,Focus family,Pothole Case,All outcomes (mixed),75,1,3816
All published records,Focus family,Pothole Case,All outcomes (mixed),77,1,3817
All published records,Focus family,Pothole Case,All outcomes (mixed),78,1,3818
All published records,Focus family,Pothole Case,All outcomes (mixed),100,1,3819
All published records,Focus family,Pothole Case,All outcomes (mixed),183,1,3820
All published records,Focus family,Pothole Case,Further action has been planned,0,10,10
All published records,Focus family,Pothole Case,Further action has been planned,1,237,247
All published records,Focus family,Pothole Case,Further action has been planned,2,72,319
All published records,Focus family,Pothole Case,Further action has been planned,3,67,386
All published records,Focus family,Pothole Case,Further action has been planned,4,38,424
All published records,Focus family,Pothole Case,Further action has been planned,5,31,455
All published records,Focus family,Pothole Case,Further action has been planned,6,19,474
All published records,Focus family,Pothole Case,Further action has been planned,7,24,498
All published records,Focus family,Pothole Case,Further action has been planned,8,11,509
All published records,Focus family,Pothole Case,Further action has been planned,9,5,514
All published records,Focus family,Pothole Case,Further action has been planned,10,7,521
All published records,Focus family,Pothole Case,Further action has been planned,11,11,532
All published records,Focus family,Pothole Case,Further action has been planned,12,11,543
All published records,Focus family,Pothole Case,Further action has been planned,13,11,554
All published records,Focus family,Pothole Case,Further action has been planned,14,6,560
All published records,Focus family,Pothole Case,Further action has been planned,15,3,563
All published records,Focus family,Pothole Case,Further action has been planned,16,5,568
All published records,Focus family,Pothole Case,Further action has been planned,17,4,572
All published records,Focus family,Pothole Case,Further action has been planned,19,6,578
All published records,Focus family,Pothole Case,Further action has been planned,20,5,583
All published records,Focus family,Pothole Case,Further action has been planned,21,2,585
All published records,Focus family,Pothole Case,Further action has been planned,22,3,588
All published records,Focus family,Pothole Case,Further action has been planned,23,1,589
All published records,Focus family,Pothole Case,Further action has been planned,25,2,591
All published records,Focus family,Pothole Case,Further action has been planned,26,2,593
All published records,Focus family,Pothole Case,Further action has been planned,27,3,596
All published records,Focus family,Pothole Case,Further action has been planned,28,2,598
All published records,Focus family,Pothole Case,Further action has been planned,29,1,599
All published records,Focus family,Pothole Case,Further action has been planned,30,1,600
All published records,Focus family,Pothole Case,Further action has been planned,31,1,601
All published records,Focus family,Pothole Case,Further action has been planned,39,1,602
All published records,Focus family,Pothole Case,Further action has been planned,42,1,603
All published records,Focus family,Pothole Case,Further action has been planned,47,1,604
All published records,Focus family,Pothole Case,Further action has been planned,50,1,605
All published records,Focus family,Pothole Case,Further action has been planned,51,1,606
All published records,Focus family,Pothole Case,Further action has been planned,55,1,607
All published records,Focus family,Pothole Case,Further action has been planned,67,2,609
All published records,Focus family,Pothole Case,Further action has been planned,69,1,610
All published records,Focus family,Pothole Case,Further action has been planned,73,1,611
All published records,Focus family,Pothole Case,Further action has been planned,78,1,612
All published records,Focus family,Pothole Case,Referred to another service group,0,6,6
All published records,Focus family,Pothole Case,Referred to another service group,1,19,25
All published records,Focus family,Pothole Case,Referred to another service group,2,13,38
All published records,Focus family,Pothole Case,Referred to another service group,3,7,45
All published records,Focus family,Pothole Case,Referred to another service group,4,10,55
All published records,Focus family,Pothole Case,Referred to another service group,5,2,57
All published records,Focus family,Pothole Case,Referred to another service group,6,6,63
All published records,Focus family,Pothole Case,Referred to another service group,7,9,72
All published records,Focus family,Pothole Case,Referred to another service group,8,4,76
All published records,Focus family,Pothole Case,Referred to another service group,9,3,79
All published records,Focus family,Pothole Case,Referred to another service group,11,5,84
All published records,Focus family,Pothole Case,Referred to another service group,12,2,86
All published records,Focus family,Pothole Case,Referred to another service group,14,1,87
All published records,Focus family,Pothole Case,Referred to another service group,16,1,88
All published records,Focus family,Pothole Case,Referred to another service group,18,2,90
All published records,Focus family,Pothole Case,Referred to another service group,24,1,91
All published records,Focus family,Pothole Case,Referred to another service group,32,1,92
All published records,Focus family,Pothole Case,Referred to another service group,35,1,93
All published records,Focus family,Pothole Case,Referred to another service group,47,1,94
All published records,Focus family,Sidewalk Repair Case,1. Service recorded as provided,0,1,1
All published records,Focus family,Sidewalk Repair Case,1. Service recorded as provided,1,95,96
All published records,Focus family,Sidewalk Repair Case,1. Service recorded as provided,2,98,194
All published records,Focus family,Sidewalk Repair Case,1. Service recorded as provided,3,126,320
All published records,Focus family,Sidewalk Repair Case,1. Service recorded as provided,4,112,432
All published records,Focus family,Sidewalk Repair Case,1. Service recorded as provided,5,114,546
All published records,Focus family,Sidewalk Repair Case,1. Service recorded as provided,6,125,671
All published records,Focus family,Sidewalk Repair Case,1. Service recorded as provided,7,72,743
All published records,Focus family,Sidewalk Repair Case,1. Service recorded as provided,8,33,776
All published records,Focus family,Sidewalk Repair Case,1. Service recorded as provided,9,14,790
All published records,Focus family,Sidewalk Repair Case,1. Service recorded as provided,10,13,803
All published records,Focus family,Sidewalk Repair Case,1. Service recorded as provided,11,10,813
All published records,Focus family,Sidewalk Repair Case,1. Service recorded as provided,12,12,825
All published records,Focus family,Sidewalk Repair Case,1. Service recorded as provided,13,13,838
All published records,Focus family,Sidewalk Repair Case,1. Service recorded as provided,14,18,856
All published records,Focus family,Sidewalk Repair Case,1. Service recorded as provided,15,5,861
All published records,Focus family,Sidewalk Repair Case,1. Service recorded as provided,16,6,867
All published records,Focus family,Sidewalk Repair Case,1. Service recorded as provided,17,4,871
All published records,Focus family,Sidewalk Repair Case,1. Service recorded as provided,18,3,874
All published records,Focus family,Sidewalk Repair Case,1. Service recorded as provided,19,2,876
All published records,Focus family,Sidewalk Repair Case,1. Service recorded as provided,20,3,879
All published records,Focus family,Sidewalk Repair Case,1. Service recorded as provided,21,3,882
All published records,Focus family,Sidewalk Repair Case,1. Service recorded as provided,22,2,884
All published records,Focus family,Sidewalk Repair Case,1. Service recorded as provided,23,2,886
All published records,Focus family,Sidewalk Repair Case,1. Service recorded as provided,25,2,888
All published records,Focus family,Sidewalk Repair Case,1. Service recorded as provided,29,1,889
All published records,Focus family,Sidewalk Repair Case,1. Service recorded as provided,30,1,890
All published records,Focus family,Sidewalk Repair Case,1. Service recorded as provided,36,1,891
All published records,Focus family,Sidewalk Repair Case,1. Service recorded as provided,39,1,892
All published records,Focus family,Sidewalk Repair Case,1. Service recorded as provided,41,1,893
All published records,Focus family,Sidewalk Repair Case,1. Service recorded as provided,49,1,894
All published records,Focus family,Sidewalk Repair Case,1. Service recorded as provided,56,1,895
All published records,Focus family,Sidewalk Repair Case,1. Service recorded as provided,59,1,896
All published records,Focus family,Sidewalk Repair Case,1. Service recorded as provided,60,1,897
All published records,Focus family,Sidewalk Repair Case,1. Service recorded as provided,62,1,898
All published records,Focus family,Sidewalk Repair Case,1. Service recorded as provided,75,1,899
All published records,Focus family,Sidewalk Repair Case,1. Service recorded as provided,82,1,900
All published records,Focus family,Sidewalk Repair Case,1. Service recorded as provided,99,1,901
All published records,Focus family,Sidewalk Repair Case,1. Service recorded as provided,113,1,902
All published records,Focus family,Sidewalk Repair Case,1. Service recorded as provided,134,1,903
All published records,Focus family,Sidewalk Repair Case,1. Service recorded as provided,143,1,904
All published records,Focus family,Sidewalk Repair Case,"2. Work assigned, referred or continuing",0,16,16
All published records,Focus family,Sidewalk Repair Case,"2. Work assigned, referred or continuing",1,106,122
All published records,Focus family,Sidewalk Repair Case,"2. Work assigned, referred or continuing",2,56,178
All published records,Focus family,Sidewalk Repair Case,"2. Work assigned, referred or continuing",3,47,225
All published records,Focus family,Sidewalk Repair Case,"2. Work assigned, referred or continuing",4,49,274
All published records,Focus family,Sidewalk Repair Case,"2. Work assigned, referred or continuing",5,49,323
All published records,Focus family,Sidewalk Repair Case,"2. Work assigned, referred or continuing",6,53,376
All published records,Focus family,Sidewalk Repair Case,"2. Work assigned, referred or continuing",7,48,424
All published records,Focus family,Sidewalk Repair Case,"2. Work assigned, referred or continuing",8,30,454
All published records,Focus family,Sidewalk Repair Case,"2. Work assigned, referred or continuing",9,27,481
All published records,Focus family,Sidewalk Repair Case,"2. Work assigned, referred or continuing",10,29,510
All published records,Focus family,Sidewalk Repair Case,"2. Work assigned, referred or continuing",11,27,537
All published records,Focus family,Sidewalk Repair Case,"2. Work assigned, referred or continuing",12,20,557
All published records,Focus family,Sidewalk Repair Case,"2. Work assigned, referred or continuing",13,16,573
All published records,Focus family,Sidewalk Repair Case,"2. Work assigned, referred or continuing",14,20,593
All published records,Focus family,Sidewalk Repair Case,"2. Work assigned, referred or continuing",15,17,610
All published records,Focus family,Sidewalk Repair Case,"2. Work assigned, referred or continuing",16,17,627
All published records,Focus family,Sidewalk Repair Case,"2. Work assigned, referred or continuing",17,12,639
All published records,Focus family,Sidewalk Repair Case,"2. Work assigned, referred or continuing",18,4,643
All published records,Focus family,Sidewalk Repair Case,"2. Work assigned, referred or continuing",19,10,653
All published records,Focus family,Sidewalk Repair Case,"2. Work assigned, referred or continuing",20,11,664
All published records,Focus family,Sidewalk Repair Case,"2. Work assigned, referred or continuing",21,12,676
All published records,Focus family,Sidewalk Repair Case,"2. Work assigned, referred or continuing",22,6,682
All published records,Focus family,Sidewalk Repair Case,"2. Work assigned, referred or continuing",23,8,690
All published records,Focus family,Sidewalk Repair Case,"2. Work assigned, referred or continuing",24,5,695
All published records,Focus family,Sidewalk Repair Case,"2. Work assigned, referred or continuing",25,6,701
All published records,Focus family,Sidewalk Repair Case,"2. Work assigned, referred or continuing",26,3,704
All published records,Focus family,Sidewalk Repair Case,"2. Work assigned, referred or continuing",27,8,712
All published records,Focus family,Sidewalk Repair Case,"2. Work assigned, referred or continuing",28,3,715
All published records,Focus family,Sidewalk Repair Case,"2. Work assigned, referred or continuing",29,5,720
All published records,Focus family,Sidewalk Repair Case,"2. Work assigned, referred or continuing",30,2,722
All published records,Focus family,Sidewalk Repair Case,"2. Work assigned, referred or continuing",31,2,724
All published records,Focus family,Sidewalk Repair Case,"2. Work assigned, referred or continuing",32,1,725
All published records,Focus family,Sidewalk Repair Case,"2. Work assigned, referred or continuing",33,6,731
All published records,Focus family,Sidewalk Repair Case,"2. Work assigned, referred or continuing",34,1,732
All published records,Focus family,Sidewalk Repair Case,"2. Work assigned, referred or continuing",37,2,734
All published records,Focus family,Sidewalk Repair Case,"2. Work assigned, referred or continuing",39,1,735
All published records,Focus family,Sidewalk Repair Case,"2. Work assigned, referred or continuing",41,1,736
All published records,Focus family,Sidewalk Repair Case,"2. Work assigned, referred or continuing",42,2,738
All published records,Focus family,Sidewalk Repair Case,"2. Work assigned, referred or continuing",43,1,739
All published records,Focus family,Sidewalk Repair Case,"2. Work assigned, referred or continuing",44,2,741
All published records,Focus family,Sidewalk Repair Case,"2. Work assigned, referred or continuing",45,1,742
All published records,Focus family,Sidewalk Repair Case,"2. Work assigned, referred or continuing",47,3,745
All published records,Focus family,Sidewalk Repair Case,"2. Work assigned, referred or continuing",49,1,746
All published records,Focus family,Sidewalk Repair Case,"2. Work assigned, referred or continuing",52,2,748
All published records,Focus family,Sidewalk Repair Case,"2. Work assigned, referred or continuing",53,1,749
All published records,Focus family,Sidewalk Repair Case,"2. Work assigned, referred or continuing",54,2,751
All published records,Focus family,Sidewalk Repair Case,"2. Work assigned, referred or continuing",58,1,752
All published records,Focus family,Sidewalk Repair Case,"2. Work assigned, referred or continuing",59,1,753
All published records,Focus family,Sidewalk Repair Case,"2. Work assigned, referred or continuing",63,1,754
All published records,Focus family,Sidewalk Repair Case,"2. Work assigned, referred or continuing",70,1,755
All published records,Focus family,Sidewalk Repair Case,"2. Work assigned, referred or continuing",75,1,756
All published records,Focus family,Sidewalk Repair Case,"2. Work assigned, referred or continuing",88,1,757
All published records,Focus family,Sidewalk Repair Case,"2. Work assigned, referred or continuing",137,1,758
All published records,Focus family,Sidewalk Repair Case,"2. Work assigned, referred or continuing",141,1,759
All published records,Focus family,Sidewalk Repair Case,"2. Work assigned, referred or continuing",190,1,760
All published records,Focus family,Sidewalk Repair Case,"2. Work assigned, referred or continuing",256,1,761
All published records,Focus family,Sidewalk Repair Case,3. No service or no action recorded,0,4,4
All published records,Focus family,Sidewalk Repair Case,3. No service or no action recorded,1,26,30
All published records,Focus family,Sidewalk Repair Case,3. No service or no action recorded,2,28,58
All published records,Focus family,Sidewalk Repair Case,3. No service or no action recorded,3,20,78
All published records,Focus family,Sidewalk Repair Case,3. No service or no action recorded,4,14,92
All published records,Focus family,Sidewalk Repair Case,3. No service or no action recorded,5,15,107
All published records,Focus family,Sidewalk Repair Case,3. No service or no action recorded,6,16,123
All published records,Focus family,Sidewalk Repair Case,3. No service or no action recorded,7,18,141
All published records,Focus family,Sidewalk Repair Case,3. No service or no action recorded,8,7,148
All published records,Focus family,Sidewalk Repair Case,3. No service or no action recorded,9,4,152
All published records,Focus family,Sidewalk Repair Case,3. No service or no action recorded,10,3,155
All published records,Focus family,Sidewalk Repair Case,3. No service or no action recorded,11,4,159
All published records,Focus family,Sidewalk Repair Case,3. No service or no action recorded,12,6,165
All published records,Focus family,Sidewalk Repair Case,3. No service or no action recorded,13,4,169
All published records,Focus family,Sidewalk Repair Case,3. No service or no action recorded,14,3,172
All published records,Focus family,Sidewalk Repair Case,3. No service or no action recorded,15,1,173
All published records,Focus family,Sidewalk Repair Case,3. No service or no action recorded,16,2,175
All published records,Focus family,Sidewalk Repair Case,3. No service or no action recorded,17,1,176
All published records,Focus family,Sidewalk Repair Case,3. No service or no action recorded,18,5,181
All published records,Focus family,Sidewalk Repair Case,3. No service or no action recorded,19,2,183
All published records,Focus family,Sidewalk Repair Case,3. No service or no action recorded,20,1,184
All published records,Focus family,Sidewalk Repair Case,3. No service or no action recorded,21,3,187
All published records,Focus family,Sidewalk Repair Case,3. No service or no action recorded,22,3,190
All published records,Focus family,Sidewalk Repair Case,3. No service or no action recorded,25,2,192
All published records,Focus family,Sidewalk Repair Case,3. No service or no action recorded,35,1,193
All published records,Focus family,Sidewalk Repair Case,3. No service or no action recorded,42,1,194
All published records,Focus family,Sidewalk Repair Case,3. No service or no action recorded,43,1,195
All published records,Focus family,Sidewalk Repair Case,3. No service or no action recorded,46,1,196
All published records,Focus family,Sidewalk Repair Case,3. No service or no action recorded,47,1,197
All published records,Focus family,Sidewalk Repair Case,3. No service or no action recorded,48,1,198
All published records,Focus family,Sidewalk Repair Case,3. No service or no action recorded,59,1,199
All published records,Focus family,Sidewalk Repair Case,3. No service or no action recorded,72,1,200
All published records,Focus family,Sidewalk Repair Case,3. No service or no action recorded,97,1,201
All published records,Focus family,Sidewalk Repair Case,3. No service or no action recorded,154,1,202
All published records,Focus family,Sidewalk Repair Case,3. No service or no action recorded,161,1,203
All published records,Focus family,Sidewalk Repair Case,3. No service or no action recorded,192,1,204
All published records,Focus family,Sidewalk Repair Case,3. No service or no action recorded,485,1,205
All published records,Focus family,Sidewalk Repair Case,4. Insufficient information / could not proceed,1,1,1
All published records,Focus family,Sidewalk Repair Case,4. Insufficient information / could not proceed,5,1,2
All published records,Focus family,Sidewalk Repair Case,4. Insufficient information / could not proceed,6,1,3
All published records,Focus family,Sidewalk Repair Case,5. Unknown or N/A,1,1,1
All published records,Focus family,Sidewalk Repair Case,5. Unknown or N/A,3,1,2
All published records,Focus family,Sidewalk Repair Case,5. Unknown or N/A,4,1,3
All published records,Focus family,Sidewalk Repair Case,5. Unknown or N/A,5,1,4
All published records,Focus family,Sidewalk Repair Case,5. Unknown or N/A,6,5,9
All published records,Focus family,Sidewalk Repair Case,All outcomes (mixed),0,21,21
All published records,Focus family,Sidewalk Repair Case,All outcomes (mixed),1,229,250
All published records,Focus family,Sidewalk Repair Case,All outcomes (mixed),2,182,432
All published records,Focus family,Sidewalk Repair Case,All outcomes (mixed),3,194,626
All published records,Focus family,Sidewalk Repair Case,All outcomes (mixed),4,176,802
All published records,Focus family,Sidewalk Repair Case,All outcomes (mixed),5,180,982
All published records,Focus family,Sidewalk Repair Case,All outcomes (mixed),6,200,1182
All published records,Focus family,Sidewalk Repair Case,All outcomes (mixed),7,138,1320
All published records,Focus family,Sidewalk Repair Case,All outcomes (mixed),8,70,1390
All published records,Focus family,Sidewalk Repair Case,All outcomes (mixed),9,45,1435
All published records,Focus family,Sidewalk Repair Case,All outcomes (mixed),10,45,1480
All published records,Focus family,Sidewalk Repair Case,All outcomes (mixed),11,41,1521
All published records,Focus family,Sidewalk Repair Case,All outcomes (mixed),12,38,1559
All published records,Focus family,Sidewalk Repair Case,All outcomes (mixed),13,33,1592
All published records,Focus family,Sidewalk Repair Case,All outcomes (mixed),14,41,1633
All published records,Focus family,Sidewalk Repair Case,All outcomes (mixed),15,23,1656
All published records,Focus family,Sidewalk Repair Case,All outcomes (mixed),16,25,1681
All published records,Focus family,Sidewalk Repair Case,All outcomes (mixed),17,17,1698
All published records,Focus family,Sidewalk Repair Case,All outcomes (mixed),18,12,1710
All published records,Focus family,Sidewalk Repair Case,All outcomes (mixed),19,14,1724
All published records,Focus family,Sidewalk Repair Case,All outcomes (mixed),20,15,1739
All published records,Focus family,Sidewalk Repair Case,All outcomes (mixed),21,18,1757
All published records,Focus family,Sidewalk Repair Case,All outcomes (mixed),22,11,1768
All published records,Focus family,Sidewalk Repair Case,All outcomes (mixed),23,10,1778
All published records,Focus family,Sidewalk Repair Case,All outcomes (mixed),24,5,1783
All published records,Focus family,Sidewalk Repair Case,All outcomes (mixed),25,10,1793
All published records,Focus family,Sidewalk Repair Case,All outcomes (mixed),26,3,1796
All published records,Focus family,Sidewalk Repair Case,All outcomes (mixed),27,8,1804
All published records,Focus family,Sidewalk Repair Case,All outcomes (mixed),28,3,1807
All published records,Focus family,Sidewalk Repair Case,All outcomes (mixed),29,6,1813
All published records,Focus family,Sidewalk Repair Case,All outcomes (mixed),30,3,1816
All published records,Focus family,Sidewalk Repair Case,All outcomes (mixed),31,2,1818
All published records,Focus family,Sidewalk Repair Case,All outcomes (mixed),32,1,1819
All published records,Focus family,Sidewalk Repair Case,All outcomes (mixed),33,6,1825
All published records,Focus family,Sidewalk Repair Case,All outcomes (mixed),34,1,1826
All published records,Focus family,Sidewalk Repair Case,All outcomes (mixed),35,1,1827
All published records,Focus family,Sidewalk Repair Case,All outcomes (mixed),36,1,1828
All published records,Focus family,Sidewalk Repair Case,All outcomes (mixed),37,2,1830
All published records,Focus family,Sidewalk Repair Case,All outcomes (mixed),39,2,1832
All published records,Focus family,Sidewalk Repair Case,All outcomes (mixed),41,2,1834
All published records,Focus family,Sidewalk Repair Case,All outcomes (mixed),42,3,1837
All published records,Focus family,Sidewalk Repair Case,All outcomes (mixed),43,2,1839
All published records,Focus family,Sidewalk Repair Case,All outcomes (mixed),44,2,1841
All published records,Focus family,Sidewalk Repair Case,All outcomes (mixed),45,1,1842
All published records,Focus family,Sidewalk Repair Case,All outcomes (mixed),46,1,1843
All published records,Focus family,Sidewalk Repair Case,All outcomes (mixed),47,4,1847
All published records,Focus family,Sidewalk Repair Case,All outcomes (mixed),48,1,1848
All published records,Focus family,Sidewalk Repair Case,All outcomes (mixed),49,2,1850
All published records,Focus family,Sidewalk Repair Case,All outcomes (mixed),52,2,1852
All published records,Focus family,Sidewalk Repair Case,All outcomes (mixed),53,1,1853
All published records,Focus family,Sidewalk Repair Case,All outcomes (mixed),54,2,1855
All published records,Focus family,Sidewalk Repair Case,All outcomes (mixed),56,1,1856
All published records,Focus family,Sidewalk Repair Case,All outcomes (mixed),58,1,1857
All published records,Focus family,Sidewalk Repair Case,All outcomes (mixed),59,3,1860
All published records,Focus family,Sidewalk Repair Case,All outcomes (mixed),60,1,1861
All published records,Focus family,Sidewalk Repair Case,All outcomes (mixed),62,1,1862
All published records,Focus family,Sidewalk Repair Case,All outcomes (mixed),63,1,1863
All published records,Focus family,Sidewalk Repair Case,All outcomes (mixed),70,1,1864
All published records,Focus family,Sidewalk Repair Case,All outcomes (mixed),72,1,1865
All published records,Focus family,Sidewalk Repair Case,All outcomes (mixed),75,2,1867
All published records,Focus family,Sidewalk Repair Case,All outcomes (mixed),82,1,1868
All published records,Focus family,Sidewalk Repair Case,All outcomes (mixed),88,1,1869
All published records,Focus family,Sidewalk Repair Case,All outcomes (mixed),97,1,1870
All published records,Focus family,Sidewalk Repair Case,All outcomes (mixed),99,1,1871
All published records,Focus family,Sidewalk Repair Case,All outcomes (mixed),113,1,1872
All published records,Focus family,Sidewalk Repair Case,All outcomes (mixed),134,1,1873
All published records,Focus family,Sidewalk Repair Case,All outcomes (mixed),137,1,1874
All published records,Focus family,Sidewalk Repair Case,All outcomes (mixed),141,1,1875
All published records,Focus family,Sidewalk Repair Case,All outcomes (mixed),143,1,1876
All published records,Focus family,Sidewalk Repair Case,All outcomes (mixed),154,1,1877
All published records,Focus family,Sidewalk Repair Case,All outcomes (mixed),161,1,1878
All published records,Focus family,Sidewalk Repair Case,All outcomes (mixed),190,1,1879
All published records,Focus family,Sidewalk Repair Case,All outcomes (mixed),192,1,1880
All published records,Focus family,Sidewalk Repair Case,All outcomes (mixed),256,1,1881
All published records,Focus family,Sidewalk Repair Case,All outcomes (mixed),485,1,1882
All published records,Focus family,Sidewalk Repair Case,Further action has been planned,0,1,1
All published records,Focus family,Sidewalk Repair Case,Further action has been planned,1,28,29
All published records,Focus family,Sidewalk Repair Case,Further action has been planned,2,24,53
All published records,Focus family,Sidewalk Repair Case,Further action has been planned,3,27,80
All published records,Focus family,Sidewalk Repair Case,Further action has been planned,4,37,117
All published records,Focus family,Sidewalk Repair Case,Further action has been planned,5,38,155
All published records,Focus family,Sidewalk Repair Case,Further action has been planned,6,41,196
All published records,Focus family,Sidewalk Repair Case,Further action has been planned,7,42,238
All published records,Focus family,Sidewalk Repair Case,Further action has been planned,8,28,266
All published records,Focus family,Sidewalk Repair Case,Further action has been planned,9,26,292
All published records,Focus family,Sidewalk Repair Case,Further action has been planned,10,27,319
All published records,Focus family,Sidewalk Repair Case,Further action has been planned,11,25,344
All published records,Focus family,Sidewalk Repair Case,Further action has been planned,12,18,362
All published records,Focus family,Sidewalk Repair Case,Further action has been planned,13,15,377
All published records,Focus family,Sidewalk Repair Case,Further action has been planned,14,18,395
All published records,Focus family,Sidewalk Repair Case,Further action has been planned,15,16,411
All published records,Focus family,Sidewalk Repair Case,Further action has been planned,16,14,425
All published records,Focus family,Sidewalk Repair Case,Further action has been planned,17,11,436
All published records,Focus family,Sidewalk Repair Case,Further action has been planned,18,4,440
All published records,Focus family,Sidewalk Repair Case,Further action has been planned,19,10,450
All published records,Focus family,Sidewalk Repair Case,Further action has been planned,20,11,461
All published records,Focus family,Sidewalk Repair Case,Further action has been planned,21,12,473
All published records,Focus family,Sidewalk Repair Case,Further action has been planned,22,6,479
All published records,Focus family,Sidewalk Repair Case,Further action has been planned,23,8,487
All published records,Focus family,Sidewalk Repair Case,Further action has been planned,24,5,492
All published records,Focus family,Sidewalk Repair Case,Further action has been planned,25,5,497
All published records,Focus family,Sidewalk Repair Case,Further action has been planned,26,3,500
All published records,Focus family,Sidewalk Repair Case,Further action has been planned,27,8,508
All published records,Focus family,Sidewalk Repair Case,Further action has been planned,28,3,511
All published records,Focus family,Sidewalk Repair Case,Further action has been planned,29,5,516
All published records,Focus family,Sidewalk Repair Case,Further action has been planned,30,2,518
All published records,Focus family,Sidewalk Repair Case,Further action has been planned,31,2,520
All published records,Focus family,Sidewalk Repair Case,Further action has been planned,32,1,521
All published records,Focus family,Sidewalk Repair Case,Further action has been planned,33,6,527
All published records,Focus family,Sidewalk Repair Case,Further action has been planned,34,1,528
All published records,Focus family,Sidewalk Repair Case,Further action has been planned,37,2,530
All published records,Focus family,Sidewalk Repair Case,Further action has been planned,39,1,531
All published records,Focus family,Sidewalk Repair Case,Further action has been planned,41,1,532
All published records,Focus family,Sidewalk Repair Case,Further action has been planned,42,2,534
All published records,Focus family,Sidewalk Repair Case,Further action has been planned,43,1,535
All published records,Focus family,Sidewalk Repair Case,Further action has been planned,44,2,537
All published records,Focus family,Sidewalk Repair Case,Further action has been planned,45,1,538
All published records,Focus family,Sidewalk Repair Case,Further action has been planned,47,3,541
All published records,Focus family,Sidewalk Repair Case,Further action has been planned,49,1,542
All published records,Focus family,Sidewalk Repair Case,Further action has been planned,52,1,543
All published records,Focus family,Sidewalk Repair Case,Further action has been planned,54,2,545
All published records,Focus family,Sidewalk Repair Case,Further action has been planned,58,1,546
All published records,Focus family,Sidewalk Repair Case,Further action has been planned,63,1,547
All published records,Focus family,Sidewalk Repair Case,Further action has been planned,88,1,548
All published records,Focus family,Sidewalk Repair Case,Further action has been planned,141,1,549
All published records,Focus family,Sidewalk Repair Case,Further action has been planned,190,1,550
All published records,Focus family,Sidewalk Repair Case,Further action has been planned,256,1,551
All published records,Focus family,Sidewalk Repair Case,Referred to another service group,0,15,15
All published records,Focus family,Sidewalk Repair Case,Referred to another service group,1,78,93
All published records,Focus family,Sidewalk Repair Case,Referred to another service group,2,32,125
All published records,Focus family,Sidewalk Repair Case,Referred to another service group,3,20,145
All published records,Focus family,Sidewalk Repair Case,Referred to another service group,4,12,157
All published records,Focus family,Sidewalk Repair Case,Referred to another service group,5,11,168
All published records,Focus family,Sidewalk Repair Case,Referred to another service group,6,12,180
All published records,Focus family,Sidewalk Repair Case,Referred to another service group,7,6,186
All published records,Focus family,Sidewalk Repair Case,Referred to another service group,8,2,188
All published records,Focus family,Sidewalk Repair Case,Referred to another service group,9,1,189
All published records,Focus family,Sidewalk Repair Case,Referred to another service group,10,2,191
All published records,Focus family,Sidewalk Repair Case,Referred to another service group,11,2,193
All published records,Focus family,Sidewalk Repair Case,Referred to another service group,12,2,195
All published records,Focus family,Sidewalk Repair Case,Referred to another service group,13,1,196
All published records,Focus family,Sidewalk Repair Case,Referred to another service group,14,2,198
All published records,Focus family,Sidewalk Repair Case,Referred to another service group,15,1,199
All published records,Focus family,Sidewalk Repair Case,Referred to another service group,16,3,202
All published records,Focus family,Sidewalk Repair Case,Referred to another service group,17,1,203
All published records,Focus family,Sidewalk Repair Case,Referred to another service group,25,1,204
All published records,Focus family,Sidewalk Repair Case,Referred to another service group,52,1,205
All published records,Focus family,Sidewalk Repair Case,Referred to another service group,53,1,206
All published records,Focus family,Sidewalk Repair Case,Referred to another service group,59,1,207
All published records,Focus family,Sidewalk Repair Case,Referred to another service group,70,1,208
All published records,Focus family,Sidewalk Repair Case,Referred to another service group,75,1,209
All published records,Focus family,Sidewalk Repair Case,Referred to another service group,137,1,210
All published records,Focus family,Street Repair Case,1. Service recorded as provided,0,3,3
All published records,Focus family,Street Repair Case,1. Service recorded as provided,1,66,69
All published records,Focus family,Street Repair Case,1. Service recorded as provided,2,78,147
All published records,Focus family,Street Repair Case,1. Service recorded as provided,3,79,226
All published records,Focus family,Street Repair Case,1. Service recorded as provided,4,75,301
All published records,Focus family,Street Repair Case,1. Service recorded as provided,5,64,365
All published records,Focus family,Street Repair Case,1. Service recorded as provided,6,61,426
All published records,Focus family,Street Repair Case,1. Service recorded as provided,7,46,472
All published records,Focus family,Street Repair Case,1. Service recorded as provided,8,15,487
All published records,Focus family,Street Repair Case,1. Service recorded as provided,9,23,510
All published records,Focus family,Street Repair Case,1. Service recorded as provided,10,18,528
All published records,Focus family,Street Repair Case,1. Service recorded as provided,11,20,548
All published records,Focus family,Street Repair Case,1. Service recorded as provided,12,12,560
All published records,Focus family,Street Repair Case,1. Service recorded as provided,13,10,570
All published records,Focus family,Street Repair Case,1. Service recorded as provided,14,10,580
All published records,Focus family,Street Repair Case,1. Service recorded as provided,15,14,594
All published records,Focus family,Street Repair Case,1. Service recorded as provided,16,11,605
All published records,Focus family,Street Repair Case,1. Service recorded as provided,17,8,613
All published records,Focus family,Street Repair Case,1. Service recorded as provided,18,8,621
All published records,Focus family,Street Repair Case,1. Service recorded as provided,19,5,626
All published records,Focus family,Street Repair Case,1. Service recorded as provided,20,1,627
All published records,Focus family,Street Repair Case,1. Service recorded as provided,21,6,633
All published records,Focus family,Street Repair Case,1. Service recorded as provided,22,4,637
All published records,Focus family,Street Repair Case,1. Service recorded as provided,23,2,639
All published records,Focus family,Street Repair Case,1. Service recorded as provided,25,4,643
All published records,Focus family,Street Repair Case,1. Service recorded as provided,26,1,644
All published records,Focus family,Street Repair Case,1. Service recorded as provided,27,1,645
All published records,Focus family,Street Repair Case,1. Service recorded as provided,28,2,647
All published records,Focus family,Street Repair Case,1. Service recorded as provided,29,4,651
All published records,Focus family,Street Repair Case,1. Service recorded as provided,31,2,653
All published records,Focus family,Street Repair Case,1. Service recorded as provided,32,1,654
All published records,Focus family,Street Repair Case,1. Service recorded as provided,33,2,656
All published records,Focus family,Street Repair Case,1. Service recorded as provided,34,1,657
All published records,Focus family,Street Repair Case,1. Service recorded as provided,36,2,659
All published records,Focus family,Street Repair Case,1. Service recorded as provided,37,1,660
All published records,Focus family,Street Repair Case,1. Service recorded as provided,39,1,661
All published records,Focus family,Street Repair Case,1. Service recorded as provided,42,1,662
All published records,Focus family,Street Repair Case,1. Service recorded as provided,49,3,665
All published records,Focus family,Street Repair Case,1. Service recorded as provided,52,1,666
All published records,Focus family,Street Repair Case,1. Service recorded as provided,53,1,667
All published records,Focus family,Street Repair Case,1. Service recorded as provided,54,1,668
All published records,Focus family,Street Repair Case,1. Service recorded as provided,56,1,669
All published records,Focus family,Street Repair Case,1. Service recorded as provided,57,2,671
All published records,Focus family,Street Repair Case,1. Service recorded as provided,62,1,672
All published records,Focus family,Street Repair Case,1. Service recorded as provided,69,1,673
All published records,Focus family,Street Repair Case,1. Service recorded as provided,73,1,674
All published records,Focus family,Street Repair Case,1. Service recorded as provided,74,1,675
All published records,Focus family,Street Repair Case,1. Service recorded as provided,75,1,676
All published records,Focus family,Street Repair Case,1. Service recorded as provided,77,2,678
All published records,Focus family,Street Repair Case,1. Service recorded as provided,78,1,679
All published records,Focus family,Street Repair Case,1. Service recorded as provided,82,1,680
All published records,Focus family,Street Repair Case,1. Service recorded as provided,88,1,681
All published records,Focus family,Street Repair Case,1. Service recorded as provided,101,1,682
All published records,Focus family,Street Repair Case,1. Service recorded as provided,119,1,683
All published records,Focus family,Street Repair Case,1. Service recorded as provided,160,1,684
All published records,Focus family,Street Repair Case,1. Service recorded as provided,179,1,685
All published records,Focus family,Street Repair Case,1. Service recorded as provided,187,1,686
All published records,Focus family,Street Repair Case,1. Service recorded as provided,209,1,687
All published records,Focus family,Street Repair Case,1. Service recorded as provided,220,1,688
All published records,Focus family,Street Repair Case,1. Service recorded as provided,252,1,689
All published records,Focus family,Street Repair Case,"2. Work assigned, referred or continuing",0,15,15
All published records,Focus family,Street Repair Case,"2. Work assigned, referred or continuing",1,172,187
All published records,Focus family,Street Repair Case,"2. Work assigned, referred or continuing",2,105,292
All published records,Focus family,Street Repair Case,"2. Work assigned, referred or continuing",3,81,373
All published records,Focus family,Street Repair Case,"2. Work assigned, referred or continuing",4,70,443
All published records,Focus family,Street Repair Case,"2. Work assigned, referred or continuing",5,53,496
All published records,Focus family,Street Repair Case,"2. Work assigned, referred or continuing",6,49,545
All published records,Focus family,Street Repair Case,"2. Work assigned, referred or continuing",7,31,576
All published records,Focus family,Street Repair Case,"2. Work assigned, referred or continuing",8,25,601
All published records,Focus family,Street Repair Case,"2. Work assigned, referred or continuing",9,22,623
All published records,Focus family,Street Repair Case,"2. Work assigned, referred or continuing",10,22,645
All published records,Focus family,Street Repair Case,"2. Work assigned, referred or continuing",11,18,663
All published records,Focus family,Street Repair Case,"2. Work assigned, referred or continuing",12,10,673
All published records,Focus family,Street Repair Case,"2. Work assigned, referred or continuing",13,15,688
All published records,Focus family,Street Repair Case,"2. Work assigned, referred or continuing",14,10,698
All published records,Focus family,Street Repair Case,"2. Work assigned, referred or continuing",15,10,708
All published records,Focus family,Street Repair Case,"2. Work assigned, referred or continuing",16,7,715
All published records,Focus family,Street Repair Case,"2. Work assigned, referred or continuing",17,5,720
All published records,Focus family,Street Repair Case,"2. Work assigned, referred or continuing",18,1,721
All published records,Focus family,Street Repair Case,"2. Work assigned, referred or continuing",19,2,723
All published records,Focus family,Street Repair Case,"2. Work assigned, referred or continuing",20,4,727
All published records,Focus family,Street Repair Case,"2. Work assigned, referred or continuing",21,7,734
All published records,Focus family,Street Repair Case,"2. Work assigned, referred or continuing",22,4,738
All published records,Focus family,Street Repair Case,"2. Work assigned, referred or continuing",23,4,742
All published records,Focus family,Street Repair Case,"2. Work assigned, referred or continuing",24,2,744
All published records,Focus family,Street Repair Case,"2. Work assigned, referred or continuing",25,4,748
All published records,Focus family,Street Repair Case,"2. Work assigned, referred or continuing",26,4,752
All published records,Focus family,Street Repair Case,"2. Work assigned, referred or continuing",27,1,753
All published records,Focus family,Street Repair Case,"2. Work assigned, referred or continuing",30,2,755
All published records,Focus family,Street Repair Case,"2. Work assigned, referred or continuing",31,2,757
All published records,Focus family,Street Repair Case,"2. Work assigned, referred or continuing",33,2,759
All published records,Focus family,Street Repair Case,"2. Work assigned, referred or continuing",34,3,762
All published records,Focus family,Street Repair Case,"2. Work assigned, referred or continuing",35,2,764
All published records,Focus family,Street Repair Case,"2. Work assigned, referred or continuing",37,1,765
All published records,Focus family,Street Repair Case,"2. Work assigned, referred or continuing",39,1,766
All published records,Focus family,Street Repair Case,"2. Work assigned, referred or continuing",41,1,767
All published records,Focus family,Street Repair Case,"2. Work assigned, referred or continuing",42,1,768
All published records,Focus family,Street Repair Case,"2. Work assigned, referred or continuing",43,4,772
All published records,Focus family,Street Repair Case,"2. Work assigned, referred or continuing",44,1,773
All published records,Focus family,Street Repair Case,"2. Work assigned, referred or continuing",45,1,774
All published records,Focus family,Street Repair Case,"2. Work assigned, referred or continuing",49,1,775
All published records,Focus family,Street Repair Case,"2. Work assigned, referred or continuing",50,1,776
All published records,Focus family,Street Repair Case,"2. Work assigned, referred or continuing",51,1,777
All published records,Focus family,Street Repair Case,"2. Work assigned, referred or continuing",56,2,779
All published records,Focus family,Street Repair Case,"2. Work assigned, referred or continuing",57,1,780
All published records,Focus family,Street Repair Case,"2. Work assigned, referred or continuing",59,1,781
All published records,Focus family,Street Repair Case,"2. Work assigned, referred or continuing",60,1,782
All published records,Focus family,Street Repair Case,"2. Work assigned, referred or continuing",61,1,783
All published records,Focus family,Street Repair Case,"2. Work assigned, referred or continuing",72,1,784
All published records,Focus family,Street Repair Case,"2. Work assigned, referred or continuing",77,1,785
All published records,Focus family,Street Repair Case,"2. Work assigned, referred or continuing",78,1,786
All published records,Focus family,Street Repair Case,"2. Work assigned, referred or continuing",81,1,787
All published records,Focus family,Street Repair Case,"2. Work assigned, referred or continuing",90,1,788
All published records,Focus family,Street Repair Case,"2. Work assigned, referred or continuing",134,1,789
All published records,Focus family,Street Repair Case,"2. Work assigned, referred or continuing",179,1,790
All published records,Focus family,Street Repair Case,"2. Work assigned, referred or continuing",191,1,791
All published records,Focus family,Street Repair Case,"2. Work assigned, referred or continuing",224,1,792
All published records,Focus family,Street Repair Case,"2. Work assigned, referred or continuing",321,1,793
All published records,Focus family,Street Repair Case,3. No service or no action recorded,0,2,2
All published records,Focus family,Street Repair Case,3. No service or no action recorded,1,49,51
All published records,Focus family,Street Repair Case,3. No service or no action recorded,2,43,94
All published records,Focus family,Street Repair Case,3. No service or no action recorded,3,35,129
All published records,Focus family,Street Repair Case,3. No service or no action recorded,4,25,154
All published records,Focus family,Street Repair Case,3. No service or no action recorded,5,19,173
All published records,Focus family,Street Repair Case,3. No service or no action recorded,6,18,191
All published records,Focus family,Street Repair Case,3. No service or no action recorded,7,13,204
All published records,Focus family,Street Repair Case,3. No service or no action recorded,8,10,214
All published records,Focus family,Street Repair Case,3. No service or no action recorded,9,6,220
All published records,Focus family,Street Repair Case,3. No service or no action recorded,10,8,228
All published records,Focus family,Street Repair Case,3. No service or no action recorded,11,7,235
All published records,Focus family,Street Repair Case,3. No service or no action recorded,12,5,240
All published records,Focus family,Street Repair Case,3. No service or no action recorded,13,3,243
All published records,Focus family,Street Repair Case,3. No service or no action recorded,14,8,251
All published records,Focus family,Street Repair Case,3. No service or no action recorded,15,3,254
All published records,Focus family,Street Repair Case,3. No service or no action recorded,16,2,256
All published records,Focus family,Street Repair Case,3. No service or no action recorded,17,1,257
All published records,Focus family,Street Repair Case,3. No service or no action recorded,18,2,259
All published records,Focus family,Street Repair Case,3. No service or no action recorded,19,3,262
All published records,Focus family,Street Repair Case,3. No service or no action recorded,20,2,264
All published records,Focus family,Street Repair Case,3. No service or no action recorded,21,2,266
All published records,Focus family,Street Repair Case,3. No service or no action recorded,22,3,269
All published records,Focus family,Street Repair Case,3. No service or no action recorded,23,5,274
All published records,Focus family,Street Repair Case,3. No service or no action recorded,24,2,276
All published records,Focus family,Street Repair Case,3. No service or no action recorded,25,1,277
All published records,Focus family,Street Repair Case,3. No service or no action recorded,26,2,279
All published records,Focus family,Street Repair Case,3. No service or no action recorded,27,1,280
All published records,Focus family,Street Repair Case,3. No service or no action recorded,29,3,283
All published records,Focus family,Street Repair Case,3. No service or no action recorded,30,3,286
All published records,Focus family,Street Repair Case,3. No service or no action recorded,35,1,287
All published records,Focus family,Street Repair Case,3. No service or no action recorded,36,1,288
All published records,Focus family,Street Repair Case,3. No service or no action recorded,39,1,289
All published records,Focus family,Street Repair Case,3. No service or no action recorded,40,1,290
All published records,Focus family,Street Repair Case,3. No service or no action recorded,49,1,291
All published records,Focus family,Street Repair Case,3. No service or no action recorded,55,1,292
All published records,Focus family,Street Repair Case,3. No service or no action recorded,64,1,293
All published records,Focus family,Street Repair Case,3. No service or no action recorded,71,1,294
All published records,Focus family,Street Repair Case,3. No service or no action recorded,72,1,295
All published records,Focus family,Street Repair Case,3. No service or no action recorded,75,1,296
All published records,Focus family,Street Repair Case,3. No service or no action recorded,76,1,297
All published records,Focus family,Street Repair Case,3. No service or no action recorded,78,1,298
All published records,Focus family,Street Repair Case,3. No service or no action recorded,99,1,299
All published records,Focus family,Street Repair Case,3. No service or no action recorded,105,1,300
All published records,Focus family,Street Repair Case,3. No service or no action recorded,117,1,301
All published records,Focus family,Street Repair Case,3. No service or no action recorded,119,1,302
All published records,Focus family,Street Repair Case,3. No service or no action recorded,130,1,303
All published records,Focus family,Street Repair Case,3. No service or no action recorded,154,1,304
All published records,Focus family,Street Repair Case,3. No service or no action recorded,166,1,305
All published records,Focus family,Street Repair Case,3. No service or no action recorded,240,1,306
All published records,Focus family,Street Repair Case,3. No service or no action recorded,245,1,307
All published records,Focus family,Street Repair Case,3. No service or no action recorded,256,1,308
All published records,Focus family,Street Repair Case,3. No service or no action recorded,274,1,309
All published records,Focus family,Street Repair Case,3. No service or no action recorded,284,1,310
All published records,Focus family,Street Repair Case,3. No service or no action recorded,303,1,311
All published records,Focus family,Street Repair Case,3. No service or no action recorded,346,1,312
All published records,Focus family,Street Repair Case,3. No service or no action recorded,519,1,313
All published records,Focus family,Street Repair Case,4. Insufficient information / could not proceed,0,1,1
All published records,Focus family,Street Repair Case,4. Insufficient information / could not proceed,1,2,3
All published records,Focus family,Street Repair Case,4. Insufficient information / could not proceed,4,1,4
All published records,Focus family,Street Repair Case,4. Insufficient information / could not proceed,5,1,5
All published records,Focus family,Street Repair Case,4. Insufficient information / could not proceed,15,1,6
All published records,Focus family,Street Repair Case,4. Insufficient information / could not proceed,17,1,7
All published records,Focus family,Street Repair Case,5. Unknown or N/A,1,1,1
All published records,Focus family,Street Repair Case,5. Unknown or N/A,2,1,2
All published records,Focus family,Street Repair Case,5. Unknown or N/A,4,1,3
All published records,Focus family,Street Repair Case,5. Unknown or N/A,5,1,4
All published records,Focus family,Street Repair Case,5. Unknown or N/A,6,1,5
All published records,Focus family,Street Repair Case,5. Unknown or N/A,52,1,6
All published records,Focus family,Street Repair Case,All outcomes (mixed),0,21,21
All published records,Focus family,Street Repair Case,All outcomes (mixed),1,290,311
All published records,Focus family,Street Repair Case,All outcomes (mixed),2,227,538
All published records,Focus family,Street Repair Case,All outcomes (mixed),3,195,733
All published records,Focus family,Street Repair Case,All outcomes (mixed),4,172,905
All published records,Focus family,Street Repair Case,All outcomes (mixed),5,138,1043
All published records,Focus family,Street Repair Case,All outcomes (mixed),6,129,1172
All published records,Focus family,Street Repair Case,All outcomes (mixed),7,90,1262
All published records,Focus family,Street Repair Case,All outcomes (mixed),8,50,1312
All published records,Focus family,Street Repair Case,All outcomes (mixed),9,51,1363
All published records,Focus family,Street Repair Case,All outcomes (mixed),10,48,1411
All published records,Focus family,Street Repair Case,All outcomes (mixed),11,45,1456
All published records,Focus family,Street Repair Case,All outcomes (mixed),12,27,1483
All published records,Focus family,Street Repair Case,All outcomes (mixed),13,28,1511
All published records,Focus family,Street Repair Case,All outcomes (mixed),14,28,1539
All published records,Focus family,Street Repair Case,All outcomes (mixed),15,28,1567
All published records,Focus family,Street Repair Case,All outcomes (mixed),16,20,1587
All published records,Focus family,Street Repair Case,All outcomes (mixed),17,15,1602
All published records,Focus family,Street Repair Case,All outcomes (mixed),18,11,1613
All published records,Focus family,Street Repair Case,All outcomes (mixed),19,10,1623
All published records,Focus family,Street Repair Case,All outcomes (mixed),20,7,1630
All published records,Focus family,Street Repair Case,All outcomes (mixed),21,15,1645
All published records,Focus family,Street Repair Case,All outcomes (mixed),22,11,1656
All published records,Focus family,Street Repair Case,All outcomes (mixed),23,11,1667
All published records,Focus family,Street Repair Case,All outcomes (mixed),24,4,1671
All published records,Focus family,Street Repair Case,All outcomes (mixed),25,9,1680
All published records,Focus family,Street Repair Case,All outcomes (mixed),26,7,1687
All published records,Focus family,Street Repair Case,All outcomes (mixed),27,3,1690
All published records,Focus family,Street Repair Case,All outcomes (mixed),28,2,1692
All published records,Focus family,Street Repair Case,All outcomes (mixed),29,7,1699
All published records,Focus family,Street Repair Case,All outcomes (mixed),30,5,1704
All published records,Focus family,Street Repair Case,All outcomes (mixed),31,4,1708
All published records,Focus family,Street Repair Case,All outcomes (mixed),32,1,1709
All published records,Focus family,Street Repair Case,All outcomes (mixed),33,4,1713
All published records,Focus family,Street Repair Case,All outcomes (mixed),34,4,1717
All published records,Focus family,Street Repair Case,All outcomes (mixed),35,3,1720
All published records,Focus family,Street Repair Case,All outcomes (mixed),36,3,1723
All published records,Focus family,Street Repair Case,All outcomes (mixed),37,2,1725
All published records,Focus family,Street Repair Case,All outcomes (mixed),39,3,1728
All published records,Focus family,Street Repair Case,All outcomes (mixed),40,1,1729
All published records,Focus family,Street Repair Case,All outcomes (mixed),41,1,1730
All published records,Focus family,Street Repair Case,All outcomes (mixed),42,2,1732
All published records,Focus family,Street Repair Case,All outcomes (mixed),43,4,1736
All published records,Focus family,Street Repair Case,All outcomes (mixed),44,1,1737
All published records,Focus family,Street Repair Case,All outcomes (mixed),45,1,1738
All published records,Focus family,Street Repair Case,All outcomes (mixed),49,5,1743
All published records,Focus family,Street Repair Case,All outcomes (mixed),50,1,1744
All published records,Focus family,Street Repair Case,All outcomes (mixed),51,1,1745
All published records,Focus family,Street Repair Case,All outcomes (mixed),52,2,1747
All published records,Focus family,Street Repair Case,All outcomes (mixed),53,1,1748
All published records,Focus family,Street Repair Case,All outcomes (mixed),54,1,1749
All published records,Focus family,Street Repair Case,All outcomes (mixed),55,1,1750
All published records,Focus family,Street Repair Case,All outcomes (mixed),56,3,1753
All published records,Focus family,Street Repair Case,All outcomes (mixed),57,3,1756
All published records,Focus family,Street Repair Case,All outcomes (mixed),59,1,1757
All published records,Focus family,Street Repair Case,All outcomes (mixed),60,1,1758
All published records,Focus family,Street Repair Case,All outcomes (mixed),61,1,1759
All published records,Focus family,Street Repair Case,All outcomes (mixed),62,1,1760
All published records,Focus family,Street Repair Case,All outcomes (mixed),64,1,1761
All published records,Focus family,Street Repair Case,All outcomes (mixed),69,1,1762
All published records,Focus family,Street Repair Case,All outcomes (mixed),71,1,1763
All published records,Focus family,Street Repair Case,All outcomes (mixed),72,2,1765
All published records,Focus family,Street Repair Case,All outcomes (mixed),73,1,1766
All published records,Focus family,Street Repair Case,All outcomes (mixed),74,1,1767
All published records,Focus family,Street Repair Case,All outcomes (mixed),75,2,1769
All published records,Focus family,Street Repair Case,All outcomes (mixed),76,1,1770
All published records,Focus family,Street Repair Case,All outcomes (mixed),77,3,1773
All published records,Focus family,Street Repair Case,All outcomes (mixed),78,3,1776
All published records,Focus family,Street Repair Case,All outcomes (mixed),81,1,1777
All published records,Focus family,Street Repair Case,All outcomes (mixed),82,1,1778
All published records,Focus family,Street Repair Case,All outcomes (mixed),88,1,1779
All published records,Focus family,Street Repair Case,All outcomes (mixed),90,1,1780
All published records,Focus family,Street Repair Case,All outcomes (mixed),99,1,1781
All published records,Focus family,Street Repair Case,All outcomes (mixed),101,1,1782
All published records,Focus family,Street Repair Case,All outcomes (mixed),105,1,1783
All published records,Focus family,Street Repair Case,All outcomes (mixed),117,1,1784
All published records,Focus family,Street Repair Case,All outcomes (mixed),119,2,1786
All published records,Focus family,Street Repair Case,All outcomes (mixed),130,1,1787
All published records,Focus family,Street Repair Case,All outcomes (mixed),134,1,1788
All published records,Focus family,Street Repair Case,All outcomes (mixed),154,1,1789
All published records,Focus family,Street Repair Case,All outcomes (mixed),160,1,1790
All published records,Focus family,Street Repair Case,All outcomes (mixed),166,1,1791
All published records,Focus family,Street Repair Case,All outcomes (mixed),179,2,1793
All published records,Focus family,Street Repair Case,All outcomes (mixed),187,1,1794
All published records,Focus family,Street Repair Case,All outcomes (mixed),191,1,1795
All published records,Focus family,Street Repair Case,All outcomes (mixed),209,1,1796
All published records,Focus family,Street Repair Case,All outcomes (mixed),220,1,1797
All published records,Focus family,Street Repair Case,All outcomes (mixed),224,1,1798
All published records,Focus family,Street Repair Case,All outcomes (mixed),240,1,1799
All published records,Focus family,Street Repair Case,All outcomes (mixed),245,1,1800
All published records,Focus family,Street Repair Case,All outcomes (mixed),252,1,1801
All published records,Focus family,Street Repair Case,All outcomes (mixed),256,1,1802
All published records,Focus family,Street Repair Case,All outcomes (mixed),274,1,1803
All published records,Focus family,Street Repair Case,All outcomes (mixed),284,1,1804
All published records,Focus family,Street Repair Case,All outcomes (mixed),303,1,1805
All published records,Focus family,Street Repair Case,All outcomes (mixed),321,1,1806
All published records,Focus family,Street Repair Case,All outcomes (mixed),346,1,1807
All published records,Focus family,Street Repair Case,All outcomes (mixed),519,1,1808
All published records,Focus family,Street Repair Case,Further action has been planned,0,1,1
All published records,Focus family,Street Repair Case,Further action has been planned,1,107,108
All published records,Focus family,Street Repair Case,Further action has been planned,2,77,185
All published records,Focus family,Street Repair Case,Further action has been planned,3,54,239
All published records,Focus family,Street Repair Case,Further action has been planned,4,56,295
All published records,Focus family,Street Repair Case,Further action has been planned,5,42,337
All published records,Focus family,Street Repair Case,Further action has been planned,6,42,379
All published records,Focus family,Street Repair Case,Further action has been planned,7,31,410
All published records,Focus family,Street Repair Case,Further action has been planned,8,21,431
All published records,Focus family,Street Repair Case,Further action has been planned,9,20,451
All published records,Focus family,Street Repair Case,Further action has been planned,10,21,472
All published records,Focus family,Street Repair Case,Further action has been planned,11,15,487
All published records,Focus family,Street Repair Case,Further action has been planned,12,9,496
All published records,Focus family,Street Repair Case,Further action has been planned,13,14,510
All published records,Focus family,Street Repair Case,Further action has been planned,14,10,520
All published records,Focus family,Street Repair Case,Further action has been planned,15,8,528
All published records,Focus family,Street Repair Case,Further action has been planned,16,6,534
All published records,Focus family,Street Repair Case,Further action has been planned,17,4,538
All published records,Focus family,Street Repair Case,Further action has been planned,18,1,539
All published records,Focus family,Street Repair Case,Further action has been planned,19,1,540
All published records,Focus family,Street Repair Case,Further action has been planned,20,4,544
All published records,Focus family,Street Repair Case,Further action has been planned,21,7,551
All published records,Focus family,Street Repair Case,Further action has been planned,22,3,554
All published records,Focus family,Street Repair Case,Further action has been planned,23,4,558
All published records,Focus family,Street Repair Case,Further action has been planned,24,2,560
All published records,Focus family,Street Repair Case,Further action has been planned,25,4,564
All published records,Focus family,Street Repair Case,Further action has been planned,26,4,568
All published records,Focus family,Street Repair Case,Further action has been planned,27,1,569
All published records,Focus family,Street Repair Case,Further action has been planned,30,1,570
All published records,Focus family,Street Repair Case,Further action has been planned,31,2,572
All published records,Focus family,Street Repair Case,Further action has been planned,33,2,574
All published records,Focus family,Street Repair Case,Further action has been planned,34,2,576
All published records,Focus family,Street Repair Case,Further action has been planned,35,2,578
All published records,Focus family,Street Repair Case,Further action has been planned,37,1,579
All published records,Focus family,Street Repair Case,Further action has been planned,39,1,580
All published records,Focus family,Street Repair Case,Further action has been planned,41,1,581
All published records,Focus family,Street Repair Case,Further action has been planned,43,3,584
All published records,Focus family,Street Repair Case,Further action has been planned,45,1,585
All published records,Focus family,Street Repair Case,Further action has been planned,49,1,586
All published records,Focus family,Street Repair Case,Further action has been planned,51,1,587
All published records,Focus family,Street Repair Case,Further action has been planned,56,2,589
All published records,Focus family,Street Repair Case,Further action has been planned,57,1,590
All published records,Focus family,Street Repair Case,Further action has been planned,59,1,591
All published records,Focus family,Street Repair Case,Further action has been planned,61,1,592
All published records,Focus family,Street Repair Case,Further action has been planned,72,1,593
All published records,Focus family,Street Repair Case,Further action has been planned,77,1,594
All published records,Focus family,Street Repair Case,Further action has been planned,78,1,595
All published records,Focus family,Street Repair Case,Further action has been planned,81,1,596
All published records,Focus family,Street Repair Case,Further action has been planned,90,1,597
All published records,Focus family,Street Repair Case,Further action has been planned,179,1,598
All published records,Focus family,Street Repair Case,Further action has been planned,224,1,599
All published records,Focus family,Street Repair Case,Further action has been planned,321,1,600
All published records,Focus family,Street Repair Case,Referred to another service group,0,14,14
All published records,Focus family,Street Repair Case,Referred to another service group,1,65,79
All published records,Focus family,Street Repair Case,Referred to another service group,2,28,107
All published records,Focus family,Street Repair Case,Referred to another service group,3,27,134
All published records,Focus family,Street Repair Case,Referred to another service group,4,14,148
All published records,Focus family,Street Repair Case,Referred to another service group,5,11,159
All published records,Focus family,Street Repair Case,Referred to another service group,6,7,166
All published records,Focus family,Street Repair Case,Referred to another service group,8,4,170
All published records,Focus family,Street Repair Case,Referred to another service group,9,2,172
All published records,Focus family,Street Repair Case,Referred to another service group,10,1,173
All published records,Focus family,Street Repair Case,Referred to another service group,11,3,176
All published records,Focus family,Street Repair Case,Referred to another service group,12,1,177
All published records,Focus family,Street Repair Case,Referred to another service group,13,1,178
All published records,Focus family,Street Repair Case,Referred to another service group,15,2,180
All published records,Focus family,Street Repair Case,Referred to another service group,16,1,181
All published records,Focus family,Street Repair Case,Referred to another service group,19,1,182
All published records,Focus family,Street Repair Case,Referred to another service group,22,1,183
All published records,Focus family,Street Repair Case,Referred to another service group,30,1,184
All published records,Focus family,Street Repair Case,Referred to another service group,34,1,185
All published records,Focus family,Street Repair Case,Referred to another service group,42,1,186
All published records,Focus family,Street Repair Case,Referred to another service group,43,1,187
All published records,Focus family,Street Repair Case,Referred to another service group,44,1,188
All published records,Focus family,Street Repair Case,Referred to another service group,50,1,189
All published records,Focus family,Street Repair Case,Referred to another service group,60,1,190
All published records,Focus family,Street Repair Case,Referred to another service group,134,1,191
All published records,Focus family,Street Repair Case,Referred to another service group,191,1,192
Excluding admin/internal-sounding,Citywide,All types,1. Service recorded as provided,0,24272,24272
Excluding admin/internal-sounding,Citywide,All types,1. Service recorded as provided,1,21303,45575
Excluding admin/internal-sounding,Citywide,All types,1. Service recorded as provided,2,15720,61295
Excluding admin/internal-sounding,Citywide,All types,1. Service recorded as provided,3,11357,72652
Excluding admin/internal-sounding,Citywide,All types,1. Service recorded as provided,4,10258,82910
Excluding admin/internal-sounding,Citywide,All types,1. Service recorded as provided,5,8227,91137
Excluding admin/internal-sounding,Citywide,All types,1. Service recorded as provided,6,7947,99084
Excluding admin/internal-sounding,Citywide,All types,1. Service recorded as provided,7,7382,106466
Excluding admin/internal-sounding,Citywide,All types,1. Service recorded as provided,8,5841,112307
Excluding admin/internal-sounding,Citywide,All types,1. Service recorded as provided,9,4413,116720
Excluding admin/internal-sounding,Citywide,All types,1. Service recorded as provided,10,3658,120378
Excluding admin/internal-sounding,Citywide,All types,1. Service recorded as provided,11,3450,123828
Excluding admin/internal-sounding,Citywide,All types,1. Service recorded as provided,12,2846,126674
Excluding admin/internal-sounding,Citywide,All types,1. Service recorded as provided,13,3100,129774
Excluding admin/internal-sounding,Citywide,All types,1. Service recorded as provided,14,2962,132736
Excluding admin/internal-sounding,Citywide,All types,1. Service recorded as provided,15,2307,135043
Excluding admin/internal-sounding,Citywide,All types,1. Service recorded as provided,16,1810,136853
Excluding admin/internal-sounding,Citywide,All types,1. Service recorded as provided,17,1425,138278
Excluding admin/internal-sounding,Citywide,All types,1. Service recorded as provided,18,1397,139675
Excluding admin/internal-sounding,Citywide,All types,1. Service recorded as provided,19,1179,140854
Excluding admin/internal-sounding,Citywide,All types,1. Service recorded as provided,20,1215,142069
Excluding admin/internal-sounding,Citywide,All types,1. Service recorded as provided,21,1152,143221
Excluding admin/internal-sounding,Citywide,All types,1. Service recorded as provided,22,884,144105
Excluding admin/internal-sounding,Citywide,All types,1. Service recorded as provided,23,636,144741
Excluding admin/internal-sounding,Citywide,All types,1. Service recorded as provided,24,547,145288
Excluding admin/internal-sounding,Citywide,All types,1. Service recorded as provided,25,476,145764
Excluding admin/internal-sounding,Citywide,All types,1. Service recorded as provided,26,390,146154
Excluding admin/internal-sounding,Citywide,All types,1. Service recorded as provided,27,432,146586
Excluding admin/internal-sounding,Citywide,All types,1. Service recorded as provided,28,438,147024
Excluding admin/internal-sounding,Citywide,All types,1. Service recorded as provided,29,384,147408
Excluding admin/internal-sounding,Citywide,All types,1. Service recorded as provided,30,304,147712
Excluding admin/internal-sounding,Citywide,All types,1. Service recorded as provided,31,313,148025
Excluding admin/internal-sounding,Citywide,All types,1. Service recorded as provided,32,330,148355
Excluding admin/internal-sounding,Citywide,All types,1. Service recorded as provided,33,293,148648
Excluding admin/internal-sounding,Citywide,All types,1. Service recorded as provided,34,238,148886
Excluding admin/internal-sounding,Citywide,All types,1. Service recorded as provided,35,260,149146
Excluding admin/internal-sounding,Citywide,All types,1. Service recorded as provided,36,230,149376
Excluding admin/internal-sounding,Citywide,All types,1. Service recorded as provided,37,157,149533
Excluding admin/internal-sounding,Citywide,All types,1. Service recorded as provided,38,125,149658
Excluding admin/internal-sounding,Citywide,All types,1. Service recorded as provided,39,117,149775
Excluding admin/internal-sounding,Citywide,All types,1. Service recorded as provided,40,137,149912
Excluding admin/internal-sounding,Citywide,All types,1. Service recorded as provided,41,148,150060
Excluding admin/internal-sounding,Citywide,All types,1. Service recorded as provided,42,112,150172
Excluding admin/internal-sounding,Citywide,All types,1. Service recorded as provided,43,148,150320
Excluding admin/internal-sounding,Citywide,All types,1. Service recorded as provided,44,95,150415
Excluding admin/internal-sounding,Citywide,All types,1. Service recorded as provided,45,76,150491
Excluding admin/internal-sounding,Citywide,All types,1. Service recorded as provided,46,85,150576
Excluding admin/internal-sounding,Citywide,All types,1. Service recorded as provided,47,88,150664
Excluding admin/internal-sounding,Citywide,All types,1. Service recorded as provided,48,83,150747
Excluding admin/internal-sounding,Citywide,All types,1. Service recorded as provided,49,105,150852
Excluding admin/internal-sounding,Citywide,All types,1. Service recorded as provided,50,59,150911
Excluding admin/internal-sounding,Citywide,All types,1. Service recorded as provided,51,54,150965
Excluding admin/internal-sounding,Citywide,All types,1. Service recorded as provided,52,38,151003
Excluding admin/internal-sounding,Citywide,All types,1. Service recorded as provided,53,36,151039
Excluding admin/internal-sounding,Citywide,All types,1. Service recorded as provided,54,56,151095
Excluding admin/internal-sounding,Citywide,All types,1. Service recorded as provided,55,58,151153
Excluding admin/internal-sounding,Citywide,All types,1. Service recorded as provided,56,75,151228
Excluding admin/internal-sounding,Citywide,All types,1. Service recorded as provided,57,63,151291
Excluding admin/internal-sounding,Citywide,All types,1. Service recorded as provided,58,63,151354
Excluding admin/internal-sounding,Citywide,All types,1. Service recorded as provided,59,48,151402
Excluding admin/internal-sounding,Citywide,All types,1. Service recorded as provided,60,40,151442
Excluding admin/internal-sounding,Citywide,All types,1. Service recorded as provided,61,37,151479
Excluding admin/internal-sounding,Citywide,All types,1. Service recorded as provided,62,43,151522
Excluding admin/internal-sounding,Citywide,All types,1. Service recorded as provided,63,56,151578
Excluding admin/internal-sounding,Citywide,All types,1. Service recorded as provided,64,33,151611
Excluding admin/internal-sounding,Citywide,All types,1. Service recorded as provided,65,26,151637
Excluding admin/internal-sounding,Citywide,All types,1. Service recorded as provided,66,34,151671
Excluding admin/internal-sounding,Citywide,All types,1. Service recorded as provided,67,37,151708
Excluding admin/internal-sounding,Citywide,All types,1. Service recorded as provided,68,28,151736
Excluding admin/internal-sounding,Citywide,All types,1. Service recorded as provided,69,39,151775
Excluding admin/internal-sounding,Citywide,All types,1. Service recorded as provided,70,32,151807
Excluding admin/internal-sounding,Citywide,All types,1. Service recorded as provided,71,29,151836
Excluding admin/internal-sounding,Citywide,All types,1. Service recorded as provided,72,25,151861
Excluding admin/internal-sounding,Citywide,All types,1. Service recorded as provided,73,28,151889
Excluding admin/internal-sounding,Citywide,All types,1. Service recorded as provided,74,23,151912
Excluding admin/internal-sounding,Citywide,All types,1. Service recorded as provided,75,27,151939
Excluding admin/internal-sounding,Citywide,All types,1. Service recorded as provided,76,29,151968
Excluding admin/internal-sounding,Citywide,All types,1. Service recorded as provided,77,25,151993
Excluding admin/internal-sounding,Citywide,All types,1. Service recorded as provided,78,27,152020
Excluding admin/internal-sounding,Citywide,All types,1. Service recorded as provided,79,33,152053
Excluding admin/internal-sounding,Citywide,All types,1. Service recorded as provided,80,16,152069
Excluding admin/internal-sounding,Citywide,All types,1. Service recorded as provided,81,15,152084
Excluding admin/internal-sounding,Citywide,All types,1. Service recorded as provided,82,27,152111
Excluding admin/internal-sounding,Citywide,All types,1. Service recorded as provided,83,34,152145
Excluding admin/internal-sounding,Citywide,All types,1. Service recorded as provided,84,20,152165
Excluding admin/internal-sounding,Citywide,All types,1. Service recorded as provided,85,17,152182
Excluding admin/internal-sounding,Citywide,All types,1. Service recorded as provided,86,13,152195
Excluding admin/internal-sounding,Citywide,All types,1. Service recorded as provided,87,15,152210
Excluding admin/internal-sounding,Citywide,All types,1. Service recorded as provided,88,11,152221
Excluding admin/internal-sounding,Citywide,All types,1. Service recorded as provided,89,20,152241
Excluding admin/internal-sounding,Citywide,All types,1. Service recorded as provided,90,15,152256
Excluding admin/internal-sounding,Citywide,All types,1. Service recorded as provided,91,10,152266
Excluding admin/internal-sounding,Citywide,All types,1. Service recorded as provided,92,10,152276
Excluding admin/internal-sounding,Citywide,All types,1. Service recorded as provided,93,8,152284
Excluding admin/internal-sounding,Citywide,All types,1. Service recorded as provided,94,8,152292
Excluding admin/internal-sounding,Citywide,All types,1. Service recorded as provided,95,11,152303
Excluding admin/internal-sounding,Citywide,All types,1. Service recorded as provided,96,7,152310
Excluding admin/internal-sounding,Citywide,All types,1. Service recorded as provided,97,10,152320
Excluding admin/internal-sounding,Citywide,All types,1. Service recorded as provided,98,16,152336
Excluding admin/internal-sounding,Citywide,All types,1. Service recorded as provided,99,16,152352
Excluding admin/internal-sounding,Citywide,All types,1. Service recorded as provided,100,10,152362
Excluding admin/internal-sounding,Citywide,All types,1. Service recorded as provided,101,12,152374
Excluding admin/internal-sounding,Citywide,All types,1. Service recorded as provided,102,9,152383
Excluding admin/internal-sounding,Citywide,All types,1. Service recorded as provided,103,9,152392
Excluding admin/internal-sounding,Citywide,All types,1. Service recorded as provided,104,7,152399
Excluding admin/internal-sounding,Citywide,All types,1. Service recorded as provided,105,9,152408
Excluding admin/internal-sounding,Citywide,All types,1. Service recorded as provided,106,10,152418
Excluding admin/internal-sounding,Citywide,All types,1. Service recorded as provided,107,10,152428
Excluding admin/internal-sounding,Citywide,All types,1. Service recorded as provided,109,11,152439
Excluding admin/internal-sounding,Citywide,All types,1. Service recorded as provided,110,11,152450
Excluding admin/internal-sounding,Citywide,All types,1. Service recorded as provided,111,9,152459
Excluding admin/internal-sounding,Citywide,All types,1. Service recorded as provided,112,8,152467
Excluding admin/internal-sounding,Citywide,All types,1. Service recorded as provided,113,9,152476
Excluding admin/internal-sounding,Citywide,All types,1. Service recorded as provided,114,7,152483
Excluding admin/internal-sounding,Citywide,All types,1. Service recorded as provided,115,3,152486
Excluding admin/internal-sounding,Citywide,All types,1. Service recorded as provided,116,4,152490
Excluding admin/internal-sounding,Citywide,All types,1. Service recorded as provided,117,7,152497
Excluding admin/internal-sounding,Citywide,All types,1. Service recorded as provided,118,3,152500
Excluding admin/internal-sounding,Citywide,All types,1. Service recorded as provided,119,8,152508
Excluding admin/internal-sounding,Citywide,All types,1. Service recorded as provided,120,14,152522
Excluding admin/internal-sounding,Citywide,All types,1. Service recorded as provided,121,6,152528
Excluding admin/internal-sounding,Citywide,All types,1. Service recorded as provided,122,11,152539
Excluding admin/internal-sounding,Citywide,All types,1. Service recorded as provided,123,8,152547
Excluding admin/internal-sounding,Citywide,All types,1. Service recorded as provided,124,13,152560
Excluding admin/internal-sounding,Citywide,All types,1. Service recorded as provided,125,5,152565
Excluding admin/internal-sounding,Citywide,All types,1. Service recorded as provided,126,8,152573
Excluding admin/internal-sounding,Citywide,All types,1. Service recorded as provided,127,7,152580
Excluding admin/internal-sounding,Citywide,All types,1. Service recorded as provided,128,5,152585
Excluding admin/internal-sounding,Citywide,All types,1. Service recorded as provided,129,5,152590
Excluding admin/internal-sounding,Citywide,All types,1. Service recorded as provided,130,5,152595
Excluding admin/internal-sounding,Citywide,All types,1. Service recorded as provided,131,7,152602
Excluding admin/internal-sounding,Citywide,All types,1. Service recorded as provided,132,6,152608
Excluding admin/internal-sounding,Citywide,All types,1. Service recorded as provided,133,4,152612
Excluding admin/internal-sounding,Citywide,All types,1. Service recorded as provided,134,7,152619
Excluding admin/internal-sounding,Citywide,All types,1. Service recorded as provided,135,2,152621
Excluding admin/internal-sounding,Citywide,All types,1. Service recorded as provided,136,7,152628
Excluding admin/internal-sounding,Citywide,All types,1. Service recorded as provided,137,4,152632
Excluding admin/internal-sounding,Citywide,All types,1. Service recorded as provided,138,8,152640
Excluding admin/internal-sounding,Citywide,All types,1. Service recorded as provided,139,8,152648
Excluding admin/internal-sounding,Citywide,All types,1. Service recorded as provided,140,5,152653
Excluding admin/internal-sounding,Citywide,All types,1. Service recorded as provided,141,8,152661
Excluding admin/internal-sounding,Citywide,All types,1. Service recorded as provided,142,7,152668
Excluding admin/internal-sounding,Citywide,All types,1. Service recorded as provided,143,9,152677
Excluding admin/internal-sounding,Citywide,All types,1. Service recorded as provided,144,5,152682
Excluding admin/internal-sounding,Citywide,All types,1. Service recorded as provided,145,5,152687
Excluding admin/internal-sounding,Citywide,All types,1. Service recorded as provided,146,9,152696
Excluding admin/internal-sounding,Citywide,All types,1. Service recorded as provided,147,7,152703
Excluding admin/internal-sounding,Citywide,All types,1. Service recorded as provided,148,4,152707
Excluding admin/internal-sounding,Citywide,All types,1. Service recorded as provided,149,5,152712
Excluding admin/internal-sounding,Citywide,All types,1. Service recorded as provided,150,2,152714
Excluding admin/internal-sounding,Citywide,All types,1. Service recorded as provided,151,5,152719
Excluding admin/internal-sounding,Citywide,All types,1. Service recorded as provided,152,3,152722
Excluding admin/internal-sounding,Citywide,All types,1. Service recorded as provided,153,9,152731
Excluding admin/internal-sounding,Citywide,All types,1. Service recorded as provided,154,9,152740
Excluding admin/internal-sounding,Citywide,All types,1. Service recorded as provided,155,4,152744
Excluding admin/internal-sounding,Citywide,All types,1. Service recorded as provided,156,3,152747
Excluding admin/internal-sounding,Citywide,All types,1. Service recorded as provided,157,3,152750
Excluding admin/internal-sounding,Citywide,All types,1. Service recorded as provided,158,7,152757
Excluding admin/internal-sounding,Citywide,All types,1. Service recorded as provided,159,8,152765
Excluding admin/internal-sounding,Citywide,All types,1. Service recorded as provided,160,7,152772
Excluding admin/internal-sounding,Citywide,All types,1. Service recorded as provided,161,6,152778
Excluding admin/internal-sounding,Citywide,All types,1. Service recorded as provided,162,2,152780
Excluding admin/internal-sounding,Citywide,All types,1. Service recorded as provided,163,1,152781
Excluding admin/internal-sounding,Citywide,All types,1. Service recorded as provided,164,2,152783
Excluding admin/internal-sounding,Citywide,All types,1. Service recorded as provided,165,1,152784
Excluding admin/internal-sounding,Citywide,All types,1. Service recorded as provided,166,3,152787
Excluding admin/internal-sounding,Citywide,All types,1. Service recorded as provided,167,2,152789
Excluding admin/internal-sounding,Citywide,All types,1. Service recorded as provided,168,5,152794
Excluding admin/internal-sounding,Citywide,All types,1. Service recorded as provided,169,4,152798
Excluding admin/internal-sounding,Citywide,All types,1. Service recorded as provided,170,3,152801
Excluding admin/internal-sounding,Citywide,All types,1. Service recorded as provided,171,2,152803
Excluding admin/internal-sounding,Citywide,All types,1. Service recorded as provided,172,5,152808
Excluding admin/internal-sounding,Citywide,All types,1. Service recorded as provided,173,2,152810
Excluding admin/internal-sounding,Citywide,All types,1. Service recorded as provided,174,4,152814
Excluding admin/internal-sounding,Citywide,All types,1. Service recorded as provided,175,5,152819
Excluding admin/internal-sounding,Citywide,All types,1. Service recorded as provided,176,2,152821
Excluding admin/internal-sounding,Citywide,All types,1. Service recorded as provided,177,4,152825
Excluding admin/internal-sounding,Citywide,All types,1. Service recorded as provided,178,2,152827
Excluding admin/internal-sounding,Citywide,All types,1. Service recorded as provided,179,5,152832
Excluding admin/internal-sounding,Citywide,All types,1. Service recorded as provided,180,1,152833
Excluding admin/internal-sounding,Citywide,All types,1. Service recorded as provided,181,2,152835
Excluding admin/internal-sounding,Citywide,All types,1. Service recorded as provided,182,4,152839
Excluding admin/internal-sounding,Citywide,All types,1. Service recorded as provided,183,4,152843
Excluding admin/internal-sounding,Citywide,All types,1. Service recorded as provided,184,1,152844
Excluding admin/internal-sounding,Citywide,All types,1. Service recorded as provided,185,6,152850
Excluding admin/internal-sounding,Citywide,All types,1. Service recorded as provided,186,2,152852
Excluding admin/internal-sounding,Citywide,All types,1. Service recorded as provided,187,6,152858
Excluding admin/internal-sounding,Citywide,All types,1. Service recorded as provided,188,2,152860
Excluding admin/internal-sounding,Citywide,All types,1. Service recorded as provided,189,4,152864
Excluding admin/internal-sounding,Citywide,All types,1. Service recorded as provided,190,2,152866
Excluding admin/internal-sounding,Citywide,All types,1. Service recorded as provided,191,2,152868
Excluding admin/internal-sounding,Citywide,All types,1. Service recorded as provided,192,5,152873
Excluding admin/internal-sounding,Citywide,All types,1. Service recorded as provided,193,4,152877
Excluding admin/internal-sounding,Citywide,All types,1. Service recorded as provided,194,1,152878
Excluding admin/internal-sounding,Citywide,All types,1. Service recorded as provided,195,1,152879
Excluding admin/internal-sounding,Citywide,All types,1. Service recorded as provided,196,3,152882
Excluding admin/internal-sounding,Citywide,All types,1. Service recorded as provided,197,3,152885
Excluding admin/internal-sounding,Citywide,All types,1. Service recorded as provided,198,2,152887
Excluding admin/internal-sounding,Citywide,All types,1. Service recorded as provided,199,5,152892
Excluding admin/internal-sounding,Citywide,All types,1. Service recorded as provided,200,2,152894
Excluding admin/internal-sounding,Citywide,All types,1. Service recorded as provided,201,1,152895
Excluding admin/internal-sounding,Citywide,All types,1. Service recorded as provided,202,4,152899
Excluding admin/internal-sounding,Citywide,All types,1. Service recorded as provided,203,4,152903
Excluding admin/internal-sounding,Citywide,All types,1. Service recorded as provided,204,4,152907
Excluding admin/internal-sounding,Citywide,All types,1. Service recorded as provided,205,1,152908
Excluding admin/internal-sounding,Citywide,All types,1. Service recorded as provided,207,3,152911
Excluding admin/internal-sounding,Citywide,All types,1. Service recorded as provided,208,2,152913
Excluding admin/internal-sounding,Citywide,All types,1. Service recorded as provided,209,5,152918
Excluding admin/internal-sounding,Citywide,All types,1. Service recorded as provided,210,3,152921
Excluding admin/internal-sounding,Citywide,All types,1. Service recorded as provided,211,1,152922
Excluding admin/internal-sounding,Citywide,All types,1. Service recorded as provided,212,2,152924
Excluding admin/internal-sounding,Citywide,All types,1. Service recorded as provided,213,4,152928
Excluding admin/internal-sounding,Citywide,All types,1. Service recorded as provided,214,2,152930
Excluding admin/internal-sounding,Citywide,All types,1. Service recorded as provided,216,1,152931
Excluding admin/internal-sounding,Citywide,All types,1. Service recorded as provided,217,7,152938
Excluding admin/internal-sounding,Citywide,All types,1. Service recorded as provided,218,4,152942
Excluding admin/internal-sounding,Citywide,All types,1. Service recorded as provided,219,3,152945
Excluding admin/internal-sounding,Citywide,All types,1. Service recorded as provided,220,2,152947
Excluding admin/internal-sounding,Citywide,All types,1. Service recorded as provided,221,3,152950
Excluding admin/internal-sounding,Citywide,All types,1. Service recorded as provided,222,2,152952
Excluding admin/internal-sounding,Citywide,All types,1. Service recorded as provided,223,8,152960
Excluding admin/internal-sounding,Citywide,All types,1. Service recorded as provided,224,7,152967
Excluding admin/internal-sounding,Citywide,All types,1. Service recorded as provided,225,10,152977
Excluding admin/internal-sounding,Citywide,All types,1. Service recorded as provided,226,3,152980
Excluding admin/internal-sounding,Citywide,All types,1. Service recorded as provided,227,9,152989
Excluding admin/internal-sounding,Citywide,All types,1. Service recorded as provided,228,9,152998
Excluding admin/internal-sounding,Citywide,All types,1. Service recorded as provided,229,8,153006
Excluding admin/internal-sounding,Citywide,All types,1. Service recorded as provided,230,71,153077
Excluding admin/internal-sounding,Citywide,All types,1. Service recorded as provided,231,8,153085
Excluding admin/internal-sounding,Citywide,All types,1. Service recorded as provided,232,21,153106
Excluding admin/internal-sounding,Citywide,All types,1. Service recorded as provided,233,1,153107
Excluding admin/internal-sounding,Citywide,All types,1. Service recorded as provided,234,4,153111
Excluding admin/internal-sounding,Citywide,All types,1. Service recorded as provided,235,6,153117
Excluding admin/internal-sounding,Citywide,All types,1. Service recorded as provided,236,5,153122
Excluding admin/internal-sounding,Citywide,All types,1. Service recorded as provided,237,5,153127
Excluding admin/internal-sounding,Citywide,All types,1. Service recorded as provided,238,9,153136
Excluding admin/internal-sounding,Citywide,All types,1. Service recorded as provided,239,1,153137
Excluding admin/internal-sounding,Citywide,All types,1. Service recorded as provided,240,2,153139
Excluding admin/internal-sounding,Citywide,All types,1. Service recorded as provided,241,3,153142
Excluding admin/internal-sounding,Citywide,All types,1. Service recorded as provided,242,1,153143
Excluding admin/internal-sounding,Citywide,All types,1. Service recorded as provided,243,5,153148
Excluding admin/internal-sounding,Citywide,All types,1. Service recorded as provided,244,2,153150
Excluding admin/internal-sounding,Citywide,All types,1. Service recorded as provided,245,12,153162
Excluding admin/internal-sounding,Citywide,All types,1. Service recorded as provided,246,16,153178
Excluding admin/internal-sounding,Citywide,All types,1. Service recorded as provided,247,8,153186
Excluding admin/internal-sounding,Citywide,All types,1. Service recorded as provided,248,23,153209
Excluding admin/internal-sounding,Citywide,All types,1. Service recorded as provided,249,7,153216
Excluding admin/internal-sounding,Citywide,All types,1. Service recorded as provided,250,5,153221
Excluding admin/internal-sounding,Citywide,All types,1. Service recorded as provided,251,5,153226
Excluding admin/internal-sounding,Citywide,All types,1. Service recorded as provided,252,7,153233
Excluding admin/internal-sounding,Citywide,All types,1. Service recorded as provided,253,9,153242
Excluding admin/internal-sounding,Citywide,All types,1. Service recorded as provided,254,12,153254
Excluding admin/internal-sounding,Citywide,All types,1. Service recorded as provided,255,5,153259
Excluding admin/internal-sounding,Citywide,All types,1. Service recorded as provided,256,13,153272
Excluding admin/internal-sounding,Citywide,All types,1. Service recorded as provided,257,27,153299
Excluding admin/internal-sounding,Citywide,All types,1. Service recorded as provided,258,11,153310
Excluding admin/internal-sounding,Citywide,All types,1. Service recorded as provided,259,18,153328
Excluding admin/internal-sounding,Citywide,All types,1. Service recorded as provided,260,7,153335
Excluding admin/internal-sounding,Citywide,All types,1. Service recorded as provided,261,3,153338
Excluding admin/internal-sounding,Citywide,All types,1. Service recorded as provided,262,7,153345
Excluding admin/internal-sounding,Citywide,All types,1. Service recorded as provided,263,13,153358
Excluding admin/internal-sounding,Citywide,All types,1. Service recorded as provided,264,17,153375
Excluding admin/internal-sounding,Citywide,All types,1. Service recorded as provided,265,25,153400
Excluding admin/internal-sounding,Citywide,All types,1. Service recorded as provided,266,3,153403
Excluding admin/internal-sounding,Citywide,All types,1. Service recorded as provided,267,2,153405
Excluding admin/internal-sounding,Citywide,All types,1. Service recorded as provided,268,12,153417
Excluding admin/internal-sounding,Citywide,All types,1. Service recorded as provided,269,29,153446
Excluding admin/internal-sounding,Citywide,All types,1. Service recorded as provided,270,38,153484
Excluding admin/internal-sounding,Citywide,All types,1. Service recorded as provided,271,34,153518
Excluding admin/internal-sounding,Citywide,All types,1. Service recorded as provided,272,36,153554
Excluding admin/internal-sounding,Citywide,All types,1. Service recorded as provided,273,38,153592
Excluding admin/internal-sounding,Citywide,All types,1. Service recorded as provided,274,56,153648
Excluding admin/internal-sounding,Citywide,All types,1. Service recorded as provided,275,52,153700
Excluding admin/internal-sounding,Citywide,All types,1. Service recorded as provided,276,42,153742
Excluding admin/internal-sounding,Citywide,All types,1. Service recorded as provided,277,41,153783
Excluding admin/internal-sounding,Citywide,All types,1. Service recorded as provided,278,2,153785
Excluding admin/internal-sounding,Citywide,All types,1. Service recorded as provided,280,8,153793
Excluding admin/internal-sounding,Citywide,All types,1. Service recorded as provided,281,25,153818
Excluding admin/internal-sounding,Citywide,All types,1. Service recorded as provided,282,34,153852
Excluding admin/internal-sounding,Citywide,All types,1. Service recorded as provided,283,24,153876
Excluding admin/internal-sounding,Citywide,All types,1. Service recorded as provided,284,31,153907
Excluding admin/internal-sounding,Citywide,All types,1. Service recorded as provided,285,29,153936
Excluding admin/internal-sounding,Citywide,All types,1. Service recorded as provided,286,23,153959
Excluding admin/internal-sounding,Citywide,All types,1. Service recorded as provided,287,15,153974
Excluding admin/internal-sounding,Citywide,All types,1. Service recorded as provided,288,16,153990
Excluding admin/internal-sounding,Citywide,All types,1. Service recorded as provided,289,44,154034
Excluding admin/internal-sounding,Citywide,All types,1. Service recorded as provided,290,44,154078
Excluding admin/internal-sounding,Citywide,All types,1. Service recorded as provided,291,52,154130
Excluding admin/internal-sounding,Citywide,All types,1. Service recorded as provided,292,24,154154
Excluding admin/internal-sounding,Citywide,All types,1. Service recorded as provided,293,25,154179
Excluding admin/internal-sounding,Citywide,All types,1. Service recorded as provided,294,41,154220
Excluding admin/internal-sounding,Citywide,All types,1. Service recorded as provided,295,38,154258
Excluding admin/internal-sounding,Citywide,All types,1. Service recorded as provided,296,23,154281
Excluding admin/internal-sounding,Citywide,All types,1. Service recorded as provided,297,33,154314
Excluding admin/internal-sounding,Citywide,All types,1. Service recorded as provided,298,40,154354
Excluding admin/internal-sounding,Citywide,All types,1. Service recorded as provided,299,21,154375
Excluding admin/internal-sounding,Citywide,All types,1. Service recorded as provided,300,19,154394
Excluding admin/internal-sounding,Citywide,All types,1. Service recorded as provided,301,15,154409
Excluding admin/internal-sounding,Citywide,All types,1. Service recorded as provided,302,28,154437
Excluding admin/internal-sounding,Citywide,All types,1. Service recorded as provided,303,42,154479
Excluding admin/internal-sounding,Citywide,All types,1. Service recorded as provided,304,13,154492
Excluding admin/internal-sounding,Citywide,All types,1. Service recorded as provided,305,3,154495
Excluding admin/internal-sounding,Citywide,All types,1. Service recorded as provided,306,10,154505
Excluding admin/internal-sounding,Citywide,All types,1. Service recorded as provided,307,16,154521
Excluding admin/internal-sounding,Citywide,All types,1. Service recorded as provided,308,17,154538
Excluding admin/internal-sounding,Citywide,All types,1. Service recorded as provided,309,3,154541
Excluding admin/internal-sounding,Citywide,All types,1. Service recorded as provided,310,7,154548
Excluding admin/internal-sounding,Citywide,All types,1. Service recorded as provided,311,6,154554
Excluding admin/internal-sounding,Citywide,All types,1. Service recorded as provided,313,1,154555
Excluding admin/internal-sounding,Citywide,All types,1. Service recorded as provided,314,1,154556
Excluding admin/internal-sounding,Citywide,All types,1. Service recorded as provided,316,2,154558
Excluding admin/internal-sounding,Citywide,All types,1. Service recorded as provided,317,3,154561
Excluding admin/internal-sounding,Citywide,All types,1. Service recorded as provided,318,2,154563
Excluding admin/internal-sounding,Citywide,All types,1. Service recorded as provided,321,1,154564
Excluding admin/internal-sounding,Citywide,All types,1. Service recorded as provided,322,3,154567
Excluding admin/internal-sounding,Citywide,All types,1. Service recorded as provided,323,1,154568
Excluding admin/internal-sounding,Citywide,All types,1. Service recorded as provided,324,1,154569
Excluding admin/internal-sounding,Citywide,All types,1. Service recorded as provided,328,1,154570
Excluding admin/internal-sounding,Citywide,All types,1. Service recorded as provided,330,1,154571
Excluding admin/internal-sounding,Citywide,All types,1. Service recorded as provided,331,1,154572
Excluding admin/internal-sounding,Citywide,All types,1. Service recorded as provided,333,1,154573
Excluding admin/internal-sounding,Citywide,All types,1. Service recorded as provided,334,5,154578
Excluding admin/internal-sounding,Citywide,All types,1. Service recorded as provided,337,2,154580
Excluding admin/internal-sounding,Citywide,All types,1. Service recorded as provided,338,2,154582
Excluding admin/internal-sounding,Citywide,All types,1. Service recorded as provided,339,1,154583
Excluding admin/internal-sounding,Citywide,All types,1. Service recorded as provided,340,1,154584
Excluding admin/internal-sounding,Citywide,All types,1. Service recorded as provided,343,3,154587
Excluding admin/internal-sounding,Citywide,All types,1. Service recorded as provided,344,17,154604
Excluding admin/internal-sounding,Citywide,All types,1. Service recorded as provided,345,35,154639
Excluding admin/internal-sounding,Citywide,All types,1. Service recorded as provided,346,19,154658
Excluding admin/internal-sounding,Citywide,All types,1. Service recorded as provided,347,3,154661
Excluding admin/internal-sounding,Citywide,All types,1. Service recorded as provided,348,1,154662
Excluding admin/internal-sounding,Citywide,All types,1. Service recorded as provided,349,2,154664
Excluding admin/internal-sounding,Citywide,All types,1. Service recorded as provided,350,6,154670
Excluding admin/internal-sounding,Citywide,All types,1. Service recorded as provided,353,1,154671
Excluding admin/internal-sounding,Citywide,All types,1. Service recorded as provided,354,7,154678
Excluding admin/internal-sounding,Citywide,All types,1. Service recorded as provided,355,3,154681
Excluding admin/internal-sounding,Citywide,All types,1. Service recorded as provided,356,1,154682
Excluding admin/internal-sounding,Citywide,All types,1. Service recorded as provided,359,1,154683
Excluding admin/internal-sounding,Citywide,All types,1. Service recorded as provided,360,3,154686
Excluding admin/internal-sounding,Citywide,All types,1. Service recorded as provided,361,5,154691
Excluding admin/internal-sounding,Citywide,All types,1. Service recorded as provided,362,6,154697
Excluding admin/internal-sounding,Citywide,All types,1. Service recorded as provided,365,1,154698
Excluding admin/internal-sounding,Citywide,All types,1. Service recorded as provided,367,1,154699
Excluding admin/internal-sounding,Citywide,All types,1. Service recorded as provided,376,1,154700
Excluding admin/internal-sounding,Citywide,All types,1. Service recorded as provided,377,2,154702
Excluding admin/internal-sounding,Citywide,All types,1. Service recorded as provided,379,4,154706
Excluding admin/internal-sounding,Citywide,All types,1. Service recorded as provided,380,2,154708
Excluding admin/internal-sounding,Citywide,All types,1. Service recorded as provided,381,4,154712
Excluding admin/internal-sounding,Citywide,All types,1. Service recorded as provided,382,1,154713
Excluding admin/internal-sounding,Citywide,All types,1. Service recorded as provided,383,1,154714
Excluding admin/internal-sounding,Citywide,All types,1. Service recorded as provided,385,2,154716
Excluding admin/internal-sounding,Citywide,All types,1. Service recorded as provided,387,2,154718
Excluding admin/internal-sounding,Citywide,All types,1. Service recorded as provided,391,1,154719
Excluding admin/internal-sounding,Citywide,All types,1. Service recorded as provided,392,1,154720
Excluding admin/internal-sounding,Citywide,All types,1. Service recorded as provided,393,1,154721
Excluding admin/internal-sounding,Citywide,All types,1. Service recorded as provided,395,2,154723
Excluding admin/internal-sounding,Citywide,All types,1. Service recorded as provided,396,2,154725
Excluding admin/internal-sounding,Citywide,All types,1. Service recorded as provided,397,2,154727
Excluding admin/internal-sounding,Citywide,All types,1. Service recorded as provided,398,2,154729
Excluding admin/internal-sounding,Citywide,All types,1. Service recorded as provided,399,3,154732
Excluding admin/internal-sounding,Citywide,All types,1. Service recorded as provided,400,7,154739
Excluding admin/internal-sounding,Citywide,All types,1. Service recorded as provided,401,5,154744
Excluding admin/internal-sounding,Citywide,All types,1. Service recorded as provided,402,7,154751
Excluding admin/internal-sounding,Citywide,All types,1. Service recorded as provided,403,2,154753
Excluding admin/internal-sounding,Citywide,All types,1. Service recorded as provided,404,7,154760
Excluding admin/internal-sounding,Citywide,All types,1. Service recorded as provided,405,4,154764
Excluding admin/internal-sounding,Citywide,All types,1. Service recorded as provided,406,3,154767
Excluding admin/internal-sounding,Citywide,All types,1. Service recorded as provided,407,8,154775
Excluding admin/internal-sounding,Citywide,All types,1. Service recorded as provided,408,2,154777
Excluding admin/internal-sounding,Citywide,All types,1. Service recorded as provided,409,5,154782
Excluding admin/internal-sounding,Citywide,All types,1. Service recorded as provided,411,2,154784
Excluding admin/internal-sounding,Citywide,All types,1. Service recorded as provided,412,1,154785
Excluding admin/internal-sounding,Citywide,All types,1. Service recorded as provided,413,1,154786
Excluding admin/internal-sounding,Citywide,All types,1. Service recorded as provided,414,2,154788
Excluding admin/internal-sounding,Citywide,All types,1. Service recorded as provided,415,2,154790
Excluding admin/internal-sounding,Citywide,All types,1. Service recorded as provided,416,4,154794
Excluding admin/internal-sounding,Citywide,All types,1. Service recorded as provided,418,1,154795
Excluding admin/internal-sounding,Citywide,All types,1. Service recorded as provided,420,1,154796
Excluding admin/internal-sounding,Citywide,All types,1. Service recorded as provided,421,2,154798
Excluding admin/internal-sounding,Citywide,All types,1. Service recorded as provided,423,3,154801
Excluding admin/internal-sounding,Citywide,All types,1. Service recorded as provided,426,4,154805
Excluding admin/internal-sounding,Citywide,All types,1. Service recorded as provided,427,5,154810
Excluding admin/internal-sounding,Citywide,All types,1. Service recorded as provided,428,1,154811
Excluding admin/internal-sounding,Citywide,All types,1. Service recorded as provided,429,1,154812
Excluding admin/internal-sounding,Citywide,All types,1. Service recorded as provided,431,1,154813
Excluding admin/internal-sounding,Citywide,All types,1. Service recorded as provided,432,4,154817
Excluding admin/internal-sounding,Citywide,All types,1. Service recorded as provided,433,1,154818
Excluding admin/internal-sounding,Citywide,All types,1. Service recorded as provided,437,1,154819
Excluding admin/internal-sounding,Citywide,All types,1. Service recorded as provided,438,1,154820
Excluding admin/internal-sounding,Citywide,All types,1. Service recorded as provided,439,2,154822
Excluding admin/internal-sounding,Citywide,All types,1. Service recorded as provided,441,3,154825
Excluding admin/internal-sounding,Citywide,All types,1. Service recorded as provided,442,1,154826
Excluding admin/internal-sounding,Citywide,All types,1. Service recorded as provided,443,1,154827
Excluding admin/internal-sounding,Citywide,All types,1. Service recorded as provided,444,2,154829
Excluding admin/internal-sounding,Citywide,All types,1. Service recorded as provided,445,1,154830
Excluding admin/internal-sounding,Citywide,All types,1. Service recorded as provided,446,2,154832
Excluding admin/internal-sounding,Citywide,All types,1. Service recorded as provided,447,5,154837
Excluding admin/internal-sounding,Citywide,All types,1. Service recorded as provided,448,11,154848
Excluding admin/internal-sounding,Citywide,All types,1. Service recorded as provided,449,6,154854
Excluding admin/internal-sounding,Citywide,All types,1. Service recorded as provided,450,5,154859
Excluding admin/internal-sounding,Citywide,All types,1. Service recorded as provided,451,6,154865
Excluding admin/internal-sounding,Citywide,All types,1. Service recorded as provided,452,2,154867
Excluding admin/internal-sounding,Citywide,All types,1. Service recorded as provided,453,13,154880
Excluding admin/internal-sounding,Citywide,All types,1. Service recorded as provided,454,4,154884
Excluding admin/internal-sounding,Citywide,All types,1. Service recorded as provided,455,3,154887
Excluding admin/internal-sounding,Citywide,All types,1. Service recorded as provided,456,5,154892
Excluding admin/internal-sounding,Citywide,All types,1. Service recorded as provided,457,7,154899
Excluding admin/internal-sounding,Citywide,All types,1. Service recorded as provided,458,4,154903
Excluding admin/internal-sounding,Citywide,All types,1. Service recorded as provided,459,7,154910
Excluding admin/internal-sounding,Citywide,All types,1. Service recorded as provided,460,7,154917
Excluding admin/internal-sounding,Citywide,All types,1. Service recorded as provided,461,5,154922
Excluding admin/internal-sounding,Citywide,All types,1. Service recorded as provided,462,4,154926
Excluding admin/internal-sounding,Citywide,All types,1. Service recorded as provided,463,2,154928
Excluding admin/internal-sounding,Citywide,All types,1. Service recorded as provided,464,1,154929
Excluding admin/internal-sounding,Citywide,All types,1. Service recorded as provided,465,6,154935
Excluding admin/internal-sounding,Citywide,All types,1. Service recorded as provided,466,5,154940
Excluding admin/internal-sounding,Citywide,All types,1. Service recorded as provided,467,6,154946
Excluding admin/internal-sounding,Citywide,All types,1. Service recorded as provided,468,5,154951
Excluding admin/internal-sounding,Citywide,All types,1. Service recorded as provided,469,4,154955
Excluding admin/internal-sounding,Citywide,All types,1. Service recorded as provided,470,1,154956
Excluding admin/internal-sounding,Citywide,All types,1. Service recorded as provided,471,1,154957
Excluding admin/internal-sounding,Citywide,All types,1. Service recorded as provided,472,2,154959
Excluding admin/internal-sounding,Citywide,All types,1. Service recorded as provided,473,2,154961
Excluding admin/internal-sounding,Citywide,All types,1. Service recorded as provided,474,3,154964
Excluding admin/internal-sounding,Citywide,All types,1. Service recorded as provided,475,5,154969
Excluding admin/internal-sounding,Citywide,All types,1. Service recorded as provided,476,7,154976
Excluding admin/internal-sounding,Citywide,All types,1. Service recorded as provided,477,3,154979
Excluding admin/internal-sounding,Citywide,All types,1. Service recorded as provided,479,1,154980
Excluding admin/internal-sounding,Citywide,All types,1. Service recorded as provided,480,3,154983
Excluding admin/internal-sounding,Citywide,All types,1. Service recorded as provided,481,2,154985
Excluding admin/internal-sounding,Citywide,All types,1. Service recorded as provided,482,7,154992
Excluding admin/internal-sounding,Citywide,All types,1. Service recorded as provided,483,10,155002
Excluding admin/internal-sounding,Citywide,All types,1. Service recorded as provided,484,1,155003
Excluding admin/internal-sounding,Citywide,All types,1. Service recorded as provided,486,1,155004
Excluding admin/internal-sounding,Citywide,All types,1. Service recorded as provided,487,1,155005
Excluding admin/internal-sounding,Citywide,All types,1. Service recorded as provided,488,3,155008
Excluding admin/internal-sounding,Citywide,All types,1. Service recorded as provided,489,3,155011
Excluding admin/internal-sounding,Citywide,All types,1. Service recorded as provided,490,4,155015
Excluding admin/internal-sounding,Citywide,All types,1. Service recorded as provided,491,2,155017
Excluding admin/internal-sounding,Citywide,All types,1. Service recorded as provided,492,3,155020
Excluding admin/internal-sounding,Citywide,All types,1. Service recorded as provided,493,11,155031
Excluding admin/internal-sounding,Citywide,All types,1. Service recorded as provided,494,4,155035
Excluding admin/internal-sounding,Citywide,All types,1. Service recorded as provided,495,8,155043
Excluding admin/internal-sounding,Citywide,All types,1. Service recorded as provided,496,5,155048
Excluding admin/internal-sounding,Citywide,All types,1. Service recorded as provided,497,2,155050
Excluding admin/internal-sounding,Citywide,All types,1. Service recorded as provided,499,1,155051
Excluding admin/internal-sounding,Citywide,All types,1. Service recorded as provided,500,1,155052
Excluding admin/internal-sounding,Citywide,All types,1. Service recorded as provided,501,5,155057
Excluding admin/internal-sounding,Citywide,All types,1. Service recorded as provided,502,2,155059
Excluding admin/internal-sounding,Citywide,All types,1. Service recorded as provided,503,7,155066
Excluding admin/internal-sounding,Citywide,All types,1. Service recorded as provided,504,3,155069
Excluding admin/internal-sounding,Citywide,All types,1. Service recorded as provided,507,2,155071
Excluding admin/internal-sounding,Citywide,All types,1. Service recorded as provided,508,3,155074
Excluding admin/internal-sounding,Citywide,All types,1. Service recorded as provided,509,4,155078
Excluding admin/internal-sounding,Citywide,All types,1. Service recorded as provided,510,2,155080
Excluding admin/internal-sounding,Citywide,All types,1. Service recorded as provided,511,2,155082
Excluding admin/internal-sounding,Citywide,All types,1. Service recorded as provided,512,4,155086
Excluding admin/internal-sounding,Citywide,All types,1. Service recorded as provided,514,2,155088
Excluding admin/internal-sounding,Citywide,All types,1. Service recorded as provided,515,1,155089
Excluding admin/internal-sounding,Citywide,All types,1. Service recorded as provided,516,6,155095
Excluding admin/internal-sounding,Citywide,All types,1. Service recorded as provided,517,3,155098
Excluding admin/internal-sounding,Citywide,All types,1. Service recorded as provided,518,4,155102
Excluding admin/internal-sounding,Citywide,All types,1. Service recorded as provided,519,1,155103
Excluding admin/internal-sounding,Citywide,All types,1. Service recorded as provided,520,2,155105
Excluding admin/internal-sounding,Citywide,All types,1. Service recorded as provided,521,3,155108
Excluding admin/internal-sounding,Citywide,All types,1. Service recorded as provided,522,2,155110
Excluding admin/internal-sounding,Citywide,All types,1. Service recorded as provided,523,4,155114
Excluding admin/internal-sounding,Citywide,All types,1. Service recorded as provided,524,7,155121
Excluding admin/internal-sounding,Citywide,All types,1. Service recorded as provided,525,4,155125
Excluding admin/internal-sounding,Citywide,All types,1. Service recorded as provided,526,3,155128
Excluding admin/internal-sounding,Citywide,All types,1. Service recorded as provided,528,2,155130
Excluding admin/internal-sounding,Citywide,All types,1. Service recorded as provided,529,1,155131
Excluding admin/internal-sounding,Citywide,All types,1. Service recorded as provided,530,2,155133
Excluding admin/internal-sounding,Citywide,All types,1. Service recorded as provided,531,5,155138
Excluding admin/internal-sounding,Citywide,All types,1. Service recorded as provided,532,8,155146
Excluding admin/internal-sounding,Citywide,All types,1. Service recorded as provided,533,4,155150
Excluding admin/internal-sounding,Citywide,All types,1. Service recorded as provided,534,2,155152
Excluding admin/internal-sounding,Citywide,All types,1. Service recorded as provided,535,8,155160
Excluding admin/internal-sounding,Citywide,All types,1. Service recorded as provided,536,3,155163
Excluding admin/internal-sounding,Citywide,All types,1. Service recorded as provided,537,2,155165
Excluding admin/internal-sounding,Citywide,All types,1. Service recorded as provided,538,4,155169
Excluding admin/internal-sounding,Citywide,All types,1. Service recorded as provided,539,4,155173
Excluding admin/internal-sounding,Citywide,All types,1. Service recorded as provided,541,2,155175
Excluding admin/internal-sounding,Citywide,All types,1. Service recorded as provided,542,6,155181
Excluding admin/internal-sounding,Citywide,All types,1. Service recorded as provided,543,4,155185
Excluding admin/internal-sounding,Citywide,All types,1. Service recorded as provided,548,1,155186
Excluding admin/internal-sounding,Citywide,All types,1. Service recorded as provided,553,1,155187
Excluding admin/internal-sounding,Citywide,All types,1. Service recorded as provided,554,1,155188
Excluding admin/internal-sounding,Citywide,All types,1. Service recorded as provided,568,1,155189
Excluding admin/internal-sounding,Citywide,All types,1. Service recorded as provided,576,1,155190
Excluding admin/internal-sounding,Citywide,All types,1. Service recorded as provided,589,1,155191
Excluding admin/internal-sounding,Citywide,All types,1. Service recorded as provided,595,1,155192
Excluding admin/internal-sounding,Citywide,All types,"2. Work assigned, referred or continuing",0,21839,21839
Excluding admin/internal-sounding,Citywide,All types,"2. Work assigned, referred or continuing",1,10771,32610
Excluding admin/internal-sounding,Citywide,All types,"2. Work assigned, referred or continuing",2,6517,39127
Excluding admin/internal-sounding,Citywide,All types,"2. Work assigned, referred or continuing",3,4884,44011
Excluding admin/internal-sounding,Citywide,All types,"2. Work assigned, referred or continuing",4,3058,47069
Excluding admin/internal-sounding,Citywide,All types,"2. Work assigned, referred or continuing",5,2022,49091
Excluding admin/internal-sounding,Citywide,All types,"2. Work assigned, referred or continuing",6,1589,50680
Excluding admin/internal-sounding,Citywide,All types,"2. Work assigned, referred or continuing",7,1215,51895
Excluding admin/internal-sounding,Citywide,All types,"2. Work assigned, referred or continuing",8,851,52746
Excluding admin/internal-sounding,Citywide,All types,"2. Work assigned, referred or continuing",9,652,53398
Excluding admin/internal-sounding,Citywide,All types,"2. Work assigned, referred or continuing",10,496,53894
Excluding admin/internal-sounding,Citywide,All types,"2. Work assigned, referred or continuing",11,480,54374
Excluding admin/internal-sounding,Citywide,All types,"2. Work assigned, referred or continuing",12,382,54756
Excluding admin/internal-sounding,Citywide,All types,"2. Work assigned, referred or continuing",13,433,55189
Excluding admin/internal-sounding,Citywide,All types,"2. Work assigned, referred or continuing",14,384,55573
Excluding admin/internal-sounding,Citywide,All types,"2. Work assigned, referred or continuing",15,299,55872
Excluding admin/internal-sounding,Citywide,All types,"2. Work assigned, referred or continuing",16,228,56100
Excluding admin/internal-sounding,Citywide,All types,"2. Work assigned, referred or continuing",17,160,56260
Excluding admin/internal-sounding,Citywide,All types,"2. Work assigned, referred or continuing",18,168,56428
Excluding admin/internal-sounding,Citywide,All types,"2. Work assigned, referred or continuing",19,174,56602
Excluding admin/internal-sounding,Citywide,All types,"2. Work assigned, referred or continuing",20,148,56750
Excluding admin/internal-sounding,Citywide,All types,"2. Work assigned, referred or continuing",21,166,56916
Excluding admin/internal-sounding,Citywide,All types,"2. Work assigned, referred or continuing",22,123,57039
Excluding admin/internal-sounding,Citywide,All types,"2. Work assigned, referred or continuing",23,109,57148
Excluding admin/internal-sounding,Citywide,All types,"2. Work assigned, referred or continuing",24,105,57253
Excluding admin/internal-sounding,Citywide,All types,"2. Work assigned, referred or continuing",25,88,57341
Excluding admin/internal-sounding,Citywide,All types,"2. Work assigned, referred or continuing",26,88,57429
Excluding admin/internal-sounding,Citywide,All types,"2. Work assigned, referred or continuing",27,70,57499
Excluding admin/internal-sounding,Citywide,All types,"2. Work assigned, referred or continuing",28,83,57582
Excluding admin/internal-sounding,Citywide,All types,"2. Work assigned, referred or continuing",29,72,57654
Excluding admin/internal-sounding,Citywide,All types,"2. Work assigned, referred or continuing",30,68,57722
Excluding admin/internal-sounding,Citywide,All types,"2. Work assigned, referred or continuing",31,66,57788
Excluding admin/internal-sounding,Citywide,All types,"2. Work assigned, referred or continuing",32,83,57871
Excluding admin/internal-sounding,Citywide,All types,"2. Work assigned, referred or continuing",33,60,57931
Excluding admin/internal-sounding,Citywide,All types,"2. Work assigned, referred or continuing",34,78,58009
Excluding admin/internal-sounding,Citywide,All types,"2. Work assigned, referred or continuing",35,63,58072
Excluding admin/internal-sounding,Citywide,All types,"2. Work assigned, referred or continuing",36,54,58126
Excluding admin/internal-sounding,Citywide,All types,"2. Work assigned, referred or continuing",37,32,58158
Excluding admin/internal-sounding,Citywide,All types,"2. Work assigned, referred or continuing",38,45,58203
Excluding admin/internal-sounding,Citywide,All types,"2. Work assigned, referred or continuing",39,53,58256
Excluding admin/internal-sounding,Citywide,All types,"2. Work assigned, referred or continuing",40,57,58313
Excluding admin/internal-sounding,Citywide,All types,"2. Work assigned, referred or continuing",41,59,58372
Excluding admin/internal-sounding,Citywide,All types,"2. Work assigned, referred or continuing",42,49,58421
Excluding admin/internal-sounding,Citywide,All types,"2. Work assigned, referred or continuing",43,64,58485
Excluding admin/internal-sounding,Citywide,All types,"2. Work assigned, referred or continuing",44,36,58521
Excluding admin/internal-sounding,Citywide,All types,"2. Work assigned, referred or continuing",45,32,58553
Excluding admin/internal-sounding,Citywide,All types,"2. Work assigned, referred or continuing",46,25,58578
Excluding admin/internal-sounding,Citywide,All types,"2. Work assigned, referred or continuing",47,38,58616
Excluding admin/internal-sounding,Citywide,All types,"2. Work assigned, referred or continuing",48,31,58647
Excluding admin/internal-sounding,Citywide,All types,"2. Work assigned, referred or continuing",49,30,58677
Excluding admin/internal-sounding,Citywide,All types,"2. Work assigned, referred or continuing",50,41,58718
Excluding admin/internal-sounding,Citywide,All types,"2. Work assigned, referred or continuing",51,33,58751
Excluding admin/internal-sounding,Citywide,All types,"2. Work assigned, referred or continuing",52,19,58770
Excluding admin/internal-sounding,Citywide,All types,"2. Work assigned, referred or continuing",53,14,58784
Excluding admin/internal-sounding,Citywide,All types,"2. Work assigned, referred or continuing",54,29,58813
Excluding admin/internal-sounding,Citywide,All types,"2. Work assigned, referred or continuing",55,21,58834
Excluding admin/internal-sounding,Citywide,All types,"2. Work assigned, referred or continuing",56,30,58864
Excluding admin/internal-sounding,Citywide,All types,"2. Work assigned, referred or continuing",57,30,58894
Excluding admin/internal-sounding,Citywide,All types,"2. Work assigned, referred or continuing",58,13,58907
Excluding admin/internal-sounding,Citywide,All types,"2. Work assigned, referred or continuing",59,18,58925
Excluding admin/internal-sounding,Citywide,All types,"2. Work assigned, referred or continuing",60,21,58946
Excluding admin/internal-sounding,Citywide,All types,"2. Work assigned, referred or continuing",61,20,58966
Excluding admin/internal-sounding,Citywide,All types,"2. Work assigned, referred or continuing",62,23,58989
Excluding admin/internal-sounding,Citywide,All types,"2. Work assigned, referred or continuing",63,21,59010
Excluding admin/internal-sounding,Citywide,All types,"2. Work assigned, referred or continuing",64,17,59027
Excluding admin/internal-sounding,Citywide,All types,"2. Work assigned, referred or continuing",65,8,59035
Excluding admin/internal-sounding,Citywide,All types,"2. Work assigned, referred or continuing",66,15,59050
Excluding admin/internal-sounding,Citywide,All types,"2. Work assigned, referred or continuing",67,17,59067
Excluding admin/internal-sounding,Citywide,All types,"2. Work assigned, referred or continuing",68,14,59081
Excluding admin/internal-sounding,Citywide,All types,"2. Work assigned, referred or continuing",69,10,59091
Excluding admin/internal-sounding,Citywide,All types,"2. Work assigned, referred or continuing",70,24,59115
Excluding admin/internal-sounding,Citywide,All types,"2. Work assigned, referred or continuing",71,11,59126
Excluding admin/internal-sounding,Citywide,All types,"2. Work assigned, referred or continuing",72,15,59141
Excluding admin/internal-sounding,Citywide,All types,"2. Work assigned, referred or continuing",73,13,59154
Excluding admin/internal-sounding,Citywide,All types,"2. Work assigned, referred or continuing",74,3,59157
Excluding admin/internal-sounding,Citywide,All types,"2. Work assigned, referred or continuing",75,9,59166
Excluding admin/internal-sounding,Citywide,All types,"2. Work assigned, referred or continuing",76,13,59179
Excluding admin/internal-sounding,Citywide,All types,"2. Work assigned, referred or continuing",77,14,59193
Excluding admin/internal-sounding,Citywide,All types,"2. Work assigned, referred or continuing",78,8,59201
Excluding admin/internal-sounding,Citywide,All types,"2. Work assigned, referred or continuing",79,11,59212
Excluding admin/internal-sounding,Citywide,All types,"2. Work assigned, referred or continuing",80,10,59222
Excluding admin/internal-sounding,Citywide,All types,"2. Work assigned, referred or continuing",81,10,59232
Excluding admin/internal-sounding,Citywide,All types,"2. Work assigned, referred or continuing",82,10,59242
Excluding admin/internal-sounding,Citywide,All types,"2. Work assigned, referred or continuing",83,3,59245
Excluding admin/internal-sounding,Citywide,All types,"2. Work assigned, referred or continuing",84,4,59249
Excluding admin/internal-sounding,Citywide,All types,"2. Work assigned, referred or continuing",85,7,59256
Excluding admin/internal-sounding,Citywide,All types,"2. Work assigned, referred or continuing",86,7,59263
Excluding admin/internal-sounding,Citywide,All types,"2. Work assigned, referred or continuing",87,8,59271
Excluding admin/internal-sounding,Citywide,All types,"2. Work assigned, referred or continuing",88,7,59278
Excluding admin/internal-sounding,Citywide,All types,"2. Work assigned, referred or continuing",89,5,59283
Excluding admin/internal-sounding,Citywide,All types,"2. Work assigned, referred or continuing",90,12,59295
Excluding admin/internal-sounding,Citywide,All types,"2. Work assigned, referred or continuing",91,8,59303
Excluding admin/internal-sounding,Citywide,All types,"2. Work assigned, referred or continuing",92,7,59310
Excluding admin/internal-sounding,Citywide,All types,"2. Work assigned, referred or continuing",93,11,59321
Excluding admin/internal-sounding,Citywide,All types,"2. Work assigned, referred or continuing",94,5,59326
Excluding admin/internal-sounding,Citywide,All types,"2. Work assigned, referred or continuing",95,7,59333
Excluding admin/internal-sounding,Citywide,All types,"2. Work assigned, referred or continuing",96,8,59341
Excluding admin/internal-sounding,Citywide,All types,"2. Work assigned, referred or continuing",97,4,59345
Excluding admin/internal-sounding,Citywide,All types,"2. Work assigned, referred or continuing",98,4,59349
Excluding admin/internal-sounding,Citywide,All types,"2. Work assigned, referred or continuing",99,5,59354
Excluding admin/internal-sounding,Citywide,All types,"2. Work assigned, referred or continuing",100,4,59358
Excluding admin/internal-sounding,Citywide,All types,"2. Work assigned, referred or continuing",101,9,59367
Excluding admin/internal-sounding,Citywide,All types,"2. Work assigned, referred or continuing",102,6,59373
Excluding admin/internal-sounding,Citywide,All types,"2. Work assigned, referred or continuing",103,3,59376
Excluding admin/internal-sounding,Citywide,All types,"2. Work assigned, referred or continuing",104,7,59383
Excluding admin/internal-sounding,Citywide,All types,"2. Work assigned, referred or continuing",105,10,59393
Excluding admin/internal-sounding,Citywide,All types,"2. Work assigned, referred or continuing",106,9,59402
Excluding admin/internal-sounding,Citywide,All types,"2. Work assigned, referred or continuing",107,10,59412
Excluding admin/internal-sounding,Citywide,All types,"2. Work assigned, referred or continuing",108,4,59416
Excluding admin/internal-sounding,Citywide,All types,"2. Work assigned, referred or continuing",109,8,59424
Excluding admin/internal-sounding,Citywide,All types,"2. Work assigned, referred or continuing",110,7,59431
Excluding admin/internal-sounding,Citywide,All types,"2. Work assigned, referred or continuing",111,2,59433
Excluding admin/internal-sounding,Citywide,All types,"2. Work assigned, referred or continuing",112,5,59438
Excluding admin/internal-sounding,Citywide,All types,"2. Work assigned, referred or continuing",113,7,59445
Excluding admin/internal-sounding,Citywide,All types,"2. Work assigned, referred or continuing",114,5,59450
Excluding admin/internal-sounding,Citywide,All types,"2. Work assigned, referred or continuing",115,12,59462
Excluding admin/internal-sounding,Citywide,All types,"2. Work assigned, referred or continuing",116,6,59468
Excluding admin/internal-sounding,Citywide,All types,"2. Work assigned, referred or continuing",117,4,59472
Excluding admin/internal-sounding,Citywide,All types,"2. Work assigned, referred or continuing",118,5,59477
Excluding admin/internal-sounding,Citywide,All types,"2. Work assigned, referred or continuing",119,6,59483
Excluding admin/internal-sounding,Citywide,All types,"2. Work assigned, referred or continuing",120,4,59487
Excluding admin/internal-sounding,Citywide,All types,"2. Work assigned, referred or continuing",121,3,59490
Excluding admin/internal-sounding,Citywide,All types,"2. Work assigned, referred or continuing",122,3,59493
Excluding admin/internal-sounding,Citywide,All types,"2. Work assigned, referred or continuing",123,2,59495
Excluding admin/internal-sounding,Citywide,All types,"2. Work assigned, referred or continuing",124,3,59498
Excluding admin/internal-sounding,Citywide,All types,"2. Work assigned, referred or continuing",125,4,59502
Excluding admin/internal-sounding,Citywide,All types,"2. Work assigned, referred or continuing",126,2,59504
Excluding admin/internal-sounding,Citywide,All types,"2. Work assigned, referred or continuing",127,4,59508
Excluding admin/internal-sounding,Citywide,All types,"2. Work assigned, referred or continuing",128,2,59510
Excluding admin/internal-sounding,Citywide,All types,"2. Work assigned, referred or continuing",129,3,59513
Excluding admin/internal-sounding,Citywide,All types,"2. Work assigned, referred or continuing",130,3,59516
Excluding admin/internal-sounding,Citywide,All types,"2. Work assigned, referred or continuing",131,4,59520
Excluding admin/internal-sounding,Citywide,All types,"2. Work assigned, referred or continuing",132,4,59524
Excluding admin/internal-sounding,Citywide,All types,"2. Work assigned, referred or continuing",133,3,59527
Excluding admin/internal-sounding,Citywide,All types,"2. Work assigned, referred or continuing",134,5,59532
Excluding admin/internal-sounding,Citywide,All types,"2. Work assigned, referred or continuing",135,5,59537
Excluding admin/internal-sounding,Citywide,All types,"2. Work assigned, referred or continuing",136,4,59541
Excluding admin/internal-sounding,Citywide,All types,"2. Work assigned, referred or continuing",137,4,59545
Excluding admin/internal-sounding,Citywide,All types,"2. Work assigned, referred or continuing",138,5,59550
Excluding admin/internal-sounding,Citywide,All types,"2. Work assigned, referred or continuing",139,2,59552
Excluding admin/internal-sounding,Citywide,All types,"2. Work assigned, referred or continuing",140,3,59555
Excluding admin/internal-sounding,Citywide,All types,"2. Work assigned, referred or continuing",141,3,59558
Excluding admin/internal-sounding,Citywide,All types,"2. Work assigned, referred or continuing",143,4,59562
Excluding admin/internal-sounding,Citywide,All types,"2. Work assigned, referred or continuing",144,1,59563
Excluding admin/internal-sounding,Citywide,All types,"2. Work assigned, referred or continuing",145,1,59564
Excluding admin/internal-sounding,Citywide,All types,"2. Work assigned, referred or continuing",146,3,59567
Excluding admin/internal-sounding,Citywide,All types,"2. Work assigned, referred or continuing",147,4,59571
Excluding admin/internal-sounding,Citywide,All types,"2. Work assigned, referred or continuing",148,4,59575
Excluding admin/internal-sounding,Citywide,All types,"2. Work assigned, referred or continuing",149,2,59577
Excluding admin/internal-sounding,Citywide,All types,"2. Work assigned, referred or continuing",150,4,59581
Excluding admin/internal-sounding,Citywide,All types,"2. Work assigned, referred or continuing",151,1,59582
Excluding admin/internal-sounding,Citywide,All types,"2. Work assigned, referred or continuing",152,4,59586
Excluding admin/internal-sounding,Citywide,All types,"2. Work assigned, referred or continuing",153,2,59588
Excluding admin/internal-sounding,Citywide,All types,"2. Work assigned, referred or continuing",154,4,59592
Excluding admin/internal-sounding,Citywide,All types,"2. Work assigned, referred or continuing",155,3,59595
Excluding admin/internal-sounding,Citywide,All types,"2. Work assigned, referred or continuing",156,2,59597
Excluding admin/internal-sounding,Citywide,All types,"2. Work assigned, referred or continuing",158,2,59599
Excluding admin/internal-sounding,Citywide,All types,"2. Work assigned, referred or continuing",159,4,59603
Excluding admin/internal-sounding,Citywide,All types,"2. Work assigned, referred or continuing",160,2,59605
Excluding admin/internal-sounding,Citywide,All types,"2. Work assigned, referred or continuing",161,2,59607
Excluding admin/internal-sounding,Citywide,All types,"2. Work assigned, referred or continuing",162,2,59609
Excluding admin/internal-sounding,Citywide,All types,"2. Work assigned, referred or continuing",163,2,59611
Excluding admin/internal-sounding,Citywide,All types,"2. Work assigned, referred or continuing",164,1,59612
Excluding admin/internal-sounding,Citywide,All types,"2. Work assigned, referred or continuing",167,2,59614
Excluding admin/internal-sounding,Citywide,All types,"2. Work assigned, referred or continuing",168,4,59618
Excluding admin/internal-sounding,Citywide,All types,"2. Work assigned, referred or continuing",169,2,59620
Excluding admin/internal-sounding,Citywide,All types,"2. Work assigned, referred or continuing",170,1,59621
Excluding admin/internal-sounding,Citywide,All types,"2. Work assigned, referred or continuing",171,3,59624
Excluding admin/internal-sounding,Citywide,All types,"2. Work assigned, referred or continuing",172,2,59626
Excluding admin/internal-sounding,Citywide,All types,"2. Work assigned, referred or continuing",173,1,59627
Excluding admin/internal-sounding,Citywide,All types,"2. Work assigned, referred or continuing",176,2,59629
Excluding admin/internal-sounding,Citywide,All types,"2. Work assigned, referred or continuing",177,1,59630
Excluding admin/internal-sounding,Citywide,All types,"2. Work assigned, referred or continuing",179,3,59633
Excluding admin/internal-sounding,Citywide,All types,"2. Work assigned, referred or continuing",180,2,59635
Excluding admin/internal-sounding,Citywide,All types,"2. Work assigned, referred or continuing",181,1,59636
Excluding admin/internal-sounding,Citywide,All types,"2. Work assigned, referred or continuing",182,5,59641
Excluding admin/internal-sounding,Citywide,All types,"2. Work assigned, referred or continuing",183,1,59642
Excluding admin/internal-sounding,Citywide,All types,"2. Work assigned, referred or continuing",184,1,59643
Excluding admin/internal-sounding,Citywide,All types,"2. Work assigned, referred or continuing",185,2,59645
Excluding admin/internal-sounding,Citywide,All types,"2. Work assigned, referred or continuing",188,3,59648
Excluding admin/internal-sounding,Citywide,All types,"2. Work assigned, referred or continuing",189,1,59649
Excluding admin/internal-sounding,Citywide,All types,"2. Work assigned, referred or continuing",190,2,59651
Excluding admin/internal-sounding,Citywide,All types,"2. Work assigned, referred or continuing",191,2,59653
Excluding admin/internal-sounding,Citywide,All types,"2. Work assigned, referred or continuing",192,2,59655
Excluding admin/internal-sounding,Citywide,All types,"2. Work assigned, referred or continuing",193,1,59656
Excluding admin/internal-sounding,Citywide,All types,"2. Work assigned, referred or continuing",194,3,59659
Excluding admin/internal-sounding,Citywide,All types,"2. Work assigned, referred or continuing",195,1,59660
Excluding admin/internal-sounding,Citywide,All types,"2. Work assigned, referred or continuing",196,1,59661
Excluding admin/internal-sounding,Citywide,All types,"2. Work assigned, referred or continuing",197,2,59663
Excluding admin/internal-sounding,Citywide,All types,"2. Work assigned, referred or continuing",198,3,59666
Excluding admin/internal-sounding,Citywide,All types,"2. Work assigned, referred or continuing",199,1,59667
Excluding admin/internal-sounding,Citywide,All types,"2. Work assigned, referred or continuing",200,1,59668
Excluding admin/internal-sounding,Citywide,All types,"2. Work assigned, referred or continuing",204,2,59670
Excluding admin/internal-sounding,Citywide,All types,"2. Work assigned, referred or continuing",205,1,59671
Excluding admin/internal-sounding,Citywide,All types,"2. Work assigned, referred or continuing",206,2,59673
Excluding admin/internal-sounding,Citywide,All types,"2. Work assigned, referred or continuing",208,2,59675
Excluding admin/internal-sounding,Citywide,All types,"2. Work assigned, referred or continuing",209,2,59677
Excluding admin/internal-sounding,Citywide,All types,"2. Work assigned, referred or continuing",210,4,59681
Excluding admin/internal-sounding,Citywide,All types,"2. Work assigned, referred or continuing",211,2,59683
Excluding admin/internal-sounding,Citywide,All types,"2. Work assigned, referred or continuing",212,3,59686
Excluding admin/internal-sounding,Citywide,All types,"2. Work assigned, referred or continuing",213,1,59687
Excluding admin/internal-sounding,Citywide,All types,"2. Work assigned, referred or continuing",214,1,59688
Excluding admin/internal-sounding,Citywide,All types,"2. Work assigned, referred or continuing",215,2,59690
Excluding admin/internal-sounding,Citywide,All types,"2. Work assigned, referred or continuing",217,1,59691
Excluding admin/internal-sounding,Citywide,All types,"2. Work assigned, referred or continuing",221,1,59692
Excluding admin/internal-sounding,Citywide,All types,"2. Work assigned, referred or continuing",222,1,59693
Excluding admin/internal-sounding,Citywide,All types,"2. Work assigned, referred or continuing",223,2,59695
Excluding admin/internal-sounding,Citywide,All types,"2. Work assigned, referred or continuing",224,2,59697
Excluding admin/internal-sounding,Citywide,All types,"2. Work assigned, referred or continuing",225,2,59699
Excluding admin/internal-sounding,Citywide,All types,"2. Work assigned, referred or continuing",227,1,59700
Excluding admin/internal-sounding,Citywide,All types,"2. Work assigned, referred or continuing",228,2,59702
Excluding admin/internal-sounding,Citywide,All types,"2. Work assigned, referred or continuing",229,1,59703
Excluding admin/internal-sounding,Citywide,All types,"2. Work assigned, referred or continuing",230,2,59705
Excluding admin/internal-sounding,Citywide,All types,"2. Work assigned, referred or continuing",232,2,59707
Excluding admin/internal-sounding,Citywide,All types,"2. Work assigned, referred or continuing",234,4,59711
Excluding admin/internal-sounding,Citywide,All types,"2. Work assigned, referred or continuing",235,1,59712
Excluding admin/internal-sounding,Citywide,All types,"2. Work assigned, referred or continuing",238,1,59713
Excluding admin/internal-sounding,Citywide,All types,"2. Work assigned, referred or continuing",239,1,59714
Excluding admin/internal-sounding,Citywide,All types,"2. Work assigned, referred or continuing",240,2,59716
Excluding admin/internal-sounding,Citywide,All types,"2. Work assigned, referred or continuing",241,1,59717
Excluding admin/internal-sounding,Citywide,All types,"2. Work assigned, referred or continuing",242,1,59718
Excluding admin/internal-sounding,Citywide,All types,"2. Work assigned, referred or continuing",245,1,59719
Excluding admin/internal-sounding,Citywide,All types,"2. Work assigned, referred or continuing",246,1,59720
Excluding admin/internal-sounding,Citywide,All types,"2. Work assigned, referred or continuing",248,1,59721
Excluding admin/internal-sounding,Citywide,All types,"2. Work assigned, referred or continuing",249,1,59722
Excluding admin/internal-sounding,Citywide,All types,"2. Work assigned, referred or continuing",250,1,59723
Excluding admin/internal-sounding,Citywide,All types,"2. Work assigned, referred or continuing",251,3,59726
Excluding admin/internal-sounding,Citywide,All types,"2. Work assigned, referred or continuing",252,1,59727
Excluding admin/internal-sounding,Citywide,All types,"2. Work assigned, referred or continuing",253,2,59729
Excluding admin/internal-sounding,Citywide,All types,"2. Work assigned, referred or continuing",254,1,59730
Excluding admin/internal-sounding,Citywide,All types,"2. Work assigned, referred or continuing",256,1,59731
Excluding admin/internal-sounding,Citywide,All types,"2. Work assigned, referred or continuing",259,3,59734
Excluding admin/internal-sounding,Citywide,All types,"2. Work assigned, referred or continuing",262,2,59736
Excluding admin/internal-sounding,Citywide,All types,"2. Work assigned, referred or continuing",263,1,59737
Excluding admin/internal-sounding,Citywide,All types,"2. Work assigned, referred or continuing",264,3,59740
Excluding admin/internal-sounding,Citywide,All types,"2. Work assigned, referred or continuing",266,1,59741
Excluding admin/internal-sounding,Citywide,All types,"2. Work assigned, referred or continuing",267,1,59742
Excluding admin/internal-sounding,Citywide,All types,"2. Work assigned, referred or continuing",272,3,59745
Excluding admin/internal-sounding,Citywide,All types,"2. Work assigned, referred or continuing",278,2,59747
Excluding admin/internal-sounding,Citywide,All types,"2. Work assigned, referred or continuing",283,1,59748
Excluding admin/internal-sounding,Citywide,All types,"2. Work assigned, referred or continuing",284,2,59750
Excluding admin/internal-sounding,Citywide,All types,"2. Work assigned, referred or continuing",287,1,59751
Excluding admin/internal-sounding,Citywide,All types,"2. Work assigned, referred or continuing",294,1,59752
Excluding admin/internal-sounding,Citywide,All types,"2. Work assigned, referred or continuing",295,2,59754
Excluding admin/internal-sounding,Citywide,All types,"2. Work assigned, referred or continuing",296,1,59755
Excluding admin/internal-sounding,Citywide,All types,"2. Work assigned, referred or continuing",302,1,59756
Excluding admin/internal-sounding,Citywide,All types,"2. Work assigned, referred or continuing",315,2,59758
Excluding admin/internal-sounding,Citywide,All types,"2. Work assigned, referred or continuing",316,1,59759
Excluding admin/internal-sounding,Citywide,All types,"2. Work assigned, referred or continuing",317,1,59760
Excluding admin/internal-sounding,Citywide,All types,"2. Work assigned, referred or continuing",318,1,59761
Excluding admin/internal-sounding,Citywide,All types,"2. Work assigned, referred or continuing",321,2,59763
Excluding admin/internal-sounding,Citywide,All types,"2. Work assigned, referred or continuing",323,1,59764
Excluding admin/internal-sounding,Citywide,All types,"2. Work assigned, referred or continuing",325,2,59766
Excluding admin/internal-sounding,Citywide,All types,"2. Work assigned, referred or continuing",326,1,59767
Excluding admin/internal-sounding,Citywide,All types,"2. Work assigned, referred or continuing",328,1,59768
Excluding admin/internal-sounding,Citywide,All types,"2. Work assigned, referred or continuing",333,1,59769
Excluding admin/internal-sounding,Citywide,All types,"2. Work assigned, referred or continuing",334,1,59770
Excluding admin/internal-sounding,Citywide,All types,"2. Work assigned, referred or continuing",335,1,59771
Excluding admin/internal-sounding,Citywide,All types,"2. Work assigned, referred or continuing",336,1,59772
Excluding admin/internal-sounding,Citywide,All types,"2. Work assigned, referred or continuing",341,1,59773
Excluding admin/internal-sounding,Citywide,All types,"2. Work assigned, referred or continuing",347,1,59774
Excluding admin/internal-sounding,Citywide,All types,"2. Work assigned, referred or continuing",348,1,59775
Excluding admin/internal-sounding,Citywide,All types,"2. Work assigned, referred or continuing",353,1,59776
Excluding admin/internal-sounding,Citywide,All types,"2. Work assigned, referred or continuing",360,1,59777
Excluding admin/internal-sounding,Citywide,All types,"2. Work assigned, referred or continuing",370,1,59778
Excluding admin/internal-sounding,Citywide,All types,"2. Work assigned, referred or continuing",386,1,59779
Excluding admin/internal-sounding,Citywide,All types,"2. Work assigned, referred or continuing",395,1,59780
Excluding admin/internal-sounding,Citywide,All types,"2. Work assigned, referred or continuing",399,1,59781
Excluding admin/internal-sounding,Citywide,All types,"2. Work assigned, referred or continuing",405,1,59782
Excluding admin/internal-sounding,Citywide,All types,"2. Work assigned, referred or continuing",457,1,59783
Excluding admin/internal-sounding,Citywide,All types,"2. Work assigned, referred or continuing",460,1,59784
Excluding admin/internal-sounding,Citywide,All types,"2. Work assigned, referred or continuing",466,1,59785
Excluding admin/internal-sounding,Citywide,All types,"2. Work assigned, referred or continuing",477,1,59786
Excluding admin/internal-sounding,Citywide,All types,"2. Work assigned, referred or continuing",481,1,59787
Excluding admin/internal-sounding,Citywide,All types,"2. Work assigned, referred or continuing",491,1,59788
Excluding admin/internal-sounding,Citywide,All types,"2. Work assigned, referred or continuing",506,1,59789
Excluding admin/internal-sounding,Citywide,All types,"2. Work assigned, referred or continuing",518,1,59790
Excluding admin/internal-sounding,Citywide,All types,"2. Work assigned, referred or continuing",537,1,59791
Excluding admin/internal-sounding,Citywide,All types,3. No service or no action recorded,0,3378,3378
Excluding admin/internal-sounding,Citywide,All types,3. No service or no action recorded,1,5069,8447
Excluding admin/internal-sounding,Citywide,All types,3. No service or no action recorded,2,3671,12118
Excluding admin/internal-sounding,Citywide,All types,3. No service or no action recorded,3,2612,14730
Excluding admin/internal-sounding,Citywide,All types,3. No service or no action recorded,4,2292,17022
Excluding admin/internal-sounding,Citywide,All types,3. No service or no action recorded,5,1553,18575
Excluding admin/internal-sounding,Citywide,All types,3. No service or no action recorded,6,1290,19865
Excluding admin/internal-sounding,Citywide,All types,3. No service or no action recorded,7,975,20840
Excluding admin/internal-sounding,Citywide,All types,3. No service or no action recorded,8,797,21637
Excluding admin/internal-sounding,Citywide,All types,3. No service or no action recorded,9,501,22138
Excluding admin/internal-sounding,Citywide,All types,3. No service or no action recorded,10,378,22516
Excluding admin/internal-sounding,Citywide,All types,3. No service or no action recorded,11,350,22866
Excluding admin/internal-sounding,Citywide,All types,3. No service or no action recorded,12,327,23193
Excluding admin/internal-sounding,Citywide,All types,3. No service or no action recorded,13,309,23502
Excluding admin/internal-sounding,Citywide,All types,3. No service or no action recorded,14,301,23803
Excluding admin/internal-sounding,Citywide,All types,3. No service or no action recorded,15,167,23970
Excluding admin/internal-sounding,Citywide,All types,3. No service or no action recorded,16,142,24112
Excluding admin/internal-sounding,Citywide,All types,3. No service or no action recorded,17,120,24232
Excluding admin/internal-sounding,Citywide,All types,3. No service or no action recorded,18,124,24356
Excluding admin/internal-sounding,Citywide,All types,3. No service or no action recorded,19,127,24483
Excluding admin/internal-sounding,Citywide,All types,3. No service or no action recorded,20,114,24597
Excluding admin/internal-sounding,Citywide,All types,3. No service or no action recorded,21,104,24701
Excluding admin/internal-sounding,Citywide,All types,3. No service or no action recorded,22,96,24797
Excluding admin/internal-sounding,Citywide,All types,3. No service or no action recorded,23,74,24871
Excluding admin/internal-sounding,Citywide,All types,3. No service or no action recorded,24,62,24933
Excluding admin/internal-sounding,Citywide,All types,3. No service or no action recorded,25,71,25004
Excluding admin/internal-sounding,Citywide,All types,3. No service or no action recorded,26,49,25053
Excluding admin/internal-sounding,Citywide,All types,3. No service or no action recorded,27,53,25106
Excluding admin/internal-sounding,Citywide,All types,3. No service or no action recorded,28,60,25166
Excluding admin/internal-sounding,Citywide,All types,3. No service or no action recorded,29,51,25217
Excluding admin/internal-sounding,Citywide,All types,3. No service or no action recorded,30,55,25272
Excluding admin/internal-sounding,Citywide,All types,3. No service or no action recorded,31,47,25319
Excluding admin/internal-sounding,Citywide,All types,3. No service or no action recorded,32,41,25360
Excluding admin/internal-sounding,Citywide,All types,3. No service or no action recorded,33,34,25394
Excluding admin/internal-sounding,Citywide,All types,3. No service or no action recorded,34,36,25430
Excluding admin/internal-sounding,Citywide,All types,3. No service or no action recorded,35,56,25486
Excluding admin/internal-sounding,Citywide,All types,3. No service or no action recorded,36,36,25522
Excluding admin/internal-sounding,Citywide,All types,3. No service or no action recorded,37,39,25561
Excluding admin/internal-sounding,Citywide,All types,3. No service or no action recorded,38,19,25580
Excluding admin/internal-sounding,Citywide,All types,3. No service or no action recorded,39,24,25604
Excluding admin/internal-sounding,Citywide,All types,3. No service or no action recorded,40,17,25621
Excluding admin/internal-sounding,Citywide,All types,3. No service or no action recorded,41,22,25643
Excluding admin/internal-sounding,Citywide,All types,3. No service or no action recorded,42,19,25662
Excluding admin/internal-sounding,Citywide,All types,3. No service or no action recorded,43,23,25685
Excluding admin/internal-sounding,Citywide,All types,3. No service or no action recorded,44,12,25697
Excluding admin/internal-sounding,Citywide,All types,3. No service or no action recorded,45,24,25721
Excluding admin/internal-sounding,Citywide,All types,3. No service or no action recorded,46,18,25739
Excluding admin/internal-sounding,Citywide,All types,3. No service or no action recorded,47,17,25756
Excluding admin/internal-sounding,Citywide,All types,3. No service or no action recorded,48,16,25772
Excluding admin/internal-sounding,Citywide,All types,3. No service or no action recorded,49,29,25801
Excluding admin/internal-sounding,Citywide,All types,3. No service or no action recorded,50,36,25837
Excluding admin/internal-sounding,Citywide,All types,3. No service or no action recorded,51,15,25852
Excluding admin/internal-sounding,Citywide,All types,3. No service or no action recorded,52,12,25864
Excluding admin/internal-sounding,Citywide,All types,3. No service or no action recorded,53,14,25878
Excluding admin/internal-sounding,Citywide,All types,3. No service or no action recorded,54,24,25902
Excluding admin/internal-sounding,Citywide,All types,3. No service or no action recorded,55,12,25914
Excluding admin/internal-sounding,Citywide,All types,3. No service or no action recorded,56,18,25932
Excluding admin/internal-sounding,Citywide,All types,3. No service or no action recorded,57,14,25946
Excluding admin/internal-sounding,Citywide,All types,3. No service or no action recorded,58,9,25955
Excluding admin/internal-sounding,Citywide,All types,3. No service or no action recorded,59,12,25967
Excluding admin/internal-sounding,Citywide,All types,3. No service or no action recorded,60,14,25981
Excluding admin/internal-sounding,Citywide,All types,3. No service or no action recorded,61,8,25989
Excluding admin/internal-sounding,Citywide,All types,3. No service or no action recorded,62,13,26002
Excluding admin/internal-sounding,Citywide,All types,3. No service or no action recorded,63,23,26025
Excluding admin/internal-sounding,Citywide,All types,3. No service or no action recorded,64,13,26038
Excluding admin/internal-sounding,Citywide,All types,3. No service or no action recorded,65,10,26048
Excluding admin/internal-sounding,Citywide,All types,3. No service or no action recorded,66,14,26062
Excluding admin/internal-sounding,Citywide,All types,3. No service or no action recorded,67,12,26074
Excluding admin/internal-sounding,Citywide,All types,3. No service or no action recorded,68,7,26081
Excluding admin/internal-sounding,Citywide,All types,3. No service or no action recorded,69,12,26093
Excluding admin/internal-sounding,Citywide,All types,3. No service or no action recorded,70,11,26104
Excluding admin/internal-sounding,Citywide,All types,3. No service or no action recorded,71,5,26109
Excluding admin/internal-sounding,Citywide,All types,3. No service or no action recorded,72,14,26123
Excluding admin/internal-sounding,Citywide,All types,3. No service or no action recorded,73,12,26135
Excluding admin/internal-sounding,Citywide,All types,3. No service or no action recorded,74,11,26146
Excluding admin/internal-sounding,Citywide,All types,3. No service or no action recorded,75,12,26158
Excluding admin/internal-sounding,Citywide,All types,3. No service or no action recorded,76,15,26173
Excluding admin/internal-sounding,Citywide,All types,3. No service or no action recorded,77,9,26182
Excluding admin/internal-sounding,Citywide,All types,3. No service or no action recorded,78,13,26195
Excluding admin/internal-sounding,Citywide,All types,3. No service or no action recorded,79,8,26203
Excluding admin/internal-sounding,Citywide,All types,3. No service or no action recorded,80,6,26209
Excluding admin/internal-sounding,Citywide,All types,3. No service or no action recorded,81,6,26215
Excluding admin/internal-sounding,Citywide,All types,3. No service or no action recorded,82,12,26227
Excluding admin/internal-sounding,Citywide,All types,3. No service or no action recorded,83,8,26235
Excluding admin/internal-sounding,Citywide,All types,3. No service or no action recorded,84,18,26253
Excluding admin/internal-sounding,Citywide,All types,3. No service or no action recorded,85,12,26265
Excluding admin/internal-sounding,Citywide,All types,3. No service or no action recorded,86,9,26274
Excluding admin/internal-sounding,Citywide,All types,3. No service or no action recorded,87,3,26277
Excluding admin/internal-sounding,Citywide,All types,3. No service or no action recorded,88,3,26280
Excluding admin/internal-sounding,Citywide,All types,3. No service or no action recorded,89,5,26285
Excluding admin/internal-sounding,Citywide,All types,3. No service or no action recorded,90,8,26293
Excluding admin/internal-sounding,Citywide,All types,3. No service or no action recorded,91,5,26298
Excluding admin/internal-sounding,Citywide,All types,3. No service or no action recorded,92,4,26302
Excluding admin/internal-sounding,Citywide,All types,3. No service or no action recorded,93,8,26310
Excluding admin/internal-sounding,Citywide,All types,3. No service or no action recorded,94,2,26312
Excluding admin/internal-sounding,Citywide,All types,3. No service or no action recorded,95,4,26316
Excluding admin/internal-sounding,Citywide,All types,3. No service or no action recorded,96,3,26319
Excluding admin/internal-sounding,Citywide,All types,3. No service or no action recorded,97,5,26324
Excluding admin/internal-sounding,Citywide,All types,3. No service or no action recorded,98,7,26331
Excluding admin/internal-sounding,Citywide,All types,3. No service or no action recorded,99,3,26334
Excluding admin/internal-sounding,Citywide,All types,3. No service or no action recorded,100,2,26336
Excluding admin/internal-sounding,Citywide,All types,3. No service or no action recorded,101,6,26342
Excluding admin/internal-sounding,Citywide,All types,3. No service or no action recorded,102,5,26347
Excluding admin/internal-sounding,Citywide,All types,3. No service or no action recorded,104,6,26353
Excluding admin/internal-sounding,Citywide,All types,3. No service or no action recorded,105,7,26360
Excluding admin/internal-sounding,Citywide,All types,3. No service or no action recorded,106,2,26362
Excluding admin/internal-sounding,Citywide,All types,3. No service or no action recorded,107,10,26372
Excluding admin/internal-sounding,Citywide,All types,3. No service or no action recorded,108,3,26375
Excluding admin/internal-sounding,Citywide,All types,3. No service or no action recorded,109,3,26378
Excluding admin/internal-sounding,Citywide,All types,3. No service or no action recorded,110,3,26381
Excluding admin/internal-sounding,Citywide,All types,3. No service or no action recorded,111,3,26384
Excluding admin/internal-sounding,Citywide,All types,3. No service or no action recorded,112,4,26388
Excluding admin/internal-sounding,Citywide,All types,3. No service or no action recorded,113,4,26392
Excluding admin/internal-sounding,Citywide,All types,3. No service or no action recorded,114,4,26396
Excluding admin/internal-sounding,Citywide,All types,3. No service or no action recorded,115,1,26397
Excluding admin/internal-sounding,Citywide,All types,3. No service or no action recorded,116,3,26400
Excluding admin/internal-sounding,Citywide,All types,3. No service or no action recorded,117,1,26401
Excluding admin/internal-sounding,Citywide,All types,3. No service or no action recorded,118,3,26404
Excluding admin/internal-sounding,Citywide,All types,3. No service or no action recorded,119,2,26406
Excluding admin/internal-sounding,Citywide,All types,3. No service or no action recorded,120,4,26410
Excluding admin/internal-sounding,Citywide,All types,3. No service or no action recorded,121,1,26411
Excluding admin/internal-sounding,Citywide,All types,3. No service or no action recorded,122,2,26413
Excluding admin/internal-sounding,Citywide,All types,3. No service or no action recorded,124,6,26419
Excluding admin/internal-sounding,Citywide,All types,3. No service or no action recorded,125,2,26421
Excluding admin/internal-sounding,Citywide,All types,3. No service or no action recorded,126,3,26424
Excluding admin/internal-sounding,Citywide,All types,3. No service or no action recorded,127,3,26427
Excluding admin/internal-sounding,Citywide,All types,3. No service or no action recorded,128,2,26429
Excluding admin/internal-sounding,Citywide,All types,3. No service or no action recorded,129,4,26433
Excluding admin/internal-sounding,Citywide,All types,3. No service or no action recorded,130,4,26437
Excluding admin/internal-sounding,Citywide,All types,3. No service or no action recorded,131,3,26440
Excluding admin/internal-sounding,Citywide,All types,3. No service or no action recorded,132,3,26443
Excluding admin/internal-sounding,Citywide,All types,3. No service or no action recorded,133,2,26445
Excluding admin/internal-sounding,Citywide,All types,3. No service or no action recorded,134,1,26446
Excluding admin/internal-sounding,Citywide,All types,3. No service or no action recorded,135,2,26448
Excluding admin/internal-sounding,Citywide,All types,3. No service or no action recorded,136,1,26449
Excluding admin/internal-sounding,Citywide,All types,3. No service or no action recorded,137,5,26454
Excluding admin/internal-sounding,Citywide,All types,3. No service or no action recorded,138,4,26458
Excluding admin/internal-sounding,Citywide,All types,3. No service or no action recorded,139,7,26465
Excluding admin/internal-sounding,Citywide,All types,3. No service or no action recorded,140,4,26469
Excluding admin/internal-sounding,Citywide,All types,3. No service or no action recorded,141,2,26471
Excluding admin/internal-sounding,Citywide,All types,3. No service or no action recorded,142,4,26475
Excluding admin/internal-sounding,Citywide,All types,3. No service or no action recorded,143,4,26479
Excluding admin/internal-sounding,Citywide,All types,3. No service or no action recorded,144,6,26485
Excluding admin/internal-sounding,Citywide,All types,3. No service or no action recorded,145,4,26489
Excluding admin/internal-sounding,Citywide,All types,3. No service or no action recorded,146,5,26494
Excluding admin/internal-sounding,Citywide,All types,3. No service or no action recorded,147,2,26496
Excluding admin/internal-sounding,Citywide,All types,3. No service or no action recorded,148,1,26497
Excluding admin/internal-sounding,Citywide,All types,3. No service or no action recorded,149,1,26498
Excluding admin/internal-sounding,Citywide,All types,3. No service or no action recorded,150,3,26501
Excluding admin/internal-sounding,Citywide,All types,3. No service or no action recorded,152,1,26502
Excluding admin/internal-sounding,Citywide,All types,3. No service or no action recorded,153,1,26503
Excluding admin/internal-sounding,Citywide,All types,3. No service or no action recorded,154,6,26509
Excluding admin/internal-sounding,Citywide,All types,3. No service or no action recorded,155,5,26514
Excluding admin/internal-sounding,Citywide,All types,3. No service or no action recorded,156,2,26516
Excluding admin/internal-sounding,Citywide,All types,3. No service or no action recorded,158,2,26518
Excluding admin/internal-sounding,Citywide,All types,3. No service or no action recorded,159,1,26519
Excluding admin/internal-sounding,Citywide,All types,3. No service or no action recorded,160,1,26520
Excluding admin/internal-sounding,Citywide,All types,3. No service or no action recorded,161,5,26525
Excluding admin/internal-sounding,Citywide,All types,3. No service or no action recorded,162,2,26527
Excluding admin/internal-sounding,Citywide,All types,3. No service or no action recorded,163,4,26531
Excluding admin/internal-sounding,Citywide,All types,3. No service or no action recorded,164,2,26533
Excluding admin/internal-sounding,Citywide,All types,3. No service or no action recorded,165,1,26534
Excluding admin/internal-sounding,Citywide,All types,3. No service or no action recorded,166,2,26536
Excluding admin/internal-sounding,Citywide,All types,3. No service or no action recorded,167,3,26539
Excluding admin/internal-sounding,Citywide,All types,3. No service or no action recorded,169,2,26541
Excluding admin/internal-sounding,Citywide,All types,3. No service or no action recorded,170,4,26545
Excluding admin/internal-sounding,Citywide,All types,3. No service or no action recorded,171,1,26546
Excluding admin/internal-sounding,Citywide,All types,3. No service or no action recorded,172,2,26548
Excluding admin/internal-sounding,Citywide,All types,3. No service or no action recorded,173,2,26550
Excluding admin/internal-sounding,Citywide,All types,3. No service or no action recorded,174,2,26552
Excluding admin/internal-sounding,Citywide,All types,3. No service or no action recorded,175,2,26554
Excluding admin/internal-sounding,Citywide,All types,3. No service or no action recorded,176,4,26558
Excluding admin/internal-sounding,Citywide,All types,3. No service or no action recorded,177,2,26560
Excluding admin/internal-sounding,Citywide,All types,3. No service or no action recorded,178,3,26563
Excluding admin/internal-sounding,Citywide,All types,3. No service or no action recorded,179,3,26566
Excluding admin/internal-sounding,Citywide,All types,3. No service or no action recorded,183,3,26569
Excluding admin/internal-sounding,Citywide,All types,3. No service or no action recorded,184,5,26574
Excluding admin/internal-sounding,Citywide,All types,3. No service or no action recorded,185,7,26581
Excluding admin/internal-sounding,Citywide,All types,3. No service or no action recorded,186,3,26584
Excluding admin/internal-sounding,Citywide,All types,3. No service or no action recorded,187,2,26586
Excluding admin/internal-sounding,Citywide,All types,3. No service or no action recorded,189,3,26589
Excluding admin/internal-sounding,Citywide,All types,3. No service or no action recorded,191,1,26590
Excluding admin/internal-sounding,Citywide,All types,3. No service or no action recorded,192,1,26591
Excluding admin/internal-sounding,Citywide,All types,3. No service or no action recorded,194,3,26594
Excluding admin/internal-sounding,Citywide,All types,3. No service or no action recorded,195,2,26596
Excluding admin/internal-sounding,Citywide,All types,3. No service or no action recorded,196,6,26602
Excluding admin/internal-sounding,Citywide,All types,3. No service or no action recorded,198,2,26604
Excluding admin/internal-sounding,Citywide,All types,3. No service or no action recorded,200,1,26605
Excluding admin/internal-sounding,Citywide,All types,3. No service or no action recorded,202,3,26608
Excluding admin/internal-sounding,Citywide,All types,3. No service or no action recorded,203,4,26612
Excluding admin/internal-sounding,Citywide,All types,3. No service or no action recorded,205,2,26614
Excluding admin/internal-sounding,Citywide,All types,3. No service or no action recorded,209,1,26615
Excluding admin/internal-sounding,Citywide,All types,3. No service or no action recorded,210,4,26619
Excluding admin/internal-sounding,Citywide,All types,3. No service or no action recorded,211,3,26622
Excluding admin/internal-sounding,Citywide,All types,3. No service or no action recorded,212,1,26623
Excluding admin/internal-sounding,Citywide,All types,3. No service or no action recorded,213,4,26627
Excluding admin/internal-sounding,Citywide,All types,3. No service or no action recorded,214,1,26628
Excluding admin/internal-sounding,Citywide,All types,3. No service or no action recorded,215,2,26630
Excluding admin/internal-sounding,Citywide,All types,3. No service or no action recorded,216,6,26636
Excluding admin/internal-sounding,Citywide,All types,3. No service or no action recorded,217,6,26642
Excluding admin/internal-sounding,Citywide,All types,3. No service or no action recorded,218,2,26644
Excluding admin/internal-sounding,Citywide,All types,3. No service or no action recorded,220,2,26646
Excluding admin/internal-sounding,Citywide,All types,3. No service or no action recorded,223,2,26648
Excluding admin/internal-sounding,Citywide,All types,3. No service or no action recorded,224,2,26650
Excluding admin/internal-sounding,Citywide,All types,3. No service or no action recorded,225,1,26651
Excluding admin/internal-sounding,Citywide,All types,3. No service or no action recorded,226,2,26653
Excluding admin/internal-sounding,Citywide,All types,3. No service or no action recorded,227,2,26655
Excluding admin/internal-sounding,Citywide,All types,3. No service or no action recorded,228,1,26656
Excluding admin/internal-sounding,Citywide,All types,3. No service or no action recorded,229,1,26657
Excluding admin/internal-sounding,Citywide,All types,3. No service or no action recorded,230,5,26662
Excluding admin/internal-sounding,Citywide,All types,3. No service or no action recorded,231,1,26663
Excluding admin/internal-sounding,Citywide,All types,3. No service or no action recorded,232,1,26664
Excluding admin/internal-sounding,Citywide,All types,3. No service or no action recorded,233,3,26667
Excluding admin/internal-sounding,Citywide,All types,3. No service or no action recorded,234,1,26668
Excluding admin/internal-sounding,Citywide,All types,3. No service or no action recorded,235,2,26670
Excluding admin/internal-sounding,Citywide,All types,3. No service or no action recorded,236,1,26671
Excluding admin/internal-sounding,Citywide,All types,3. No service or no action recorded,237,2,26673
Excluding admin/internal-sounding,Citywide,All types,3. No service or no action recorded,238,2,26675
Excluding admin/internal-sounding,Citywide,All types,3. No service or no action recorded,239,1,26676
Excluding admin/internal-sounding,Citywide,All types,3. No service or no action recorded,240,2,26678
Excluding admin/internal-sounding,Citywide,All types,3. No service or no action recorded,241,2,26680
Excluding admin/internal-sounding,Citywide,All types,3. No service or no action recorded,243,3,26683
Excluding admin/internal-sounding,Citywide,All types,3. No service or no action recorded,245,3,26686
Excluding admin/internal-sounding,Citywide,All types,3. No service or no action recorded,246,2,26688
Excluding admin/internal-sounding,Citywide,All types,3. No service or no action recorded,247,2,26690
Excluding admin/internal-sounding,Citywide,All types,3. No service or no action recorded,248,3,26693
Excluding admin/internal-sounding,Citywide,All types,3. No service or no action recorded,250,4,26697
Excluding admin/internal-sounding,Citywide,All types,3. No service or no action recorded,251,4,26701
Excluding admin/internal-sounding,Citywide,All types,3. No service or no action recorded,252,1,26702
Excluding admin/internal-sounding,Citywide,All types,3. No service or no action recorded,253,2,26704
Excluding admin/internal-sounding,Citywide,All types,3. No service or no action recorded,254,5,26709
Excluding admin/internal-sounding,Citywide,All types,3. No service or no action recorded,255,2,26711
Excluding admin/internal-sounding,Citywide,All types,3. No service or no action recorded,256,3,26714
Excluding admin/internal-sounding,Citywide,All types,3. No service or no action recorded,259,1,26715
Excluding admin/internal-sounding,Citywide,All types,3. No service or no action recorded,260,2,26717
Excluding admin/internal-sounding,Citywide,All types,3. No service or no action recorded,262,1,26718
Excluding admin/internal-sounding,Citywide,All types,3. No service or no action recorded,263,3,26721
Excluding admin/internal-sounding,Citywide,All types,3. No service or no action recorded,266,4,26725
Excluding admin/internal-sounding,Citywide,All types,3. No service or no action recorded,267,1,26726
Excluding admin/internal-sounding,Citywide,All types,3. No service or no action recorded,269,1,26727
Excluding admin/internal-sounding,Citywide,All types,3. No service or no action recorded,270,1,26728
Excluding admin/internal-sounding,Citywide,All types,3. No service or no action recorded,271,1,26729
Excluding admin/internal-sounding,Citywide,All types,3. No service or no action recorded,272,1,26730
Excluding admin/internal-sounding,Citywide,All types,3. No service or no action recorded,273,2,26732
Excluding admin/internal-sounding,Citywide,All types,3. No service or no action recorded,274,3,26735
Excluding admin/internal-sounding,Citywide,All types,3. No service or no action recorded,276,3,26738
Excluding admin/internal-sounding,Citywide,All types,3. No service or no action recorded,277,1,26739
Excluding admin/internal-sounding,Citywide,All types,3. No service or no action recorded,278,3,26742
Excluding admin/internal-sounding,Citywide,All types,3. No service or no action recorded,279,2,26744
Excluding admin/internal-sounding,Citywide,All types,3. No service or no action recorded,280,3,26747
Excluding admin/internal-sounding,Citywide,All types,3. No service or no action recorded,281,2,26749
Excluding admin/internal-sounding,Citywide,All types,3. No service or no action recorded,282,2,26751
Excluding admin/internal-sounding,Citywide,All types,3. No service or no action recorded,283,1,26752
Excluding admin/internal-sounding,Citywide,All types,3. No service or no action recorded,284,2,26754
Excluding admin/internal-sounding,Citywide,All types,3. No service or no action recorded,285,1,26755
Excluding admin/internal-sounding,Citywide,All types,3. No service or no action recorded,287,1,26756
Excluding admin/internal-sounding,Citywide,All types,3. No service or no action recorded,288,1,26757
Excluding admin/internal-sounding,Citywide,All types,3. No service or no action recorded,289,2,26759
Excluding admin/internal-sounding,Citywide,All types,3. No service or no action recorded,290,1,26760
Excluding admin/internal-sounding,Citywide,All types,3. No service or no action recorded,291,1,26761
Excluding admin/internal-sounding,Citywide,All types,3. No service or no action recorded,292,1,26762
Excluding admin/internal-sounding,Citywide,All types,3. No service or no action recorded,293,2,26764
Excluding admin/internal-sounding,Citywide,All types,3. No service or no action recorded,297,2,26766
Excluding admin/internal-sounding,Citywide,All types,3. No service or no action recorded,298,1,26767
Excluding admin/internal-sounding,Citywide,All types,3. No service or no action recorded,301,1,26768
Excluding admin/internal-sounding,Citywide,All types,3. No service or no action recorded,303,1,26769
Excluding admin/internal-sounding,Citywide,All types,3. No service or no action recorded,304,2,26771
Excluding admin/internal-sounding,Citywide,All types,3. No service or no action recorded,307,2,26773
Excluding admin/internal-sounding,Citywide,All types,3. No service or no action recorded,309,1,26774
Excluding admin/internal-sounding,Citywide,All types,3. No service or no action recorded,310,1,26775
Excluding admin/internal-sounding,Citywide,All types,3. No service or no action recorded,312,1,26776
Excluding admin/internal-sounding,Citywide,All types,3. No service or no action recorded,313,1,26777
Excluding admin/internal-sounding,Citywide,All types,3. No service or no action recorded,315,1,26778
Excluding admin/internal-sounding,Citywide,All types,3. No service or no action recorded,317,1,26779
Excluding admin/internal-sounding,Citywide,All types,3. No service or no action recorded,318,1,26780
Excluding admin/internal-sounding,Citywide,All types,3. No service or no action recorded,319,1,26781
Excluding admin/internal-sounding,Citywide,All types,3. No service or no action recorded,321,3,26784
Excluding admin/internal-sounding,Citywide,All types,3. No service or no action recorded,323,1,26785
Excluding admin/internal-sounding,Citywide,All types,3. No service or no action recorded,324,3,26788
Excluding admin/internal-sounding,Citywide,All types,3. No service or no action recorded,325,1,26789
Excluding admin/internal-sounding,Citywide,All types,3. No service or no action recorded,326,1,26790
Excluding admin/internal-sounding,Citywide,All types,3. No service or no action recorded,328,1,26791
Excluding admin/internal-sounding,Citywide,All types,3. No service or no action recorded,329,2,26793
Excluding admin/internal-sounding,Citywide,All types,3. No service or no action recorded,330,1,26794
Excluding admin/internal-sounding,Citywide,All types,3. No service or no action recorded,334,1,26795
Excluding admin/internal-sounding,Citywide,All types,3. No service or no action recorded,335,2,26797
Excluding admin/internal-sounding,Citywide,All types,3. No service or no action recorded,336,1,26798
Excluding admin/internal-sounding,Citywide,All types,3. No service or no action recorded,339,1,26799
Excluding admin/internal-sounding,Citywide,All types,3. No service or no action recorded,342,2,26801
Excluding admin/internal-sounding,Citywide,All types,3. No service or no action recorded,344,1,26802
Excluding admin/internal-sounding,Citywide,All types,3. No service or no action recorded,346,1,26803
Excluding admin/internal-sounding,Citywide,All types,3. No service or no action recorded,351,1,26804
Excluding admin/internal-sounding,Citywide,All types,3. No service or no action recorded,352,3,26807
Excluding admin/internal-sounding,Citywide,All types,3. No service or no action recorded,353,1,26808
Excluding admin/internal-sounding,Citywide,All types,3. No service or no action recorded,354,1,26809
Excluding admin/internal-sounding,Citywide,All types,3. No service or no action recorded,357,1,26810
Excluding admin/internal-sounding,Citywide,All types,3. No service or no action recorded,358,2,26812
Excluding admin/internal-sounding,Citywide,All types,3. No service or no action recorded,360,1,26813
Excluding admin/internal-sounding,Citywide,All types,3. No service or no action recorded,361,1,26814
Excluding admin/internal-sounding,Citywide,All types,3. No service or no action recorded,362,1,26815
Excluding admin/internal-sounding,Citywide,All types,3. No service or no action recorded,363,1,26816
Excluding admin/internal-sounding,Citywide,All types,3. No service or no action recorded,364,1,26817
Excluding admin/internal-sounding,Citywide,All types,3. No service or no action recorded,367,1,26818
Excluding admin/internal-sounding,Citywide,All types,3. No service or no action recorded,370,1,26819
Excluding admin/internal-sounding,Citywide,All types,3. No service or no action recorded,374,1,26820
Excluding admin/internal-sounding,Citywide,All types,3. No service or no action recorded,383,1,26821
Excluding admin/internal-sounding,Citywide,All types,3. No service or no action recorded,384,1,26822
Excluding admin/internal-sounding,Citywide,All types,3. No service or no action recorded,386,1,26823
Excluding admin/internal-sounding,Citywide,All types,3. No service or no action recorded,387,2,26825
Excluding admin/internal-sounding,Citywide,All types,3. No service or no action recorded,389,2,26827
Excluding admin/internal-sounding,Citywide,All types,3. No service or no action recorded,390,1,26828
Excluding admin/internal-sounding,Citywide,All types,3. No service or no action recorded,391,2,26830
Excluding admin/internal-sounding,Citywide,All types,3. No service or no action recorded,399,3,26833
Excluding admin/internal-sounding,Citywide,All types,3. No service or no action recorded,404,2,26835
Excluding admin/internal-sounding,Citywide,All types,3. No service or no action recorded,405,1,26836
Excluding admin/internal-sounding,Citywide,All types,3. No service or no action recorded,406,4,26840
Excluding admin/internal-sounding,Citywide,All types,3. No service or no action recorded,408,1,26841
Excluding admin/internal-sounding,Citywide,All types,3. No service or no action recorded,410,2,26843
Excluding admin/internal-sounding,Citywide,All types,3. No service or no action recorded,412,1,26844
Excluding admin/internal-sounding,Citywide,All types,3. No service or no action recorded,413,1,26845
Excluding admin/internal-sounding,Citywide,All types,3. No service or no action recorded,418,1,26846
Excluding admin/internal-sounding,Citywide,All types,3. No service or no action recorded,419,2,26848
Excluding admin/internal-sounding,Citywide,All types,3. No service or no action recorded,420,1,26849
Excluding admin/internal-sounding,Citywide,All types,3. No service or no action recorded,423,1,26850
Excluding admin/internal-sounding,Citywide,All types,3. No service or no action recorded,428,1,26851
Excluding admin/internal-sounding,Citywide,All types,3. No service or no action recorded,435,1,26852
Excluding admin/internal-sounding,Citywide,All types,3. No service or no action recorded,443,1,26853
Excluding admin/internal-sounding,Citywide,All types,3. No service or no action recorded,444,1,26854
Excluding admin/internal-sounding,Citywide,All types,3. No service or no action recorded,464,1,26855
Excluding admin/internal-sounding,Citywide,All types,3. No service or no action recorded,482,1,26856
Excluding admin/internal-sounding,Citywide,All types,3. No service or no action recorded,485,1,26857
Excluding admin/internal-sounding,Citywide,All types,3. No service or no action recorded,487,1,26858
Excluding admin/internal-sounding,Citywide,All types,3. No service or no action recorded,519,1,26859
Excluding admin/internal-sounding,Citywide,All types,3. No service or no action recorded,574,1,26860
Excluding admin/internal-sounding,Citywide,All types,3. No service or no action recorded,581,1,26861
Excluding admin/internal-sounding,Citywide,All types,4. Insufficient information / could not proceed,0,1405,1405
Excluding admin/internal-sounding,Citywide,All types,4. Insufficient information / could not proceed,1,1301,2706
Excluding admin/internal-sounding,Citywide,All types,4. Insufficient information / could not proceed,2,453,3159
Excluding admin/internal-sounding,Citywide,All types,4. Insufficient information / could not proceed,3,411,3570
Excluding admin/internal-sounding,Citywide,All types,4. Insufficient information / could not proceed,4,245,3815
Excluding admin/internal-sounding,Citywide,All types,4. Insufficient information / could not proceed,5,163,3978
Excluding admin/internal-sounding,Citywide,All types,4. Insufficient information / could not proceed,6,130,4108
Excluding admin/internal-sounding,Citywide,All types,4. Insufficient information / could not proceed,7,168,4276
Excluding admin/internal-sounding,Citywide,All types,4. Insufficient information / could not proceed,8,109,4385
Excluding admin/internal-sounding,Citywide,All types,4. Insufficient information / could not proceed,9,63,4448
Excluding admin/internal-sounding,Citywide,All types,4. Insufficient information / could not proceed,10,57,4505
Excluding admin/internal-sounding,Citywide,All types,4. Insufficient information / could not proceed,11,64,4569
Excluding admin/internal-sounding,Citywide,All types,4. Insufficient information / could not proceed,12,47,4616
Excluding admin/internal-sounding,Citywide,All types,4. Insufficient information / could not proceed,13,52,4668
Excluding admin/internal-sounding,Citywide,All types,4. Insufficient information / could not proceed,14,45,4713
Excluding admin/internal-sounding,Citywide,All types,4. Insufficient information / could not proceed,15,21,4734
Excluding admin/internal-sounding,Citywide,All types,4. Insufficient information / could not proceed,16,25,4759
Excluding admin/internal-sounding,Citywide,All types,4. Insufficient information / could not proceed,17,20,4779
Excluding admin/internal-sounding,Citywide,All types,4. Insufficient information / could not proceed,18,18,4797
Excluding admin/internal-sounding,Citywide,All types,4. Insufficient information / could not proceed,19,20,4817
Excluding admin/internal-sounding,Citywide,All types,4. Insufficient information / could not proceed,20,13,4830
Excluding admin/internal-sounding,Citywide,All types,4. Insufficient information / could not proceed,21,8,4838
Excluding admin/internal-sounding,Citywide,All types,4. Insufficient information / could not proceed,22,2,4840
Excluding admin/internal-sounding,Citywide,All types,4. Insufficient information / could not proceed,23,4,4844
Excluding admin/internal-sounding,Citywide,All types,4. Insufficient information / could not proceed,24,5,4849
Excluding admin/internal-sounding,Citywide,All types,4. Insufficient information / could not proceed,25,5,4854
Excluding admin/internal-sounding,Citywide,All types,4. Insufficient information / could not proceed,26,9,4863
Excluding admin/internal-sounding,Citywide,All types,4. Insufficient information / could not proceed,27,3,4866
Excluding admin/internal-sounding,Citywide,All types,4. Insufficient information / could not proceed,28,6,4872
Excluding admin/internal-sounding,Citywide,All types,4. Insufficient information / could not proceed,29,7,4879
Excluding admin/internal-sounding,Citywide,All types,4. Insufficient information / could not proceed,30,4,4883
Excluding admin/internal-sounding,Citywide,All types,4. Insufficient information / could not proceed,31,3,4886
Excluding admin/internal-sounding,Citywide,All types,4. Insufficient information / could not proceed,32,2,4888
Excluding admin/internal-sounding,Citywide,All types,4. Insufficient information / could not proceed,33,1,4889
Excluding admin/internal-sounding,Citywide,All types,4. Insufficient information / could not proceed,34,5,4894
Excluding admin/internal-sounding,Citywide,All types,4. Insufficient information / could not proceed,35,3,4897
Excluding admin/internal-sounding,Citywide,All types,4. Insufficient information / could not proceed,36,2,4899
Excluding admin/internal-sounding,Citywide,All types,4. Insufficient information / could not proceed,37,3,4902
Excluding admin/internal-sounding,Citywide,All types,4. Insufficient information / could not proceed,38,3,4905
Excluding admin/internal-sounding,Citywide,All types,4. Insufficient information / could not proceed,39,7,4912
Excluding admin/internal-sounding,Citywide,All types,4. Insufficient information / could not proceed,40,1,4913
Excluding admin/internal-sounding,Citywide,All types,4. Insufficient information / could not proceed,41,3,4916
Excluding admin/internal-sounding,Citywide,All types,4. Insufficient information / could not proceed,42,2,4918
Excluding admin/internal-sounding,Citywide,All types,4. Insufficient information / could not proceed,43,1,4919
Excluding admin/internal-sounding,Citywide,All types,4. Insufficient information / could not proceed,44,2,4921
Excluding admin/internal-sounding,Citywide,All types,4. Insufficient information / could not proceed,46,1,4922
Excluding admin/internal-sounding,Citywide,All types,4. Insufficient information / could not proceed,47,2,4924
Excluding admin/internal-sounding,Citywide,All types,4. Insufficient information / could not proceed,48,1,4925
Excluding admin/internal-sounding,Citywide,All types,4. Insufficient information / could not proceed,49,1,4926
Excluding admin/internal-sounding,Citywide,All types,4. Insufficient information / could not proceed,50,3,4929
Excluding admin/internal-sounding,Citywide,All types,4. Insufficient information / could not proceed,51,2,4931
Excluding admin/internal-sounding,Citywide,All types,4. Insufficient information / could not proceed,52,1,4932
Excluding admin/internal-sounding,Citywide,All types,4. Insufficient information / could not proceed,53,1,4933
Excluding admin/internal-sounding,Citywide,All types,4. Insufficient information / could not proceed,54,3,4936
Excluding admin/internal-sounding,Citywide,All types,4. Insufficient information / could not proceed,55,1,4937
Excluding admin/internal-sounding,Citywide,All types,4. Insufficient information / could not proceed,56,4,4941
Excluding admin/internal-sounding,Citywide,All types,4. Insufficient information / could not proceed,57,3,4944
Excluding admin/internal-sounding,Citywide,All types,4. Insufficient information / could not proceed,58,2,4946
Excluding admin/internal-sounding,Citywide,All types,4. Insufficient information / could not proceed,60,2,4948
Excluding admin/internal-sounding,Citywide,All types,4. Insufficient information / could not proceed,61,1,4949
Excluding admin/internal-sounding,Citywide,All types,4. Insufficient information / could not proceed,63,2,4951
Excluding admin/internal-sounding,Citywide,All types,4. Insufficient information / could not proceed,65,1,4952
Excluding admin/internal-sounding,Citywide,All types,4. Insufficient information / could not proceed,71,2,4954
Excluding admin/internal-sounding,Citywide,All types,4. Insufficient information / could not proceed,72,3,4957
Excluding admin/internal-sounding,Citywide,All types,4. Insufficient information / could not proceed,75,1,4958
Excluding admin/internal-sounding,Citywide,All types,4. Insufficient information / could not proceed,76,1,4959
Excluding admin/internal-sounding,Citywide,All types,4. Insufficient information / could not proceed,77,1,4960
Excluding admin/internal-sounding,Citywide,All types,4. Insufficient information / could not proceed,78,1,4961
Excluding admin/internal-sounding,Citywide,All types,4. Insufficient information / could not proceed,80,1,4962
Excluding admin/internal-sounding,Citywide,All types,4. Insufficient information / could not proceed,82,1,4963
Excluding admin/internal-sounding,Citywide,All types,4. Insufficient information / could not proceed,84,2,4965
Excluding admin/internal-sounding,Citywide,All types,4. Insufficient information / could not proceed,88,1,4966
Excluding admin/internal-sounding,Citywide,All types,4. Insufficient information / could not proceed,89,1,4967
Excluding admin/internal-sounding,Citywide,All types,4. Insufficient information / could not proceed,94,1,4968
Excluding admin/internal-sounding,Citywide,All types,4. Insufficient information / could not proceed,95,1,4969
Excluding admin/internal-sounding,Citywide,All types,4. Insufficient information / could not proceed,98,1,4970
Excluding admin/internal-sounding,Citywide,All types,4. Insufficient information / could not proceed,101,1,4971
Excluding admin/internal-sounding,Citywide,All types,4. Insufficient information / could not proceed,102,1,4972
Excluding admin/internal-sounding,Citywide,All types,4. Insufficient information / could not proceed,110,1,4973
Excluding admin/internal-sounding,Citywide,All types,4. Insufficient information / could not proceed,113,2,4975
Excluding admin/internal-sounding,Citywide,All types,4. Insufficient information / could not proceed,114,1,4976
Excluding admin/internal-sounding,Citywide,All types,4. Insufficient information / could not proceed,116,1,4977
Excluding admin/internal-sounding,Citywide,All types,4. Insufficient information / could not proceed,118,2,4979
Excluding admin/internal-sounding,Citywide,All types,4. Insufficient information / could not proceed,120,1,4980
Excluding admin/internal-sounding,Citywide,All types,4. Insufficient information / could not proceed,127,1,4981
Excluding admin/internal-sounding,Citywide,All types,4. Insufficient information / could not proceed,128,1,4982
Excluding admin/internal-sounding,Citywide,All types,4. Insufficient information / could not proceed,131,1,4983
Excluding admin/internal-sounding,Citywide,All types,4. Insufficient information / could not proceed,134,1,4984
Excluding admin/internal-sounding,Citywide,All types,4. Insufficient information / could not proceed,158,1,4985
Excluding admin/internal-sounding,Citywide,All types,4. Insufficient information / could not proceed,161,1,4986
Excluding admin/internal-sounding,Citywide,All types,4. Insufficient information / could not proceed,170,1,4987
Excluding admin/internal-sounding,Citywide,All types,4. Insufficient information / could not proceed,231,1,4988
Excluding admin/internal-sounding,Citywide,All types,4. Insufficient information / could not proceed,256,1,4989
Excluding admin/internal-sounding,Citywide,All types,4. Insufficient information / could not proceed,334,1,4990
Excluding admin/internal-sounding,Citywide,All types,4. Insufficient information / could not proceed,337,1,4991
Excluding admin/internal-sounding,Citywide,All types,4. Insufficient information / could not proceed,341,1,4992
Excluding admin/internal-sounding,Citywide,All types,4. Insufficient information / could not proceed,435,1,4993
Excluding admin/internal-sounding,Citywide,All types,4. Insufficient information / could not proceed,437,1,4994
Excluding admin/internal-sounding,Citywide,All types,4. Insufficient information / could not proceed,439,1,4995
Excluding admin/internal-sounding,Citywide,All types,4. Insufficient information / could not proceed,453,1,4996
Excluding admin/internal-sounding,Citywide,All types,4. Insufficient information / could not proceed,456,1,4997
Excluding admin/internal-sounding,Citywide,All types,4. Insufficient information / could not proceed,461,1,4998
Excluding admin/internal-sounding,Citywide,All types,5. Unknown or N/A,0,9203,9203
Excluding admin/internal-sounding,Citywide,All types,5. Unknown or N/A,1,8,9211
Excluding admin/internal-sounding,Citywide,All types,5. Unknown or N/A,2,2,9213
Excluding admin/internal-sounding,Citywide,All types,5. Unknown or N/A,3,6,9219
Excluding admin/internal-sounding,Citywide,All types,5. Unknown or N/A,4,7,9226
Excluding admin/internal-sounding,Citywide,All types,5. Unknown or N/A,5,9,9235
Excluding admin/internal-sounding,Citywide,All types,5. Unknown or N/A,6,9,9244
Excluding admin/internal-sounding,Citywide,All types,5. Unknown or N/A,7,2,9246
Excluding admin/internal-sounding,Citywide,All types,5. Unknown or N/A,8,1,9247
Excluding admin/internal-sounding,Citywide,All types,5. Unknown or N/A,9,1,9248
Excluding admin/internal-sounding,Citywide,All types,5. Unknown or N/A,12,1,9249
Excluding admin/internal-sounding,Citywide,All types,5. Unknown or N/A,13,1,9250
Excluding admin/internal-sounding,Citywide,All types,5. Unknown or N/A,15,2,9252
Excluding admin/internal-sounding,Citywide,All types,5. Unknown or N/A,16,1,9253
Excluding admin/internal-sounding,Citywide,All types,5. Unknown or N/A,18,1,9254
Excluding admin/internal-sounding,Citywide,All types,5. Unknown or N/A,20,1,9255
Excluding admin/internal-sounding,Citywide,All types,5. Unknown or N/A,27,1,9256
Excluding admin/internal-sounding,Citywide,All types,5. Unknown or N/A,52,1,9257
Excluding admin/internal-sounding,Citywide,All types,5. Unknown or N/A,75,1,9258
Excluding admin/internal-sounding,Citywide,All types,5. Unknown or N/A,114,1,9259
Excluding admin/internal-sounding,Citywide,All types,5. Unknown or N/A,244,1,9260
Excluding admin/internal-sounding,Citywide,All types,5. Unknown or N/A,250,1,9261
Excluding admin/internal-sounding,Citywide,All types,5. Unknown or N/A,382,1,9262
Excluding admin/internal-sounding,Citywide,All types,5. Unknown or N/A,447,2,9264
Excluding admin/internal-sounding,Citywide,All types,5. Unknown or N/A,454,1,9265
Excluding admin/internal-sounding,Citywide,All types,5. Unknown or N/A,455,1,9266
Excluding admin/internal-sounding,Citywide,All types,5. Unknown or N/A,459,1,9267
Excluding admin/internal-sounding,Citywide,All types,5. Unknown or N/A,463,1,9268
Excluding admin/internal-sounding,Citywide,All types,5. Unknown or N/A,472,2,9270
Excluding admin/internal-sounding,Citywide,All types,5. Unknown or N/A,475,1,9271
Excluding admin/internal-sounding,Citywide,All types,5. Unknown or N/A,477,2,9273
Excluding admin/internal-sounding,Citywide,All types,5. Unknown or N/A,478,2,9275
Excluding admin/internal-sounding,Citywide,All types,5. Unknown or N/A,479,1,9276
Excluding admin/internal-sounding,Citywide,All types,5. Unknown or N/A,482,1,9277
Excluding admin/internal-sounding,Citywide,All types,5. Unknown or N/A,488,2,9279
Excluding admin/internal-sounding,Citywide,All types,5. Unknown or N/A,497,1,9280
Excluding admin/internal-sounding,Citywide,All types,5. Unknown or N/A,502,1,9281
Excluding admin/internal-sounding,Citywide,All types,5. Unknown or N/A,503,1,9282
Excluding admin/internal-sounding,Citywide,All types,5. Unknown or N/A,508,1,9283
Excluding admin/internal-sounding,Citywide,All types,5. Unknown or N/A,520,1,9284
Excluding admin/internal-sounding,Citywide,All types,5. Unknown or N/A,521,1,9285
Excluding admin/internal-sounding,Citywide,All types,5. Unknown or N/A,524,2,9287
Excluding admin/internal-sounding,Citywide,All types,5. Unknown or N/A,525,1,9288
Excluding admin/internal-sounding,Citywide,All types,5. Unknown or N/A,534,1,9289
Excluding admin/internal-sounding,Citywide,All types,5. Unknown or N/A,536,1,9290
Excluding admin/internal-sounding,Citywide,All types,5. Unknown or N/A,537,1,9291
Excluding admin/internal-sounding,Citywide,All types,6. Other - requires review,0,252,252
Excluding admin/internal-sounding,Citywide,All types,6. Other - requires review,1,386,638
Excluding admin/internal-sounding,Citywide,All types,6. Other - requires review,2,244,882
Excluding admin/internal-sounding,Citywide,All types,6. Other - requires review,3,202,1084
Excluding admin/internal-sounding,Citywide,All types,6. Other - requires review,4,130,1214
Excluding admin/internal-sounding,Citywide,All types,6. Other - requires review,5,87,1301
Excluding admin/internal-sounding,Citywide,All types,6. Other - requires review,6,55,1356
Excluding admin/internal-sounding,Citywide,All types,6. Other - requires review,7,48,1404
Excluding admin/internal-sounding,Citywide,All types,6. Other - requires review,8,33,1437
Excluding admin/internal-sounding,Citywide,All types,6. Other - requires review,9,24,1461
Excluding admin/internal-sounding,Citywide,All types,6. Other - requires review,10,11,1472
Excluding admin/internal-sounding,Citywide,All types,6. Other - requires review,11,19,1491
Excluding admin/internal-sounding,Citywide,All types,6. Other - requires review,12,11,1502
Excluding admin/internal-sounding,Citywide,All types,6. Other - requires review,13,10,1512
Excluding admin/internal-sounding,Citywide,All types,6. Other - requires review,14,11,1523
Excluding admin/internal-sounding,Citywide,All types,6. Other - requires review,15,6,1529
Excluding admin/internal-sounding,Citywide,All types,6. Other - requires review,16,7,1536
Excluding admin/internal-sounding,Citywide,All types,6. Other - requires review,17,4,1540
Excluding admin/internal-sounding,Citywide,All types,6. Other - requires review,18,8,1548
Excluding admin/internal-sounding,Citywide,All types,6. Other - requires review,19,7,1555
Excluding admin/internal-sounding,Citywide,All types,6. Other - requires review,20,7,1562
Excluding admin/internal-sounding,Citywide,All types,6. Other - requires review,21,6,1568
Excluding admin/internal-sounding,Citywide,All types,6. Other - requires review,22,4,1572
Excluding admin/internal-sounding,Citywide,All types,6. Other - requires review,23,5,1577
Excluding admin/internal-sounding,Citywide,All types,6. Other - requires review,24,2,1579
Excluding admin/internal-sounding,Citywide,All types,6. Other - requires review,25,1,1580
Excluding admin/internal-sounding,Citywide,All types,6. Other - requires review,26,1,1581
Excluding admin/internal-sounding,Citywide,All types,6. Other - requires review,28,1,1582
Excluding admin/internal-sounding,Citywide,All types,6. Other - requires review,29,5,1587
Excluding admin/internal-sounding,Citywide,All types,6. Other - requires review,31,1,1588
Excluding admin/internal-sounding,Citywide,All types,6. Other - requires review,33,1,1589
Excluding admin/internal-sounding,Citywide,All types,6. Other - requires review,35,1,1590
Excluding admin/internal-sounding,Citywide,All types,6. Other - requires review,36,1,1591
Excluding admin/internal-sounding,Citywide,All types,6. Other - requires review,40,3,1594
Excluding admin/internal-sounding,Citywide,All types,6. Other - requires review,44,2,1596
Excluding admin/internal-sounding,Citywide,All types,6. Other - requires review,45,1,1597
Excluding admin/internal-sounding,Citywide,All types,6. Other - requires review,47,1,1598
Excluding admin/internal-sounding,Citywide,All types,6. Other - requires review,50,1,1599
Excluding admin/internal-sounding,Citywide,All types,6. Other - requires review,51,1,1600
Excluding admin/internal-sounding,Citywide,All types,6. Other - requires review,54,1,1601
Excluding admin/internal-sounding,Citywide,All types,6. Other - requires review,55,1,1602
Excluding admin/internal-sounding,Citywide,All types,6. Other - requires review,57,2,1604
Excluding admin/internal-sounding,Citywide,All types,6. Other - requires review,61,1,1605
Excluding admin/internal-sounding,Citywide,All types,6. Other - requires review,67,1,1606
Excluding admin/internal-sounding,Citywide,All types,6. Other - requires review,77,1,1607
Excluding admin/internal-sounding,Citywide,All types,6. Other - requires review,97,1,1608
Excluding admin/internal-sounding,Citywide,All types,6. Other - requires review,108,1,1609
Excluding admin/internal-sounding,Citywide,All types,6. Other - requires review,110,1,1610
Excluding admin/internal-sounding,Citywide,All types,6. Other - requires review,118,1,1611
Excluding admin/internal-sounding,Citywide,All types,6. Other - requires review,120,1,1612
Excluding admin/internal-sounding,Citywide,All types,6. Other - requires review,140,1,1613
Excluding admin/internal-sounding,Citywide,All types,6. Other - requires review,158,1,1614
Excluding admin/internal-sounding,Citywide,All types,6. Other - requires review,171,1,1615
Excluding admin/internal-sounding,Citywide,All types,6. Other - requires review,180,1,1616
Excluding admin/internal-sounding,Citywide,All types,6. Other - requires review,183,1,1617
Excluding admin/internal-sounding,Citywide,All types,6. Other - requires review,197,2,1619
Excluding admin/internal-sounding,Citywide,All types,6. Other - requires review,203,1,1620
Excluding admin/internal-sounding,Citywide,All types,6. Other - requires review,208,1,1621
Excluding admin/internal-sounding,Citywide,All types,6. Other - requires review,586,1,1622
Excluding admin/internal-sounding,Citywide,All types,All outcomes (mixed),0,60349,60349
Excluding admin/internal-sounding,Citywide,All types,All outcomes (mixed),1,38838,99187
Excluding admin/internal-sounding,Citywide,All types,All outcomes (mixed),2,26607,125794
Excluding admin/internal-sounding,Citywide,All types,All outcomes (mixed),3,19472,145266
Excluding admin/internal-sounding,Citywide,All types,All outcomes (mixed),4,15990,161256
Excluding admin/internal-sounding,Citywide,All types,All outcomes (mixed),5,12061,173317
Excluding admin/internal-sounding,Citywide,All types,All outcomes (mixed),6,11020,184337
Excluding admin/internal-sounding,Citywide,All types,All outcomes (mixed),7,9790,194127
Excluding admin/internal-sounding,Citywide,All types,All outcomes (mixed),8,7632,201759
Excluding admin/internal-sounding,Citywide,All types,All outcomes (mixed),9,5654,207413
Excluding admin/internal-sounding,Citywide,All types,All outcomes (mixed),10,4600,212013
Excluding admin/internal-sounding,Citywide,All types,All outcomes (mixed),11,4363,216376
Excluding admin/internal-sounding,Citywide,All types,All outcomes (mixed),12,3614,219990
Excluding admin/internal-sounding,Citywide,All types,All outcomes (mixed),13,3905,223895
Excluding admin/internal-sounding,Citywide,All types,All outcomes (mixed),14,3703,227598
Excluding admin/internal-sounding,Citywide,All types,All outcomes (mixed),15,2802,230400
Excluding admin/internal-sounding,Citywide,All types,All outcomes (mixed),16,2213,232613
Excluding admin/internal-sounding,Citywide,All types,All outcomes (mixed),17,1729,234342
Excluding admin/internal-sounding,Citywide,All types,All outcomes (mixed),18,1716,236058
Excluding admin/internal-sounding,Citywide,All types,All outcomes (mixed),19,1507,237565
Excluding admin/internal-sounding,Citywide,All types,All outcomes (mixed),20,1498,239063
Excluding admin/internal-sounding,Citywide,All types,All outcomes (mixed),21,1436,240499
Excluding admin/internal-sounding,Citywide,All types,All outcomes (mixed),22,1109,241608
Excluding admin/internal-sounding,Citywide,All types,All outcomes (mixed),23,828,242436
Excluding admin/internal-sounding,Citywide,All types,All outcomes (mixed),24,721,243157
Excluding admin/internal-sounding,Citywide,All types,All outcomes (mixed),25,641,243798
Excluding admin/internal-sounding,Citywide,All types,All outcomes (mixed),26,537,244335
Excluding admin/internal-sounding,Citywide,All types,All outcomes (mixed),27,559,244894
Excluding admin/internal-sounding,Citywide,All types,All outcomes (mixed),28,588,245482
Excluding admin/internal-sounding,Citywide,All types,All outcomes (mixed),29,519,246001
Excluding admin/internal-sounding,Citywide,All types,All outcomes (mixed),30,431,246432
Excluding admin/internal-sounding,Citywide,All types,All outcomes (mixed),31,430,246862
Excluding admin/internal-sounding,Citywide,All types,All outcomes (mixed),32,456,247318
Excluding admin/internal-sounding,Citywide,All types,All outcomes (mixed),33,389,247707
Excluding admin/internal-sounding,Citywide,All types,All outcomes (mixed),34,357,248064
Excluding admin/internal-sounding,Citywide,All types,All outcomes (mixed),35,383,248447
Excluding admin/internal-sounding,Citywide,All types,All outcomes (mixed),36,323,248770
Excluding admin/internal-sounding,Citywide,All types,All outcomes (mixed),37,231,249001
Excluding admin/internal-sounding,Citywide,All types,All outcomes (mixed),38,192,249193
Excluding admin/internal-sounding,Citywide,All types,All outcomes (mixed),39,201,249394
Excluding admin/internal-sounding,Citywide,All types,All outcomes (mixed),40,215,249609
Excluding admin/internal-sounding,Citywide,All types,All outcomes (mixed),41,232,249841
Excluding admin/internal-sounding,Citywide,All types,All outcomes (mixed),42,182,250023
Excluding admin/internal-sounding,Citywide,All types,All outcomes (mixed),43,236,250259
Excluding admin/internal-sounding,Citywide,All types,All outcomes (mixed),44,147,250406
Excluding admin/internal-sounding,Citywide,All types,All outcomes (mixed),45,133,250539
Excluding admin/internal-sounding,Citywide,All types,All outcomes (mixed),46,129,250668
Excluding admin/internal-sounding,Citywide,All types,All outcomes (mixed),47,146,250814
Excluding admin/internal-sounding,Citywide,All types,All outcomes (mixed),48,131,250945
Excluding admin/internal-sounding,Citywide,All types,All outcomes (mixed),49,165,251110
Excluding admin/internal-sounding,Citywide,All types,All outcomes (mixed),50,140,251250
Excluding admin/internal-sounding,Citywide,All types,All outcomes (mixed),51,105,251355
Excluding admin/internal-sounding,Citywide,All types,All outcomes (mixed),52,71,251426
Excluding admin/internal-sounding,Citywide,All types,All outcomes (mixed),53,65,251491
Excluding admin/internal-sounding,Citywide,All types,All outcomes (mixed),54,113,251604
Excluding admin/internal-sounding,Citywide,All types,All outcomes (mixed),55,93,251697
Excluding admin/internal-sounding,Citywide,All types,All outcomes (mixed),56,127,251824
Excluding admin/internal-sounding,Citywide,All types,All outcomes (mixed),57,112,251936
Excluding admin/internal-sounding,Citywide,All types,All outcomes (mixed),58,87,252023
Excluding admin/internal-sounding,Citywide,All types,All outcomes (mixed),59,78,252101
Excluding admin/internal-sounding,Citywide,All types,All outcomes (mixed),60,77,252178
Excluding admin/internal-sounding,Citywide,All types,All outcomes (mixed),61,67,252245
Excluding admin/internal-sounding,Citywide,All types,All outcomes (mixed),62,79,252324
Excluding admin/internal-sounding,Citywide,All types,All outcomes (mixed),63,102,252426
Excluding admin/internal-sounding,Citywide,All types,All outcomes (mixed),64,63,252489
Excluding admin/internal-sounding,Citywide,All types,All outcomes (mixed),65,45,252534
Excluding admin/internal-sounding,Citywide,All types,All outcomes (mixed),66,63,252597
Excluding admin/internal-sounding,Citywide,All types,All outcomes (mixed),67,67,252664
Excluding admin/internal-sounding,Citywide,All types,All outcomes (mixed),68,49,252713
Excluding admin/internal-sounding,Citywide,All types,All outcomes (mixed),69,61,252774
Excluding admin/internal-sounding,Citywide,All types,All outcomes (mixed),70,67,252841
Excluding admin/internal-sounding,Citywide,All types,All outcomes (mixed),71,47,252888
Excluding admin/internal-sounding,Citywide,All types,All outcomes (mixed),72,57,252945
Excluding admin/internal-sounding,Citywide,All types,All outcomes (mixed),73,53,252998
Excluding admin/internal-sounding,Citywide,All types,All outcomes (mixed),74,37,253035
Excluding admin/internal-sounding,Citywide,All types,All outcomes (mixed),75,50,253085
Excluding admin/internal-sounding,Citywide,All types,All outcomes (mixed),76,58,253143
Excluding admin/internal-sounding,Citywide,All types,All outcomes (mixed),77,50,253193
Excluding admin/internal-sounding,Citywide,All types,All outcomes (mixed),78,49,253242
Excluding admin/internal-sounding,Citywide,All types,All outcomes (mixed),79,52,253294
Excluding admin/internal-sounding,Citywide,All types,All outcomes (mixed),80,33,253327
Excluding admin/internal-sounding,Citywide,All types,All outcomes (mixed),81,31,253358
Excluding admin/internal-sounding,Citywide,All types,All outcomes (mixed),82,50,253408
Excluding admin/internal-sounding,Citywide,All types,All outcomes (mixed),83,45,253453
Excluding admin/internal-sounding,Citywide,All types,All outcomes (mixed),84,44,253497
Excluding admin/internal-sounding,Citywide,All types,All outcomes (mixed),85,36,253533
Excluding admin/internal-sounding,Citywide,All types,All outcomes (mixed),86,29,253562
Excluding admin/internal-sounding,Citywide,All types,All outcomes (mixed),87,26,253588
Excluding admin/internal-sounding,Citywide,All types,All outcomes (mixed),88,22,253610
Excluding admin/internal-sounding,Citywide,All types,All outcomes (mixed),89,31,253641
Excluding admin/internal-sounding,Citywide,All types,All outcomes (mixed),90,35,253676
Excluding admin/internal-sounding,Citywide,All types,All outcomes (mixed),91,23,253699
Excluding admin/internal-sounding,Citywide,All types,All outcomes (mixed),92,21,253720
Excluding admin/internal-sounding,Citywide,All types,All outcomes (mixed),93,27,253747
Excluding admin/internal-sounding,Citywide,All types,All outcomes (mixed),94,16,253763
Excluding admin/internal-sounding,Citywide,All types,All outcomes (mixed),95,23,253786
Excluding admin/internal-sounding,Citywide,All types,All outcomes (mixed),96,18,253804
Excluding admin/internal-sounding,Citywide,All types,All outcomes (mixed),97,20,253824
Excluding admin/internal-sounding,Citywide,All types,All outcomes (mixed),98,28,253852
Excluding admin/internal-sounding,Citywide,All types,All outcomes (mixed),99,24,253876
Excluding admin/internal-sounding,Citywide,All types,All outcomes (mixed),100,16,253892
Excluding admin/internal-sounding,Citywide,All types,All outcomes (mixed),101,28,253920
Excluding admin/internal-sounding,Citywide,All types,All outcomes (mixed),102,21,253941
Excluding admin/internal-sounding,Citywide,All types,All outcomes (mixed),103,12,253953
Excluding admin/internal-sounding,Citywide,All types,All outcomes (mixed),104,20,253973
Excluding admin/internal-sounding,Citywide,All types,All outcomes (mixed),105,26,253999
Excluding admin/internal-sounding,Citywide,All types,All outcomes (mixed),106,21,254020
Excluding admin/internal-sounding,Citywide,All types,All outcomes (mixed),107,30,254050
Excluding admin/internal-sounding,Citywide,All types,All outcomes (mixed),108,8,254058
Excluding admin/internal-sounding,Citywide,All types,All outcomes (mixed),109,22,254080
Excluding admin/internal-sounding,Citywide,All types,All outcomes (mixed),110,23,254103
Excluding admin/internal-sounding,Citywide,All types,All outcomes (mixed),111,14,254117
Excluding admin/internal-sounding,Citywide,All types,All outcomes (mixed),112,17,254134
Excluding admin/internal-sounding,Citywide,All types,All outcomes (mixed),113,22,254156
Excluding admin/internal-sounding,Citywide,All types,All outcomes (mixed),114,18,254174
Excluding admin/internal-sounding,Citywide,All types,All outcomes (mixed),115,16,254190
Excluding admin/internal-sounding,Citywide,All types,All outcomes (mixed),116,14,254204
Excluding admin/internal-sounding,Citywide,All types,All outcomes (mixed),117,12,254216
Excluding admin/internal-sounding,Citywide,All types,All outcomes (mixed),118,14,254230
Excluding admin/internal-sounding,Citywide,All types,All outcomes (mixed),119,16,254246
Excluding admin/internal-sounding,Citywide,All types,All outcomes (mixed),120,24,254270
Excluding admin/internal-sounding,Citywide,All types,All outcomes (mixed),121,10,254280
Excluding admin/internal-sounding,Citywide,All types,All outcomes (mixed),122,16,254296
Excluding admin/internal-sounding,Citywide,All types,All outcomes (mixed),123,10,254306
Excluding admin/internal-sounding,Citywide,All types,All outcomes (mixed),124,22,254328
Excluding admin/internal-sounding,Citywide,All types,All outcomes (mixed),125,11,254339
Excluding admin/internal-sounding,Citywide,All types,All outcomes (mixed),126,13,254352
Excluding admin/internal-sounding,Citywide,All types,All outcomes (mixed),127,15,254367
Excluding admin/internal-sounding,Citywide,All types,All outcomes (mixed),128,10,254377
Excluding admin/internal-sounding,Citywide,All types,All outcomes (mixed),129,12,254389
Excluding admin/internal-sounding,Citywide,All types,All outcomes (mixed),130,12,254401
Excluding admin/internal-sounding,Citywide,All types,All outcomes (mixed),131,15,254416
Excluding admin/internal-sounding,Citywide,All types,All outcomes (mixed),132,13,254429
Excluding admin/internal-sounding,Citywide,All types,All outcomes (mixed),133,9,254438
Excluding admin/internal-sounding,Citywide,All types,All outcomes (mixed),134,14,254452
Excluding admin/internal-sounding,Citywide,All types,All outcomes (mixed),135,9,254461
Excluding admin/internal-sounding,Citywide,All types,All outcomes (mixed),136,12,254473
Excluding admin/internal-sounding,Citywide,All types,All outcomes (mixed),137,13,254486
Excluding admin/internal-sounding,Citywide,All types,All outcomes (mixed),138,17,254503
Excluding admin/internal-sounding,Citywide,All types,All outcomes (mixed),139,17,254520
Excluding admin/internal-sounding,Citywide,All types,All outcomes (mixed),140,13,254533
Excluding admin/internal-sounding,Citywide,All types,All outcomes (mixed),141,13,254546
Excluding admin/internal-sounding,Citywide,All types,All outcomes (mixed),142,11,254557
Excluding admin/internal-sounding,Citywide,All types,All outcomes (mixed),143,17,254574
Excluding admin/internal-sounding,Citywide,All types,All outcomes (mixed),144,12,254586
Excluding admin/internal-sounding,Citywide,All types,All outcomes (mixed),145,10,254596
Excluding admin/internal-sounding,Citywide,All types,All outcomes (mixed),146,17,254613
Excluding admin/internal-sounding,Citywide,All types,All outcomes (mixed),147,13,254626
Excluding admin/internal-sounding,Citywide,All types,All outcomes (mixed),148,9,254635
Excluding admin/internal-sounding,Citywide,All types,All outcomes (mixed),149,8,254643
Excluding admin/internal-sounding,Citywide,All types,All outcomes (mixed),150,9,254652
Excluding admin/internal-sounding,Citywide,All types,All outcomes (mixed),151,6,254658
Excluding admin/internal-sounding,Citywide,All types,All outcomes (mixed),152,8,254666
Excluding admin/internal-sounding,Citywide,All types,All outcomes (mixed),153,12,254678
Excluding admin/internal-sounding,Citywide,All types,All outcomes (mixed),154,19,254697
Excluding admin/internal-sounding,Citywide,All types,All outcomes (mixed),155,12,254709
Excluding admin/internal-sounding,Citywide,All types,All outcomes (mixed),156,7,254716
Excluding admin/internal-sounding,Citywide,All types,All outcomes (mixed),157,3,254719
Excluding admin/internal-sounding,Citywide,All types,All outcomes (mixed),158,13,254732
Excluding admin/internal-sounding,Citywide,All types,All outcomes (mixed),159,13,254745
Excluding admin/internal-sounding,Citywide,All types,All outcomes (mixed),160,10,254755
Excluding admin/internal-sounding,Citywide,All types,All outcomes (mixed),161,14,254769
Excluding admin/internal-sounding,Citywide,All types,All outcomes (mixed),162,6,254775
Excluding admin/internal-sounding,Citywide,All types,All outcomes (mixed),163,7,254782
Excluding admin/internal-sounding,Citywide,All types,All outcomes (mixed),164,5,254787
Excluding admin/internal-sounding,Citywide,All types,All outcomes (mixed),165,2,254789
Excluding admin/internal-sounding,Citywide,All types,All outcomes (mixed),166,5,254794
Excluding admin/internal-sounding,Citywide,All types,All outcomes (mixed),167,7,254801
Excluding admin/internal-sounding,Citywide,All types,All outcomes (mixed),168,9,254810
Excluding admin/internal-sounding,Citywide,All types,All outcomes (mixed),169,8,254818
Excluding admin/internal-sounding,Citywide,All types,All outcomes (mixed),170,9,254827
Excluding admin/internal-sounding,Citywide,All types,All outcomes (mixed),171,7,254834
Excluding admin/internal-sounding,Citywide,All types,All outcomes (mixed),172,9,254843
Excluding admin/internal-sounding,Citywide,All types,All outcomes (mixed),173,5,254848
Excluding admin/internal-sounding,Citywide,All types,All outcomes (mixed),174,6,254854
Excluding admin/internal-sounding,Citywide,All types,All outcomes (mixed),175,7,254861
Excluding admin/internal-sounding,Citywide,All types,All outcomes (mixed),176,8,254869
Excluding admin/internal-sounding,Citywide,All types,All outcomes (mixed),177,7,254876
Excluding admin/internal-sounding,Citywide,All types,All outcomes (mixed),178,5,254881
Excluding admin/internal-sounding,Citywide,All types,All outcomes (mixed),179,11,254892
Excluding admin/internal-sounding,Citywide,All types,All outcomes (mixed),180,4,254896
Excluding admin/internal-sounding,Citywide,All types,All outcomes (mixed),181,3,254899
Excluding admin/internal-sounding,Citywide,All types,All outcomes (mixed),182,9,254908
Excluding admin/internal-sounding,Citywide,All types,All outcomes (mixed),183,9,254917
Excluding admin/internal-sounding,Citywide,All types,All outcomes (mixed),184,7,254924
Excluding admin/internal-sounding,Citywide,All types,All outcomes (mixed),185,15,254939
Excluding admin/internal-sounding,Citywide,All types,All outcomes (mixed),186,5,254944
Excluding admin/internal-sounding,Citywide,All types,All outcomes (mixed),187,8,254952
Excluding admin/internal-sounding,Citywide,All types,All outcomes (mixed),188,5,254957
Excluding admin/internal-sounding,Citywide,All types,All outcomes (mixed),189,8,254965
Excluding admin/internal-sounding,Citywide,All types,All outcomes (mixed),190,4,254969
Excluding admin/internal-sounding,Citywide,All types,All outcomes (mixed),191,5,254974
Excluding admin/internal-sounding,Citywide,All types,All outcomes (mixed),192,8,254982
Excluding admin/internal-sounding,Citywide,All types,All outcomes (mixed),193,5,254987
Excluding admin/internal-sounding,Citywide,All types,All outcomes (mixed),194,7,254994
Excluding admin/internal-sounding,Citywide,All types,All outcomes (mixed),195,4,254998
Excluding admin/internal-sounding,Citywide,All types,All outcomes (mixed),196,10,255008
Excluding admin/internal-sounding,Citywide,All types,All outcomes (mixed),197,7,255015
Excluding admin/internal-sounding,Citywide,All types,All outcomes (mixed),198,7,255022
Excluding admin/internal-sounding,Citywide,All types,All outcomes (mixed),199,6,255028
Excluding admin/internal-sounding,Citywide,All types,All outcomes (mixed),200,4,255032
Excluding admin/internal-sounding,Citywide,All types,All outcomes (mixed),201,1,255033
Excluding admin/internal-sounding,Citywide,All types,All outcomes (mixed),202,7,255040
Excluding admin/internal-sounding,Citywide,All types,All outcomes (mixed),203,9,255049
Excluding admin/internal-sounding,Citywide,All types,All outcomes (mixed),204,6,255055
Excluding admin/internal-sounding,Citywide,All types,All outcomes (mixed),205,4,255059
Excluding admin/internal-sounding,Citywide,All types,All outcomes (mixed),206,2,255061
Excluding admin/internal-sounding,Citywide,All types,All outcomes (mixed),207,3,255064
Excluding admin/internal-sounding,Citywide,All types,All outcomes (mixed),208,5,255069
Excluding admin/internal-sounding,Citywide,All types,All outcomes (mixed),209,8,255077
Excluding admin/internal-sounding,Citywide,All types,All outcomes (mixed),210,11,255088
Excluding admin/internal-sounding,Citywide,All types,All outcomes (mixed),211,6,255094
Excluding admin/internal-sounding,Citywide,All types,All outcomes (mixed),212,6,255100
Excluding admin/internal-sounding,Citywide,All types,All outcomes (mixed),213,9,255109
Excluding admin/internal-sounding,Citywide,All types,All outcomes (mixed),214,4,255113
Excluding admin/internal-sounding,Citywide,All types,All outcomes (mixed),215,4,255117
Excluding admin/internal-sounding,Citywide,All types,All outcomes (mixed),216,7,255124
Excluding admin/internal-sounding,Citywide,All types,All outcomes (mixed),217,14,255138
Excluding admin/internal-sounding,Citywide,All types,All outcomes (mixed),218,6,255144
Excluding admin/internal-sounding,Citywide,All types,All outcomes (mixed),219,3,255147
Excluding admin/internal-sounding,Citywide,All types,All outcomes (mixed),220,4,255151
Excluding admin/internal-sounding,Citywide,All types,All outcomes (mixed),221,4,255155
Excluding admin/internal-sounding,Citywide,All types,All outcomes (mixed),222,3,255158
Excluding admin/internal-sounding,Citywide,All types,All outcomes (mixed),223,12,255170
Excluding admin/internal-sounding,Citywide,All types,All outcomes (mixed),224,11,255181
Excluding admin/internal-sounding,Citywide,All types,All outcomes (mixed),225,13,255194
Excluding admin/internal-sounding,Citywide,All types,All outcomes (mixed),226,5,255199
Excluding admin/internal-sounding,Citywide,All types,All outcomes (mixed),227,12,255211
Excluding admin/internal-sounding,Citywide,All types,All outcomes (mixed),228,12,255223
Excluding admin/internal-sounding,Citywide,All types,All outcomes (mixed),229,10,255233
Excluding admin/internal-sounding,Citywide,All types,All outcomes (mixed),230,78,255311
Excluding admin/internal-sounding,Citywide,All types,All outcomes (mixed),231,10,255321
Excluding admin/internal-sounding,Citywide,All types,All outcomes (mixed),232,24,255345
Excluding admin/internal-sounding,Citywide,All types,All outcomes (mixed),233,4,255349
Excluding admin/internal-sounding,Citywide,All types,All outcomes (mixed),234,9,255358
Excluding admin/internal-sounding,Citywide,All types,All outcomes (mixed),235,9,255367
Excluding admin/internal-sounding,Citywide,All types,All outcomes (mixed),236,6,255373
Excluding admin/internal-sounding,Citywide,All types,All outcomes (mixed),237,7,255380
Excluding admin/internal-sounding,Citywide,All types,All outcomes (mixed),238,12,255392
Excluding admin/internal-sounding,Citywide,All types,All outcomes (mixed),239,3,255395
Excluding admin/internal-sounding,Citywide,All types,All outcomes (mixed),240,6,255401
Excluding admin/internal-sounding,Citywide,All types,All outcomes (mixed),241,6,255407
Excluding admin/internal-sounding,Citywide,All types,All outcomes (mixed),242,2,255409
Excluding admin/internal-sounding,Citywide,All types,All outcomes (mixed),243,8,255417
Excluding admin/internal-sounding,Citywide,All types,All outcomes (mixed),244,3,255420
Excluding admin/internal-sounding,Citywide,All types,All outcomes (mixed),245,16,255436
Excluding admin/internal-sounding,Citywide,All types,All outcomes (mixed),246,19,255455
Excluding admin/internal-sounding,Citywide,All types,All outcomes (mixed),247,10,255465
Excluding admin/internal-sounding,Citywide,All types,All outcomes (mixed),248,27,255492
Excluding admin/internal-sounding,Citywide,All types,All outcomes (mixed),249,8,255500
Excluding admin/internal-sounding,Citywide,All types,All outcomes (mixed),250,11,255511
Excluding admin/internal-sounding,Citywide,All types,All outcomes (mixed),251,12,255523
Excluding admin/internal-sounding,Citywide,All types,All outcomes (mixed),252,9,255532
Excluding admin/internal-sounding,Citywide,All types,All outcomes (mixed),253,13,255545
Excluding admin/internal-sounding,Citywide,All types,All outcomes (mixed),254,18,255563
Excluding admin/internal-sounding,Citywide,All types,All outcomes (mixed),255,7,255570
Excluding admin/internal-sounding,Citywide,All types,All outcomes (mixed),256,18,255588
Excluding admin/internal-sounding,Citywide,All types,All outcomes (mixed),257,27,255615
Excluding admin/internal-sounding,Citywide,All types,All outcomes (mixed),258,11,255626
Excluding admin/internal-sounding,Citywide,All types,All outcomes (mixed),259,22,255648
Excluding admin/internal-sounding,Citywide,All types,All outcomes (mixed),260,9,255657
Excluding admin/internal-sounding,Citywide,All types,All outcomes (mixed),261,3,255660
Excluding admin/internal-sounding,Citywide,All types,All outcomes (mixed),262,10,255670
Excluding admin/internal-sounding,Citywide,All types,All outcomes (mixed),263,17,255687
Excluding admin/internal-sounding,Citywide,All types,All outcomes (mixed),264,20,255707
Excluding admin/internal-sounding,Citywide,All types,All outcomes (mixed),265,25,255732
Excluding admin/internal-sounding,Citywide,All types,All outcomes (mixed),266,8,255740
Excluding admin/internal-sounding,Citywide,All types,All outcomes (mixed),267,4,255744
Excluding admin/internal-sounding,Citywide,All types,All outcomes (mixed),268,12,255756
Excluding admin/internal-sounding,Citywide,All types,All outcomes (mixed),269,30,255786
Excluding admin/internal-sounding,Citywide,All types,All outcomes (mixed),270,39,255825
Excluding admin/internal-sounding,Citywide,All types,All outcomes (mixed),271,35,255860
Excluding admin/internal-sounding,Citywide,All types,All outcomes (mixed),272,40,255900
Excluding admin/internal-sounding,Citywide,All types,All outcomes (mixed),273,40,255940
Excluding admin/internal-sounding,Citywide,All types,All outcomes (mixed),274,59,255999
Excluding admin/internal-sounding,Citywide,All types,All outcomes (mixed),275,52,256051
Excluding admin/internal-sounding,Citywide,All types,All outcomes (mixed),276,45,256096
Excluding admin/internal-sounding,Citywide,All types,All outcomes (mixed),277,42,256138
Excluding admin/internal-sounding,Citywide,All types,All outcomes (mixed),278,7,256145
Excluding admin/internal-sounding,Citywide,All types,All outcomes (mixed),279,2,256147
Excluding admin/internal-sounding,Citywide,All types,All outcomes (mixed),280,11,256158
Excluding admin/internal-sounding,Citywide,All types,All outcomes (mixed),281,27,256185
Excluding admin/internal-sounding,Citywide,All types,All outcomes (mixed),282,36,256221
Excluding admin/internal-sounding,Citywide,All types,All outcomes (mixed),283,26,256247
Excluding admin/internal-sounding,Citywide,All types,All outcomes (mixed),284,35,256282
Excluding admin/internal-sounding,Citywide,All types,All outcomes (mixed),285,30,256312
Excluding admin/internal-sounding,Citywide,All types,All outcomes (mixed),286,23,256335
Excluding admin/internal-sounding,Citywide,All types,All outcomes (mixed),287,17,256352
Excluding admin/internal-sounding,Citywide,All types,All outcomes (mixed),288,17,256369
Excluding admin/internal-sounding,Citywide,All types,All outcomes (mixed),289,46,256415
Excluding admin/internal-sounding,Citywide,All types,All outcomes (mixed),290,45,256460
Excluding admin/internal-sounding,Citywide,All types,All outcomes (mixed),291,53,256513
Excluding admin/internal-sounding,Citywide,All types,All outcomes (mixed),292,25,256538
Excluding admin/internal-sounding,Citywide,All types,All outcomes (mixed),293,27,256565
Excluding admin/internal-sounding,Citywide,All types,All outcomes (mixed),294,42,256607
Excluding admin/internal-sounding,Citywide,All types,All outcomes (mixed),295,40,256647
Excluding admin/internal-sounding,Citywide,All types,All outcomes (mixed),296,24,256671
Excluding admin/internal-sounding,Citywide,All types,All outcomes (mixed),297,35,256706
Excluding admin/internal-sounding,Citywide,All types,All outcomes (mixed),298,41,256747
Excluding admin/internal-sounding,Citywide,All types,All outcomes (mixed),299,21,256768
Excluding admin/internal-sounding,Citywide,All types,All outcomes (mixed),300,19,256787
Excluding admin/internal-sounding,Citywide,All types,All outcomes (mixed),301,16,256803
Excluding admin/internal-sounding,Citywide,All types,All outcomes (mixed),302,29,256832
Excluding admin/internal-sounding,Citywide,All types,All outcomes (mixed),303,43,256875
Excluding admin/internal-sounding,Citywide,All types,All outcomes (mixed),304,15,256890
Excluding admin/internal-sounding,Citywide,All types,All outcomes (mixed),305,3,256893
Excluding admin/internal-sounding,Citywide,All types,All outcomes (mixed),306,10,256903
Excluding admin/internal-sounding,Citywide,All types,All outcomes (mixed),307,18,256921
Excluding admin/internal-sounding,Citywide,All types,All outcomes (mixed),308,17,256938
Excluding admin/internal-sounding,Citywide,All types,All outcomes (mixed),309,4,256942
Excluding admin/internal-sounding,Citywide,All types,All outcomes (mixed),310,8,256950
Excluding admin/internal-sounding,Citywide,All types,All outcomes (mixed),311,6,256956
Excluding admin/internal-sounding,Citywide,All types,All outcomes (mixed),312,1,256957
Excluding admin/internal-sounding,Citywide,All types,All outcomes (mixed),313,2,256959
Excluding admin/internal-sounding,Citywide,All types,All outcomes (mixed),314,1,256960
Excluding admin/internal-sounding,Citywide,All types,All outcomes (mixed),315,3,256963
Excluding admin/internal-sounding,Citywide,All types,All outcomes (mixed),316,3,256966
Excluding admin/internal-sounding,Citywide,All types,All outcomes (mixed),317,5,256971
Excluding admin/internal-sounding,Citywide,All types,All outcomes (mixed),318,4,256975
Excluding admin/internal-sounding,Citywide,All types,All outcomes (mixed),319,1,256976
Excluding admin/internal-sounding,Citywide,All types,All outcomes (mixed),321,6,256982
Excluding admin/internal-sounding,Citywide,All types,All outcomes (mixed),322,3,256985
Excluding admin/internal-sounding,Citywide,All types,All outcomes (mixed),323,3,256988
Excluding admin/internal-sounding,Citywide,All types,All outcomes (mixed),324,4,256992
Excluding admin/internal-sounding,Citywide,All types,All outcomes (mixed),325,3,256995
Excluding admin/internal-sounding,Citywide,All types,All outcomes (mixed),326,2,256997
Excluding admin/internal-sounding,Citywide,All types,All outcomes (mixed),328,3,257000
Excluding admin/internal-sounding,Citywide,All types,All outcomes (mixed),329,2,257002
Excluding admin/internal-sounding,Citywide,All types,All outcomes (mixed),330,2,257004
Excluding admin/internal-sounding,Citywide,All types,All outcomes (mixed),331,1,257005
Excluding admin/internal-sounding,Citywide,All types,All outcomes (mixed),333,2,257007
Excluding admin/internal-sounding,Citywide,All types,All outcomes (mixed),334,8,257015
Excluding admin/internal-sounding,Citywide,All types,All outcomes (mixed),335,3,257018
Excluding admin/internal-sounding,Citywide,All types,All outcomes (mixed),336,2,257020
Excluding admin/internal-sounding,Citywide,All types,All outcomes (mixed),337,3,257023
Excluding admin/internal-sounding,Citywide,All types,All outcomes (mixed),338,2,257025
Excluding admin/internal-sounding,Citywide,All types,All outcomes (mixed),339,2,257027
Excluding admin/internal-sounding,Citywide,All types,All outcomes (mixed),340,1,257028
Excluding admin/internal-sounding,Citywide,All types,All outcomes (mixed),341,2,257030
Excluding admin/internal-sounding,Citywide,All types,All outcomes (mixed),342,2,257032
Excluding admin/internal-sounding,Citywide,All types,All outcomes (mixed),343,3,257035
Excluding admin/internal-sounding,Citywide,All types,All outcomes (mixed),344,18,257053
Excluding admin/internal-sounding,Citywide,All types,All outcomes (mixed),345,35,257088
Excluding admin/internal-sounding,Citywide,All types,All outcomes (mixed),346,20,257108
Excluding admin/internal-sounding,Citywide,All types,All outcomes (mixed),347,4,257112
Excluding admin/internal-sounding,Citywide,All types,All outcomes (mixed),348,2,257114
Excluding admin/internal-sounding,Citywide,All types,All outcomes (mixed),349,2,257116
Excluding admin/internal-sounding,Citywide,All types,All outcomes (mixed),350,6,257122
Excluding admin/internal-sounding,Citywide,All types,All outcomes (mixed),351,1,257123
Excluding admin/internal-sounding,Citywide,All types,All outcomes (mixed),352,3,257126
Excluding admin/internal-sounding,Citywide,All types,All outcomes (mixed),353,3,257129
Excluding admin/internal-sounding,Citywide,All types,All outcomes (mixed),354,8,257137
Excluding admin/internal-sounding,Citywide,All types,All outcomes (mixed),355,3,257140
Excluding admin/internal-sounding,Citywide,All types,All outcomes (mixed),356,1,257141
Excluding admin/internal-sounding,Citywide,All types,All outcomes (mixed),357,1,257142
Excluding admin/internal-sounding,Citywide,All types,All outcomes (mixed),358,2,257144
Excluding admin/internal-sounding,Citywide,All types,All outcomes (mixed),359,1,257145
Excluding admin/internal-sounding,Citywide,All types,All outcomes (mixed),360,5,257150
Excluding admin/internal-sounding,Citywide,All types,All outcomes (mixed),361,6,257156
Excluding admin/internal-sounding,Citywide,All types,All outcomes (mixed),362,7,257163
Excluding admin/internal-sounding,Citywide,All types,All outcomes (mixed),363,1,257164
Excluding admin/internal-sounding,Citywide,All types,All outcomes (mixed),364,1,257165
Excluding admin/internal-sounding,Citywide,All types,All outcomes (mixed),365,1,257166
Excluding admin/internal-sounding,Citywide,All types,All outcomes (mixed),367,2,257168
Excluding admin/internal-sounding,Citywide,All types,All outcomes (mixed),370,2,257170
Excluding admin/internal-sounding,Citywide,All types,All outcomes (mixed),374,1,257171
Excluding admin/internal-sounding,Citywide,All types,All outcomes (mixed),376,1,257172
Excluding admin/internal-sounding,Citywide,All types,All outcomes (mixed),377,2,257174
Excluding admin/internal-sounding,Citywide,All types,All outcomes (mixed),379,4,257178
Excluding admin/internal-sounding,Citywide,All types,All outcomes (mixed),380,2,257180
Excluding admin/internal-sounding,Citywide,All types,All outcomes (mixed),381,4,257184
Excluding admin/internal-sounding,Citywide,All types,All outcomes (mixed),382,2,257186
Excluding admin/internal-sounding,Citywide,All types,All outcomes (mixed),383,2,257188
Excluding admin/internal-sounding,Citywide,All types,All outcomes (mixed),384,1,257189
Excluding admin/internal-sounding,Citywide,All types,All outcomes (mixed),385,2,257191
Excluding admin/internal-sounding,Citywide,All types,All outcomes (mixed),386,2,257193
Excluding admin/internal-sounding,Citywide,All types,All outcomes (mixed),387,4,257197
Excluding admin/internal-sounding,Citywide,All types,All outcomes (mixed),389,2,257199
Excluding admin/internal-sounding,Citywide,All types,All outcomes (mixed),390,1,257200
Excluding admin/internal-sounding,Citywide,All types,All outcomes (mixed),391,3,257203
Excluding admin/internal-sounding,Citywide,All types,All outcomes (mixed),392,1,257204
Excluding admin/internal-sounding,Citywide,All types,All outcomes (mixed),393,1,257205
Excluding admin/internal-sounding,Citywide,All types,All outcomes (mixed),395,3,257208
Excluding admin/internal-sounding,Citywide,All types,All outcomes (mixed),396,2,257210
Excluding admin/internal-sounding,Citywide,All types,All outcomes (mixed),397,2,257212
Excluding admin/internal-sounding,Citywide,All types,All outcomes (mixed),398,2,257214
Excluding admin/internal-sounding,Citywide,All types,All outcomes (mixed),399,7,257221
Excluding admin/internal-sounding,Citywide,All types,All outcomes (mixed),400,7,257228
Excluding admin/internal-sounding,Citywide,All types,All outcomes (mixed),401,5,257233
Excluding admin/internal-sounding,Citywide,All types,All outcomes (mixed),402,7,257240
Excluding admin/internal-sounding,Citywide,All types,All outcomes (mixed),403,2,257242
Excluding admin/internal-sounding,Citywide,All types,All outcomes (mixed),404,9,257251
Excluding admin/internal-sounding,Citywide,All types,All outcomes (mixed),405,6,257257
Excluding admin/internal-sounding,Citywide,All types,All outcomes (mixed),406,7,257264
Excluding admin/internal-sounding,Citywide,All types,All outcomes (mixed),407,8,257272
Excluding admin/internal-sounding,Citywide,All types,All outcomes (mixed),408,3,257275
Excluding admin/internal-sounding,Citywide,All types,All outcomes (mixed),409,5,257280
Excluding admin/internal-sounding,Citywide,All types,All outcomes (mixed),410,2,257282
Excluding admin/internal-sounding,Citywide,All types,All outcomes (mixed),411,2,257284
Excluding admin/internal-sounding,Citywide,All types,All outcomes (mixed),412,2,257286
Excluding admin/internal-sounding,Citywide,All types,All outcomes (mixed),413,2,257288
Excluding admin/internal-sounding,Citywide,All types,All outcomes (mixed),414,2,257290
Excluding admin/internal-sounding,Citywide,All types,All outcomes (mixed),415,2,257292
Excluding admin/internal-sounding,Citywide,All types,All outcomes (mixed),416,4,257296
Excluding admin/internal-sounding,Citywide,All types,All outcomes (mixed),418,2,257298
Excluding admin/internal-sounding,Citywide,All types,All outcomes (mixed),419,2,257300
Excluding admin/internal-sounding,Citywide,All types,All outcomes (mixed),420,2,257302
Excluding admin/internal-sounding,Citywide,All types,All outcomes (mixed),421,2,257304
Excluding admin/internal-sounding,Citywide,All types,All outcomes (mixed),423,4,257308
Excluding admin/internal-sounding,Citywide,All types,All outcomes (mixed),426,4,257312
Excluding admin/internal-sounding,Citywide,All types,All outcomes (mixed),427,5,257317
Excluding admin/internal-sounding,Citywide,All types,All outcomes (mixed),428,2,257319
Excluding admin/internal-sounding,Citywide,All types,All outcomes (mixed),429,1,257320
Excluding admin/internal-sounding,Citywide,All types,All outcomes (mixed),431,1,257321
Excluding admin/internal-sounding,Citywide,All types,All outcomes (mixed),432,4,257325
Excluding admin/internal-sounding,Citywide,All types,All outcomes (mixed),433,1,257326
Excluding admin/internal-sounding,Citywide,All types,All outcomes (mixed),435,2,257328
Excluding admin/internal-sounding,Citywide,All types,All outcomes (mixed),437,2,257330
Excluding admin/internal-sounding,Citywide,All types,All outcomes (mixed),438,1,257331
Excluding admin/internal-sounding,Citywide,All types,All outcomes (mixed),439,3,257334
Excluding admin/internal-sounding,Citywide,All types,All outcomes (mixed),441,3,257337
Excluding admin/internal-sounding,Citywide,All types,All outcomes (mixed),442,1,257338
Excluding admin/internal-sounding,Citywide,All types,All outcomes (mixed),443,2,257340
Excluding admin/internal-sounding,Citywide,All types,All outcomes (mixed),444,3,257343
Excluding admin/internal-sounding,Citywide,All types,All outcomes (mixed),445,1,257344
Excluding admin/internal-sounding,Citywide,All types,All outcomes (mixed),446,2,257346
Excluding admin/internal-sounding,Citywide,All types,All outcomes (mixed),447,7,257353
Excluding admin/internal-sounding,Citywide,All types,All outcomes (mixed),448,11,257364
Excluding admin/internal-sounding,Citywide,All types,All outcomes (mixed),449,6,257370
Excluding admin/internal-sounding,Citywide,All types,All outcomes (mixed),450,5,257375
Excluding admin/internal-sounding,Citywide,All types,All outcomes (mixed),451,6,257381
Excluding admin/internal-sounding,Citywide,All types,All outcomes (mixed),452,2,257383
Excluding admin/internal-sounding,Citywide,All types,All outcomes (mixed),453,14,257397
Excluding admin/internal-sounding,Citywide,All types,All outcomes (mixed),454,5,257402
Excluding admin/internal-sounding,Citywide,All types,All outcomes (mixed),455,4,257406
Excluding admin/internal-sounding,Citywide,All types,All outcomes (mixed),456,6,257412
Excluding admin/internal-sounding,Citywide,All types,All outcomes (mixed),457,8,257420
Excluding admin/internal-sounding,Citywide,All types,All outcomes (mixed),458,4,257424
Excluding admin/internal-sounding,Citywide,All types,All outcomes (mixed),459,8,257432
Excluding admin/internal-sounding,Citywide,All types,All outcomes (mixed),460,8,257440
Excluding admin/internal-sounding,Citywide,All types,All outcomes (mixed),461,6,257446
Excluding admin/internal-sounding,Citywide,All types,All outcomes (mixed),462,4,257450
Excluding admin/internal-sounding,Citywide,All types,All outcomes (mixed),463,3,257453
Excluding admin/internal-sounding,Citywide,All types,All outcomes (mixed),464,2,257455
Excluding admin/internal-sounding,Citywide,All types,All outcomes (mixed),465,6,257461
Excluding admin/internal-sounding,Citywide,All types,All outcomes (mixed),466,6,257467
Excluding admin/internal-sounding,Citywide,All types,All outcomes (mixed),467,6,257473
Excluding admin/internal-sounding,Citywide,All types,All outcomes (mixed),468,5,257478
Excluding admin/internal-sounding,Citywide,All types,All outcomes (mixed),469,4,257482
Excluding admin/internal-sounding,Citywide,All types,All outcomes (mixed),470,1,257483
Excluding admin/internal-sounding,Citywide,All types,All outcomes (mixed),471,1,257484
Excluding admin/internal-sounding,Citywide,All types,All outcomes (mixed),472,4,257488
Excluding admin/internal-sounding,Citywide,All types,All outcomes (mixed),473,2,257490
Excluding admin/internal-sounding,Citywide,All types,All outcomes (mixed),474,3,257493
Excluding admin/internal-sounding,Citywide,All types,All outcomes (mixed),475,6,257499
Excluding admin/internal-sounding,Citywide,All types,All outcomes (mixed),476,7,257506
Excluding admin/internal-sounding,Citywide,All types,All outcomes (mixed),477,6,257512
Excluding admin/internal-sounding,Citywide,All types,All outcomes (mixed),478,2,257514
Excluding admin/internal-sounding,Citywide,All types,All outcomes (mixed),479,2,257516
Excluding admin/internal-sounding,Citywide,All types,All outcomes (mixed),480,3,257519
Excluding admin/internal-sounding,Citywide,All types,All outcomes (mixed),481,3,257522
Excluding admin/internal-sounding,Citywide,All types,All outcomes (mixed),482,9,257531
Excluding admin/internal-sounding,Citywide,All types,All outcomes (mixed),483,10,257541
Excluding admin/internal-sounding,Citywide,All types,All outcomes (mixed),484,1,257542
Excluding admin/internal-sounding,Citywide,All types,All outcomes (mixed),485,1,257543
Excluding admin/internal-sounding,Citywide,All types,All outcomes (mixed),486,1,257544
Excluding admin/internal-sounding,Citywide,All types,All outcomes (mixed),487,2,257546
Excluding admin/internal-sounding,Citywide,All types,All outcomes (mixed),488,5,257551
Excluding admin/internal-sounding,Citywide,All types,All outcomes (mixed),489,3,257554
Excluding admin/internal-sounding,Citywide,All types,All outcomes (mixed),490,4,257558
Excluding admin/internal-sounding,Citywide,All types,All outcomes (mixed),491,3,257561
Excluding admin/internal-sounding,Citywide,All types,All outcomes (mixed),492,3,257564
Excluding admin/internal-sounding,Citywide,All types,All outcomes (mixed),493,11,257575
Excluding admin/internal-sounding,Citywide,All types,All outcomes (mixed),494,4,257579
Excluding admin/internal-sounding,Citywide,All types,All outcomes (mixed),495,8,257587
Excluding admin/internal-sounding,Citywide,All types,All outcomes (mixed),496,5,257592
Excluding admin/internal-sounding,Citywide,All types,All outcomes (mixed),497,3,257595
Excluding admin/internal-sounding,Citywide,All types,All outcomes (mixed),499,1,257596
Excluding admin/internal-sounding,Citywide,All types,All outcomes (mixed),500,1,257597
Excluding admin/internal-sounding,Citywide,All types,All outcomes (mixed),501,5,257602
Excluding admin/internal-sounding,Citywide,All types,All outcomes (mixed),502,3,257605
Excluding admin/internal-sounding,Citywide,All types,All outcomes (mixed),503,8,257613
Excluding admin/internal-sounding,Citywide,All types,All outcomes (mixed),504,3,257616
Excluding admin/internal-sounding,Citywide,All types,All outcomes (mixed),506,1,257617
Excluding admin/internal-sounding,Citywide,All types,All outcomes (mixed),507,2,257619
Excluding admin/internal-sounding,Citywide,All types,All outcomes (mixed),508,4,257623
Excluding admin/internal-sounding,Citywide,All types,All outcomes (mixed),509,4,257627
Excluding admin/internal-sounding,Citywide,All types,All outcomes (mixed),510,2,257629
Excluding admin/internal-sounding,Citywide,All types,All outcomes (mixed),511,2,257631
Excluding admin/internal-sounding,Citywide,All types,All outcomes (mixed),512,4,257635
Excluding admin/internal-sounding,Citywide,All types,All outcomes (mixed),514,2,257637
Excluding admin/internal-sounding,Citywide,All types,All outcomes (mixed),515,1,257638
Excluding admin/internal-sounding,Citywide,All types,All outcomes (mixed),516,6,257644
Excluding admin/internal-sounding,Citywide,All types,All outcomes (mixed),517,3,257647
Excluding admin/internal-sounding,Citywide,All types,All outcomes (mixed),518,5,257652
Excluding admin/internal-sounding,Citywide,All types,All outcomes (mixed),519,2,257654
Excluding admin/internal-sounding,Citywide,All types,All outcomes (mixed),520,3,257657
Excluding admin/internal-sounding,Citywide,All types,All outcomes (mixed),521,4,257661
Excluding admin/internal-sounding,Citywide,All types,All outcomes (mixed),522,2,257663
Excluding admin/internal-sounding,Citywide,All types,All outcomes (mixed),523,4,257667
Excluding admin/internal-sounding,Citywide,All types,All outcomes (mixed),524,9,257676
Excluding admin/internal-sounding,Citywide,All types,All outcomes (mixed),525,5,257681
Excluding admin/internal-sounding,Citywide,All types,All outcomes (mixed),526,3,257684
Excluding admin/internal-sounding,Citywide,All types,All outcomes (mixed),528,2,257686
Excluding admin/internal-sounding,Citywide,All types,All outcomes (mixed),529,1,257687
Excluding admin/internal-sounding,Citywide,All types,All outcomes (mixed),530,2,257689
Excluding admin/internal-sounding,Citywide,All types,All outcomes (mixed),531,5,257694
Excluding admin/internal-sounding,Citywide,All types,All outcomes (mixed),532,8,257702
Excluding admin/internal-sounding,Citywide,All types,All outcomes (mixed),533,4,257706
Excluding admin/internal-sounding,Citywide,All types,All outcomes (mixed),534,3,257709
Excluding admin/internal-sounding,Citywide,All types,All outcomes (mixed),535,8,257717
Excluding admin/internal-sounding,Citywide,All types,All outcomes (mixed),536,4,257721
Excluding admin/internal-sounding,Citywide,All types,All outcomes (mixed),537,4,257725
Excluding admin/internal-sounding,Citywide,All types,All outcomes (mixed),538,4,257729
Excluding admin/internal-sounding,Citywide,All types,All outcomes (mixed),539,4,257733
Excluding admin/internal-sounding,Citywide,All types,All outcomes (mixed),541,2,257735
Excluding admin/internal-sounding,Citywide,All types,All outcomes (mixed),542,6,257741
Excluding admin/internal-sounding,Citywide,All types,All outcomes (mixed),543,4,257745
Excluding admin/internal-sounding,Citywide,All types,All outcomes (mixed),548,1,257746
Excluding admin/internal-sounding,Citywide,All types,All outcomes (mixed),553,1,257747
Excluding admin/internal-sounding,Citywide,All types,All outcomes (mixed),554,1,257748
Excluding admin/internal-sounding,Citywide,All types,All outcomes (mixed),568,1,257749
Excluding admin/internal-sounding,Citywide,All types,All outcomes (mixed),574,1,257750
Excluding admin/internal-sounding,Citywide,All types,All outcomes (mixed),576,1,257751
Excluding admin/internal-sounding,Citywide,All types,All outcomes (mixed),581,1,257752
Excluding admin/internal-sounding,Citywide,All types,All outcomes (mixed),586,1,257753
Excluding admin/internal-sounding,Citywide,All types,All outcomes (mixed),589,1,257754
Excluding admin/internal-sounding,Citywide,All types,All outcomes (mixed),595,1,257755
Excluding admin/internal-sounding,Focus family,All three types,1. Service recorded as provided,0,6,6
Excluding admin/internal-sounding,Focus family,All three types,1. Service recorded as provided,1,371,377
Excluding admin/internal-sounding,Focus family,All three types,1. Service recorded as provided,2,508,885
Excluding admin/internal-sounding,Focus family,All three types,1. Service recorded as provided,3,696,1581
Excluding admin/internal-sounding,Focus family,All three types,1. Service recorded as provided,4,563,2144
Excluding admin/internal-sounding,Focus family,All three types,1. Service recorded as provided,5,578,2722
Excluding admin/internal-sounding,Focus family,All three types,1. Service recorded as provided,6,469,3191
Excluding admin/internal-sounding,Focus family,All three types,1. Service recorded as provided,7,282,3473
Excluding admin/internal-sounding,Focus family,All three types,1. Service recorded as provided,8,150,3623
Excluding admin/internal-sounding,Focus family,All three types,1. Service recorded as provided,9,92,3715
Excluding admin/internal-sounding,Focus family,All three types,1. Service recorded as provided,10,124,3839
Excluding admin/internal-sounding,Focus family,All three types,1. Service recorded as provided,11,90,3929
Excluding admin/internal-sounding,Focus family,All three types,1. Service recorded as provided,12,71,4000
Excluding admin/internal-sounding,Focus family,All three types,1. Service recorded as provided,13,67,4067
Excluding admin/internal-sounding,Focus family,All three types,1. Service recorded as provided,14,72,4139
Excluding admin/internal-sounding,Focus family,All three types,1. Service recorded as provided,15,44,4183
Excluding admin/internal-sounding,Focus family,All three types,1. Service recorded as provided,16,48,4231
Excluding admin/internal-sounding,Focus family,All three types,1. Service recorded as provided,17,37,4268
Excluding admin/internal-sounding,Focus family,All three types,1. Service recorded as provided,18,31,4299
Excluding admin/internal-sounding,Focus family,All three types,1. Service recorded as provided,19,21,4320
Excluding admin/internal-sounding,Focus family,All three types,1. Service recorded as provided,20,19,4339
Excluding admin/internal-sounding,Focus family,All three types,1. Service recorded as provided,21,19,4358
Excluding admin/internal-sounding,Focus family,All three types,1. Service recorded as provided,22,10,4368
Excluding admin/internal-sounding,Focus family,All three types,1. Service recorded as provided,23,12,4380
Excluding admin/internal-sounding,Focus family,All three types,1. Service recorded as provided,24,4,4384
Excluding admin/internal-sounding,Focus family,All three types,1. Service recorded as provided,25,11,4395
Excluding admin/internal-sounding,Focus family,All three types,1. Service recorded as provided,26,2,4397
Excluding admin/internal-sounding,Focus family,All three types,1. Service recorded as provided,27,2,4399
Excluding admin/internal-sounding,Focus family,All three types,1. Service recorded as provided,28,6,4405
Excluding admin/internal-sounding,Focus family,All three types,1. Service recorded as provided,29,12,4417
Excluding admin/internal-sounding,Focus family,All three types,1. Service recorded as provided,30,6,4423
Excluding admin/internal-sounding,Focus family,All three types,1. Service recorded as provided,31,5,4428
Excluding admin/internal-sounding,Focus family,All three types,1. Service recorded as provided,32,3,4431
Excluding admin/internal-sounding,Focus family,All three types,1. Service recorded as provided,33,4,4435
Excluding admin/internal-sounding,Focus family,All three types,1. Service recorded as provided,34,3,4438
Excluding admin/internal-sounding,Focus family,All three types,1. Service recorded as provided,35,3,4441
Excluding admin/internal-sounding,Focus family,All three types,1. Service recorded as provided,36,8,4449
Excluding admin/internal-sounding,Focus family,All three types,1. Service recorded as provided,37,3,4452
Excluding admin/internal-sounding,Focus family,All three types,1. Service recorded as provided,38,1,4453
Excluding admin/internal-sounding,Focus family,All three types,1. Service recorded as provided,39,2,4455
Excluding admin/internal-sounding,Focus family,All three types,1. Service recorded as provided,40,3,4458
Excluding admin/internal-sounding,Focus family,All three types,1. Service recorded as provided,41,3,4461
Excluding admin/internal-sounding,Focus family,All three types,1. Service recorded as provided,42,4,4465
Excluding admin/internal-sounding,Focus family,All three types,1. Service recorded as provided,43,3,4468
Excluding admin/internal-sounding,Focus family,All three types,1. Service recorded as provided,44,1,4469
Excluding admin/internal-sounding,Focus family,All three types,1. Service recorded as provided,45,2,4471
Excluding admin/internal-sounding,Focus family,All three types,1. Service recorded as provided,46,1,4472
Excluding admin/internal-sounding,Focus family,All three types,1. Service recorded as provided,47,1,4473
Excluding admin/internal-sounding,Focus family,All three types,1. Service recorded as provided,48,1,4474
Excluding admin/internal-sounding,Focus family,All three types,1. Service recorded as provided,49,11,4485
Excluding admin/internal-sounding,Focus family,All three types,1. Service recorded as provided,50,1,4486
Excluding admin/internal-sounding,Focus family,All three types,1. Service recorded as provided,51,2,4488
Excluding admin/internal-sounding,Focus family,All three types,1. Service recorded as provided,52,1,4489
Excluding admin/internal-sounding,Focus family,All three types,1. Service recorded as provided,53,2,4491
Excluding admin/internal-sounding,Focus family,All three types,1. Service recorded as provided,54,2,4493
Excluding admin/internal-sounding,Focus family,All three types,1. Service recorded as provided,55,1,4494
Excluding admin/internal-sounding,Focus family,All three types,1. Service recorded as provided,56,2,4496
Excluding admin/internal-sounding,Focus family,All three types,1. Service recorded as provided,57,2,4498
Excluding admin/internal-sounding,Focus family,All three types,1. Service recorded as provided,59,1,4499
Excluding admin/internal-sounding,Focus family,All three types,1. Service recorded as provided,60,2,4501
Excluding admin/internal-sounding,Focus family,All three types,1. Service recorded as provided,62,2,4503
Excluding admin/internal-sounding,Focus family,All three types,1. Service recorded as provided,63,1,4504
Excluding admin/internal-sounding,Focus family,All three types,1. Service recorded as provided,65,1,4505
Excluding admin/internal-sounding,Focus family,All three types,1. Service recorded as provided,67,1,4506
Excluding admin/internal-sounding,Focus family,All three types,1. Service recorded as provided,69,1,4507
Excluding admin/internal-sounding,Focus family,All three types,1. Service recorded as provided,71,1,4508
Excluding admin/internal-sounding,Focus family,All three types,1. Service recorded as provided,73,1,4509
Excluding admin/internal-sounding,Focus family,All three types,1. Service recorded as provided,74,1,4510
Excluding admin/internal-sounding,Focus family,All three types,1. Service recorded as provided,75,3,4513
Excluding admin/internal-sounding,Focus family,All three types,1. Service recorded as provided,77,2,4515
Excluding admin/internal-sounding,Focus family,All three types,1. Service recorded as provided,78,1,4516
Excluding admin/internal-sounding,Focus family,All three types,1. Service recorded as provided,82,2,4518
Excluding admin/internal-sounding,Focus family,All three types,1. Service recorded as provided,88,1,4519
Excluding admin/internal-sounding,Focus family,All three types,1. Service recorded as provided,99,1,4520
Excluding admin/internal-sounding,Focus family,All three types,1. Service recorded as provided,100,1,4521
Excluding admin/internal-sounding,Focus family,All three types,1. Service recorded as provided,101,1,4522
Excluding admin/internal-sounding,Focus family,All three types,1. Service recorded as provided,113,1,4523
Excluding admin/internal-sounding,Focus family,All three types,1. Service recorded as provided,119,1,4524
Excluding admin/internal-sounding,Focus family,All three types,1. Service recorded as provided,134,1,4525
Excluding admin/internal-sounding,Focus family,All three types,1. Service recorded as provided,143,1,4526
Excluding admin/internal-sounding,Focus family,All three types,1. Service recorded as provided,160,1,4527
Excluding admin/internal-sounding,Focus family,All three types,1. Service recorded as provided,179,1,4528
Excluding admin/internal-sounding,Focus family,All three types,1. Service recorded as provided,183,1,4529
Excluding admin/internal-sounding,Focus family,All three types,1. Service recorded as provided,187,1,4530
Excluding admin/internal-sounding,Focus family,All three types,1. Service recorded as provided,209,1,4531
Excluding admin/internal-sounding,Focus family,All three types,1. Service recorded as provided,220,1,4532
Excluding admin/internal-sounding,Focus family,All three types,1. Service recorded as provided,252,1,4533
Excluding admin/internal-sounding,Focus family,All three types,"2. Work assigned, referred or continuing",0,47,47
Excluding admin/internal-sounding,Focus family,All three types,"2. Work assigned, referred or continuing",1,534,581
Excluding admin/internal-sounding,Focus family,All three types,"2. Work assigned, referred or continuing",2,246,827
Excluding admin/internal-sounding,Focus family,All three types,"2. Work assigned, referred or continuing",3,202,1029
Excluding admin/internal-sounding,Focus family,All three types,"2. Work assigned, referred or continuing",4,167,1196
Excluding admin/internal-sounding,Focus family,All three types,"2. Work assigned, referred or continuing",5,135,1331
Excluding admin/internal-sounding,Focus family,All three types,"2. Work assigned, referred or continuing",6,127,1458
Excluding admin/internal-sounding,Focus family,All three types,"2. Work assigned, referred or continuing",7,112,1570
Excluding admin/internal-sounding,Focus family,All three types,"2. Work assigned, referred or continuing",8,70,1640
Excluding admin/internal-sounding,Focus family,All three types,"2. Work assigned, referred or continuing",9,57,1697
Excluding admin/internal-sounding,Focus family,All three types,"2. Work assigned, referred or continuing",10,58,1755
Excluding admin/internal-sounding,Focus family,All three types,"2. Work assigned, referred or continuing",11,61,1816
Excluding admin/internal-sounding,Focus family,All three types,"2. Work assigned, referred or continuing",12,43,1859
Excluding admin/internal-sounding,Focus family,All three types,"2. Work assigned, referred or continuing",13,42,1901
Excluding admin/internal-sounding,Focus family,All three types,"2. Work assigned, referred or continuing",14,37,1938
Excluding admin/internal-sounding,Focus family,All three types,"2. Work assigned, referred or continuing",15,30,1968
Excluding admin/internal-sounding,Focus family,All three types,"2. Work assigned, referred or continuing",16,30,1998
Excluding admin/internal-sounding,Focus family,All three types,"2. Work assigned, referred or continuing",17,21,2019
Excluding admin/internal-sounding,Focus family,All three types,"2. Work assigned, referred or continuing",18,7,2026
Excluding admin/internal-sounding,Focus family,All three types,"2. Work assigned, referred or continuing",19,18,2044
Excluding admin/internal-sounding,Focus family,All three types,"2. Work assigned, referred or continuing",20,20,2064
Excluding admin/internal-sounding,Focus family,All three types,"2. Work assigned, referred or continuing",21,21,2085
Excluding admin/internal-sounding,Focus family,All three types,"2. Work assigned, referred or continuing",22,13,2098
Excluding admin/internal-sounding,Focus family,All three types,"2. Work assigned, referred or continuing",23,13,2111
Excluding admin/internal-sounding,Focus family,All three types,"2. Work assigned, referred or continuing",24,8,2119
Excluding admin/internal-sounding,Focus family,All three types,"2. Work assigned, referred or continuing",25,12,2131
Excluding admin/internal-sounding,Focus family,All three types,"2. Work assigned, referred or continuing",26,9,2140
Excluding admin/internal-sounding,Focus family,All three types,"2. Work assigned, referred or continuing",27,12,2152
Excluding admin/internal-sounding,Focus family,All three types,"2. Work assigned, referred or continuing",28,5,2157
Excluding admin/internal-sounding,Focus family,All three types,"2. Work assigned, referred or continuing",29,6,2163
Excluding admin/internal-sounding,Focus family,All three types,"2. Work assigned, referred or continuing",30,5,2168
Excluding admin/internal-sounding,Focus family,All three types,"2. Work assigned, referred or continuing",31,5,2173
Excluding admin/internal-sounding,Focus family,All three types,"2. Work assigned, referred or continuing",32,2,2175
Excluding admin/internal-sounding,Focus family,All three types,"2. Work assigned, referred or continuing",33,8,2183
Excluding admin/internal-sounding,Focus family,All three types,"2. Work assigned, referred or continuing",34,4,2187
Excluding admin/internal-sounding,Focus family,All three types,"2. Work assigned, referred or continuing",35,3,2190
Excluding admin/internal-sounding,Focus family,All three types,"2. Work assigned, referred or continuing",37,3,2193
Excluding admin/internal-sounding,Focus family,All three types,"2. Work assigned, referred or continuing",39,3,2196
Excluding admin/internal-sounding,Focus family,All three types,"2. Work assigned, referred or continuing",41,2,2198
Excluding admin/internal-sounding,Focus family,All three types,"2. Work assigned, referred or continuing",42,4,2202
Excluding admin/internal-sounding,Focus family,All three types,"2. Work assigned, referred or continuing",43,5,2207
Excluding admin/internal-sounding,Focus family,All three types,"2. Work assigned, referred or continuing",44,3,2210
Excluding admin/internal-sounding,Focus family,All three types,"2. Work assigned, referred or continuing",45,2,2212
Excluding admin/internal-sounding,Focus family,All three types,"2. Work assigned, referred or continuing",47,5,2217
Excluding admin/internal-sounding,Focus family,All three types,"2. Work assigned, referred or continuing",49,2,2219
Excluding admin/internal-sounding,Focus family,All three types,"2. Work assigned, referred or continuing",50,2,2221
Excluding admin/internal-sounding,Focus family,All three types,"2. Work assigned, referred or continuing",51,2,2223
Excluding admin/internal-sounding,Focus family,All three types,"2. Work assigned, referred or continuing",52,2,2225
Excluding admin/internal-sounding,Focus family,All three types,"2. Work assigned, referred or continuing",53,1,2226
Excluding admin/internal-sounding,Focus family,All three types,"2. Work assigned, referred or continuing",54,2,2228
Excluding admin/internal-sounding,Focus family,All three types,"2. Work assigned, referred or continuing",55,1,2229
Excluding admin/internal-sounding,Focus family,All three types,"2. Work assigned, referred or continuing",56,2,2231
Excluding admin/internal-sounding,Focus family,All three types,"2. Work assigned, referred or continuing",57,1,2232
Excluding admin/internal-sounding,Focus family,All three types,"2. Work assigned, referred or continuing",58,1,2233
Excluding admin/internal-sounding,Focus family,All three types,"2. Work assigned, referred or continuing",59,2,2235
Excluding admin/internal-sounding,Focus family,All three types,"2. Work assigned, referred or continuing",60,1,2236
Excluding admin/internal-sounding,Focus family,All three types,"2. Work assigned, referred or continuing",61,1,2237
Excluding admin/internal-sounding,Focus family,All three types,"2. Work assigned, referred or continuing",63,1,2238
Excluding admin/internal-sounding,Focus family,All three types,"2. Work assigned, referred or continuing",67,2,2240
Excluding admin/internal-sounding,Focus family,All three types,"2. Work assigned, referred or continuing",69,1,2241
Excluding admin/internal-sounding,Focus family,All three types,"2. Work assigned, referred or continuing",70,1,2242
Excluding admin/internal-sounding,Focus family,All three types,"2. Work assigned, referred or continuing",72,1,2243
Excluding admin/internal-sounding,Focus family,All three types,"2. Work assigned, referred or continuing",73,1,2244
Excluding admin/internal-sounding,Focus family,All three types,"2. Work assigned, referred or continuing",75,1,2245
Excluding admin/internal-sounding,Focus family,All three types,"2. Work assigned, referred or continuing",77,1,2246
Excluding admin/internal-sounding,Focus family,All three types,"2. Work assigned, referred or continuing",78,2,2248
Excluding admin/internal-sounding,Focus family,All three types,"2. Work assigned, referred or continuing",81,1,2249
Excluding admin/internal-sounding,Focus family,All three types,"2. Work assigned, referred or continuing",88,1,2250
Excluding admin/internal-sounding,Focus family,All three types,"2. Work assigned, referred or continuing",90,1,2251
Excluding admin/internal-sounding,Focus family,All three types,"2. Work assigned, referred or continuing",134,1,2252
Excluding admin/internal-sounding,Focus family,All three types,"2. Work assigned, referred or continuing",137,1,2253
Excluding admin/internal-sounding,Focus family,All three types,"2. Work assigned, referred or continuing",141,1,2254
Excluding admin/internal-sounding,Focus family,All three types,"2. Work assigned, referred or continuing",179,1,2255
Excluding admin/internal-sounding,Focus family,All three types,"2. Work assigned, referred or continuing",190,1,2256
Excluding admin/internal-sounding,Focus family,All three types,"2. Work assigned, referred or continuing",191,1,2257
Excluding admin/internal-sounding,Focus family,All three types,"2. Work assigned, referred or continuing",224,1,2258
Excluding admin/internal-sounding,Focus family,All three types,"2. Work assigned, referred or continuing",256,1,2259
Excluding admin/internal-sounding,Focus family,All three types,"2. Work assigned, referred or continuing",321,1,2260
Excluding admin/internal-sounding,Focus family,All three types,3. No service or no action recorded,0,8,8
Excluding admin/internal-sounding,Focus family,All three types,3. No service or no action recorded,1,94,102
Excluding admin/internal-sounding,Focus family,All three types,3. No service or no action recorded,2,90,192
Excluding admin/internal-sounding,Focus family,All three types,3. No service or no action recorded,3,82,274
Excluding admin/internal-sounding,Focus family,All three types,3. No service or no action recorded,4,51,325
Excluding admin/internal-sounding,Focus family,All three types,3. No service or no action recorded,5,41,366
Excluding admin/internal-sounding,Focus family,All three types,3. No service or no action recorded,6,46,412
Excluding admin/internal-sounding,Focus family,All three types,3. No service or no action recorded,7,40,452
Excluding admin/internal-sounding,Focus family,All three types,3. No service or no action recorded,8,20,472
Excluding admin/internal-sounding,Focus family,All three types,3. No service or no action recorded,9,12,484
Excluding admin/internal-sounding,Focus family,All three types,3. No service or no action recorded,10,13,497
Excluding admin/internal-sounding,Focus family,All three types,3. No service or no action recorded,11,15,512
Excluding admin/internal-sounding,Focus family,All three types,3. No service or no action recorded,12,14,526
Excluding admin/internal-sounding,Focus family,All three types,3. No service or no action recorded,13,8,534
Excluding admin/internal-sounding,Focus family,All three types,3. No service or no action recorded,14,14,548
Excluding admin/internal-sounding,Focus family,All three types,3. No service or no action recorded,15,7,555
Excluding admin/internal-sounding,Focus family,All three types,3. No service or no action recorded,16,4,559
Excluding admin/internal-sounding,Focus family,All three types,3. No service or no action recorded,17,3,562
Excluding admin/internal-sounding,Focus family,All three types,3. No service or no action recorded,18,8,570
Excluding admin/internal-sounding,Focus family,All three types,3. No service or no action recorded,19,5,575
Excluding admin/internal-sounding,Focus family,All three types,3. No service or no action recorded,20,4,579
Excluding admin/internal-sounding,Focus family,All three types,3. No service or no action recorded,21,5,584
Excluding admin/internal-sounding,Focus family,All three types,3. No service or no action recorded,22,7,591
Excluding admin/internal-sounding,Focus family,All three types,3. No service or no action recorded,23,5,596
Excluding admin/internal-sounding,Focus family,All three types,3. No service or no action recorded,24,4,600
Excluding admin/internal-sounding,Focus family,All three types,3. No service or no action recorded,25,4,604
Excluding admin/internal-sounding,Focus family,All three types,3. No service or no action recorded,26,2,606
Excluding admin/internal-sounding,Focus family,All three types,3. No service or no action recorded,27,1,607
Excluding admin/internal-sounding,Focus family,All three types,3. No service or no action recorded,29,4,611
Excluding admin/internal-sounding,Focus family,All three types,3. No service or no action recorded,30,3,614
Excluding admin/internal-sounding,Focus family,All three types,3. No service or no action recorded,33,1,615
Excluding admin/internal-sounding,Focus family,All three types,3. No service or no action recorded,34,1,616
Excluding admin/internal-sounding,Focus family,All three types,3. No service or no action recorded,35,2,618
Excluding admin/internal-sounding,Focus family,All three types,3. No service or no action recorded,36,1,619
Excluding admin/internal-sounding,Focus family,All three types,3. No service or no action recorded,39,1,620
Excluding admin/internal-sounding,Focus family,All three types,3. No service or no action recorded,40,1,621
Excluding admin/internal-sounding,Focus family,All three types,3. No service or no action recorded,42,1,622
Excluding admin/internal-sounding,Focus family,All three types,3. No service or no action recorded,43,1,623
Excluding admin/internal-sounding,Focus family,All three types,3. No service or no action recorded,46,2,625
Excluding admin/internal-sounding,Focus family,All three types,3. No service or no action recorded,47,1,626
Excluding admin/internal-sounding,Focus family,All three types,3. No service or no action recorded,48,2,628
Excluding admin/internal-sounding,Focus family,All three types,3. No service or no action recorded,49,2,630
Excluding admin/internal-sounding,Focus family,All three types,3. No service or no action recorded,55,1,631
Excluding admin/internal-sounding,Focus family,All three types,3. No service or no action recorded,59,1,632
Excluding admin/internal-sounding,Focus family,All three types,3. No service or no action recorded,64,1,633
Excluding admin/internal-sounding,Focus family,All three types,3. No service or no action recorded,71,1,634
Excluding admin/internal-sounding,Focus family,All three types,3. No service or no action recorded,72,2,636
Excluding admin/internal-sounding,Focus family,All three types,3. No service or no action recorded,73,1,637
Excluding admin/internal-sounding,Focus family,All three types,3. No service or no action recorded,75,1,638
Excluding admin/internal-sounding,Focus family,All three types,3. No service or no action recorded,76,1,639
Excluding admin/internal-sounding,Focus family,All three types,3. No service or no action recorded,77,1,640
Excluding admin/internal-sounding,Focus family,All three types,3. No service or no action recorded,78,1,641
Excluding admin/internal-sounding,Focus family,All three types,3. No service or no action recorded,97,1,642
Excluding admin/internal-sounding,Focus family,All three types,3. No service or no action recorded,99,1,643
Excluding admin/internal-sounding,Focus family,All three types,3. No service or no action recorded,105,1,644
Excluding admin/internal-sounding,Focus family,All three types,3. No service or no action recorded,117,1,645
Excluding admin/internal-sounding,Focus family,All three types,3. No service or no action recorded,119,1,646
Excluding admin/internal-sounding,Focus family,All three types,3. No service or no action recorded,130,1,647
Excluding admin/internal-sounding,Focus family,All three types,3. No service or no action recorded,154,2,649
Excluding admin/internal-sounding,Focus family,All three types,3. No service or no action recorded,161,1,650
Excluding admin/internal-sounding,Focus family,All three types,3. No service or no action recorded,166,1,651
Excluding admin/internal-sounding,Focus family,All three types,3. No service or no action recorded,192,1,652
Excluding admin/internal-sounding,Focus family,All three types,3. No service or no action recorded,240,1,653
Excluding admin/internal-sounding,Focus family,All three types,3. No service or no action recorded,245,1,654
Excluding admin/internal-sounding,Focus family,All three types,3. No service or no action recorded,256,1,655
Excluding admin/internal-sounding,Focus family,All three types,3. No service or no action recorded,274,1,656
Excluding admin/internal-sounding,Focus family,All three types,3. No service or no action recorded,284,1,657
Excluding admin/internal-sounding,Focus family,All three types,3. No service or no action recorded,303,1,658
Excluding admin/internal-sounding,Focus family,All three types,3. No service or no action recorded,346,1,659
Excluding admin/internal-sounding,Focus family,All three types,3. No service or no action recorded,485,1,660
Excluding admin/internal-sounding,Focus family,All three types,3. No service or no action recorded,519,1,661
Excluding admin/internal-sounding,Focus family,All three types,4. Insufficient information / could not proceed,0,1,1
Excluding admin/internal-sounding,Focus family,All three types,4. Insufficient information / could not proceed,1,4,5
Excluding admin/internal-sounding,Focus family,All three types,4. Insufficient information / could not proceed,3,1,6
Excluding admin/internal-sounding,Focus family,All three types,4. Insufficient information / could not proceed,4,1,7
Excluding admin/internal-sounding,Focus family,All three types,4. Insufficient information / could not proceed,5,2,9
Excluding admin/internal-sounding,Focus family,All three types,4. Insufficient information / could not proceed,6,1,10
Excluding admin/internal-sounding,Focus family,All three types,4. Insufficient information / could not proceed,11,1,11
Excluding admin/internal-sounding,Focus family,All three types,4. Insufficient information / could not proceed,15,1,12
Excluding admin/internal-sounding,Focus family,All three types,4. Insufficient information / could not proceed,17,1,13
Excluding admin/internal-sounding,Focus family,All three types,5. Unknown or N/A,1,6,6
Excluding admin/internal-sounding,Focus family,All three types,5. Unknown or N/A,2,1,7
Excluding admin/internal-sounding,Focus family,All three types,5. Unknown or N/A,3,4,11
Excluding admin/internal-sounding,Focus family,All three types,5. Unknown or N/A,4,5,16
Excluding admin/internal-sounding,Focus family,All three types,5. Unknown or N/A,5,8,24
Excluding admin/internal-sounding,Focus family,All three types,5. Unknown or N/A,6,8,32
Excluding admin/internal-sounding,Focus family,All three types,5. Unknown or N/A,7,2,34
Excluding admin/internal-sounding,Focus family,All three types,5. Unknown or N/A,8,1,35
Excluding admin/internal-sounding,Focus family,All three types,5. Unknown or N/A,9,1,36
Excluding admin/internal-sounding,Focus family,All three types,5. Unknown or N/A,12,1,37
Excluding admin/internal-sounding,Focus family,All three types,5. Unknown or N/A,13,1,38
Excluding admin/internal-sounding,Focus family,All three types,5. Unknown or N/A,15,2,40
Excluding admin/internal-sounding,Focus family,All three types,5. Unknown or N/A,16,1,41
Excluding admin/internal-sounding,Focus family,All three types,5. Unknown or N/A,27,1,42
Excluding admin/internal-sounding,Focus family,All three types,5. Unknown or N/A,52,1,43
Excluding admin/internal-sounding,Focus family,All three types,All outcomes (mixed),0,62,62
Excluding admin/internal-sounding,Focus family,All three types,All outcomes (mixed),1,1009,1071
Excluding admin/internal-sounding,Focus family,All three types,All outcomes (mixed),2,845,1916
Excluding admin/internal-sounding,Focus family,All three types,All outcomes (mixed),3,985,2901
Excluding admin/internal-sounding,Focus family,All three types,All outcomes (mixed),4,787,3688
Excluding admin/internal-sounding,Focus family,All three types,All outcomes (mixed),5,764,4452
Excluding admin/internal-sounding,Focus family,All three types,All outcomes (mixed),6,651,5103
Excluding admin/internal-sounding,Focus family,All three types,All outcomes (mixed),7,436,5539
Excluding admin/internal-sounding,Focus family,All three types,All outcomes (mixed),8,241,5780
Excluding admin/internal-sounding,Focus family,All three types,All outcomes (mixed),9,162,5942
Excluding admin/internal-sounding,Focus family,All three types,All outcomes (mixed),10,195,6137
Excluding admin/internal-sounding,Focus family,All three types,All outcomes (mixed),11,167,6304
Excluding admin/internal-sounding,Focus family,All three types,All outcomes (mixed),12,129,6433
Excluding admin/internal-sounding,Focus family,All three types,All outcomes (mixed),13,118,6551
Excluding admin/internal-sounding,Focus family,All three types,All outcomes (mixed),14,123,6674
Excluding admin/internal-sounding,Focus family,All three types,All outcomes (mixed),15,84,6758
Excluding admin/internal-sounding,Focus family,All three types,All outcomes (mixed),16,83,6841
Excluding admin/internal-sounding,Focus family,All three types,All outcomes (mixed),17,62,6903
Excluding admin/internal-sounding,Focus family,All three types,All outcomes (mixed),18,46,6949
Excluding admin/internal-sounding,Focus family,All three types,All outcomes (mixed),19,44,6993
Excluding admin/internal-sounding,Focus family,All three types,All outcomes (mixed),20,43,7036
Excluding admin/internal-sounding,Focus family,All three types,All outcomes (mixed),21,45,7081
Excluding admin/internal-sounding,Focus family,All three types,All outcomes (mixed),22,30,7111
Excluding admin/internal-sounding,Focus family,All three types,All outcomes (mixed),23,30,7141
Excluding admin/internal-sounding,Focus family,All three types,All outcomes (mixed),24,16,7157
Excluding admin/internal-sounding,Focus family,All three types,All outcomes (mixed),25,27,7184
Excluding admin/internal-sounding,Focus family,All three types,All outcomes (mixed),26,13,7197
Excluding admin/internal-sounding,Focus family,All three types,All outcomes (mixed),27,16,7213
Excluding admin/internal-sounding,Focus family,All three types,All outcomes (mixed),28,11,7224
Excluding admin/internal-sounding,Focus family,All three types,All outcomes (mixed),29,22,7246
Excluding admin/internal-sounding,Focus family,All three types,All outcomes (mixed),30,14,7260
Excluding admin/internal-sounding,Focus family,All three types,All outcomes (mixed),31,10,7270
Excluding admin/internal-sounding,Focus family,All three types,All outcomes (mixed),32,5,7275
Excluding admin/internal-sounding,Focus family,All three types,All outcomes (mixed),33,13,7288
Excluding admin/internal-sounding,Focus family,All three types,All outcomes (mixed),34,8,7296
Excluding admin/internal-sounding,Focus family,All three types,All outcomes (mixed),35,8,7304
Excluding admin/internal-sounding,Focus family,All three types,All outcomes (mixed),36,9,7313
Excluding admin/internal-sounding,Focus family,All three types,All outcomes (mixed),37,6,7319
Excluding admin/internal-sounding,Focus family,All three types,All outcomes (mixed),38,1,7320
Excluding admin/internal-sounding,Focus family,All three types,All outcomes (mixed),39,6,7326
Excluding admin/internal-sounding,Focus family,All three types,All outcomes (mixed),40,4,7330
Excluding admin/internal-sounding,Focus family,All three types,All outcomes (mixed),41,5,7335
Excluding admin/internal-sounding,Focus family,All three types,All outcomes (mixed),42,9,7344
Excluding admin/internal-sounding,Focus family,All three types,All outcomes (mixed),43,9,7353
Excluding admin/internal-sounding,Focus family,All three types,All outcomes (mixed),44,4,7357
Excluding admin/internal-sounding,Focus family,All three types,All outcomes (mixed),45,4,7361
Excluding admin/internal-sounding,Focus family,All three types,All outcomes (mixed),46,3,7364
Excluding admin/internal-sounding,Focus family,All three types,All outcomes (mixed),47,7,7371
Excluding admin/internal-sounding,Focus family,All three types,All outcomes (mixed),48,3,7374
Excluding admin/internal-sounding,Focus family,All three types,All outcomes (mixed),49,15,7389
Excluding admin/internal-sounding,Focus family,All three types,All outcomes (mixed),50,3,7392
Excluding admin/internal-sounding,Focus family,All three types,All outcomes (mixed),51,4,7396
Excluding admin/internal-sounding,Focus family,All three types,All outcomes (mixed),52,4,7400
Excluding admin/internal-sounding,Focus family,All three types,All outcomes (mixed),53,3,7403
Excluding admin/internal-sounding,Focus family,All three types,All outcomes (mixed),54,4,7407
Excluding admin/internal-sounding,Focus family,All three types,All outcomes (mixed),55,3,7410
Excluding admin/internal-sounding,Focus family,All three types,All outcomes (mixed),56,4,7414
Excluding admin/internal-sounding,Focus family,All three types,All outcomes (mixed),57,3,7417
Excluding admin/internal-sounding,Focus family,All three types,All outcomes (mixed),58,1,7418
Excluding admin/internal-sounding,Focus family,All three types,All outcomes (mixed),59,4,7422
Excluding admin/internal-sounding,Focus family,All three types,All outcomes (mixed),60,3,7425
Excluding admin/internal-sounding,Focus family,All three types,All outcomes (mixed),61,1,7426
Excluding admin/internal-sounding,Focus family,All three types,All outcomes (mixed),62,2,7428
Excluding admin/internal-sounding,Focus family,All three types,All outcomes (mixed),63,2,7430
Excluding admin/internal-sounding,Focus family,All three types,All outcomes (mixed),64,1,7431
Excluding admin/internal-sounding,Focus family,All three types,All outcomes (mixed),65,1,7432
Excluding admin/internal-sounding,Focus family,All three types,All outcomes (mixed),67,3,7435
Excluding admin/internal-sounding,Focus family,All three types,All outcomes (mixed),69,2,7437
Excluding admin/internal-sounding,Focus family,All three types,All outcomes (mixed),70,1,7438
Excluding admin/internal-sounding,Focus family,All three types,All outcomes (mixed),71,2,7440
Excluding admin/internal-sounding,Focus family,All three types,All outcomes (mixed),72,3,7443
Excluding admin/internal-sounding,Focus family,All three types,All outcomes (mixed),73,3,7446
Excluding admin/internal-sounding,Focus family,All three types,All outcomes (mixed),74,1,7447
Excluding admin/internal-sounding,Focus family,All three types,All outcomes (mixed),75,5,7452
Excluding admin/internal-sounding,Focus family,All three types,All outcomes (mixed),76,1,7453
Excluding admin/internal-sounding,Focus family,All three types,All outcomes (mixed),77,4,7457
Excluding admin/internal-sounding,Focus family,All three types,All outcomes (mixed),78,4,7461
Excluding admin/internal-sounding,Focus family,All three types,All outcomes (mixed),81,1,7462
Excluding admin/internal-sounding,Focus family,All three types,All outcomes (mixed),82,2,7464
Excluding admin/internal-sounding,Focus family,All three types,All outcomes (mixed),88,2,7466
Excluding admin/internal-sounding,Focus family,All three types,All outcomes (mixed),90,1,7467
Excluding admin/internal-sounding,Focus family,All three types,All outcomes (mixed),97,1,7468
Excluding admin/internal-sounding,Focus family,All three types,All outcomes (mixed),99,2,7470
Excluding admin/internal-sounding,Focus family,All three types,All outcomes (mixed),100,1,7471
Excluding admin/internal-sounding,Focus family,All three types,All outcomes (mixed),101,1,7472
Excluding admin/internal-sounding,Focus family,All three types,All outcomes (mixed),105,1,7473
Excluding admin/internal-sounding,Focus family,All three types,All outcomes (mixed),113,1,7474
Excluding admin/internal-sounding,Focus family,All three types,All outcomes (mixed),117,1,7475
Excluding admin/internal-sounding,Focus family,All three types,All outcomes (mixed),119,2,7477
Excluding admin/internal-sounding,Focus family,All three types,All outcomes (mixed),130,1,7478
Excluding admin/internal-sounding,Focus family,All three types,All outcomes (mixed),134,2,7480
Excluding admin/internal-sounding,Focus family,All three types,All outcomes (mixed),137,1,7481
Excluding admin/internal-sounding,Focus family,All three types,All outcomes (mixed),141,1,7482
Excluding admin/internal-sounding,Focus family,All three types,All outcomes (mixed),143,1,7483
Excluding admin/internal-sounding,Focus family,All three types,All outcomes (mixed),154,2,7485
Excluding admin/internal-sounding,Focus family,All three types,All outcomes (mixed),160,1,7486
Excluding admin/internal-sounding,Focus family,All three types,All outcomes (mixed),161,1,7487
Excluding admin/internal-sounding,Focus family,All three types,All outcomes (mixed),166,1,7488
Excluding admin/internal-sounding,Focus family,All three types,All outcomes (mixed),179,2,7490
Excluding admin/internal-sounding,Focus family,All three types,All outcomes (mixed),183,1,7491
Excluding admin/internal-sounding,Focus family,All three types,All outcomes (mixed),187,1,7492
Excluding admin/internal-sounding,Focus family,All three types,All outcomes (mixed),190,1,7493
Excluding admin/internal-sounding,Focus family,All three types,All outcomes (mixed),191,1,7494
Excluding admin/internal-sounding,Focus family,All three types,All outcomes (mixed),192,1,7495
Excluding admin/internal-sounding,Focus family,All three types,All outcomes (mixed),209,1,7496
Excluding admin/internal-sounding,Focus family,All three types,All outcomes (mixed),220,1,7497
Excluding admin/internal-sounding,Focus family,All three types,All outcomes (mixed),224,1,7498
Excluding admin/internal-sounding,Focus family,All three types,All outcomes (mixed),240,1,7499
Excluding admin/internal-sounding,Focus family,All three types,All outcomes (mixed),245,1,7500
Excluding admin/internal-sounding,Focus family,All three types,All outcomes (mixed),252,1,7501
Excluding admin/internal-sounding,Focus family,All three types,All outcomes (mixed),256,2,7503
Excluding admin/internal-sounding,Focus family,All three types,All outcomes (mixed),274,1,7504
Excluding admin/internal-sounding,Focus family,All three types,All outcomes (mixed),284,1,7505
Excluding admin/internal-sounding,Focus family,All three types,All outcomes (mixed),303,1,7506
Excluding admin/internal-sounding,Focus family,All three types,All outcomes (mixed),321,1,7507
Excluding admin/internal-sounding,Focus family,All three types,All outcomes (mixed),346,1,7508
Excluding admin/internal-sounding,Focus family,All three types,All outcomes (mixed),485,1,7509
Excluding admin/internal-sounding,Focus family,All three types,All outcomes (mixed),519,1,7510
Excluding admin/internal-sounding,Focus family,All three types,Further action has been planned,0,12,12
Excluding admin/internal-sounding,Focus family,All three types,Further action has been planned,1,372,384
Excluding admin/internal-sounding,Focus family,All three types,Further action has been planned,2,173,557
Excluding admin/internal-sounding,Focus family,All three types,Further action has been planned,3,148,705
Excluding admin/internal-sounding,Focus family,All three types,Further action has been planned,4,131,836
Excluding admin/internal-sounding,Focus family,All three types,Further action has been planned,5,111,947
Excluding admin/internal-sounding,Focus family,All three types,Further action has been planned,6,102,1049
Excluding admin/internal-sounding,Focus family,All three types,Further action has been planned,7,97,1146
Excluding admin/internal-sounding,Focus family,All three types,Further action has been planned,8,60,1206
Excluding admin/internal-sounding,Focus family,All three types,Further action has been planned,9,51,1257
Excluding admin/internal-sounding,Focus family,All three types,Further action has been planned,10,55,1312
Excluding admin/internal-sounding,Focus family,All three types,Further action has been planned,11,51,1363
Excluding admin/internal-sounding,Focus family,All three types,Further action has been planned,12,38,1401
Excluding admin/internal-sounding,Focus family,All three types,Further action has been planned,13,40,1441
Excluding admin/internal-sounding,Focus family,All three types,Further action has been planned,14,34,1475
Excluding admin/internal-sounding,Focus family,All three types,Further action has been planned,15,27,1502
Excluding admin/internal-sounding,Focus family,All three types,Further action has been planned,16,25,1527
Excluding admin/internal-sounding,Focus family,All three types,Further action has been planned,17,19,1546
Excluding admin/internal-sounding,Focus family,All three types,Further action has been planned,18,5,1551
Excluding admin/internal-sounding,Focus family,All three types,Further action has been planned,19,17,1568
Excluding admin/internal-sounding,Focus family,All three types,Further action has been planned,20,20,1588
Excluding admin/internal-sounding,Focus family,All three types,Further action has been planned,21,21,1609
Excluding admin/internal-sounding,Focus family,All three types,Further action has been planned,22,12,1621
Excluding admin/internal-sounding,Focus family,All three types,Further action has been planned,23,13,1634
Excluding admin/internal-sounding,Focus family,All three types,Further action has been planned,24,7,1641
Excluding admin/internal-sounding,Focus family,All three types,Further action has been planned,25,11,1652
Excluding admin/internal-sounding,Focus family,All three types,Further action has been planned,26,9,1661
Excluding admin/internal-sounding,Focus family,All three types,Further action has been planned,27,12,1673
Excluding admin/internal-sounding,Focus family,All three types,Further action has been planned,28,5,1678
Excluding admin/internal-sounding,Focus family,All three types,Further action has been planned,29,6,1684
Excluding admin/internal-sounding,Focus family,All three types,Further action has been planned,30,4,1688
Excluding admin/internal-sounding,Focus family,All three types,Further action has been planned,31,5,1693
Excluding admin/internal-sounding,Focus family,All three types,Further action has been planned,32,1,1694
Excluding admin/internal-sounding,Focus family,All three types,Further action has been planned,33,8,1702
Excluding admin/internal-sounding,Focus family,All three types,Further action has been planned,34,3,1705
Excluding admin/internal-sounding,Focus family,All three types,Further action has been planned,35,2,1707
Excluding admin/internal-sounding,Focus family,All three types,Further action has been planned,37,3,1710
Excluding admin/internal-sounding,Focus family,All three types,Further action has been planned,39,3,1713
Excluding admin/internal-sounding,Focus family,All three types,Further action has been planned,41,2,1715
Excluding admin/internal-sounding,Focus family,All three types,Further action has been planned,42,3,1718
Excluding admin/internal-sounding,Focus family,All three types,Further action has been planned,43,4,1722
Excluding admin/internal-sounding,Focus family,All three types,Further action has been planned,44,2,1724
Excluding admin/internal-sounding,Focus family,All three types,Further action has been planned,45,2,1726
Excluding admin/internal-sounding,Focus family,All three types,Further action has been planned,47,4,1730
Excluding admin/internal-sounding,Focus family,All three types,Further action has been planned,49,2,1732
Excluding admin/internal-sounding,Focus family,All three types,Further action has been planned,50,1,1733
Excluding admin/internal-sounding,Focus family,All three types,Further action has been planned,51,2,1735
Excluding admin/internal-sounding,Focus family,All three types,Further action has been planned,52,1,1736
Excluding admin/internal-sounding,Focus family,All three types,Further action has been planned,54,2,1738
Excluding admin/internal-sounding,Focus family,All three types,Further action has been planned,55,1,1739
Excluding admin/internal-sounding,Focus family,All three types,Further action has been planned,56,2,1741
Excluding admin/internal-sounding,Focus family,All three types,Further action has been planned,57,1,1742
Excluding admin/internal-sounding,Focus family,All three types,Further action has been planned,58,1,1743
Excluding admin/internal-sounding,Focus family,All three types,Further action has been planned,59,1,1744
Excluding admin/internal-sounding,Focus family,All three types,Further action has been planned,61,1,1745
Excluding admin/internal-sounding,Focus family,All three types,Further action has been planned,63,1,1746
Excluding admin/internal-sounding,Focus family,All three types,Further action has been planned,67,2,1748
Excluding admin/internal-sounding,Focus family,All three types,Further action has been planned,69,1,1749
Excluding admin/internal-sounding,Focus family,All three types,Further action has been planned,72,1,1750
Excluding admin/internal-sounding,Focus family,All three types,Further action has been planned,73,1,1751
Excluding admin/internal-sounding,Focus family,All three types,Further action has been planned,77,1,1752
Excluding admin/internal-sounding,Focus family,All three types,Further action has been planned,78,2,1754
Excluding admin/internal-sounding,Focus family,All three types,Further action has been planned,81,1,1755
Excluding admin/internal-sounding,Focus family,All three types,Further action has been planned,88,1,1756
Excluding admin/internal-sounding,Focus family,All three types,Further action has been planned,90,1,1757
Excluding admin/internal-sounding,Focus family,All three types,Further action has been planned,141,1,1758
Excluding admin/internal-sounding,Focus family,All three types,Further action has been planned,179,1,1759
Excluding admin/internal-sounding,Focus family,All three types,Further action has been planned,190,1,1760
Excluding admin/internal-sounding,Focus family,All three types,Further action has been planned,224,1,1761
Excluding admin/internal-sounding,Focus family,All three types,Further action has been planned,256,1,1762
Excluding admin/internal-sounding,Focus family,All three types,Further action has been planned,321,1,1763
Excluding admin/internal-sounding,Focus family,All three types,Referred to another service group,0,35,35
Excluding admin/internal-sounding,Focus family,All three types,Referred to another service group,1,162,197
Excluding admin/internal-sounding,Focus family,All three types,Referred to another service group,2,73,270
Excluding admin/internal-sounding,Focus family,All three types,Referred to another service group,3,54,324
Excluding admin/internal-sounding,Focus family,All three types,Referred to another service group,4,36,360
Excluding admin/internal-sounding,Focus family,All three types,Referred to another service group,5,24,384
Excluding admin/internal-sounding,Focus family,All three types,Referred to another service group,6,25,409
Excluding admin/internal-sounding,Focus family,All three types,Referred to another service group,7,15,424
Excluding admin/internal-sounding,Focus family,All three types,Referred to another service group,8,10,434
Excluding admin/internal-sounding,Focus family,All three types,Referred to another service group,9,6,440
Excluding admin/internal-sounding,Focus family,All three types,Referred to another service group,10,3,443
Excluding admin/internal-sounding,Focus family,All three types,Referred to another service group,11,10,453
Excluding admin/internal-sounding,Focus family,All three types,Referred to another service group,12,5,458
Excluding admin/internal-sounding,Focus family,All three types,Referred to another service group,13,2,460
Excluding admin/internal-sounding,Focus family,All three types,Referred to another service group,14,3,463
Excluding admin/internal-sounding,Focus family,All three types,Referred to another service group,15,3,466
Excluding admin/internal-sounding,Focus family,All three types,Referred to another service group,16,5,471
Excluding admin/internal-sounding,Focus family,All three types,Referred to another service group,17,1,472
Excluding admin/internal-sounding,Focus family,All three types,Referred to another service group,18,2,474
Excluding admin/internal-sounding,Focus family,All three types,Referred to another service group,19,1,475
Excluding admin/internal-sounding,Focus family,All three types,Referred to another service group,22,1,476
Excluding admin/internal-sounding,Focus family,All three types,Referred to another service group,24,1,477
Excluding admin/internal-sounding,Focus family,All three types,Referred to another service group,25,1,478
Excluding admin/internal-sounding,Focus family,All three types,Referred to another service group,30,1,479
Excluding admin/internal-sounding,Focus family,All three types,Referred to another service group,32,1,480
Excluding admin/internal-sounding,Focus family,All three types,Referred to another service group,34,1,481
Excluding admin/internal-sounding,Focus family,All three types,Referred to another service group,35,1,482
Excluding admin/internal-sounding,Focus family,All three types,Referred to another service group,42,1,483
Excluding admin/internal-sounding,Focus family,All three types,Referred to another service group,43,1,484
Excluding admin/internal-sounding,Focus family,All three types,Referred to another service group,44,1,485
Excluding admin/internal-sounding,Focus family,All three types,Referred to another service group,47,1,486
Excluding admin/internal-sounding,Focus family,All three types,Referred to another service group,50,1,487
Excluding admin/internal-sounding,Focus family,All three types,Referred to another service group,52,1,488
Excluding admin/internal-sounding,Focus family,All three types,Referred to another service group,53,1,489
Excluding admin/internal-sounding,Focus family,All three types,Referred to another service group,59,1,490
Excluding admin/internal-sounding,Focus family,All three types,Referred to another service group,60,1,491
Excluding admin/internal-sounding,Focus family,All three types,Referred to another service group,70,1,492
Excluding admin/internal-sounding,Focus family,All three types,Referred to another service group,75,1,493
Excluding admin/internal-sounding,Focus family,All three types,Referred to another service group,134,1,494
Excluding admin/internal-sounding,Focus family,All three types,Referred to another service group,137,1,495
Excluding admin/internal-sounding,Focus family,All three types,Referred to another service group,191,1,496
Excluding admin/internal-sounding,Focus family,Pothole Case,1. Service recorded as provided,0,2,2
Excluding admin/internal-sounding,Focus family,Pothole Case,1. Service recorded as provided,1,210,212
Excluding admin/internal-sounding,Focus family,Pothole Case,1. Service recorded as provided,2,332,544
Excluding admin/internal-sounding,Focus family,Pothole Case,1. Service recorded as provided,3,491,1035
Excluding admin/internal-sounding,Focus family,Pothole Case,1. Service recorded as provided,4,376,1411
Excluding admin/internal-sounding,Focus family,Pothole Case,1. Service recorded as provided,5,400,1811
Excluding admin/internal-sounding,Focus family,Pothole Case,1. Service recorded as provided,6,283,2094
Excluding admin/internal-sounding,Focus family,Pothole Case,1. Service recorded as provided,7,164,2258
Excluding admin/internal-sounding,Focus family,Pothole Case,1. Service recorded as provided,8,102,2360
Excluding admin/internal-sounding,Focus family,Pothole Case,1. Service recorded as provided,9,55,2415
Excluding admin/internal-sounding,Focus family,Pothole Case,1. Service recorded as provided,10,93,2508
Excluding admin/internal-sounding,Focus family,Pothole Case,1. Service recorded as provided,11,60,2568
Excluding admin/internal-sounding,Focus family,Pothole Case,1. Service recorded as provided,12,47,2615
Excluding admin/internal-sounding,Focus family,Pothole Case,1. Service recorded as provided,13,44,2659
Excluding admin/internal-sounding,Focus family,Pothole Case,1. Service recorded as provided,14,44,2703
Excluding admin/internal-sounding,Focus family,Pothole Case,1. Service recorded as provided,15,25,2728
Excluding admin/internal-sounding,Focus family,Pothole Case,1. Service recorded as provided,16,31,2759
Excluding admin/internal-sounding,Focus family,Pothole Case,1. Service recorded as provided,17,25,2784
Excluding admin/internal-sounding,Focus family,Pothole Case,1. Service recorded as provided,18,20,2804
Excluding admin/internal-sounding,Focus family,Pothole Case,1. Service recorded as provided,19,14,2818
Excluding admin/internal-sounding,Focus family,Pothole Case,1. Service recorded as provided,20,15,2833
Excluding admin/internal-sounding,Focus family,Pothole Case,1. Service recorded as provided,21,10,2843
Excluding admin/internal-sounding,Focus family,Pothole Case,1. Service recorded as provided,22,4,2847
Excluding admin/internal-sounding,Focus family,Pothole Case,1. Service recorded as provided,23,8,2855
Excluding admin/internal-sounding,Focus family,Pothole Case,1. Service recorded as provided,24,4,2859
Excluding admin/internal-sounding,Focus family,Pothole Case,1. Service recorded as provided,25,5,2864
Excluding admin/internal-sounding,Focus family,Pothole Case,1. Service recorded as provided,26,1,2865
Excluding admin/internal-sounding,Focus family,Pothole Case,1. Service recorded as provided,27,1,2866
Excluding admin/internal-sounding,Focus family,Pothole Case,1. Service recorded as provided,28,4,2870
Excluding admin/internal-sounding,Focus family,Pothole Case,1. Service recorded as provided,29,7,2877
Excluding admin/internal-sounding,Focus family,Pothole Case,1. Service recorded as provided,30,5,2882
Excluding admin/internal-sounding,Focus family,Pothole Case,1. Service recorded as provided,31,3,2885
Excluding admin/internal-sounding,Focus family,Pothole Case,1. Service recorded as provided,32,2,2887
Excluding admin/internal-sounding,Focus family,Pothole Case,1. Service recorded as provided,33,2,2889
Excluding admin/internal-sounding,Focus family,Pothole Case,1. Service recorded as provided,34,2,2891
Excluding admin/internal-sounding,Focus family,Pothole Case,1. Service recorded as provided,35,3,2894
Excluding admin/internal-sounding,Focus family,Pothole Case,1. Service recorded as provided,36,5,2899
Excluding admin/internal-sounding,Focus family,Pothole Case,1. Service recorded as provided,37,2,2901
Excluding admin/internal-sounding,Focus family,Pothole Case,1. Service recorded as provided,38,1,2902
Excluding admin/internal-sounding,Focus family,Pothole Case,1. Service recorded as provided,40,3,2905
Excluding admin/internal-sounding,Focus family,Pothole Case,1. Service recorded as provided,41,2,2907
Excluding admin/internal-sounding,Focus family,Pothole Case,1. Service recorded as provided,42,3,2910
Excluding admin/internal-sounding,Focus family,Pothole Case,1. Service recorded as provided,43,3,2913
Excluding admin/internal-sounding,Focus family,Pothole Case,1. Service recorded as provided,44,1,2914
Excluding admin/internal-sounding,Focus family,Pothole Case,1. Service recorded as provided,45,2,2916
Excluding admin/internal-sounding,Focus family,Pothole Case,1. Service recorded as provided,46,1,2917
Excluding admin/internal-sounding,Focus family,Pothole Case,1. Service recorded as provided,47,1,2918
Excluding admin/internal-sounding,Focus family,Pothole Case,1. Service recorded as provided,48,1,2919
Excluding admin/internal-sounding,Focus family,Pothole Case,1. Service recorded as provided,49,7,2926
Excluding admin/internal-sounding,Focus family,Pothole Case,1. Service recorded as provided,50,1,2927
Excluding admin/internal-sounding,Focus family,Pothole Case,1. Service recorded as provided,51,2,2929
Excluding admin/internal-sounding,Focus family,Pothole Case,1. Service recorded as provided,53,1,2930
Excluding admin/internal-sounding,Focus family,Pothole Case,1. Service recorded as provided,54,1,2931
Excluding admin/internal-sounding,Focus family,Pothole Case,1. Service recorded as provided,55,1,2932
Excluding admin/internal-sounding,Focus family,Pothole Case,1. Service recorded as provided,60,1,2933
Excluding admin/internal-sounding,Focus family,Pothole Case,1. Service recorded as provided,63,1,2934
Excluding admin/internal-sounding,Focus family,Pothole Case,1. Service recorded as provided,65,1,2935
Excluding admin/internal-sounding,Focus family,Pothole Case,1. Service recorded as provided,67,1,2936
Excluding admin/internal-sounding,Focus family,Pothole Case,1. Service recorded as provided,71,1,2937
Excluding admin/internal-sounding,Focus family,Pothole Case,1. Service recorded as provided,75,1,2938
Excluding admin/internal-sounding,Focus family,Pothole Case,1. Service recorded as provided,100,1,2939
Excluding admin/internal-sounding,Focus family,Pothole Case,1. Service recorded as provided,183,1,2940
Excluding admin/internal-sounding,Focus family,Pothole Case,"2. Work assigned, referred or continuing",0,16,16
Excluding admin/internal-sounding,Focus family,Pothole Case,"2. Work assigned, referred or continuing",1,256,272
Excluding admin/internal-sounding,Focus family,Pothole Case,"2. Work assigned, referred or continuing",2,85,357
Excluding admin/internal-sounding,Focus family,Pothole Case,"2. Work assigned, referred or continuing",3,74,431
Excluding admin/internal-sounding,Focus family,Pothole Case,"2. Work assigned, referred or continuing",4,48,479
Excluding admin/internal-sounding,Focus family,Pothole Case,"2. Work assigned, referred or continuing",5,33,512
Excluding admin/internal-sounding,Focus family,Pothole Case,"2. Work assigned, referred or continuing",6,25,537
Excluding admin/internal-sounding,Focus family,Pothole Case,"2. Work assigned, referred or continuing",7,33,570
Excluding admin/internal-sounding,Focus family,Pothole Case,"2. Work assigned, referred or continuing",8,15,585
Excluding admin/internal-sounding,Focus family,Pothole Case,"2. Work assigned, referred or continuing",9,8,593
Excluding admin/internal-sounding,Focus family,Pothole Case,"2. Work assigned, referred or continuing",10,7,600
Excluding admin/internal-sounding,Focus family,Pothole Case,"2. Work assigned, referred or continuing",11,16,616
Excluding admin/internal-sounding,Focus family,Pothole Case,"2. Work assigned, referred or continuing",12,13,629
Excluding admin/internal-sounding,Focus family,Pothole Case,"2. Work assigned, referred or continuing",13,11,640
Excluding admin/internal-sounding,Focus family,Pothole Case,"2. Work assigned, referred or continuing",14,7,647
Excluding admin/internal-sounding,Focus family,Pothole Case,"2. Work assigned, referred or continuing",15,3,650
Excluding admin/internal-sounding,Focus family,Pothole Case,"2. Work assigned, referred or continuing",16,6,656
Excluding admin/internal-sounding,Focus family,Pothole Case,"2. Work assigned, referred or continuing",17,4,660
Excluding admin/internal-sounding,Focus family,Pothole Case,"2. Work assigned, referred or continuing",18,2,662
Excluding admin/internal-sounding,Focus family,Pothole Case,"2. Work assigned, referred or continuing",19,6,668
Excluding admin/internal-sounding,Focus family,Pothole Case,"2. Work assigned, referred or continuing",20,5,673
Excluding admin/internal-sounding,Focus family,Pothole Case,"2. Work assigned, referred or continuing",21,2,675
Excluding admin/internal-sounding,Focus family,Pothole Case,"2. Work assigned, referred or continuing",22,3,678
Excluding admin/internal-sounding,Focus family,Pothole Case,"2. Work assigned, referred or continuing",23,1,679
Excluding admin/internal-sounding,Focus family,Pothole Case,"2. Work assigned, referred or continuing",24,1,680
Excluding admin/internal-sounding,Focus family,Pothole Case,"2. Work assigned, referred or continuing",25,2,682
Excluding admin/internal-sounding,Focus family,Pothole Case,"2. Work assigned, referred or continuing",26,2,684
Excluding admin/internal-sounding,Focus family,Pothole Case,"2. Work assigned, referred or continuing",27,3,687
Excluding admin/internal-sounding,Focus family,Pothole Case,"2. Work assigned, referred or continuing",28,2,689
Excluding admin/internal-sounding,Focus family,Pothole Case,"2. Work assigned, referred or continuing",29,1,690
Excluding admin/internal-sounding,Focus family,Pothole Case,"2. Work assigned, referred or continuing",30,1,691
Excluding admin/internal-sounding,Focus family,Pothole Case,"2. Work assigned, referred or continuing",31,1,692
Excluding admin/internal-sounding,Focus family,Pothole Case,"2. Work assigned, referred or continuing",32,1,693
Excluding admin/internal-sounding,Focus family,Pothole Case,"2. Work assigned, referred or continuing",35,1,694
Excluding admin/internal-sounding,Focus family,Pothole Case,"2. Work assigned, referred or continuing",39,1,695
Excluding admin/internal-sounding,Focus family,Pothole Case,"2. Work assigned, referred or continuing",42,1,696
Excluding admin/internal-sounding,Focus family,Pothole Case,"2. Work assigned, referred or continuing",47,2,698
Excluding admin/internal-sounding,Focus family,Pothole Case,"2. Work assigned, referred or continuing",50,1,699
Excluding admin/internal-sounding,Focus family,Pothole Case,"2. Work assigned, referred or continuing",51,1,700
Excluding admin/internal-sounding,Focus family,Pothole Case,"2. Work assigned, referred or continuing",55,1,701
Excluding admin/internal-sounding,Focus family,Pothole Case,"2. Work assigned, referred or continuing",67,2,703
Excluding admin/internal-sounding,Focus family,Pothole Case,"2. Work assigned, referred or continuing",69,1,704
Excluding admin/internal-sounding,Focus family,Pothole Case,"2. Work assigned, referred or continuing",73,1,705
Excluding admin/internal-sounding,Focus family,Pothole Case,"2. Work assigned, referred or continuing",78,1,706
Excluding admin/internal-sounding,Focus family,Pothole Case,3. No service or no action recorded,0,2,2
Excluding admin/internal-sounding,Focus family,Pothole Case,3. No service or no action recorded,1,19,21
Excluding admin/internal-sounding,Focus family,Pothole Case,3. No service or no action recorded,2,19,40
Excluding admin/internal-sounding,Focus family,Pothole Case,3. No service or no action recorded,3,27,67
Excluding admin/internal-sounding,Focus family,Pothole Case,3. No service or no action recorded,4,12,79
Excluding admin/internal-sounding,Focus family,Pothole Case,3. No service or no action recorded,5,7,86
Excluding admin/internal-sounding,Focus family,Pothole Case,3. No service or no action recorded,6,12,98
Excluding admin/internal-sounding,Focus family,Pothole Case,3. No service or no action recorded,7,9,107
Excluding admin/internal-sounding,Focus family,Pothole Case,3. No service or no action recorded,8,3,110
Excluding admin/internal-sounding,Focus family,Pothole Case,3. No service or no action recorded,9,2,112
Excluding admin/internal-sounding,Focus family,Pothole Case,3. No service or no action recorded,10,2,114
Excluding admin/internal-sounding,Focus family,Pothole Case,3. No service or no action recorded,11,4,118
Excluding admin/internal-sounding,Focus family,Pothole Case,3. No service or no action recorded,12,3,121
Excluding admin/internal-sounding,Focus family,Pothole Case,3. No service or no action recorded,13,1,122
Excluding admin/internal-sounding,Focus family,Pothole Case,3. No service or no action recorded,14,3,125
Excluding admin/internal-sounding,Focus family,Pothole Case,3. No service or no action recorded,15,3,128
Excluding admin/internal-sounding,Focus family,Pothole Case,3. No service or no action recorded,17,1,129
Excluding admin/internal-sounding,Focus family,Pothole Case,3. No service or no action recorded,18,1,130
Excluding admin/internal-sounding,Focus family,Pothole Case,3. No service or no action recorded,20,1,131
Excluding admin/internal-sounding,Focus family,Pothole Case,3. No service or no action recorded,22,1,132
Excluding admin/internal-sounding,Focus family,Pothole Case,3. No service or no action recorded,24,2,134
Excluding admin/internal-sounding,Focus family,Pothole Case,3. No service or no action recorded,25,1,135
Excluding admin/internal-sounding,Focus family,Pothole Case,3. No service or no action recorded,29,1,136
Excluding admin/internal-sounding,Focus family,Pothole Case,3. No service or no action recorded,33,1,137
Excluding admin/internal-sounding,Focus family,Pothole Case,3. No service or no action recorded,34,1,138
Excluding admin/internal-sounding,Focus family,Pothole Case,3. No service or no action recorded,46,1,139
Excluding admin/internal-sounding,Focus family,Pothole Case,3. No service or no action recorded,48,1,140
Excluding admin/internal-sounding,Focus family,Pothole Case,3. No service or no action recorded,49,1,141
Excluding admin/internal-sounding,Focus family,Pothole Case,3. No service or no action recorded,73,1,142
Excluding admin/internal-sounding,Focus family,Pothole Case,3. No service or no action recorded,77,1,143
Excluding admin/internal-sounding,Focus family,Pothole Case,4. Insufficient information / could not proceed,1,1,1
Excluding admin/internal-sounding,Focus family,Pothole Case,4. Insufficient information / could not proceed,3,1,2
Excluding admin/internal-sounding,Focus family,Pothole Case,4. Insufficient information / could not proceed,11,1,3
Excluding admin/internal-sounding,Focus family,Pothole Case,5. Unknown or N/A,1,4,4
Excluding admin/internal-sounding,Focus family,Pothole Case,5. Unknown or N/A,3,3,7
Excluding admin/internal-sounding,Focus family,Pothole Case,5. Unknown or N/A,4,3,10
Excluding admin/internal-sounding,Focus family,Pothole Case,5. Unknown or N/A,5,6,16
Excluding admin/internal-sounding,Focus family,Pothole Case,5. Unknown or N/A,6,2,18
Excluding admin/internal-sounding,Focus family,Pothole Case,5. Unknown or N/A,7,2,20
Excluding admin/internal-sounding,Focus family,Pothole Case,5. Unknown or N/A,8,1,21
Excluding admin/internal-sounding,Focus family,Pothole Case,5. Unknown or N/A,9,1,22
Excluding admin/internal-sounding,Focus family,Pothole Case,5. Unknown or N/A,12,1,23
Excluding admin/internal-sounding,Focus family,Pothole Case,5. Unknown or N/A,13,1,24
Excluding admin/internal-sounding,Focus family,Pothole Case,5. Unknown or N/A,15,2,26
Excluding admin/internal-sounding,Focus family,Pothole Case,5. Unknown or N/A,16,1,27
Excluding admin/internal-sounding,Focus family,Pothole Case,5. Unknown or N/A,27,1,28
Excluding admin/internal-sounding,Focus family,Pothole Case,All outcomes (mixed),0,20,20
Excluding admin/internal-sounding,Focus family,Pothole Case,All outcomes (mixed),1,490,510
Excluding admin/internal-sounding,Focus family,Pothole Case,All outcomes (mixed),2,436,946
Excluding admin/internal-sounding,Focus family,Pothole Case,All outcomes (mixed),3,596,1542
Excluding admin/internal-sounding,Focus family,Pothole Case,All outcomes (mixed),4,439,1981
Excluding admin/internal-sounding,Focus family,Pothole Case,All outcomes (mixed),5,446,2427
Excluding admin/internal-sounding,Focus family,Pothole Case,All outcomes (mixed),6,322,2749
Excluding admin/internal-sounding,Focus family,Pothole Case,All outcomes (mixed),7,208,2957
Excluding admin/internal-sounding,Focus family,Pothole Case,All outcomes (mixed),8,121,3078
Excluding admin/internal-sounding,Focus family,Pothole Case,All outcomes (mixed),9,66,3144
Excluding admin/internal-sounding,Focus family,Pothole Case,All outcomes (mixed),10,102,3246
Excluding admin/internal-sounding,Focus family,Pothole Case,All outcomes (mixed),11,81,3327
Excluding admin/internal-sounding,Focus family,Pothole Case,All outcomes (mixed),12,64,3391
Excluding admin/internal-sounding,Focus family,Pothole Case,All outcomes (mixed),13,57,3448
Excluding admin/internal-sounding,Focus family,Pothole Case,All outcomes (mixed),14,54,3502
Excluding admin/internal-sounding,Focus family,Pothole Case,All outcomes (mixed),15,33,3535
Excluding admin/internal-sounding,Focus family,Pothole Case,All outcomes (mixed),16,38,3573
Excluding admin/internal-sounding,Focus family,Pothole Case,All outcomes (mixed),17,30,3603
Excluding admin/internal-sounding,Focus family,Pothole Case,All outcomes (mixed),18,23,3626
Excluding admin/internal-sounding,Focus family,Pothole Case,All outcomes (mixed),19,20,3646
Excluding admin/internal-sounding,Focus family,Pothole Case,All outcomes (mixed),20,21,3667
Excluding admin/internal-sounding,Focus family,Pothole Case,All outcomes (mixed),21,12,3679
Excluding admin/internal-sounding,Focus family,Pothole Case,All outcomes (mixed),22,8,3687
Excluding admin/internal-sounding,Focus family,Pothole Case,All outcomes (mixed),23,9,3696
Excluding admin/internal-sounding,Focus family,Pothole Case,All outcomes (mixed),24,7,3703
Excluding admin/internal-sounding,Focus family,Pothole Case,All outcomes (mixed),25,8,3711
Excluding admin/internal-sounding,Focus family,Pothole Case,All outcomes (mixed),26,3,3714
Excluding admin/internal-sounding,Focus family,Pothole Case,All outcomes (mixed),27,5,3719
Excluding admin/internal-sounding,Focus family,Pothole Case,All outcomes (mixed),28,6,3725
Excluding admin/internal-sounding,Focus family,Pothole Case,All outcomes (mixed),29,9,3734
Excluding admin/internal-sounding,Focus family,Pothole Case,All outcomes (mixed),30,6,3740
Excluding admin/internal-sounding,Focus family,Pothole Case,All outcomes (mixed),31,4,3744
Excluding admin/internal-sounding,Focus family,Pothole Case,All outcomes (mixed),32,3,3747
Excluding admin/internal-sounding,Focus family,Pothole Case,All outcomes (mixed),33,3,3750
Excluding admin/internal-sounding,Focus family,Pothole Case,All outcomes (mixed),34,3,3753
Excluding admin/internal-sounding,Focus family,Pothole Case,All outcomes (mixed),35,4,3757
Excluding admin/internal-sounding,Focus family,Pothole Case,All outcomes (mixed),36,5,3762
Excluding admin/internal-sounding,Focus family,Pothole Case,All outcomes (mixed),37,2,3764
Excluding admin/internal-sounding,Focus family,Pothole Case,All outcomes (mixed),38,1,3765
Excluding admin/internal-sounding,Focus family,Pothole Case,All outcomes (mixed),39,1,3766
Excluding admin/internal-sounding,Focus family,Pothole Case,All outcomes (mixed),40,3,3769
Excluding admin/internal-sounding,Focus family,Pothole Case,All outcomes (mixed),41,2,3771
Excluding admin/internal-sounding,Focus family,Pothole Case,All outcomes (mixed),42,4,3775
Excluding admin/internal-sounding,Focus family,Pothole Case,All outcomes (mixed),43,3,3778
Excluding admin/internal-sounding,Focus family,Pothole Case,All outcomes (mixed),44,1,3779
Excluding admin/internal-sounding,Focus family,Pothole Case,All outcomes (mixed),45,2,3781
Excluding admin/internal-sounding,Focus family,Pothole Case,All outcomes (mixed),46,2,3783
Excluding admin/internal-sounding,Focus family,Pothole Case,All outcomes (mixed),47,3,3786
Excluding admin/internal-sounding,Focus family,Pothole Case,All outcomes (mixed),48,2,3788
Excluding admin/internal-sounding,Focus family,Pothole Case,All outcomes (mixed),49,8,3796
Excluding admin/internal-sounding,Focus family,Pothole Case,All outcomes (mixed),50,2,3798
Excluding admin/internal-sounding,Focus family,Pothole Case,All outcomes (mixed),51,3,3801
Excluding admin/internal-sounding,Focus family,Pothole Case,All outcomes (mixed),53,1,3802
Excluding admin/internal-sounding,Focus family,Pothole Case,All outcomes (mixed),54,1,3803
Excluding admin/internal-sounding,Focus family,Pothole Case,All outcomes (mixed),55,2,3805
Excluding admin/internal-sounding,Focus family,Pothole Case,All outcomes (mixed),60,1,3806
Excluding admin/internal-sounding,Focus family,Pothole Case,All outcomes (mixed),63,1,3807
Excluding admin/internal-sounding,Focus family,Pothole Case,All outcomes (mixed),65,1,3808
Excluding admin/internal-sounding,Focus family,Pothole Case,All outcomes (mixed),67,3,3811
Excluding admin/internal-sounding,Focus family,Pothole Case,All outcomes (mixed),69,1,3812
Excluding admin/internal-sounding,Focus family,Pothole Case,All outcomes (mixed),71,1,3813
Excluding admin/internal-sounding,Focus family,Pothole Case,All outcomes (mixed),73,2,3815
Excluding admin/internal-sounding,Focus family,Pothole Case,All outcomes (mixed),75,1,3816
Excluding admin/internal-sounding,Focus family,Pothole Case,All outcomes (mixed),77,1,3817
Excluding admin/internal-sounding,Focus family,Pothole Case,All outcomes (mixed),78,1,3818
Excluding admin/internal-sounding,Focus family,Pothole Case,All outcomes (mixed),100,1,3819
Excluding admin/internal-sounding,Focus family,Pothole Case,All outcomes (mixed),183,1,3820
Excluding admin/internal-sounding,Focus family,Pothole Case,Further action has been planned,0,10,10
Excluding admin/internal-sounding,Focus family,Pothole Case,Further action has been planned,1,237,247
Excluding admin/internal-sounding,Focus family,Pothole Case,Further action has been planned,2,72,319
Excluding admin/internal-sounding,Focus family,Pothole Case,Further action has been planned,3,67,386
Excluding admin/internal-sounding,Focus family,Pothole Case,Further action has been planned,4,38,424
Excluding admin/internal-sounding,Focus family,Pothole Case,Further action has been planned,5,31,455
Excluding admin/internal-sounding,Focus family,Pothole Case,Further action has been planned,6,19,474
Excluding admin/internal-sounding,Focus family,Pothole Case,Further action has been planned,7,24,498
Excluding admin/internal-sounding,Focus family,Pothole Case,Further action has been planned,8,11,509
Excluding admin/internal-sounding,Focus family,Pothole Case,Further action has been planned,9,5,514
Excluding admin/internal-sounding,Focus family,Pothole Case,Further action has been planned,10,7,521
Excluding admin/internal-sounding,Focus family,Pothole Case,Further action has been planned,11,11,532
Excluding admin/internal-sounding,Focus family,Pothole Case,Further action has been planned,12,11,543
Excluding admin/internal-sounding,Focus family,Pothole Case,Further action has been planned,13,11,554
Excluding admin/internal-sounding,Focus family,Pothole Case,Further action has been planned,14,6,560
Excluding admin/internal-sounding,Focus family,Pothole Case,Further action has been planned,15,3,563
Excluding admin/internal-sounding,Focus family,Pothole Case,Further action has been planned,16,5,568
Excluding admin/internal-sounding,Focus family,Pothole Case,Further action has been planned,17,4,572
Excluding admin/internal-sounding,Focus family,Pothole Case,Further action has been planned,19,6,578
Excluding admin/internal-sounding,Focus family,Pothole Case,Further action has been planned,20,5,583
Excluding admin/internal-sounding,Focus family,Pothole Case,Further action has been planned,21,2,585
Excluding admin/internal-sounding,Focus family,Pothole Case,Further action has been planned,22,3,588
Excluding admin/internal-sounding,Focus family,Pothole Case,Further action has been planned,23,1,589
Excluding admin/internal-sounding,Focus family,Pothole Case,Further action has been planned,25,2,591
Excluding admin/internal-sounding,Focus family,Pothole Case,Further action has been planned,26,2,593
Excluding admin/internal-sounding,Focus family,Pothole Case,Further action has been planned,27,3,596
Excluding admin/internal-sounding,Focus family,Pothole Case,Further action has been planned,28,2,598
Excluding admin/internal-sounding,Focus family,Pothole Case,Further action has been planned,29,1,599
Excluding admin/internal-sounding,Focus family,Pothole Case,Further action has been planned,30,1,600
Excluding admin/internal-sounding,Focus family,Pothole Case,Further action has been planned,31,1,601
Excluding admin/internal-sounding,Focus family,Pothole Case,Further action has been planned,39,1,602
Excluding admin/internal-sounding,Focus family,Pothole Case,Further action has been planned,42,1,603
Excluding admin/internal-sounding,Focus family,Pothole Case,Further action has been planned,47,1,604
Excluding admin/internal-sounding,Focus family,Pothole Case,Further action has been planned,50,1,605
Excluding admin/internal-sounding,Focus family,Pothole Case,Further action has been planned,51,1,606
Excluding admin/internal-sounding,Focus family,Pothole Case,Further action has been planned,55,1,607
Excluding admin/internal-sounding,Focus family,Pothole Case,Further action has been planned,67,2,609
Excluding admin/internal-sounding,Focus family,Pothole Case,Further action has been planned,69,1,610
Excluding admin/internal-sounding,Focus family,Pothole Case,Further action has been planned,73,1,611
Excluding admin/internal-sounding,Focus family,Pothole Case,Further action has been planned,78,1,612
Excluding admin/internal-sounding,Focus family,Pothole Case,Referred to another service group,0,6,6
Excluding admin/internal-sounding,Focus family,Pothole Case,Referred to another service group,1,19,25
Excluding admin/internal-sounding,Focus family,Pothole Case,Referred to another service group,2,13,38
Excluding admin/internal-sounding,Focus family,Pothole Case,Referred to another service group,3,7,45
Excluding admin/internal-sounding,Focus family,Pothole Case,Referred to another service group,4,10,55
Excluding admin/internal-sounding,Focus family,Pothole Case,Referred to another service group,5,2,57
Excluding admin/internal-sounding,Focus family,Pothole Case,Referred to another service group,6,6,63
Excluding admin/internal-sounding,Focus family,Pothole Case,Referred to another service group,7,9,72
Excluding admin/internal-sounding,Focus family,Pothole Case,Referred to another service group,8,4,76
Excluding admin/internal-sounding,Focus family,Pothole Case,Referred to another service group,9,3,79
Excluding admin/internal-sounding,Focus family,Pothole Case,Referred to another service group,11,5,84
Excluding admin/internal-sounding,Focus family,Pothole Case,Referred to another service group,12,2,86
Excluding admin/internal-sounding,Focus family,Pothole Case,Referred to another service group,14,1,87
Excluding admin/internal-sounding,Focus family,Pothole Case,Referred to another service group,16,1,88
Excluding admin/internal-sounding,Focus family,Pothole Case,Referred to another service group,18,2,90
Excluding admin/internal-sounding,Focus family,Pothole Case,Referred to another service group,24,1,91
Excluding admin/internal-sounding,Focus family,Pothole Case,Referred to another service group,32,1,92
Excluding admin/internal-sounding,Focus family,Pothole Case,Referred to another service group,35,1,93
Excluding admin/internal-sounding,Focus family,Pothole Case,Referred to another service group,47,1,94
Excluding admin/internal-sounding,Focus family,Sidewalk Repair Case,1. Service recorded as provided,0,1,1
Excluding admin/internal-sounding,Focus family,Sidewalk Repair Case,1. Service recorded as provided,1,95,96
Excluding admin/internal-sounding,Focus family,Sidewalk Repair Case,1. Service recorded as provided,2,98,194
Excluding admin/internal-sounding,Focus family,Sidewalk Repair Case,1. Service recorded as provided,3,126,320
Excluding admin/internal-sounding,Focus family,Sidewalk Repair Case,1. Service recorded as provided,4,112,432
Excluding admin/internal-sounding,Focus family,Sidewalk Repair Case,1. Service recorded as provided,5,114,546
Excluding admin/internal-sounding,Focus family,Sidewalk Repair Case,1. Service recorded as provided,6,125,671
Excluding admin/internal-sounding,Focus family,Sidewalk Repair Case,1. Service recorded as provided,7,72,743
Excluding admin/internal-sounding,Focus family,Sidewalk Repair Case,1. Service recorded as provided,8,33,776
Excluding admin/internal-sounding,Focus family,Sidewalk Repair Case,1. Service recorded as provided,9,14,790
Excluding admin/internal-sounding,Focus family,Sidewalk Repair Case,1. Service recorded as provided,10,13,803
Excluding admin/internal-sounding,Focus family,Sidewalk Repair Case,1. Service recorded as provided,11,10,813
Excluding admin/internal-sounding,Focus family,Sidewalk Repair Case,1. Service recorded as provided,12,12,825
Excluding admin/internal-sounding,Focus family,Sidewalk Repair Case,1. Service recorded as provided,13,13,838
Excluding admin/internal-sounding,Focus family,Sidewalk Repair Case,1. Service recorded as provided,14,18,856
Excluding admin/internal-sounding,Focus family,Sidewalk Repair Case,1. Service recorded as provided,15,5,861
Excluding admin/internal-sounding,Focus family,Sidewalk Repair Case,1. Service recorded as provided,16,6,867
Excluding admin/internal-sounding,Focus family,Sidewalk Repair Case,1. Service recorded as provided,17,4,871
Excluding admin/internal-sounding,Focus family,Sidewalk Repair Case,1. Service recorded as provided,18,3,874
Excluding admin/internal-sounding,Focus family,Sidewalk Repair Case,1. Service recorded as provided,19,2,876
Excluding admin/internal-sounding,Focus family,Sidewalk Repair Case,1. Service recorded as provided,20,3,879
Excluding admin/internal-sounding,Focus family,Sidewalk Repair Case,1. Service recorded as provided,21,3,882
Excluding admin/internal-sounding,Focus family,Sidewalk Repair Case,1. Service recorded as provided,22,2,884
Excluding admin/internal-sounding,Focus family,Sidewalk Repair Case,1. Service recorded as provided,23,2,886
Excluding admin/internal-sounding,Focus family,Sidewalk Repair Case,1. Service recorded as provided,25,2,888
Excluding admin/internal-sounding,Focus family,Sidewalk Repair Case,1. Service recorded as provided,29,1,889
Excluding admin/internal-sounding,Focus family,Sidewalk Repair Case,1. Service recorded as provided,30,1,890
Excluding admin/internal-sounding,Focus family,Sidewalk Repair Case,1. Service recorded as provided,36,1,891
Excluding admin/internal-sounding,Focus family,Sidewalk Repair Case,1. Service recorded as provided,39,1,892
Excluding admin/internal-sounding,Focus family,Sidewalk Repair Case,1. Service recorded as provided,41,1,893
Excluding admin/internal-sounding,Focus family,Sidewalk Repair Case,1. Service recorded as provided,49,1,894
Excluding admin/internal-sounding,Focus family,Sidewalk Repair Case,1. Service recorded as provided,56,1,895
Excluding admin/internal-sounding,Focus family,Sidewalk Repair Case,1. Service recorded as provided,59,1,896
Excluding admin/internal-sounding,Focus family,Sidewalk Repair Case,1. Service recorded as provided,60,1,897
Excluding admin/internal-sounding,Focus family,Sidewalk Repair Case,1. Service recorded as provided,62,1,898
Excluding admin/internal-sounding,Focus family,Sidewalk Repair Case,1. Service recorded as provided,75,1,899
Excluding admin/internal-sounding,Focus family,Sidewalk Repair Case,1. Service recorded as provided,82,1,900
Excluding admin/internal-sounding,Focus family,Sidewalk Repair Case,1. Service recorded as provided,99,1,901
Excluding admin/internal-sounding,Focus family,Sidewalk Repair Case,1. Service recorded as provided,113,1,902
Excluding admin/internal-sounding,Focus family,Sidewalk Repair Case,1. Service recorded as provided,134,1,903
Excluding admin/internal-sounding,Focus family,Sidewalk Repair Case,1. Service recorded as provided,143,1,904
Excluding admin/internal-sounding,Focus family,Sidewalk Repair Case,"2. Work assigned, referred or continuing",0,16,16
Excluding admin/internal-sounding,Focus family,Sidewalk Repair Case,"2. Work assigned, referred or continuing",1,106,122
Excluding admin/internal-sounding,Focus family,Sidewalk Repair Case,"2. Work assigned, referred or continuing",2,56,178
Excluding admin/internal-sounding,Focus family,Sidewalk Repair Case,"2. Work assigned, referred or continuing",3,47,225
Excluding admin/internal-sounding,Focus family,Sidewalk Repair Case,"2. Work assigned, referred or continuing",4,49,274
Excluding admin/internal-sounding,Focus family,Sidewalk Repair Case,"2. Work assigned, referred or continuing",5,49,323
Excluding admin/internal-sounding,Focus family,Sidewalk Repair Case,"2. Work assigned, referred or continuing",6,53,376
Excluding admin/internal-sounding,Focus family,Sidewalk Repair Case,"2. Work assigned, referred or continuing",7,48,424
Excluding admin/internal-sounding,Focus family,Sidewalk Repair Case,"2. Work assigned, referred or continuing",8,30,454
Excluding admin/internal-sounding,Focus family,Sidewalk Repair Case,"2. Work assigned, referred or continuing",9,27,481
Excluding admin/internal-sounding,Focus family,Sidewalk Repair Case,"2. Work assigned, referred or continuing",10,29,510
Excluding admin/internal-sounding,Focus family,Sidewalk Repair Case,"2. Work assigned, referred or continuing",11,27,537
Excluding admin/internal-sounding,Focus family,Sidewalk Repair Case,"2. Work assigned, referred or continuing",12,20,557
Excluding admin/internal-sounding,Focus family,Sidewalk Repair Case,"2. Work assigned, referred or continuing",13,16,573
Excluding admin/internal-sounding,Focus family,Sidewalk Repair Case,"2. Work assigned, referred or continuing",14,20,593
Excluding admin/internal-sounding,Focus family,Sidewalk Repair Case,"2. Work assigned, referred or continuing",15,17,610
Excluding admin/internal-sounding,Focus family,Sidewalk Repair Case,"2. Work assigned, referred or continuing",16,17,627
Excluding admin/internal-sounding,Focus family,Sidewalk Repair Case,"2. Work assigned, referred or continuing",17,12,639
Excluding admin/internal-sounding,Focus family,Sidewalk Repair Case,"2. Work assigned, referred or continuing",18,4,643
Excluding admin/internal-sounding,Focus family,Sidewalk Repair Case,"2. Work assigned, referred or continuing",19,10,653
Excluding admin/internal-sounding,Focus family,Sidewalk Repair Case,"2. Work assigned, referred or continuing",20,11,664
Excluding admin/internal-sounding,Focus family,Sidewalk Repair Case,"2. Work assigned, referred or continuing",21,12,676
Excluding admin/internal-sounding,Focus family,Sidewalk Repair Case,"2. Work assigned, referred or continuing",22,6,682
Excluding admin/internal-sounding,Focus family,Sidewalk Repair Case,"2. Work assigned, referred or continuing",23,8,690
Excluding admin/internal-sounding,Focus family,Sidewalk Repair Case,"2. Work assigned, referred or continuing",24,5,695
Excluding admin/internal-sounding,Focus family,Sidewalk Repair Case,"2. Work assigned, referred or continuing",25,6,701
Excluding admin/internal-sounding,Focus family,Sidewalk Repair Case,"2. Work assigned, referred or continuing",26,3,704
Excluding admin/internal-sounding,Focus family,Sidewalk Repair Case,"2. Work assigned, referred or continuing",27,8,712
Excluding admin/internal-sounding,Focus family,Sidewalk Repair Case,"2. Work assigned, referred or continuing",28,3,715
Excluding admin/internal-sounding,Focus family,Sidewalk Repair Case,"2. Work assigned, referred or continuing",29,5,720
Excluding admin/internal-sounding,Focus family,Sidewalk Repair Case,"2. Work assigned, referred or continuing",30,2,722
Excluding admin/internal-sounding,Focus family,Sidewalk Repair Case,"2. Work assigned, referred or continuing",31,2,724
Excluding admin/internal-sounding,Focus family,Sidewalk Repair Case,"2. Work assigned, referred or continuing",32,1,725
Excluding admin/internal-sounding,Focus family,Sidewalk Repair Case,"2. Work assigned, referred or continuing",33,6,731
Excluding admin/internal-sounding,Focus family,Sidewalk Repair Case,"2. Work assigned, referred or continuing",34,1,732
Excluding admin/internal-sounding,Focus family,Sidewalk Repair Case,"2. Work assigned, referred or continuing",37,2,734
Excluding admin/internal-sounding,Focus family,Sidewalk Repair Case,"2. Work assigned, referred or continuing",39,1,735
Excluding admin/internal-sounding,Focus family,Sidewalk Repair Case,"2. Work assigned, referred or continuing",41,1,736
Excluding admin/internal-sounding,Focus family,Sidewalk Repair Case,"2. Work assigned, referred or continuing",42,2,738
Excluding admin/internal-sounding,Focus family,Sidewalk Repair Case,"2. Work assigned, referred or continuing",43,1,739
Excluding admin/internal-sounding,Focus family,Sidewalk Repair Case,"2. Work assigned, referred or continuing",44,2,741
Excluding admin/internal-sounding,Focus family,Sidewalk Repair Case,"2. Work assigned, referred or continuing",45,1,742
Excluding admin/internal-sounding,Focus family,Sidewalk Repair Case,"2. Work assigned, referred or continuing",47,3,745
Excluding admin/internal-sounding,Focus family,Sidewalk Repair Case,"2. Work assigned, referred or continuing",49,1,746
Excluding admin/internal-sounding,Focus family,Sidewalk Repair Case,"2. Work assigned, referred or continuing",52,2,748
Excluding admin/internal-sounding,Focus family,Sidewalk Repair Case,"2. Work assigned, referred or continuing",53,1,749
Excluding admin/internal-sounding,Focus family,Sidewalk Repair Case,"2. Work assigned, referred or continuing",54,2,751
Excluding admin/internal-sounding,Focus family,Sidewalk Repair Case,"2. Work assigned, referred or continuing",58,1,752
Excluding admin/internal-sounding,Focus family,Sidewalk Repair Case,"2. Work assigned, referred or continuing",59,1,753
Excluding admin/internal-sounding,Focus family,Sidewalk Repair Case,"2. Work assigned, referred or continuing",63,1,754
Excluding admin/internal-sounding,Focus family,Sidewalk Repair Case,"2. Work assigned, referred or continuing",70,1,755
Excluding admin/internal-sounding,Focus family,Sidewalk Repair Case,"2. Work assigned, referred or continuing",75,1,756
Excluding admin/internal-sounding,Focus family,Sidewalk Repair Case,"2. Work assigned, referred or continuing",88,1,757
Excluding admin/internal-sounding,Focus family,Sidewalk Repair Case,"2. Work assigned, referred or continuing",137,1,758
Excluding admin/internal-sounding,Focus family,Sidewalk Repair Case,"2. Work assigned, referred or continuing",141,1,759
Excluding admin/internal-sounding,Focus family,Sidewalk Repair Case,"2. Work assigned, referred or continuing",190,1,760
Excluding admin/internal-sounding,Focus family,Sidewalk Repair Case,"2. Work assigned, referred or continuing",256,1,761
Excluding admin/internal-sounding,Focus family,Sidewalk Repair Case,3. No service or no action recorded,0,4,4
Excluding admin/internal-sounding,Focus family,Sidewalk Repair Case,3. No service or no action recorded,1,26,30
Excluding admin/internal-sounding,Focus family,Sidewalk Repair Case,3. No service or no action recorded,2,28,58
Excluding admin/internal-sounding,Focus family,Sidewalk Repair Case,3. No service or no action recorded,3,20,78
Excluding admin/internal-sounding,Focus family,Sidewalk Repair Case,3. No service or no action recorded,4,14,92
Excluding admin/internal-sounding,Focus family,Sidewalk Repair Case,3. No service or no action recorded,5,15,107
Excluding admin/internal-sounding,Focus family,Sidewalk Repair Case,3. No service or no action recorded,6,16,123
Excluding admin/internal-sounding,Focus family,Sidewalk Repair Case,3. No service or no action recorded,7,18,141
Excluding admin/internal-sounding,Focus family,Sidewalk Repair Case,3. No service or no action recorded,8,7,148
Excluding admin/internal-sounding,Focus family,Sidewalk Repair Case,3. No service or no action recorded,9,4,152
Excluding admin/internal-sounding,Focus family,Sidewalk Repair Case,3. No service or no action recorded,10,3,155
Excluding admin/internal-sounding,Focus family,Sidewalk Repair Case,3. No service or no action recorded,11,4,159
Excluding admin/internal-sounding,Focus family,Sidewalk Repair Case,3. No service or no action recorded,12,6,165
Excluding admin/internal-sounding,Focus family,Sidewalk Repair Case,3. No service or no action recorded,13,4,169
Excluding admin/internal-sounding,Focus family,Sidewalk Repair Case,3. No service or no action recorded,14,3,172
Excluding admin/internal-sounding,Focus family,Sidewalk Repair Case,3. No service or no action recorded,15,1,173
Excluding admin/internal-sounding,Focus family,Sidewalk Repair Case,3. No service or no action recorded,16,2,175
Excluding admin/internal-sounding,Focus family,Sidewalk Repair Case,3. No service or no action recorded,17,1,176
Excluding admin/internal-sounding,Focus family,Sidewalk Repair Case,3. No service or no action recorded,18,5,181
Excluding admin/internal-sounding,Focus family,Sidewalk Repair Case,3. No service or no action recorded,19,2,183
Excluding admin/internal-sounding,Focus family,Sidewalk Repair Case,3. No service or no action recorded,20,1,184
Excluding admin/internal-sounding,Focus family,Sidewalk Repair Case,3. No service or no action recorded,21,3,187
Excluding admin/internal-sounding,Focus family,Sidewalk Repair Case,3. No service or no action recorded,22,3,190
Excluding admin/internal-sounding,Focus family,Sidewalk Repair Case,3. No service or no action recorded,25,2,192
Excluding admin/internal-sounding,Focus family,Sidewalk Repair Case,3. No service or no action recorded,35,1,193
Excluding admin/internal-sounding,Focus family,Sidewalk Repair Case,3. No service or no action recorded,42,1,194
Excluding admin/internal-sounding,Focus family,Sidewalk Repair Case,3. No service or no action recorded,43,1,195
Excluding admin/internal-sounding,Focus family,Sidewalk Repair Case,3. No service or no action recorded,46,1,196
Excluding admin/internal-sounding,Focus family,Sidewalk Repair Case,3. No service or no action recorded,47,1,197
Excluding admin/internal-sounding,Focus family,Sidewalk Repair Case,3. No service or no action recorded,48,1,198
Excluding admin/internal-sounding,Focus family,Sidewalk Repair Case,3. No service or no action recorded,59,1,199
Excluding admin/internal-sounding,Focus family,Sidewalk Repair Case,3. No service or no action recorded,72,1,200
Excluding admin/internal-sounding,Focus family,Sidewalk Repair Case,3. No service or no action recorded,97,1,201
Excluding admin/internal-sounding,Focus family,Sidewalk Repair Case,3. No service or no action recorded,154,1,202
Excluding admin/internal-sounding,Focus family,Sidewalk Repair Case,3. No service or no action recorded,161,1,203
Excluding admin/internal-sounding,Focus family,Sidewalk Repair Case,3. No service or no action recorded,192,1,204
Excluding admin/internal-sounding,Focus family,Sidewalk Repair Case,3. No service or no action recorded,485,1,205
Excluding admin/internal-sounding,Focus family,Sidewalk Repair Case,4. Insufficient information / could not proceed,1,1,1
Excluding admin/internal-sounding,Focus family,Sidewalk Repair Case,4. Insufficient information / could not proceed,5,1,2
Excluding admin/internal-sounding,Focus family,Sidewalk Repair Case,4. Insufficient information / could not proceed,6,1,3
Excluding admin/internal-sounding,Focus family,Sidewalk Repair Case,5. Unknown or N/A,1,1,1
Excluding admin/internal-sounding,Focus family,Sidewalk Repair Case,5. Unknown or N/A,3,1,2
Excluding admin/internal-sounding,Focus family,Sidewalk Repair Case,5. Unknown or N/A,4,1,3
Excluding admin/internal-sounding,Focus family,Sidewalk Repair Case,5. Unknown or N/A,5,1,4
Excluding admin/internal-sounding,Focus family,Sidewalk Repair Case,5. Unknown or N/A,6,5,9
Excluding admin/internal-sounding,Focus family,Sidewalk Repair Case,All outcomes (mixed),0,21,21
Excluding admin/internal-sounding,Focus family,Sidewalk Repair Case,All outcomes (mixed),1,229,250
Excluding admin/internal-sounding,Focus family,Sidewalk Repair Case,All outcomes (mixed),2,182,432
Excluding admin/internal-sounding,Focus family,Sidewalk Repair Case,All outcomes (mixed),3,194,626
Excluding admin/internal-sounding,Focus family,Sidewalk Repair Case,All outcomes (mixed),4,176,802
Excluding admin/internal-sounding,Focus family,Sidewalk Repair Case,All outcomes (mixed),5,180,982
Excluding admin/internal-sounding,Focus family,Sidewalk Repair Case,All outcomes (mixed),6,200,1182
Excluding admin/internal-sounding,Focus family,Sidewalk Repair Case,All outcomes (mixed),7,138,1320
Excluding admin/internal-sounding,Focus family,Sidewalk Repair Case,All outcomes (mixed),8,70,1390
Excluding admin/internal-sounding,Focus family,Sidewalk Repair Case,All outcomes (mixed),9,45,1435
Excluding admin/internal-sounding,Focus family,Sidewalk Repair Case,All outcomes (mixed),10,45,1480
Excluding admin/internal-sounding,Focus family,Sidewalk Repair Case,All outcomes (mixed),11,41,1521
Excluding admin/internal-sounding,Focus family,Sidewalk Repair Case,All outcomes (mixed),12,38,1559
Excluding admin/internal-sounding,Focus family,Sidewalk Repair Case,All outcomes (mixed),13,33,1592
Excluding admin/internal-sounding,Focus family,Sidewalk Repair Case,All outcomes (mixed),14,41,1633
Excluding admin/internal-sounding,Focus family,Sidewalk Repair Case,All outcomes (mixed),15,23,1656
Excluding admin/internal-sounding,Focus family,Sidewalk Repair Case,All outcomes (mixed),16,25,1681
Excluding admin/internal-sounding,Focus family,Sidewalk Repair Case,All outcomes (mixed),17,17,1698
Excluding admin/internal-sounding,Focus family,Sidewalk Repair Case,All outcomes (mixed),18,12,1710
Excluding admin/internal-sounding,Focus family,Sidewalk Repair Case,All outcomes (mixed),19,14,1724
Excluding admin/internal-sounding,Focus family,Sidewalk Repair Case,All outcomes (mixed),20,15,1739
Excluding admin/internal-sounding,Focus family,Sidewalk Repair Case,All outcomes (mixed),21,18,1757
Excluding admin/internal-sounding,Focus family,Sidewalk Repair Case,All outcomes (mixed),22,11,1768
Excluding admin/internal-sounding,Focus family,Sidewalk Repair Case,All outcomes (mixed),23,10,1778
Excluding admin/internal-sounding,Focus family,Sidewalk Repair Case,All outcomes (mixed),24,5,1783
Excluding admin/internal-sounding,Focus family,Sidewalk Repair Case,All outcomes (mixed),25,10,1793
Excluding admin/internal-sounding,Focus family,Sidewalk Repair Case,All outcomes (mixed),26,3,1796
Excluding admin/internal-sounding,Focus family,Sidewalk Repair Case,All outcomes (mixed),27,8,1804
Excluding admin/internal-sounding,Focus family,Sidewalk Repair Case,All outcomes (mixed),28,3,1807
Excluding admin/internal-sounding,Focus family,Sidewalk Repair Case,All outcomes (mixed),29,6,1813
Excluding admin/internal-sounding,Focus family,Sidewalk Repair Case,All outcomes (mixed),30,3,1816
Excluding admin/internal-sounding,Focus family,Sidewalk Repair Case,All outcomes (mixed),31,2,1818
Excluding admin/internal-sounding,Focus family,Sidewalk Repair Case,All outcomes (mixed),32,1,1819
Excluding admin/internal-sounding,Focus family,Sidewalk Repair Case,All outcomes (mixed),33,6,1825
Excluding admin/internal-sounding,Focus family,Sidewalk Repair Case,All outcomes (mixed),34,1,1826
Excluding admin/internal-sounding,Focus family,Sidewalk Repair Case,All outcomes (mixed),35,1,1827
Excluding admin/internal-sounding,Focus family,Sidewalk Repair Case,All outcomes (mixed),36,1,1828
Excluding admin/internal-sounding,Focus family,Sidewalk Repair Case,All outcomes (mixed),37,2,1830
Excluding admin/internal-sounding,Focus family,Sidewalk Repair Case,All outcomes (mixed),39,2,1832
Excluding admin/internal-sounding,Focus family,Sidewalk Repair Case,All outcomes (mixed),41,2,1834
Excluding admin/internal-sounding,Focus family,Sidewalk Repair Case,All outcomes (mixed),42,3,1837
Excluding admin/internal-sounding,Focus family,Sidewalk Repair Case,All outcomes (mixed),43,2,1839
Excluding admin/internal-sounding,Focus family,Sidewalk Repair Case,All outcomes (mixed),44,2,1841
Excluding admin/internal-sounding,Focus family,Sidewalk Repair Case,All outcomes (mixed),45,1,1842
Excluding admin/internal-sounding,Focus family,Sidewalk Repair Case,All outcomes (mixed),46,1,1843
Excluding admin/internal-sounding,Focus family,Sidewalk Repair Case,All outcomes (mixed),47,4,1847
Excluding admin/internal-sounding,Focus family,Sidewalk Repair Case,All outcomes (mixed),48,1,1848
Excluding admin/internal-sounding,Focus family,Sidewalk Repair Case,All outcomes (mixed),49,2,1850
Excluding admin/internal-sounding,Focus family,Sidewalk Repair Case,All outcomes (mixed),52,2,1852
Excluding admin/internal-sounding,Focus family,Sidewalk Repair Case,All outcomes (mixed),53,1,1853
Excluding admin/internal-sounding,Focus family,Sidewalk Repair Case,All outcomes (mixed),54,2,1855
Excluding admin/internal-sounding,Focus family,Sidewalk Repair Case,All outcomes (mixed),56,1,1856
Excluding admin/internal-sounding,Focus family,Sidewalk Repair Case,All outcomes (mixed),58,1,1857
Excluding admin/internal-sounding,Focus family,Sidewalk Repair Case,All outcomes (mixed),59,3,1860
Excluding admin/internal-sounding,Focus family,Sidewalk Repair Case,All outcomes (mixed),60,1,1861
Excluding admin/internal-sounding,Focus family,Sidewalk Repair Case,All outcomes (mixed),62,1,1862
Excluding admin/internal-sounding,Focus family,Sidewalk Repair Case,All outcomes (mixed),63,1,1863
Excluding admin/internal-sounding,Focus family,Sidewalk Repair Case,All outcomes (mixed),70,1,1864
Excluding admin/internal-sounding,Focus family,Sidewalk Repair Case,All outcomes (mixed),72,1,1865
Excluding admin/internal-sounding,Focus family,Sidewalk Repair Case,All outcomes (mixed),75,2,1867
Excluding admin/internal-sounding,Focus family,Sidewalk Repair Case,All outcomes (mixed),82,1,1868
Excluding admin/internal-sounding,Focus family,Sidewalk Repair Case,All outcomes (mixed),88,1,1869
Excluding admin/internal-sounding,Focus family,Sidewalk Repair Case,All outcomes (mixed),97,1,1870
Excluding admin/internal-sounding,Focus family,Sidewalk Repair Case,All outcomes (mixed),99,1,1871
Excluding admin/internal-sounding,Focus family,Sidewalk Repair Case,All outcomes (mixed),113,1,1872
Excluding admin/internal-sounding,Focus family,Sidewalk Repair Case,All outcomes (mixed),134,1,1873
Excluding admin/internal-sounding,Focus family,Sidewalk Repair Case,All outcomes (mixed),137,1,1874
Excluding admin/internal-sounding,Focus family,Sidewalk Repair Case,All outcomes (mixed),141,1,1875
Excluding admin/internal-sounding,Focus family,Sidewalk Repair Case,All outcomes (mixed),143,1,1876
Excluding admin/internal-sounding,Focus family,Sidewalk Repair Case,All outcomes (mixed),154,1,1877
Excluding admin/internal-sounding,Focus family,Sidewalk Repair Case,All outcomes (mixed),161,1,1878
Excluding admin/internal-sounding,Focus family,Sidewalk Repair Case,All outcomes (mixed),190,1,1879
Excluding admin/internal-sounding,Focus family,Sidewalk Repair Case,All outcomes (mixed),192,1,1880
Excluding admin/internal-sounding,Focus family,Sidewalk Repair Case,All outcomes (mixed),256,1,1881
Excluding admin/internal-sounding,Focus family,Sidewalk Repair Case,All outcomes (mixed),485,1,1882
Excluding admin/internal-sounding,Focus family,Sidewalk Repair Case,Further action has been planned,0,1,1
Excluding admin/internal-sounding,Focus family,Sidewalk Repair Case,Further action has been planned,1,28,29
Excluding admin/internal-sounding,Focus family,Sidewalk Repair Case,Further action has been planned,2,24,53
Excluding admin/internal-sounding,Focus family,Sidewalk Repair Case,Further action has been planned,3,27,80
Excluding admin/internal-sounding,Focus family,Sidewalk Repair Case,Further action has been planned,4,37,117
Excluding admin/internal-sounding,Focus family,Sidewalk Repair Case,Further action has been planned,5,38,155
Excluding admin/internal-sounding,Focus family,Sidewalk Repair Case,Further action has been planned,6,41,196
Excluding admin/internal-sounding,Focus family,Sidewalk Repair Case,Further action has been planned,7,42,238
Excluding admin/internal-sounding,Focus family,Sidewalk Repair Case,Further action has been planned,8,28,266
Excluding admin/internal-sounding,Focus family,Sidewalk Repair Case,Further action has been planned,9,26,292
Excluding admin/internal-sounding,Focus family,Sidewalk Repair Case,Further action has been planned,10,27,319
Excluding admin/internal-sounding,Focus family,Sidewalk Repair Case,Further action has been planned,11,25,344
Excluding admin/internal-sounding,Focus family,Sidewalk Repair Case,Further action has been planned,12,18,362
Excluding admin/internal-sounding,Focus family,Sidewalk Repair Case,Further action has been planned,13,15,377
Excluding admin/internal-sounding,Focus family,Sidewalk Repair Case,Further action has been planned,14,18,395
Excluding admin/internal-sounding,Focus family,Sidewalk Repair Case,Further action has been planned,15,16,411
Excluding admin/internal-sounding,Focus family,Sidewalk Repair Case,Further action has been planned,16,14,425
Excluding admin/internal-sounding,Focus family,Sidewalk Repair Case,Further action has been planned,17,11,436
Excluding admin/internal-sounding,Focus family,Sidewalk Repair Case,Further action has been planned,18,4,440
Excluding admin/internal-sounding,Focus family,Sidewalk Repair Case,Further action has been planned,19,10,450
Excluding admin/internal-sounding,Focus family,Sidewalk Repair Case,Further action has been planned,20,11,461
Excluding admin/internal-sounding,Focus family,Sidewalk Repair Case,Further action has been planned,21,12,473
Excluding admin/internal-sounding,Focus family,Sidewalk Repair Case,Further action has been planned,22,6,479
Excluding admin/internal-sounding,Focus family,Sidewalk Repair Case,Further action has been planned,23,8,487
Excluding admin/internal-sounding,Focus family,Sidewalk Repair Case,Further action has been planned,24,5,492
Excluding admin/internal-sounding,Focus family,Sidewalk Repair Case,Further action has been planned,25,5,497
Excluding admin/internal-sounding,Focus family,Sidewalk Repair Case,Further action has been planned,26,3,500
Excluding admin/internal-sounding,Focus family,Sidewalk Repair Case,Further action has been planned,27,8,508
Excluding admin/internal-sounding,Focus family,Sidewalk Repair Case,Further action has been planned,28,3,511
Excluding admin/internal-sounding,Focus family,Sidewalk Repair Case,Further action has been planned,29,5,516
Excluding admin/internal-sounding,Focus family,Sidewalk Repair Case,Further action has been planned,30,2,518
Excluding admin/internal-sounding,Focus family,Sidewalk Repair Case,Further action has been planned,31,2,520
Excluding admin/internal-sounding,Focus family,Sidewalk Repair Case,Further action has been planned,32,1,521
Excluding admin/internal-sounding,Focus family,Sidewalk Repair Case,Further action has been planned,33,6,527
Excluding admin/internal-sounding,Focus family,Sidewalk Repair Case,Further action has been planned,34,1,528
Excluding admin/internal-sounding,Focus family,Sidewalk Repair Case,Further action has been planned,37,2,530
Excluding admin/internal-sounding,Focus family,Sidewalk Repair Case,Further action has been planned,39,1,531
Excluding admin/internal-sounding,Focus family,Sidewalk Repair Case,Further action has been planned,41,1,532
Excluding admin/internal-sounding,Focus family,Sidewalk Repair Case,Further action has been planned,42,2,534
Excluding admin/internal-sounding,Focus family,Sidewalk Repair Case,Further action has been planned,43,1,535
Excluding admin/internal-sounding,Focus family,Sidewalk Repair Case,Further action has been planned,44,2,537
Excluding admin/internal-sounding,Focus family,Sidewalk Repair Case,Further action has been planned,45,1,538
Excluding admin/internal-sounding,Focus family,Sidewalk Repair Case,Further action has been planned,47,3,541
Excluding admin/internal-sounding,Focus family,Sidewalk Repair Case,Further action has been planned,49,1,542
Excluding admin/internal-sounding,Focus family,Sidewalk Repair Case,Further action has been planned,52,1,543
Excluding admin/internal-sounding,Focus family,Sidewalk Repair Case,Further action has been planned,54,2,545
Excluding admin/internal-sounding,Focus family,Sidewalk Repair Case,Further action has been planned,58,1,546
Excluding admin/internal-sounding,Focus family,Sidewalk Repair Case,Further action has been planned,63,1,547
Excluding admin/internal-sounding,Focus family,Sidewalk Repair Case,Further action has been planned,88,1,548
Excluding admin/internal-sounding,Focus family,Sidewalk Repair Case,Further action has been planned,141,1,549
Excluding admin/internal-sounding,Focus family,Sidewalk Repair Case,Further action has been planned,190,1,550
Excluding admin/internal-sounding,Focus family,Sidewalk Repair Case,Further action has been planned,256,1,551
Excluding admin/internal-sounding,Focus family,Sidewalk Repair Case,Referred to another service group,0,15,15
Excluding admin/internal-sounding,Focus family,Sidewalk Repair Case,Referred to another service group,1,78,93
Excluding admin/internal-sounding,Focus family,Sidewalk Repair Case,Referred to another service group,2,32,125
Excluding admin/internal-sounding,Focus family,Sidewalk Repair Case,Referred to another service group,3,20,145
Excluding admin/internal-sounding,Focus family,Sidewalk Repair Case,Referred to another service group,4,12,157
Excluding admin/internal-sounding,Focus family,Sidewalk Repair Case,Referred to another service group,5,11,168
Excluding admin/internal-sounding,Focus family,Sidewalk Repair Case,Referred to another service group,6,12,180
Excluding admin/internal-sounding,Focus family,Sidewalk Repair Case,Referred to another service group,7,6,186
Excluding admin/internal-sounding,Focus family,Sidewalk Repair Case,Referred to another service group,8,2,188
Excluding admin/internal-sounding,Focus family,Sidewalk Repair Case,Referred to another service group,9,1,189
Excluding admin/internal-sounding,Focus family,Sidewalk Repair Case,Referred to another service group,10,2,191
Excluding admin/internal-sounding,Focus family,Sidewalk Repair Case,Referred to another service group,11,2,193
Excluding admin/internal-sounding,Focus family,Sidewalk Repair Case,Referred to another service group,12,2,195
Excluding admin/internal-sounding,Focus family,Sidewalk Repair Case,Referred to another service group,13,1,196
Excluding admin/internal-sounding,Focus family,Sidewalk Repair Case,Referred to another service group,14,2,198
Excluding admin/internal-sounding,Focus family,Sidewalk Repair Case,Referred to another service group,15,1,199
Excluding admin/internal-sounding,Focus family,Sidewalk Repair Case,Referred to another service group,16,3,202
Excluding admin/internal-sounding,Focus family,Sidewalk Repair Case,Referred to another service group,17,1,203
Excluding admin/internal-sounding,Focus family,Sidewalk Repair Case,Referred to another service group,25,1,204
Excluding admin/internal-sounding,Focus family,Sidewalk Repair Case,Referred to another service group,52,1,205
Excluding admin/internal-sounding,Focus family,Sidewalk Repair Case,Referred to another service group,53,1,206
Excluding admin/internal-sounding,Focus family,Sidewalk Repair Case,Referred to another service group,59,1,207
Excluding admin/internal-sounding,Focus family,Sidewalk Repair Case,Referred to another service group,70,1,208
Excluding admin/internal-sounding,Focus family,Sidewalk Repair Case,Referred to another service group,75,1,209
Excluding admin/internal-sounding,Focus family,Sidewalk Repair Case,Referred to another service group,137,1,210
Excluding admin/internal-sounding,Focus family,Street Repair Case,1. Service recorded as provided,0,3,3
Excluding admin/internal-sounding,Focus family,Street Repair Case,1. Service recorded as provided,1,66,69
Excluding admin/internal-sounding,Focus family,Street Repair Case,1. Service recorded as provided,2,78,147
Excluding admin/internal-sounding,Focus family,Street Repair Case,1. Service recorded as provided,3,79,226
Excluding admin/internal-sounding,Focus family,Street Repair Case,1. Service recorded as provided,4,75,301
Excluding admin/internal-sounding,Focus family,Street Repair Case,1. Service recorded as provided,5,64,365
Excluding admin/internal-sounding,Focus family,Street Repair Case,1. Service recorded as provided,6,61,426
Excluding admin/internal-sounding,Focus family,Street Repair Case,1. Service recorded as provided,7,46,472
Excluding admin/internal-sounding,Focus family,Street Repair Case,1. Service recorded as provided,8,15,487
Excluding admin/internal-sounding,Focus family,Street Repair Case,1. Service recorded as provided,9,23,510
Excluding admin/internal-sounding,Focus family,Street Repair Case,1. Service recorded as provided,10,18,528
Excluding admin/internal-sounding,Focus family,Street Repair Case,1. Service recorded as provided,11,20,548
Excluding admin/internal-sounding,Focus family,Street Repair Case,1. Service recorded as provided,12,12,560
Excluding admin/internal-sounding,Focus family,Street Repair Case,1. Service recorded as provided,13,10,570
Excluding admin/internal-sounding,Focus family,Street Repair Case,1. Service recorded as provided,14,10,580
Excluding admin/internal-sounding,Focus family,Street Repair Case,1. Service recorded as provided,15,14,594
Excluding admin/internal-sounding,Focus family,Street Repair Case,1. Service recorded as provided,16,11,605
Excluding admin/internal-sounding,Focus family,Street Repair Case,1. Service recorded as provided,17,8,613
Excluding admin/internal-sounding,Focus family,Street Repair Case,1. Service recorded as provided,18,8,621
Excluding admin/internal-sounding,Focus family,Street Repair Case,1. Service recorded as provided,19,5,626
Excluding admin/internal-sounding,Focus family,Street Repair Case,1. Service recorded as provided,20,1,627
Excluding admin/internal-sounding,Focus family,Street Repair Case,1. Service recorded as provided,21,6,633
Excluding admin/internal-sounding,Focus family,Street Repair Case,1. Service recorded as provided,22,4,637
Excluding admin/internal-sounding,Focus family,Street Repair Case,1. Service recorded as provided,23,2,639
Excluding admin/internal-sounding,Focus family,Street Repair Case,1. Service recorded as provided,25,4,643
Excluding admin/internal-sounding,Focus family,Street Repair Case,1. Service recorded as provided,26,1,644
Excluding admin/internal-sounding,Focus family,Street Repair Case,1. Service recorded as provided,27,1,645
Excluding admin/internal-sounding,Focus family,Street Repair Case,1. Service recorded as provided,28,2,647
Excluding admin/internal-sounding,Focus family,Street Repair Case,1. Service recorded as provided,29,4,651
Excluding admin/internal-sounding,Focus family,Street Repair Case,1. Service recorded as provided,31,2,653
Excluding admin/internal-sounding,Focus family,Street Repair Case,1. Service recorded as provided,32,1,654
Excluding admin/internal-sounding,Focus family,Street Repair Case,1. Service recorded as provided,33,2,656
Excluding admin/internal-sounding,Focus family,Street Repair Case,1. Service recorded as provided,34,1,657
Excluding admin/internal-sounding,Focus family,Street Repair Case,1. Service recorded as provided,36,2,659
Excluding admin/internal-sounding,Focus family,Street Repair Case,1. Service recorded as provided,37,1,660
Excluding admin/internal-sounding,Focus family,Street Repair Case,1. Service recorded as provided,39,1,661
Excluding admin/internal-sounding,Focus family,Street Repair Case,1. Service recorded as provided,42,1,662
Excluding admin/internal-sounding,Focus family,Street Repair Case,1. Service recorded as provided,49,3,665
Excluding admin/internal-sounding,Focus family,Street Repair Case,1. Service recorded as provided,52,1,666
Excluding admin/internal-sounding,Focus family,Street Repair Case,1. Service recorded as provided,53,1,667
Excluding admin/internal-sounding,Focus family,Street Repair Case,1. Service recorded as provided,54,1,668
Excluding admin/internal-sounding,Focus family,Street Repair Case,1. Service recorded as provided,56,1,669
Excluding admin/internal-sounding,Focus family,Street Repair Case,1. Service recorded as provided,57,2,671
Excluding admin/internal-sounding,Focus family,Street Repair Case,1. Service recorded as provided,62,1,672
Excluding admin/internal-sounding,Focus family,Street Repair Case,1. Service recorded as provided,69,1,673
Excluding admin/internal-sounding,Focus family,Street Repair Case,1. Service recorded as provided,73,1,674
Excluding admin/internal-sounding,Focus family,Street Repair Case,1. Service recorded as provided,74,1,675
Excluding admin/internal-sounding,Focus family,Street Repair Case,1. Service recorded as provided,75,1,676
Excluding admin/internal-sounding,Focus family,Street Repair Case,1. Service recorded as provided,77,2,678
Excluding admin/internal-sounding,Focus family,Street Repair Case,1. Service recorded as provided,78,1,679
Excluding admin/internal-sounding,Focus family,Street Repair Case,1. Service recorded as provided,82,1,680
Excluding admin/internal-sounding,Focus family,Street Repair Case,1. Service recorded as provided,88,1,681
Excluding admin/internal-sounding,Focus family,Street Repair Case,1. Service recorded as provided,101,1,682
Excluding admin/internal-sounding,Focus family,Street Repair Case,1. Service recorded as provided,119,1,683
Excluding admin/internal-sounding,Focus family,Street Repair Case,1. Service recorded as provided,160,1,684
Excluding admin/internal-sounding,Focus family,Street Repair Case,1. Service recorded as provided,179,1,685
Excluding admin/internal-sounding,Focus family,Street Repair Case,1. Service recorded as provided,187,1,686
Excluding admin/internal-sounding,Focus family,Street Repair Case,1. Service recorded as provided,209,1,687
Excluding admin/internal-sounding,Focus family,Street Repair Case,1. Service recorded as provided,220,1,688
Excluding admin/internal-sounding,Focus family,Street Repair Case,1. Service recorded as provided,252,1,689
Excluding admin/internal-sounding,Focus family,Street Repair Case,"2. Work assigned, referred or continuing",0,15,15
Excluding admin/internal-sounding,Focus family,Street Repair Case,"2. Work assigned, referred or continuing",1,172,187
Excluding admin/internal-sounding,Focus family,Street Repair Case,"2. Work assigned, referred or continuing",2,105,292
Excluding admin/internal-sounding,Focus family,Street Repair Case,"2. Work assigned, referred or continuing",3,81,373
Excluding admin/internal-sounding,Focus family,Street Repair Case,"2. Work assigned, referred or continuing",4,70,443
Excluding admin/internal-sounding,Focus family,Street Repair Case,"2. Work assigned, referred or continuing",5,53,496
Excluding admin/internal-sounding,Focus family,Street Repair Case,"2. Work assigned, referred or continuing",6,49,545
Excluding admin/internal-sounding,Focus family,Street Repair Case,"2. Work assigned, referred or continuing",7,31,576
Excluding admin/internal-sounding,Focus family,Street Repair Case,"2. Work assigned, referred or continuing",8,25,601
Excluding admin/internal-sounding,Focus family,Street Repair Case,"2. Work assigned, referred or continuing",9,22,623
Excluding admin/internal-sounding,Focus family,Street Repair Case,"2. Work assigned, referred or continuing",10,22,645
Excluding admin/internal-sounding,Focus family,Street Repair Case,"2. Work assigned, referred or continuing",11,18,663
Excluding admin/internal-sounding,Focus family,Street Repair Case,"2. Work assigned, referred or continuing",12,10,673
Excluding admin/internal-sounding,Focus family,Street Repair Case,"2. Work assigned, referred or continuing",13,15,688
Excluding admin/internal-sounding,Focus family,Street Repair Case,"2. Work assigned, referred or continuing",14,10,698
Excluding admin/internal-sounding,Focus family,Street Repair Case,"2. Work assigned, referred or continuing",15,10,708
Excluding admin/internal-sounding,Focus family,Street Repair Case,"2. Work assigned, referred or continuing",16,7,715
Excluding admin/internal-sounding,Focus family,Street Repair Case,"2. Work assigned, referred or continuing",17,5,720
Excluding admin/internal-sounding,Focus family,Street Repair Case,"2. Work assigned, referred or continuing",18,1,721
Excluding admin/internal-sounding,Focus family,Street Repair Case,"2. Work assigned, referred or continuing",19,2,723
Excluding admin/internal-sounding,Focus family,Street Repair Case,"2. Work assigned, referred or continuing",20,4,727
Excluding admin/internal-sounding,Focus family,Street Repair Case,"2. Work assigned, referred or continuing",21,7,734
Excluding admin/internal-sounding,Focus family,Street Repair Case,"2. Work assigned, referred or continuing",22,4,738
Excluding admin/internal-sounding,Focus family,Street Repair Case,"2. Work assigned, referred or continuing",23,4,742
Excluding admin/internal-sounding,Focus family,Street Repair Case,"2. Work assigned, referred or continuing",24,2,744
Excluding admin/internal-sounding,Focus family,Street Repair Case,"2. Work assigned, referred or continuing",25,4,748
Excluding admin/internal-sounding,Focus family,Street Repair Case,"2. Work assigned, referred or continuing",26,4,752
Excluding admin/internal-sounding,Focus family,Street Repair Case,"2. Work assigned, referred or continuing",27,1,753
Excluding admin/internal-sounding,Focus family,Street Repair Case,"2. Work assigned, referred or continuing",30,2,755
Excluding admin/internal-sounding,Focus family,Street Repair Case,"2. Work assigned, referred or continuing",31,2,757
Excluding admin/internal-sounding,Focus family,Street Repair Case,"2. Work assigned, referred or continuing",33,2,759
Excluding admin/internal-sounding,Focus family,Street Repair Case,"2. Work assigned, referred or continuing",34,3,762
Excluding admin/internal-sounding,Focus family,Street Repair Case,"2. Work assigned, referred or continuing",35,2,764
Excluding admin/internal-sounding,Focus family,Street Repair Case,"2. Work assigned, referred or continuing",37,1,765
Excluding admin/internal-sounding,Focus family,Street Repair Case,"2. Work assigned, referred or continuing",39,1,766
Excluding admin/internal-sounding,Focus family,Street Repair Case,"2. Work assigned, referred or continuing",41,1,767
Excluding admin/internal-sounding,Focus family,Street Repair Case,"2. Work assigned, referred or continuing",42,1,768
Excluding admin/internal-sounding,Focus family,Street Repair Case,"2. Work assigned, referred or continuing",43,4,772
Excluding admin/internal-sounding,Focus family,Street Repair Case,"2. Work assigned, referred or continuing",44,1,773
Excluding admin/internal-sounding,Focus family,Street Repair Case,"2. Work assigned, referred or continuing",45,1,774
Excluding admin/internal-sounding,Focus family,Street Repair Case,"2. Work assigned, referred or continuing",49,1,775
Excluding admin/internal-sounding,Focus family,Street Repair Case,"2. Work assigned, referred or continuing",50,1,776
Excluding admin/internal-sounding,Focus family,Street Repair Case,"2. Work assigned, referred or continuing",51,1,777
Excluding admin/internal-sounding,Focus family,Street Repair Case,"2. Work assigned, referred or continuing",56,2,779
Excluding admin/internal-sounding,Focus family,Street Repair Case,"2. Work assigned, referred or continuing",57,1,780
Excluding admin/internal-sounding,Focus family,Street Repair Case,"2. Work assigned, referred or continuing",59,1,781
Excluding admin/internal-sounding,Focus family,Street Repair Case,"2. Work assigned, referred or continuing",60,1,782
Excluding admin/internal-sounding,Focus family,Street Repair Case,"2. Work assigned, referred or continuing",61,1,783
Excluding admin/internal-sounding,Focus family,Street Repair Case,"2. Work assigned, referred or continuing",72,1,784
Excluding admin/internal-sounding,Focus family,Street Repair Case,"2. Work assigned, referred or continuing",77,1,785
Excluding admin/internal-sounding,Focus family,Street Repair Case,"2. Work assigned, referred or continuing",78,1,786
Excluding admin/internal-sounding,Focus family,Street Repair Case,"2. Work assigned, referred or continuing",81,1,787
Excluding admin/internal-sounding,Focus family,Street Repair Case,"2. Work assigned, referred or continuing",90,1,788
Excluding admin/internal-sounding,Focus family,Street Repair Case,"2. Work assigned, referred or continuing",134,1,789
Excluding admin/internal-sounding,Focus family,Street Repair Case,"2. Work assigned, referred or continuing",179,1,790
Excluding admin/internal-sounding,Focus family,Street Repair Case,"2. Work assigned, referred or continuing",191,1,791
Excluding admin/internal-sounding,Focus family,Street Repair Case,"2. Work assigned, referred or continuing",224,1,792
Excluding admin/internal-sounding,Focus family,Street Repair Case,"2. Work assigned, referred or continuing",321,1,793
Excluding admin/internal-sounding,Focus family,Street Repair Case,3. No service or no action recorded,0,2,2
Excluding admin/internal-sounding,Focus family,Street Repair Case,3. No service or no action recorded,1,49,51
Excluding admin/internal-sounding,Focus family,Street Repair Case,3. No service or no action recorded,2,43,94
Excluding admin/internal-sounding,Focus family,Street Repair Case,3. No service or no action recorded,3,35,129
Excluding admin/internal-sounding,Focus family,Street Repair Case,3. No service or no action recorded,4,25,154
Excluding admin/internal-sounding,Focus family,Street Repair Case,3. No service or no action recorded,5,19,173
Excluding admin/internal-sounding,Focus family,Street Repair Case,3. No service or no action recorded,6,18,191
Excluding admin/internal-sounding,Focus family,Street Repair Case,3. No service or no action recorded,7,13,204
Excluding admin/internal-sounding,Focus family,Street Repair Case,3. No service or no action recorded,8,10,214
Excluding admin/internal-sounding,Focus family,Street Repair Case,3. No service or no action recorded,9,6,220
Excluding admin/internal-sounding,Focus family,Street Repair Case,3. No service or no action recorded,10,8,228
Excluding admin/internal-sounding,Focus family,Street Repair Case,3. No service or no action recorded,11,7,235
Excluding admin/internal-sounding,Focus family,Street Repair Case,3. No service or no action recorded,12,5,240
Excluding admin/internal-sounding,Focus family,Street Repair Case,3. No service or no action recorded,13,3,243
Excluding admin/internal-sounding,Focus family,Street Repair Case,3. No service or no action recorded,14,8,251
Excluding admin/internal-sounding,Focus family,Street Repair Case,3. No service or no action recorded,15,3,254
Excluding admin/internal-sounding,Focus family,Street Repair Case,3. No service or no action recorded,16,2,256
Excluding admin/internal-sounding,Focus family,Street Repair Case,3. No service or no action recorded,17,1,257
Excluding admin/internal-sounding,Focus family,Street Repair Case,3. No service or no action recorded,18,2,259
Excluding admin/internal-sounding,Focus family,Street Repair Case,3. No service or no action recorded,19,3,262
Excluding admin/internal-sounding,Focus family,Street Repair Case,3. No service or no action recorded,20,2,264
Excluding admin/internal-sounding,Focus family,Street Repair Case,3. No service or no action recorded,21,2,266
Excluding admin/internal-sounding,Focus family,Street Repair Case,3. No service or no action recorded,22,3,269
Excluding admin/internal-sounding,Focus family,Street Repair Case,3. No service or no action recorded,23,5,274
Excluding admin/internal-sounding,Focus family,Street Repair Case,3. No service or no action recorded,24,2,276
Excluding admin/internal-sounding,Focus family,Street Repair Case,3. No service or no action recorded,25,1,277
Excluding admin/internal-sounding,Focus family,Street Repair Case,3. No service or no action recorded,26,2,279
Excluding admin/internal-sounding,Focus family,Street Repair Case,3. No service or no action recorded,27,1,280
Excluding admin/internal-sounding,Focus family,Street Repair Case,3. No service or no action recorded,29,3,283
Excluding admin/internal-sounding,Focus family,Street Repair Case,3. No service or no action recorded,30,3,286
Excluding admin/internal-sounding,Focus family,Street Repair Case,3. No service or no action recorded,35,1,287
Excluding admin/internal-sounding,Focus family,Street Repair Case,3. No service or no action recorded,36,1,288
Excluding admin/internal-sounding,Focus family,Street Repair Case,3. No service or no action recorded,39,1,289
Excluding admin/internal-sounding,Focus family,Street Repair Case,3. No service or no action recorded,40,1,290
Excluding admin/internal-sounding,Focus family,Street Repair Case,3. No service or no action recorded,49,1,291
Excluding admin/internal-sounding,Focus family,Street Repair Case,3. No service or no action recorded,55,1,292
Excluding admin/internal-sounding,Focus family,Street Repair Case,3. No service or no action recorded,64,1,293
Excluding admin/internal-sounding,Focus family,Street Repair Case,3. No service or no action recorded,71,1,294
Excluding admin/internal-sounding,Focus family,Street Repair Case,3. No service or no action recorded,72,1,295
Excluding admin/internal-sounding,Focus family,Street Repair Case,3. No service or no action recorded,75,1,296
Excluding admin/internal-sounding,Focus family,Street Repair Case,3. No service or no action recorded,76,1,297
Excluding admin/internal-sounding,Focus family,Street Repair Case,3. No service or no action recorded,78,1,298
Excluding admin/internal-sounding,Focus family,Street Repair Case,3. No service or no action recorded,99,1,299
Excluding admin/internal-sounding,Focus family,Street Repair Case,3. No service or no action recorded,105,1,300
Excluding admin/internal-sounding,Focus family,Street Repair Case,3. No service or no action recorded,117,1,301
Excluding admin/internal-sounding,Focus family,Street Repair Case,3. No service or no action recorded,119,1,302
Excluding admin/internal-sounding,Focus family,Street Repair Case,3. No service or no action recorded,130,1,303
Excluding admin/internal-sounding,Focus family,Street Repair Case,3. No service or no action recorded,154,1,304
Excluding admin/internal-sounding,Focus family,Street Repair Case,3. No service or no action recorded,166,1,305
Excluding admin/internal-sounding,Focus family,Street Repair Case,3. No service or no action recorded,240,1,306
Excluding admin/internal-sounding,Focus family,Street Repair Case,3. No service or no action recorded,245,1,307
Excluding admin/internal-sounding,Focus family,Street Repair Case,3. No service or no action recorded,256,1,308
Excluding admin/internal-sounding,Focus family,Street Repair Case,3. No service or no action recorded,274,1,309
Excluding admin/internal-sounding,Focus family,Street Repair Case,3. No service or no action recorded,284,1,310
Excluding admin/internal-sounding,Focus family,Street Repair Case,3. No service or no action recorded,303,1,311
Excluding admin/internal-sounding,Focus family,Street Repair Case,3. No service or no action recorded,346,1,312
Excluding admin/internal-sounding,Focus family,Street Repair Case,3. No service or no action recorded,519,1,313
Excluding admin/internal-sounding,Focus family,Street Repair Case,4. Insufficient information / could not proceed,0,1,1
Excluding admin/internal-sounding,Focus family,Street Repair Case,4. Insufficient information / could not proceed,1,2,3
Excluding admin/internal-sounding,Focus family,Street Repair Case,4. Insufficient information / could not proceed,4,1,4
Excluding admin/internal-sounding,Focus family,Street Repair Case,4. Insufficient information / could not proceed,5,1,5
Excluding admin/internal-sounding,Focus family,Street Repair Case,4. Insufficient information / could not proceed,15,1,6
Excluding admin/internal-sounding,Focus family,Street Repair Case,4. Insufficient information / could not proceed,17,1,7
Excluding admin/internal-sounding,Focus family,Street Repair Case,5. Unknown or N/A,1,1,1
Excluding admin/internal-sounding,Focus family,Street Repair Case,5. Unknown or N/A,2,1,2
Excluding admin/internal-sounding,Focus family,Street Repair Case,5. Unknown or N/A,4,1,3
Excluding admin/internal-sounding,Focus family,Street Repair Case,5. Unknown or N/A,5,1,4
Excluding admin/internal-sounding,Focus family,Street Repair Case,5. Unknown or N/A,6,1,5
Excluding admin/internal-sounding,Focus family,Street Repair Case,5. Unknown or N/A,52,1,6
Excluding admin/internal-sounding,Focus family,Street Repair Case,All outcomes (mixed),0,21,21
Excluding admin/internal-sounding,Focus family,Street Repair Case,All outcomes (mixed),1,290,311
Excluding admin/internal-sounding,Focus family,Street Repair Case,All outcomes (mixed),2,227,538
Excluding admin/internal-sounding,Focus family,Street Repair Case,All outcomes (mixed),3,195,733
Excluding admin/internal-sounding,Focus family,Street Repair Case,All outcomes (mixed),4,172,905
Excluding admin/internal-sounding,Focus family,Street Repair Case,All outcomes (mixed),5,138,1043
Excluding admin/internal-sounding,Focus family,Street Repair Case,All outcomes (mixed),6,129,1172
Excluding admin/internal-sounding,Focus family,Street Repair Case,All outcomes (mixed),7,90,1262
Excluding admin/internal-sounding,Focus family,Street Repair Case,All outcomes (mixed),8,50,1312
Excluding admin/internal-sounding,Focus family,Street Repair Case,All outcomes (mixed),9,51,1363
Excluding admin/internal-sounding,Focus family,Street Repair Case,All outcomes (mixed),10,48,1411
Excluding admin/internal-sounding,Focus family,Street Repair Case,All outcomes (mixed),11,45,1456
Excluding admin/internal-sounding,Focus family,Street Repair Case,All outcomes (mixed),12,27,1483
Excluding admin/internal-sounding,Focus family,Street Repair Case,All outcomes (mixed),13,28,1511
Excluding admin/internal-sounding,Focus family,Street Repair Case,All outcomes (mixed),14,28,1539
Excluding admin/internal-sounding,Focus family,Street Repair Case,All outcomes (mixed),15,28,1567
Excluding admin/internal-sounding,Focus family,Street Repair Case,All outcomes (mixed),16,20,1587
Excluding admin/internal-sounding,Focus family,Street Repair Case,All outcomes (mixed),17,15,1602
Excluding admin/internal-sounding,Focus family,Street Repair Case,All outcomes (mixed),18,11,1613
Excluding admin/internal-sounding,Focus family,Street Repair Case,All outcomes (mixed),19,10,1623
Excluding admin/internal-sounding,Focus family,Street Repair Case,All outcomes (mixed),20,7,1630
Excluding admin/internal-sounding,Focus family,Street Repair Case,All outcomes (mixed),21,15,1645
Excluding admin/internal-sounding,Focus family,Street Repair Case,All outcomes (mixed),22,11,1656
Excluding admin/internal-sounding,Focus family,Street Repair Case,All outcomes (mixed),23,11,1667
Excluding admin/internal-sounding,Focus family,Street Repair Case,All outcomes (mixed),24,4,1671
Excluding admin/internal-sounding,Focus family,Street Repair Case,All outcomes (mixed),25,9,1680
Excluding admin/internal-sounding,Focus family,Street Repair Case,All outcomes (mixed),26,7,1687
Excluding admin/internal-sounding,Focus family,Street Repair Case,All outcomes (mixed),27,3,1690
Excluding admin/internal-sounding,Focus family,Street Repair Case,All outcomes (mixed),28,2,1692
Excluding admin/internal-sounding,Focus family,Street Repair Case,All outcomes (mixed),29,7,1699
Excluding admin/internal-sounding,Focus family,Street Repair Case,All outcomes (mixed),30,5,1704
Excluding admin/internal-sounding,Focus family,Street Repair Case,All outcomes (mixed),31,4,1708
Excluding admin/internal-sounding,Focus family,Street Repair Case,All outcomes (mixed),32,1,1709
Excluding admin/internal-sounding,Focus family,Street Repair Case,All outcomes (mixed),33,4,1713
Excluding admin/internal-sounding,Focus family,Street Repair Case,All outcomes (mixed),34,4,1717
Excluding admin/internal-sounding,Focus family,Street Repair Case,All outcomes (mixed),35,3,1720
Excluding admin/internal-sounding,Focus family,Street Repair Case,All outcomes (mixed),36,3,1723
Excluding admin/internal-sounding,Focus family,Street Repair Case,All outcomes (mixed),37,2,1725
Excluding admin/internal-sounding,Focus family,Street Repair Case,All outcomes (mixed),39,3,1728
Excluding admin/internal-sounding,Focus family,Street Repair Case,All outcomes (mixed),40,1,1729
Excluding admin/internal-sounding,Focus family,Street Repair Case,All outcomes (mixed),41,1,1730
Excluding admin/internal-sounding,Focus family,Street Repair Case,All outcomes (mixed),42,2,1732
Excluding admin/internal-sounding,Focus family,Street Repair Case,All outcomes (mixed),43,4,1736
Excluding admin/internal-sounding,Focus family,Street Repair Case,All outcomes (mixed),44,1,1737
Excluding admin/internal-sounding,Focus family,Street Repair Case,All outcomes (mixed),45,1,1738
Excluding admin/internal-sounding,Focus family,Street Repair Case,All outcomes (mixed),49,5,1743
Excluding admin/internal-sounding,Focus family,Street Repair Case,All outcomes (mixed),50,1,1744
Excluding admin/internal-sounding,Focus family,Street Repair Case,All outcomes (mixed),51,1,1745
Excluding admin/internal-sounding,Focus family,Street Repair Case,All outcomes (mixed),52,2,1747
Excluding admin/internal-sounding,Focus family,Street Repair Case,All outcomes (mixed),53,1,1748
Excluding admin/internal-sounding,Focus family,Street Repair Case,All outcomes (mixed),54,1,1749
Excluding admin/internal-sounding,Focus family,Street Repair Case,All outcomes (mixed),55,1,1750
Excluding admin/internal-sounding,Focus family,Street Repair Case,All outcomes (mixed),56,3,1753
Excluding admin/internal-sounding,Focus family,Street Repair Case,All outcomes (mixed),57,3,1756
Excluding admin/internal-sounding,Focus family,Street Repair Case,All outcomes (mixed),59,1,1757
Excluding admin/internal-sounding,Focus family,Street Repair Case,All outcomes (mixed),60,1,1758
Excluding admin/internal-sounding,Focus family,Street Repair Case,All outcomes (mixed),61,1,1759
Excluding admin/internal-sounding,Focus family,Street Repair Case,All outcomes (mixed),62,1,1760
Excluding admin/internal-sounding,Focus family,Street Repair Case,All outcomes (mixed),64,1,1761
Excluding admin/internal-sounding,Focus family,Street Repair Case,All outcomes (mixed),69,1,1762
Excluding admin/internal-sounding,Focus family,Street Repair Case,All outcomes (mixed),71,1,1763
Excluding admin/internal-sounding,Focus family,Street Repair Case,All outcomes (mixed),72,2,1765
Excluding admin/internal-sounding,Focus family,Street Repair Case,All outcomes (mixed),73,1,1766
Excluding admin/internal-sounding,Focus family,Street Repair Case,All outcomes (mixed),74,1,1767
Excluding admin/internal-sounding,Focus family,Street Repair Case,All outcomes (mixed),75,2,1769
Excluding admin/internal-sounding,Focus family,Street Repair Case,All outcomes (mixed),76,1,1770
Excluding admin/internal-sounding,Focus family,Street Repair Case,All outcomes (mixed),77,3,1773
Excluding admin/internal-sounding,Focus family,Street Repair Case,All outcomes (mixed),78,3,1776
Excluding admin/internal-sounding,Focus family,Street Repair Case,All outcomes (mixed),81,1,1777
Excluding admin/internal-sounding,Focus family,Street Repair Case,All outcomes (mixed),82,1,1778
Excluding admin/internal-sounding,Focus family,Street Repair Case,All outcomes (mixed),88,1,1779
Excluding admin/internal-sounding,Focus family,Street Repair Case,All outcomes (mixed),90,1,1780
Excluding admin/internal-sounding,Focus family,Street Repair Case,All outcomes (mixed),99,1,1781
Excluding admin/internal-sounding,Focus family,Street Repair Case,All outcomes (mixed),101,1,1782
Excluding admin/internal-sounding,Focus family,Street Repair Case,All outcomes (mixed),105,1,1783
Excluding admin/internal-sounding,Focus family,Street Repair Case,All outcomes (mixed),117,1,1784
Excluding admin/internal-sounding,Focus family,Street Repair Case,All outcomes (mixed),119,2,1786
Excluding admin/internal-sounding,Focus family,Street Repair Case,All outcomes (mixed),130,1,1787
Excluding admin/internal-sounding,Focus family,Street Repair Case,All outcomes (mixed),134,1,1788
Excluding admin/internal-sounding,Focus family,Street Repair Case,All outcomes (mixed),154,1,1789
Excluding admin/internal-sounding,Focus family,Street Repair Case,All outcomes (mixed),160,1,1790
Excluding admin/internal-sounding,Focus family,Street Repair Case,All outcomes (mixed),166,1,1791
Excluding admin/internal-sounding,Focus family,Street Repair Case,All outcomes (mixed),179,2,1793
Excluding admin/internal-sounding,Focus family,Street Repair Case,All outcomes (mixed),187,1,1794
Excluding admin/internal-sounding,Focus family,Street Repair Case,All outcomes (mixed),191,1,1795
Excluding admin/internal-sounding,Focus family,Street Repair Case,All outcomes (mixed),209,1,1796
Excluding admin/internal-sounding,Focus family,Street Repair Case,All outcomes (mixed),220,1,1797
Excluding admin/internal-sounding,Focus family,Street Repair Case,All outcomes (mixed),224,1,1798
Excluding admin/internal-sounding,Focus family,Street Repair Case,All outcomes (mixed),240,1,1799
Excluding admin/internal-sounding,Focus family,Street Repair Case,All outcomes (mixed),245,1,1800
Excluding admin/internal-sounding,Focus family,Street Repair Case,All outcomes (mixed),252,1,1801
Excluding admin/internal-sounding,Focus family,Street Repair Case,All outcomes (mixed),256,1,1802
Excluding admin/internal-sounding,Focus family,Street Repair Case,All outcomes (mixed),274,1,1803
Excluding admin/internal-sounding,Focus family,Street Repair Case,All outcomes (mixed),284,1,1804
Excluding admin/internal-sounding,Focus family,Street Repair Case,All outcomes (mixed),303,1,1805
Excluding admin/internal-sounding,Focus family,Street Repair Case,All outcomes (mixed),321,1,1806
Excluding admin/internal-sounding,Focus family,Street Repair Case,All outcomes (mixed),346,1,1807
Excluding admin/internal-sounding,Focus family,Street Repair Case,All outcomes (mixed),519,1,1808
Excluding admin/internal-sounding,Focus family,Street Repair Case,Further action has been planned,0,1,1
Excluding admin/internal-sounding,Focus family,Street Repair Case,Further action has been planned,1,107,108
Excluding admin/internal-sounding,Focus family,Street Repair Case,Further action has been planned,2,77,185
Excluding admin/internal-sounding,Focus family,Street Repair Case,Further action has been planned,3,54,239
Excluding admin/internal-sounding,Focus family,Street Repair Case,Further action has been planned,4,56,295
Excluding admin/internal-sounding,Focus family,Street Repair Case,Further action has been planned,5,42,337
Excluding admin/internal-sounding,Focus family,Street Repair Case,Further action has been planned,6,42,379
Excluding admin/internal-sounding,Focus family,Street Repair Case,Further action has been planned,7,31,410
Excluding admin/internal-sounding,Focus family,Street Repair Case,Further action has been planned,8,21,431
Excluding admin/internal-sounding,Focus family,Street Repair Case,Further action has been planned,9,20,451
Excluding admin/internal-sounding,Focus family,Street Repair Case,Further action has been planned,10,21,472
Excluding admin/internal-sounding,Focus family,Street Repair Case,Further action has been planned,11,15,487
Excluding admin/internal-sounding,Focus family,Street Repair Case,Further action has been planned,12,9,496
Excluding admin/internal-sounding,Focus family,Street Repair Case,Further action has been planned,13,14,510
Excluding admin/internal-sounding,Focus family,Street Repair Case,Further action has been planned,14,10,520
Excluding admin/internal-sounding,Focus family,Street Repair Case,Further action has been planned,15,8,528
Excluding admin/internal-sounding,Focus family,Street Repair Case,Further action has been planned,16,6,534
Excluding admin/internal-sounding,Focus family,Street Repair Case,Further action has been planned,17,4,538
Excluding admin/internal-sounding,Focus family,Street Repair Case,Further action has been planned,18,1,539
Excluding admin/internal-sounding,Focus family,Street Repair Case,Further action has been planned,19,1,540
Excluding admin/internal-sounding,Focus family,Street Repair Case,Further action has been planned,20,4,544
Excluding admin/internal-sounding,Focus family,Street Repair Case,Further action has been planned,21,7,551
Excluding admin/internal-sounding,Focus family,Street Repair Case,Further action has been planned,22,3,554
Excluding admin/internal-sounding,Focus family,Street Repair Case,Further action has been planned,23,4,558
Excluding admin/internal-sounding,Focus family,Street Repair Case,Further action has been planned,24,2,560
Excluding admin/internal-sounding,Focus family,Street Repair Case,Further action has been planned,25,4,564
Excluding admin/internal-sounding,Focus family,Street Repair Case,Further action has been planned,26,4,568
Excluding admin/internal-sounding,Focus family,Street Repair Case,Further action has been planned,27,1,569
Excluding admin/internal-sounding,Focus family,Street Repair Case,Further action has been planned,30,1,570
Excluding admin/internal-sounding,Focus family,Street Repair Case,Further action has been planned,31,2,572
Excluding admin/internal-sounding,Focus family,Street Repair Case,Further action has been planned,33,2,574
Excluding admin/internal-sounding,Focus family,Street Repair Case,Further action has been planned,34,2,576
Excluding admin/internal-sounding,Focus family,Street Repair Case,Further action has been planned,35,2,578
Excluding admin/internal-sounding,Focus family,Street Repair Case,Further action has been planned,37,1,579
Excluding admin/internal-sounding,Focus family,Street Repair Case,Further action has been planned,39,1,580
Excluding admin/internal-sounding,Focus family,Street Repair Case,Further action has been planned,41,1,581
Excluding admin/internal-sounding,Focus family,Street Repair Case,Further action has been planned,43,3,584
Excluding admin/internal-sounding,Focus family,Street Repair Case,Further action has been planned,45,1,585
Excluding admin/internal-sounding,Focus family,Street Repair Case,Further action has been planned,49,1,586
Excluding admin/internal-sounding,Focus family,Street Repair Case,Further action has been planned,51,1,587
Excluding admin/internal-sounding,Focus family,Street Repair Case,Further action has been planned,56,2,589
Excluding admin/internal-sounding,Focus family,Street Repair Case,Further action has been planned,57,1,590
Excluding admin/internal-sounding,Focus family,Street Repair Case,Further action has been planned,59,1,591
Excluding admin/internal-sounding,Focus family,Street Repair Case,Further action has been planned,61,1,592
Excluding admin/internal-sounding,Focus family,Street Repair Case,Further action has been planned,72,1,593
Excluding admin/internal-sounding,Focus family,Street Repair Case,Further action has been planned,77,1,594
Excluding admin/internal-sounding,Focus family,Street Repair Case,Further action has been planned,78,1,595
Excluding admin/internal-sounding,Focus family,Street Repair Case,Further action has been planned,81,1,596
Excluding admin/internal-sounding,Focus family,Street Repair Case,Further action has been planned,90,1,597
Excluding admin/internal-sounding,Focus family,Street Repair Case,Further action has been planned,179,1,598
Excluding admin/internal-sounding,Focus family,Street Repair Case,Further action has been planned,224,1,599
Excluding admin/internal-sounding,Focus family,Street Repair Case,Further action has been planned,321,1,600
Excluding admin/internal-sounding,Focus family,Street Repair Case,Referred to another service group,0,14,14
Excluding admin/internal-sounding,Focus family,Street Repair Case,Referred to another service group,1,65,79
Excluding admin/internal-sounding,Focus family,Street Repair Case,Referred to another service group,2,28,107
Excluding admin/internal-sounding,Focus family,Street Repair Case,Referred to another service group,3,27,134
Excluding admin/internal-sounding,Focus family,Street Repair Case,Referred to another service group,4,14,148
Excluding admin/internal-sounding,Focus family,Street Repair Case,Referred to another service group,5,11,159
Excluding admin/internal-sounding,Focus family,Street Repair Case,Referred to another service group,6,7,166
Excluding admin/internal-sounding,Focus family,Street Repair Case,Referred to another service group,8,4,170
Excluding admin/internal-sounding,Focus family,Street Repair Case,Referred to another service group,9,2,172
Excluding admin/internal-sounding,Focus family,Street Repair Case,Referred to another service group,10,1,173
Excluding admin/internal-sounding,Focus family,Street Repair Case,Referred to another service group,11,3,176
Excluding admin/internal-sounding,Focus family,Street Repair Case,Referred to another service group,12,1,177
Excluding admin/internal-sounding,Focus family,Street Repair Case,Referred to another service group,13,1,178
Excluding admin/internal-sounding,Focus family,Street Repair Case,Referred to another service group,15,2,180
Excluding admin/internal-sounding,Focus family,Street Repair Case,Referred to another service group,16,1,181
Excluding admin/internal-sounding,Focus family,Street Repair Case,Referred to another service group,19,1,182
Excluding admin/internal-sounding,Focus family,Street Repair Case,Referred to another service group,22,1,183
Excluding admin/internal-sounding,Focus family,Street Repair Case,Referred to another service group,30,1,184
Excluding admin/internal-sounding,Focus family,Street Repair Case,Referred to another service group,34,1,185
Excluding admin/internal-sounding,Focus family,Street Repair Case,Referred to another service group,42,1,186
Excluding admin/internal-sounding,Focus family,Street Repair Case,Referred to another service group,43,1,187
Excluding admin/internal-sounding,Focus family,Street Repair Case,Referred to another service group,44,1,188
Excluding admin/internal-sounding,Focus family,Street Repair Case,Referred to another service group,50,1,189
Excluding admin/internal-sounding,Focus family,Street Repair Case,Referred to another service group,60,1,190
Excluding admin/internal-sounding,Focus family,Street Repair Case,Referred to another service group,134,1,191
Excluding admin/internal-sounding,Focus family,Street Repair Case,Referred to another service group,191,1,192
