turbine,candidate_class,start_utc,end_utc,records,duration_hours,potential_lost_mwh,mean_wind_ms,mean_peer_wind_ms,wind_evidence,confidence
R80711,idle_in_apparently_usable_wind,2015-07-26 09:30:00+00:00,2015-07-28 08:30:00+00:00,283,47.17,37.5272,7.9,7.64,peer_context,medium
R80790,idle_in_apparently_usable_wind,2015-02-07 11:00:00+00:00,2015-02-09 02:50:00+00:00,240,40.0,29.7172,7.41,6.78,peer_context,medium
R80736,idle_in_apparently_usable_wind,2015-05-05 06:00:00+00:00,2015-05-05 12:10:00+00:00,38,6.33,8.2018,12.2,11.33,peer_context,medium
R80736,idle_in_apparently_usable_wind,2015-11-17 10:30:00+00:00,2015-11-17 14:10:00+00:00,23,3.83,5.5103,10.21,9.85,peer_context,medium
R80721,idle_in_apparently_usable_wind,2015-04-30 06:20:00+00:00,2015-04-30 13:10:00+00:00,42,7.0,5.3089,7.7,7.78,peer_context,medium
R80721,idle_in_apparently_usable_wind,2015-05-19 05:50:00+00:00,2015-05-19 13:40:00+00:00,48,8.0,5.3064,7.33,7.27,peer_context,medium
R80790,idle_in_apparently_usable_wind,2015-08-25 05:50:00+00:00,2015-08-25 13:20:00+00:00,46,7.67,4.4332,6.94,6.71,peer_context,medium
R80721,idle_in_apparently_usable_wind,2015-01-02 02:40:00+00:00,2015-01-02 07:00:00+00:00,27,4.5,3.8724,7.54,8.81,peer_context,medium
R80711,idle_in_apparently_usable_wind,2015-04-27 10:00:00+00:00,2015-04-27 13:40:00+00:00,23,3.83,3.6425,8.5,7.98,peer_context,medium
R80790,idle_in_apparently_usable_wind,2015-04-27 10:00:00+00:00,2015-04-27 13:30:00+00:00,22,3.67,3.1862,8.04,8.06,peer_context,medium
R80736,idle_in_apparently_usable_wind,2015-01-02 02:40:00+00:00,2015-01-02 06:30:00+00:00,24,4.0,2.9645,6.78,8.77,peer_context,medium
R80711,idle_in_apparently_usable_wind,2015-04-28 05:50:00+00:00,2015-04-28 12:20:00+00:00,40,6.67,2.8807,6.49,5.86,peer_context,medium
R80790,idle_in_apparently_usable_wind,2015-01-02 02:40:00+00:00,2015-01-02 06:00:00+00:00,21,3.5,2.8494,7.23,7.99,peer_context,medium
R80790,idle_in_apparently_usable_wind,2015-09-06 16:40:00+00:00,2015-09-07 01:00:00+00:00,51,8.5,2.7382,5.58,5.71,peer_context,medium
R80736,idle_in_apparently_usable_wind,2015-05-12 05:40:00+00:00,2015-05-12 11:50:00+00:00,38,6.33,2.3194,6.13,6.63,peer_context,medium
R80736,idle_in_apparently_usable_wind,2015-08-26 07:50:00+00:00,2015-08-26 13:20:00+00:00,34,5.67,2.1401,6.26,6.46,peer_context,medium
R80711,idle_in_apparently_usable_wind,2015-05-06 12:10:00+00:00,2015-05-06 13:20:00+00:00,8,1.33,2.051,10.94,10.58,peer_context,medium
R80721,operating_below_reference_candidate,2015-01-02 08:30:00+00:00,2015-01-02 12:30:00+00:00,25,4.17,2.001,10.91,11.09,peer_context,medium
R80790,idle_in_apparently_usable_wind,2015-05-06 12:40:00+00:00,2015-05-06 14:00:00+00:00,9,1.5,1.8707,9.54,9.95,peer_context,medium
R80736,idle_in_apparently_usable_wind,2015-05-04 10:00:00+00:00,2015-05-04 14:30:00+00:00,28,4.67,1.7796,6.33,6.0,peer_context,medium
R80711,idle_in_apparently_usable_wind,2015-07-23 15:40:00+00:00,2015-07-24 00:10:00+00:00,52,8.67,1.4016,5.26,5.24,peer_context,medium
R80711,operating_below_reference_candidate,2015-01-29 06:00:00+00:00,2015-01-29 15:30:00+00:00,58,9.67,1.3236,9.33,8.89,peer_context,medium
R80790,idle_in_apparently_usable_wind,2015-02-01 04:40:00+00:00,2015-02-02 08:00:00+00:00,165,27.5,1.3189,3.59,6.44,peer_context,medium
R80790,idle_in_apparently_usable_wind,2015-01-30 15:30:00+00:00,2015-01-31 06:40:00+00:00,92,15.33,1.1244,3.61,6.16,peer_context,medium
R80790,idle_in_apparently_usable_wind,2015-06-13 23:20:00+00:00,2015-06-14 05:30:00+00:00,38,6.33,0.9993,5.06,5.24,peer_context,medium
R80736,idle_in_apparently_usable_wind,2015-02-01 18:30:00+00:00,2015-02-01 23:30:00+00:00,31,5.17,0.9798,4.67,6.17,peer_context,medium
R80721,idle_in_apparently_usable_wind,2015-05-01 07:00:00+00:00,2015-05-01 10:10:00+00:00,20,3.33,0.9765,5.94,6.14,peer_context,medium
R80790,operating_below_reference_candidate,2015-07-02 04:40:00+00:00,2015-07-02 14:10:00+00:00,58,9.67,0.9647,6.87,7.31,peer_context,medium
R80711,idle_in_apparently_usable_wind,2015-07-24 00:40:00+00:00,2015-07-24 04:50:00+00:00,26,4.33,0.8432,5.53,5.36,peer_context,medium
R80790,operating_below_reference_candidate,2015-03-29 02:40:00+00:00,2015-03-29 08:30:00+00:00,36,6.0,0.8315,10.87,10.15,peer_context,medium
R80736,idle_in_apparently_usable_wind,2015-05-05 12:30:00+00:00,2015-05-05 12:50:00+00:00,3,0.5,0.8272,11.27,12.08,peer_context,medium
R80736,operating_below_reference_candidate,2015-01-29 13:10:00+00:00,2015-01-29 19:40:00+00:00,40,6.67,0.7998,9.22,9.39,peer_context,medium
R80790,idle_in_apparently_usable_wind,2015-07-08 05:50:00+00:00,2015-07-08 06:40:00+00:00,6,1.0,0.7943,7.87,7.97,peer_context,medium
R80790,idle_in_apparently_usable_wind,2015-06-09 06:20:00+00:00,2015-06-09 07:00:00+00:00,5,0.83,0.7756,8.39,8.03,peer_context,medium
R80721,idle_in_apparently_usable_wind,2015-04-28 06:10:00+00:00,2015-04-28 09:40:00+00:00,22,3.67,0.7692,5.4,6.12,peer_context,medium
R80790,idle_in_apparently_usable_wind,2015-11-16 09:40:00+00:00,2015-11-16 10:20:00+00:00,5,0.83,0.7524,8.17,7.32,peer_context,medium
R80736,idle_in_apparently_usable_wind,2015-04-28 11:10:00+00:00,2015-04-28 13:40:00+00:00,16,2.67,0.7405,5.73,6.19,peer_context,medium
R80790,idle_in_apparently_usable_wind,2015-09-07 01:30:00+00:00,2015-09-07 04:10:00+00:00,17,2.83,0.7403,5.56,5.09,peer_context,medium
R80790,operating_below_reference_candidate,2015-01-29 13:30:00+00:00,2015-01-29 19:00:00+00:00,34,5.67,0.7355,9.5,9.12,peer_context,medium
R80790,operating_below_reference_candidate,2015-02-20 17:10:00+00:00,2015-02-20 21:10:00+00:00,25,4.17,0.7266,8.9,8.61,peer_context,medium
R80790,operating_below_reference_candidate,2015-09-17 04:00:00+00:00,2015-09-17 09:40:00+00:00,35,5.83,0.7167,8.24,8.92,peer_context,medium
R80790,idle_in_apparently_usable_wind,2015-06-09 07:20:00+00:00,2015-06-09 07:40:00+00:00,3,0.5,0.7165,10.3,9.42,peer_context,medium
R80790,operating_below_reference_candidate,2015-11-21 08:10:00+00:00,2015-11-21 11:20:00+00:00,20,3.33,0.7072,8.69,8.62,peer_context,medium
R80711,idle_in_apparently_usable_wind,2015-04-30 06:20:00+00:00,2015-04-30 07:50:00+00:00,10,1.67,0.7064,6.39,6.63,peer_context,medium
R80736,operating_below_reference_candidate,2015-04-02 04:40:00+00:00,2015-04-02 12:20:00+00:00,47,7.83,0.6987,10.43,11.22,peer_context,medium
R80721,idle_in_apparently_usable_wind,2015-01-02 12:40:00+00:00,2015-01-02 13:10:00+00:00,4,0.67,0.6944,8.64,8.52,peer_context,medium
R80736,idle_in_apparently_usable_wind,2015-04-30 12:30:00+00:00,2015-04-30 13:30:00+00:00,7,1.17,0.6797,7.08,6.88,peer_context,medium
R80711,idle_in_apparently_usable_wind,2015-07-23 01:30:00+00:00,2015-07-23 04:40:00+00:00,20,3.33,0.6695,5.5,5.06,peer_context,medium
R80790,operating_below_reference_candidate,2015-11-17 08:00:00+00:00,2015-11-17 15:20:00+00:00,45,7.5,0.6692,10.71,10.47,peer_context,medium
R80790,operating_below_reference_candidate,2015-01-15 10:30:00+00:00,2015-01-15 15:20:00+00:00,30,5.0,0.6658,10.09,9.38,peer_context,medium
R80790,operating_below_reference_candidate,2015-01-31 10:30:00+00:00,2015-01-31 16:20:00+00:00,36,6.0,0.6491,5.87,5.65,peer_context,medium
R80790,operating_below_reference_candidate,2015-09-16 08:40:00+00:00,2015-09-16 13:30:00+00:00,30,5.0,0.6385,10.31,11.2,peer_context,medium
R80790,operating_below_reference_candidate,2015-11-20 03:50:00+00:00,2015-11-20 07:00:00+00:00,20,3.33,0.6382,10.55,10.26,peer_context,medium
R80736,idle_in_apparently_usable_wind,2015-02-01 03:00:00+00:00,2015-02-01 14:00:00+00:00,67,11.17,0.6103,3.91,6.36,peer_context,medium
R80790,operating_below_reference_candidate,2015-08-31 08:30:00+00:00,2015-08-31 14:20:00+00:00,36,6.0,0.6062,8.01,8.31,peer_context,medium
R80711,idle_in_apparently_usable_wind,2015-11-16 08:00:00+00:00,2015-11-16 08:30:00+00:00,4,0.67,0.5982,8.31,7.13,peer_context,medium
R80790,operating_below_reference_candidate,2015-01-10 01:10:00+00:00,2015-01-10 05:00:00+00:00,24,4.0,0.5778,11.63,10.81,peer_context,medium
R80721,operating_below_reference_candidate,2015-01-10 01:50:00+00:00,2015-01-10 07:30:00+00:00,35,5.83,0.5741,9.79,11.09,peer_context,medium
R80790,idle_in_apparently_usable_wind,2015-06-14 19:20:00+00:00,2015-06-14 20:40:00+00:00,9,1.5,0.5694,6.17,6.0,peer_context,medium
R80790,idle_in_apparently_usable_wind,2015-06-13 18:10:00+00:00,2015-06-13 21:10:00+00:00,19,3.17,0.5679,5.29,4.91,peer_context,medium
R80790,operating_below_reference_candidate,2015-12-21 01:00:00+00:00,2015-12-21 03:50:00+00:00,18,3.0,0.5477,7.91,7.51,peer_context,medium
R80790,operating_below_reference_candidate,2015-12-21 23:10:00+00:00,2015-12-22 03:10:00+00:00,25,4.17,0.5275,9.49,8.98,peer_context,medium
R80790,operating_below_reference_candidate,2015-07-17 10:10:00+00:00,2015-07-17 16:20:00+00:00,38,6.33,0.5274,6.78,6.8,peer_context,medium
R80790,operating_below_reference_candidate,2015-12-21 14:30:00+00:00,2015-12-21 19:00:00+00:00,28,4.67,0.5209,10.08,9.62,peer_context,medium
R80790,operating_below_reference_candidate,2015-11-19 07:30:00+00:00,2015-11-19 12:10:00+00:00,29,4.83,0.508,8.05,8.04,peer_context,medium
R80711,idle_in_apparently_usable_wind,2015-04-27 14:00:00+00:00,2015-04-27 14:30:00+00:00,4,0.67,0.505,7.74,7.49,peer_context,medium
R80790,operating_below_reference_candidate,2015-09-16 04:20:00+00:00,2015-09-16 08:20:00+00:00,25,4.17,0.4977,8.92,10.72,peer_context,medium
R80736,idle_in_apparently_usable_wind,2015-11-17 14:30:00+00:00,2015-11-17 14:40:00+00:00,2,0.33,0.4885,10.2,10.72,peer_context,medium
R80790,operating_below_reference_candidate,2015-01-13 17:00:00+00:00,2015-01-13 19:30:00+00:00,16,2.67,0.4841,10.74,10.25,peer_context,medium
R80711,operating_below_reference_candidate,2015-01-30 03:20:00+00:00,2015-01-30 05:20:00+00:00,13,2.17,0.4578,8.66,7.63,peer_context,medium
R80736,operating_below_reference_candidate,2015-01-29 22:10:00+00:00,2015-01-30 00:30:00+00:00,15,2.5,0.4451,10.53,11.1,peer_context,medium
R80736,operating_below_reference_candidate,2015-01-10 00:10:00+00:00,2015-01-10 03:20:00+00:00,20,3.33,0.439,11.38,11.58,peer_context,medium
R80790,operating_below_reference_candidate,2015-07-11 12:20:00+00:00,2015-07-11 16:00:00+00:00,23,3.83,0.4358,7.77,7.68,peer_context,medium
R80711,operating_below_reference_candidate,2015-11-20 04:00:00+00:00,2015-11-20 06:40:00+00:00,17,2.83,0.4306,10.73,10.42,peer_context,medium
R80790,operating_below_reference_candidate,2015-02-14 08:40:00+00:00,2015-02-14 13:30:00+00:00,30,5.0,0.4289,6.27,6.51,peer_context,medium
R80790,operating_below_reference_candidate,2015-07-25 08:30:00+00:00,2015-07-25 13:10:00+00:00,29,4.83,0.4274,11.04,10.7,peer_context,medium
R80736,operating_below_reference_candidate,2015-11-21 08:10:00+00:00,2015-11-21 11:50:00+00:00,23,3.83,0.4249,8.44,8.72,peer_context,medium
R80790,operating_below_reference_candidate,2015-03-28 22:20:00+00:00,2015-03-29 00:30:00+00:00,14,2.33,0.4099,9.87,9.52,peer_context,medium
R80790,operating_below_reference_candidate,2015-03-30 01:50:00+00:00,2015-03-30 04:00:00+00:00,14,2.33,0.4049,10.53,9.95,peer_context,medium
R80790,operating_below_reference_candidate,2015-11-17 01:30:00+00:00,2015-11-17 04:20:00+00:00,18,3.0,0.4015,10.6,10.2,peer_context,medium
R80790,idle_in_apparently_usable_wind,2015-06-14 11:30:00+00:00,2015-06-14 14:00:00+00:00,16,2.67,0.3991,5.09,5.44,peer_context,medium
R80736,operating_below_reference_candidate,2015-07-19 10:40:00+00:00,2015-07-19 15:30:00+00:00,30,5.0,0.3988,9.45,9.52,peer_context,medium
R80790,operating_below_reference_candidate,2015-01-08 04:10:00+00:00,2015-01-08 06:50:00+00:00,17,2.83,0.3974,9.53,8.82,peer_context,medium
R80736,operating_below_reference_candidate,2015-01-30 10:30:00+00:00,2015-01-30 12:30:00+00:00,13,2.17,0.3907,10.15,9.44,peer_context,medium
R80790,operating_below_reference_candidate,2015-06-22 16:00:00+00:00,2015-06-22 17:50:00+00:00,12,2.0,0.3885,10.23,9.35,peer_context,medium
R80721,operating_below_reference_candidate,2015-01-29 13:30:00+00:00,2015-01-29 17:30:00+00:00,25,4.17,0.3867,8.62,9.26,peer_context,medium
R80736,operating_below_reference_candidate,2015-07-05 14:10:00+00:00,2015-07-05 18:00:00+00:00,24,4.0,0.3825,9.71,9.94,peer_context,medium
R80736,operating_below_reference_candidate,2015-04-01 01:40:00+00:00,2015-04-01 06:00:00+00:00,27,4.5,0.3749,8.89,9.38,peer_context,medium
R80790,operating_below_reference_candidate,2015-11-30 02:20:00+00:00,2015-11-30 06:30:00+00:00,26,4.33,0.3746,11.82,11.37,peer_context,medium
R80711,operating_below_reference_candidate,2015-01-15 19:10:00+00:00,2015-01-15 21:20:00+00:00,14,2.33,0.3739,9.99,9.96,peer_context,medium
R80711,idle_in_apparently_usable_wind,2015-07-07 12:20:00+00:00,2015-07-07 13:00:00+00:00,5,0.83,0.3727,6.67,5.9,peer_context,medium
R80790,operating_below_reference_candidate,2015-11-29 13:00:00+00:00,2015-11-29 15:00:00+00:00,13,2.17,0.3725,10.81,10.31,peer_context,medium
R80790,operating_below_reference_candidate,2015-07-07 14:10:00+00:00,2015-07-07 15:40:00+00:00,10,1.67,0.3704,9.29,9.49,peer_context,medium
R80790,operating_below_reference_candidate,2015-08-24 10:50:00+00:00,2015-08-24 14:30:00+00:00,23,3.83,0.3691,8.4,8.92,peer_context,medium
R80711,operating_below_reference_candidate,2015-08-29 01:30:00+00:00,2015-08-29 05:30:00+00:00,25,4.17,0.3675,6.09,5.23,peer_context,medium
R80790,operating_below_reference_candidate,2015-05-12 09:30:00+00:00,2015-05-12 13:10:00+00:00,23,3.83,0.3674,7.43,7.29,peer_context,medium
R80790,operating_below_reference_candidate,2015-11-16 18:30:00+00:00,2015-11-16 20:40:00+00:00,14,2.33,0.3665,8.22,7.52,peer_context,medium
R80736,operating_below_reference_candidate,2015-07-07 13:50:00+00:00,2015-07-07 15:00:00+00:00,8,1.33,0.3661,9.4,9.22,peer_context,medium
R80736,operating_below_reference_candidate,2015-03-30 00:10:00+00:00,2015-03-30 03:10:00+00:00,19,3.17,0.3649,11.41,12.39,peer_context,medium
R80790,operating_below_reference_candidate,2015-12-21 09:20:00+00:00,2015-12-21 12:40:00+00:00,21,3.5,0.3624,9.03,8.85,peer_context,medium
R80790,operating_below_reference_candidate,2015-01-15 18:30:00+00:00,2015-01-15 20:50:00+00:00,15,2.5,0.3613,9.84,9.81,peer_context,medium
R80711,operating_below_reference_candidate,2015-11-29 19:50:00+00:00,2015-11-30 00:10:00+00:00,27,4.5,0.3567,12.72,12.15,peer_context,medium
R80711,operating_below_reference_candidate,2015-01-31 12:00:00+00:00,2015-01-31 15:10:00+00:00,20,3.33,0.3547,5.84,5.69,peer_context,medium
R80790,idle_in_apparently_usable_wind,2015-06-15 01:10:00+00:00,2015-06-15 03:00:00+00:00,12,2.0,0.3531,5.21,5.13,peer_context,medium
R80721,operating_below_reference_candidate,2015-11-21 09:30:00+00:00,2015-11-21 12:50:00+00:00,21,3.5,0.3528,7.67,8.13,peer_context,medium
R80721,operating_below_reference_candidate,2015-01-02 13:20:00+00:00,2015-01-02 14:40:00+00:00,9,1.5,0.3518,8.09,7.96,peer_context,medium
R80790,operating_below_reference_candidate,2015-11-20 00:40:00+00:00,2015-11-20 03:30:00+00:00,18,3.0,0.3478,11.97,11.42,peer_context,medium
R80790,operating_below_reference_candidate,2015-09-15 21:30:00+00:00,2015-09-16 00:20:00+00:00,18,3.0,0.3467,9.29,8.78,peer_context,medium
R80790,operating_below_reference_candidate,2015-12-28 09:20:00+00:00,2015-12-28 11:40:00+00:00,15,2.5,0.3414,9.53,10.23,peer_context,medium
R80711,operating_below_reference_candidate,2015-11-30 13:10:00+00:00,2015-11-30 16:00:00+00:00,18,3.0,0.3385,10.91,10.41,peer_context,medium
R80736,operating_below_reference_candidate,2015-01-30 01:40:00+00:00,2015-01-30 03:30:00+00:00,12,2.0,0.3368,9.37,9.59,peer_context,medium
R80790,operating_below_reference_candidate,2015-05-03 00:10:00+00:00,2015-05-03 03:10:00+00:00,19,3.17,0.3317,7.97,7.81,peer_context,medium
R80736,operating_below_reference_candidate,2015-07-11 06:50:00+00:00,2015-07-11 11:40:00+00:00,30,5.0,0.3308,7.91,8.17,peer_context,medium
R80790,operating_below_reference_candidate,2015-05-29 12:10:00+00:00,2015-05-29 16:00:00+00:00,24,4.0,0.3295,8.29,8.04,peer_context,medium
R80711,operating_below_reference_candidate,2015-08-24 14:40:00+00:00,2015-08-24 16:50:00+00:00,14,2.33,0.3197,11.94,11.79,peer_context,medium
R80711,idle_in_apparently_usable_wind,2015-05-07 06:00:00+00:00,2015-05-07 08:40:00+00:00,17,2.83,0.3185,4.75,5.14,peer_context,medium
R80790,operating_below_reference_candidate,2015-11-19 00:40:00+00:00,2015-11-19 03:40:00+00:00,19,3.17,0.3159,10.39,9.71,peer_context,medium
R80790,operating_below_reference_candidate,2015-08-23 04:40:00+00:00,2015-08-23 09:10:00+00:00,28,4.67,0.3151,6.52,6.88,peer_context,medium
R80711,operating_below_reference_candidate,2015-09-17 04:40:00+00:00,2015-09-17 06:40:00+00:00,13,2.17,0.314,9.55,9.05,peer_context,medium
R80790,idle_in_apparently_usable_wind,2015-04-27 13:50:00+00:00,2015-04-27 14:00:00+00:00,2,0.33,0.3115,8.24,8.07,peer_context,medium
R80790,operating_below_reference_candidate,2015-09-14 10:50:00+00:00,2015-09-14 14:30:00+00:00,23,3.83,0.31,10.33,10.16,peer_context,medium
R80711,idle_in_apparently_usable_wind,2015-04-28 13:30:00+00:00,2015-04-28 13:50:00+00:00,3,0.5,0.3083,7.05,5.95,peer_context,medium
R80721,operating_below_reference_candidate,2015-01-13 19:50:00+00:00,2015-01-13 22:30:00+00:00,17,2.83,0.3049,10.1,10.75,peer_context,medium
R80790,operating_below_reference_candidate,2015-01-14 19:50:00+00:00,2015-01-14 23:00:00+00:00,20,3.33,0.3042,8.8,8.27,peer_context,medium
R80790,operating_below_reference_candidate,2015-09-16 00:40:00+00:00,2015-09-16 04:00:00+00:00,21,3.5,0.3038,10.07,10.65,peer_context,medium
R80790,operating_below_reference_candidate,2015-02-13 18:30:00+00:00,2015-02-13 21:20:00+00:00,18,3.0,0.3027,7.98,8.96,peer_context,medium
R80721,idle_in_apparently_usable_wind,2015-05-04 13:30:00+00:00,2015-05-04 14:20:00+00:00,6,1.0,0.3024,5.97,6.93,peer_context,medium
R80711,operating_below_reference_candidate,2015-01-30 10:00:00+00:00,2015-01-30 12:10:00+00:00,14,2.33,0.2999,9.5,9.69,peer_context,medium
R80790,operating_below_reference_candidate,2015-01-30 10:00:00+00:00,2015-01-30 11:50:00+00:00,12,2.0,0.2959,9.96,9.69,peer_context,medium
R80736,operating_below_reference_candidate,2015-07-20 19:50:00+00:00,2015-07-21 00:10:00+00:00,27,4.5,0.2954,6.0,6.18,peer_context,medium
R80790,operating_below_reference_candidate,2015-03-29 22:20:00+00:00,2015-03-29 23:50:00+00:00,10,1.67,0.2939,10.3,9.48,peer_context,medium
R80736,operating_below_reference_candidate,2015-09-16 06:10:00+00:00,2015-09-16 09:40:00+00:00,22,3.67,0.288,10.92,10.22,peer_context,medium
R80711,idle_in_apparently_usable_wind,2015-08-06 06:10:00+00:00,2015-08-06 08:50:00+00:00,17,2.83,0.2865,4.86,5.12,peer_context,medium
R80736,operating_below_reference_candidate,2015-07-03 18:40:00+00:00,2015-07-03 22:20:00+00:00,23,3.83,0.2864,6.58,6.27,peer_context,medium
R80790,idle_in_apparently_usable_wind,2015-08-25 13:40:00+00:00,2015-08-25 14:10:00+00:00,4,0.67,0.2858,6.43,6.35,peer_context,medium
R80790,idle_in_apparently_usable_wind,2015-02-09 06:50:00+00:00,2015-02-09 07:50:00+00:00,7,1.17,0.2824,5.43,5.12,peer_context,medium
R80721,operating_below_reference_candidate,2015-06-02 09:30:00+00:00,2015-06-02 12:40:00+00:00,20,3.33,0.279,8.73,9.66,peer_context,medium
R80711,idle_in_apparently_usable_wind,2015-04-28 12:40:00+00:00,2015-04-28 13:10:00+00:00,4,0.67,0.2763,6.46,6.17,peer_context,medium
R80736,operating_below_reference_candidate,2015-01-29 09:30:00+00:00,2015-01-29 12:00:00+00:00,16,2.67,0.2761,9.26,8.77,peer_context,medium
R80790,operating_below_reference_candidate,2015-04-11 11:50:00+00:00,2015-04-11 14:50:00+00:00,19,3.17,0.2754,7.03,6.77,peer_context,medium
R80736,operating_below_reference_candidate,2015-11-17 08:10:00+00:00,2015-11-17 10:20:00+00:00,14,2.33,0.2745,11.57,11.13,peer_context,medium
R80721,operating_below_reference_candidate,2015-01-30 03:20:00+00:00,2015-01-30 05:50:00+00:00,16,2.67,0.2744,7.24,8.01,peer_context,medium
R80790,operating_below_reference_candidate,2015-07-07 07:30:00+00:00,2015-07-07 11:00:00+00:00,22,3.67,0.2742,6.43,6.43,peer_context,medium
R80790,operating_below_reference_candidate,2015-01-12 11:20:00+00:00,2015-01-12 14:20:00+00:00,19,3.17,0.2739,9.74,9.4,peer_context,medium
R80721,operating_below_reference_candidate,2015-07-07 08:30:00+00:00,2015-07-07 11:10:00+00:00,17,2.83,0.2734,6.61,6.82,peer_context,medium
R80736,operating_below_reference_candidate,2015-04-01 07:00:00+00:00,2015-04-01 08:30:00+00:00,10,1.67,0.2723,8.18,9.01,peer_context,medium
R80721,operating_below_reference_candidate,2015-01-30 09:40:00+00:00,2015-01-30 12:30:00+00:00,18,3.0,0.2721,9.2,9.77,peer_context,medium
R80721,operating_below_reference_candidate,2015-01-29 08:40:00+00:00,2015-01-29 11:30:00+00:00,18,3.0,0.272,8.36,8.77,peer_context,medium
R80711,operating_below_reference_candidate,2015-05-06 13:30:00+00:00,2015-05-06 14:20:00+00:00,6,1.0,0.2715,9.1,8.61,peer_context,medium
R80790,operating_below_reference_candidate,2015-01-29 09:50:00+00:00,2015-01-29 12:20:00+00:00,16,2.67,0.2694,9.0,9.16,peer_context,medium
R80790,operating_below_reference_candidate,2015-12-30 06:30:00+00:00,2015-12-30 08:20:00+00:00,12,2.0,0.2675,6.11,4.94,peer_context,medium
R80736,operating_below_reference_candidate,2015-07-04 22:20:00+00:00,2015-07-05 01:00:00+00:00,17,2.83,0.2674,7.06,6.74,peer_context,medium
R80721,operating_below_reference_candidate,2015-11-30 05:50:00+00:00,2015-11-30 09:50:00+00:00,25,4.17,0.2668,10.47,11.68,peer_context,medium
R80790,operating_below_reference_candidate,2015-11-30 09:10:00+00:00,2015-11-30 11:20:00+00:00,14,2.33,0.2647,11.21,10.81,peer_context,medium
R80736,operating_below_reference_candidate,2015-01-15 02:50:00+00:00,2015-01-15 05:20:00+00:00,16,2.67,0.2644,10.41,10.86,peer_context,medium
R80790,operating_below_reference_candidate,2015-08-26 13:10:00+00:00,2015-08-26 16:10:00+00:00,19,3.17,0.2638,7.03,7.19,peer_context,medium
R80790,operating_below_reference_candidate,2015-12-23 04:40:00+00:00,2015-12-23 06:30:00+00:00,12,2.0,0.2636,9.21,8.88,peer_context,medium
R80736,operating_below_reference_candidate,2015-03-29 22:10:00+00:00,2015-03-29 23:50:00+00:00,11,1.83,0.2626,9.63,10.15,peer_context,medium
R80790,operating_below_reference_candidate,2015-07-05 14:00:00+00:00,2015-07-05 16:40:00+00:00,17,2.83,0.2621,10.4,10.07,peer_context,medium
R80721,operating_below_reference_candidate,2015-10-04 17:30:00+00:00,2015-10-04 21:20:00+00:00,24,4.0,0.262,5.36,5.36,peer_context,medium
R80790,operating_below_reference_candidate,2015-04-13 10:50:00+00:00,2015-04-13 14:50:00+00:00,25,4.17,0.2588,5.71,5.7,peer_context,medium
R80790,operating_below_reference_candidate,2015-06-08 11:20:00+00:00,2015-06-08 14:20:00+00:00,19,3.17,0.2575,7.15,7.07,peer_context,medium
R80790,operating_below_reference_candidate,2015-03-30 08:00:00+00:00,2015-03-30 09:50:00+00:00,12,2.0,0.2572,11.99,12.05,peer_context,medium
R80790,operating_below_reference_candidate,2015-06-10 12:50:00+00:00,2015-06-10 16:40:00+00:00,24,4.0,0.2569,7.38,7.36,peer_context,medium
R80736,operating_below_reference_candidate,2015-03-01 02:10:00+00:00,2015-03-01 04:50:00+00:00,17,2.83,0.2552,9.59,10.13,peer_context,medium
R80711,operating_below_reference_candidate,2015-02-04 09:10:00+00:00,2015-02-04 10:30:00+00:00,9,1.5,0.2542,8.69,7.84,peer_context,medium
R80790,operating_below_reference_candidate,2015-05-06 14:10:00+00:00,2015-05-06 15:00:00+00:00,6,1.0,0.2541,9.9,9.12,peer_context,medium
R80711,operating_below_reference_candidate,2015-01-30 01:40:00+00:00,2015-01-30 03:00:00+00:00,9,1.5,0.2529,10.61,9.71,peer_context,medium
R80721,operating_below_reference_candidate,2015-05-12 09:00:00+00:00,2015-05-12 11:30:00+00:00,16,2.67,0.252,7.51,7.46,peer_context,medium
R80790,operating_below_reference_candidate,2015-07-19 14:10:00+00:00,2015-07-19 16:20:00+00:00,14,2.33,0.2515,8.63,8.62,peer_context,medium
R80790,operating_below_reference_candidate,2015-01-10 19:10:00+00:00,2015-01-10 20:50:00+00:00,11,1.83,0.2514,10.75,10.08,peer_context,medium
R80721,operating_below_reference_candidate,2015-04-02 08:50:00+00:00,2015-04-02 10:50:00+00:00,13,2.17,0.2499,10.35,11.04,peer_context,medium
R80790,operating_below_reference_candidate,2015-09-14 08:50:00+00:00,2015-09-14 10:30:00+00:00,11,1.83,0.2481,10.48,10.6,peer_context,medium
R80721,operating_below_reference_candidate,2015-07-07 14:20:00+00:00,2015-07-07 15:10:00+00:00,6,1.0,0.247,9.09,9.6,peer_context,medium
R80711,operating_below_reference_candidate,2015-11-25 01:10:00+00:00,2015-11-25 02:40:00+00:00,10,1.67,0.2469,9.26,8.14,peer_context,medium
R80790,operating_below_reference_candidate,2015-05-24 18:30:00+00:00,2015-05-24 20:40:00+00:00,14,2.33,0.246,6.11,5.79,peer_context,medium
R80711,operating_below_reference_candidate,2015-05-28 10:20:00+00:00,2015-05-28 13:00:00+00:00,17,2.83,0.2451,7.67,7.55,peer_context,medium
R80790,operating_below_reference_candidate,2015-11-09 02:20:00+00:00,2015-11-09 05:20:00+00:00,19,3.17,0.2451,8.16,7.8,peer_context,medium
R80790,operating_below_reference_candidate,2015-12-24 12:50:00+00:00,2015-12-24 15:40:00+00:00,18,3.0,0.2446,7.89,7.85,peer_context,medium
R80736,site_wide_low_or_zero_production,2015-02-27 04:00:00+00:00,2015-02-27 04:00:00+00:00,1,0.17,0.2443,10.15,9.63,peer_context,not_applicable
R80736,operating_below_reference_candidate,2015-01-13 17:40:00+00:00,2015-01-13 20:10:00+00:00,16,2.67,0.2442,10.44,10.6,peer_context,medium
R80736,operating_below_reference_candidate,2015-01-03 19:20:00+00:00,2015-01-03 21:40:00+00:00,15,2.5,0.2442,10.45,11.16,peer_context,medium
R80790,operating_below_reference_candidate,2015-07-03 23:00:00+00:00,2015-07-04 02:30:00+00:00,22,3.67,0.244,8.41,9.16,peer_context,medium
R80736,operating_below_reference_candidate,2015-07-16 17:40:00+00:00,2015-07-16 21:00:00+00:00,21,3.5,0.2429,6.85,6.01,peer_context,medium
R80736,operating_below_reference_candidate,2015-08-03 21:20:00+00:00,2015-08-04 00:30:00+00:00,20,3.33,0.2398,7.11,6.72,peer_context,medium
R80790,operating_below_reference_candidate,2015-11-16 21:30:00+00:00,2015-11-17 00:40:00+00:00,20,3.33,0.239,7.83,7.78,peer_context,medium
R80721,operating_below_reference_candidate,2015-08-03 18:30:00+00:00,2015-08-03 22:00:00+00:00,22,3.67,0.2383,6.5,6.3,peer_context,medium
R80736,operating_below_reference_candidate,2015-03-29 03:20:00+00:00,2015-03-29 05:20:00+00:00,13,2.17,0.2377,10.94,10.68,peer_context,medium
R80736,operating_below_reference_candidate,2015-08-15 10:00:00+00:00,2015-08-15 12:00:00+00:00,13,2.17,0.2351,8.44,8.84,peer_context,medium
R80790,operating_below_reference_candidate,2015-11-14 19:20:00+00:00,2015-11-14 22:30:00+00:00,20,3.33,0.232,10.92,10.27,peer_context,medium
R80790,operating_below_reference_candidate,2015-05-03 07:30:00+00:00,2015-05-03 09:00:00+00:00,10,1.67,0.2311,7.37,7.11,peer_context,medium
R80711,operating_below_reference_candidate,2015-01-25 04:20:00+00:00,2015-01-25 05:40:00+00:00,9,1.5,0.2301,6.1,5.46,peer_context,medium
R80711,operating_below_reference_candidate,2015-01-15 02:40:00+00:00,2015-01-15 05:10:00+00:00,16,2.67,0.2295,11.47,10.59,peer_context,medium
R80736,operating_below_reference_candidate,2015-09-16 11:10:00+00:00,2015-09-16 13:10:00+00:00,13,2.17,0.2278,11.47,11.23,peer_context,medium
R80736,operating_below_reference_candidate,2015-07-25 08:30:00+00:00,2015-07-25 11:10:00+00:00,17,2.83,0.2275,9.7,10.72,peer_context,medium
R80790,operating_below_reference_candidate,2015-11-16 08:10:00+00:00,2015-11-16 09:30:00+00:00,9,1.5,0.2274,8.13,7.72,peer_context,medium
R80711,operating_below_reference_candidate,2015-03-29 07:00:00+00:00,2015-03-29 08:50:00+00:00,12,2.0,0.2259,10.8,9.97,peer_context,medium
R80711,operating_below_reference_candidate,2015-11-19 09:20:00+00:00,2015-11-19 11:40:00+00:00,15,2.5,0.2259,8.6,8.25,peer_context,medium
R80790,operating_below_reference_candidate,2015-05-04 20:00:00+00:00,2015-05-04 22:50:00+00:00,18,3.0,0.2234,9.19,9.38,peer_context,medium
R80711,operating_below_reference_candidate,2015-01-10 05:50:00+00:00,2015-01-10 08:30:00+00:00,17,2.83,0.223,11.08,10.36,peer_context,medium
R80790,operating_below_reference_candidate,2015-10-01 12:00:00+00:00,2015-10-01 14:50:00+00:00,18,3.0,0.223,8.12,8.1,peer_context,medium
R80790,operating_below_reference_candidate,2015-12-22 09:50:00+00:00,2015-12-22 12:30:00+00:00,17,2.83,0.223,8.18,7.84,peer_context,medium
R80736,operating_below_reference_candidate,2015-07-16 22:50:00+00:00,2015-07-17 01:10:00+00:00,15,2.5,0.2208,8.2,7.81,peer_context,medium
R80711,operating_below_reference_candidate,2015-11-29 10:30:00+00:00,2015-11-29 12:50:00+00:00,15,2.5,0.2207,12.03,11.08,peer_context,medium
R80790,operating_below_reference_candidate,2015-01-10 06:00:00+00:00,2015-01-10 07:30:00+00:00,10,1.67,0.2205,10.43,10.14,peer_context,medium
R80736,operating_below_reference_candidate,2015-07-11 13:00:00+00:00,2015-07-11 15:50:00+00:00,18,3.0,0.2205,7.32,7.58,peer_context,medium
R80736,operating_below_reference_candidate,2015-07-10 15:10:00+00:00,2015-07-10 18:40:00+00:00,22,3.67,0.2199,6.13,6.01,peer_context,medium
R80790,operating_below_reference_candidate,2015-07-19 21:00:00+00:00,2015-07-19 23:20:00+00:00,15,2.5,0.2197,6.04,5.74,peer_context,medium
R80721,operating_below_reference_candidate,2015-07-25 08:00:00+00:00,2015-07-25 10:40:00+00:00,17,2.83,0.2193,9.85,10.53,peer_context,medium
R80790,operating_below_reference_candidate,2015-09-06 01:20:00+00:00,2015-09-06 04:30:00+00:00,20,3.33,0.2193,5.4,5.05,peer_context,medium
R80790,operating_below_reference_candidate,2015-01-07 23:00:00+00:00,2015-01-08 00:40:00+00:00,11,1.83,0.2186,7.49,7.27,peer_context,medium
R80721,operating_below_reference_candidate,2015-12-01 02:10:00+00:00,2015-12-01 06:00:00+00:00,24,4.0,0.2181,10.21,11.46,peer_context,medium
R80790,idle_in_apparently_usable_wind,2015-11-26 06:50:00+00:00,2015-11-26 08:50:00+00:00,13,2.17,0.2179,4.65,5.22,peer_context,medium
R80790,site_wide_low_or_zero_production,2015-02-27 04:00:00+00:00,2015-02-27 04:00:00+00:00,1,0.17,0.2179,9.48,9.96,peer_context,not_applicable
R80711,idle_in_apparently_usable_wind,2015-05-06 10:10:00+00:00,2015-05-06 10:10:00+00:00,1,0.17,0.2166,9.96,9.58,peer_context,medium
R80711,site_wide_low_or_zero_production,2015-02-27 04:00:00+00:00,2015-02-27 04:00:00+00:00,1,0.17,0.2166,9.78,9.81,peer_context,not_applicable
R80790,operating_below_reference_candidate,2015-06-02 15:40:00+00:00,2015-06-02 18:00:00+00:00,15,2.5,0.2165,8.29,8.08,peer_context,medium
R80721,operating_below_reference_candidate,2015-11-17 15:40:00+00:00,2015-11-17 18:00:00+00:00,15,2.5,0.2161,11.2,11.89,peer_context,medium
R80790,operating_below_reference_candidate,2015-05-19 08:20:00+00:00,2015-05-19 10:50:00+00:00,16,2.67,0.2158,7.91,7.99,peer_context,medium
R80721,operating_below_reference_candidate,2015-08-31 13:10:00+00:00,2015-08-31 16:20:00+00:00,20,3.33,0.2152,8.06,8.69,peer_context,medium
R80790,operating_below_reference_candidate,2015-03-30 14:30:00+00:00,2015-03-30 16:10:00+00:00,11,1.83,0.2133,8.97,8.68,peer_context,medium
R80790,operating_below_reference_candidate,2015-04-02 10:00:00+00:00,2015-04-02 12:00:00+00:00,13,2.17,0.2128,8.95,8.45,peer_context,medium
R80711,operating_below_reference_candidate,2015-08-31 11:40:00+00:00,2015-08-31 14:00:00+00:00,15,2.5,0.2114,9.03,9.09,peer_context,medium
R80790,operating_below_reference_candidate,2015-01-09 06:40:00+00:00,2015-01-09 08:50:00+00:00,14,2.33,0.2112,12.04,11.77,peer_context,medium
R80721,operating_below_reference_candidate,2015-03-29 07:20:00+00:00,2015-03-29 09:10:00+00:00,12,2.0,0.2111,9.46,10.83,peer_context,medium
R80736,operating_below_reference_candidate,2015-07-08 07:50:00+00:00,2015-07-08 10:30:00+00:00,17,2.83,0.2088,8.42,8.61,peer_context,medium
R80790,operating_below_reference_candidate,2015-04-27 16:10:00+00:00,2015-04-27 18:10:00+00:00,13,2.17,0.2078,7.73,7.31,peer_context,medium
R80790,operating_below_reference_candidate,2015-06-02 09:10:00+00:00,2015-06-02 10:30:00+00:00,9,1.5,0.2074,8.96,8.72,peer_context,medium
R80790,operating_below_reference_candidate,2015-08-15 10:10:00+00:00,2015-08-15 12:10:00+00:00,13,2.17,0.2068,8.99,8.77,peer_context,medium
R80711,operating_below_reference_candidate,2015-04-01 02:20:00+00:00,2015-04-01 04:40:00+00:00,15,2.5,0.2054,10.37,9.09,peer_context,medium
R80736,operating_below_reference_candidate,2015-11-29 00:50:00+00:00,2015-11-29 02:50:00+00:00,13,2.17,0.2053,10.25,10.73,peer_context,medium
R80736,operating_below_reference_candidate,2015-01-26 03:10:00+00:00,2015-01-26 05:10:00+00:00,13,2.17,0.2042,5.54,5.41,peer_context,medium
R80721,operating_below_reference_candidate,2015-01-30 01:10:00+00:00,2015-01-30 03:00:00+00:00,12,2.0,0.2035,9.78,10.33,peer_context,medium
R80711,operating_below_reference_candidate,2015-09-16 06:40:00+00:00,2015-09-16 08:20:00+00:00,11,1.83,0.2028,11.09,9.77,peer_context,medium
R80790,operating_below_reference_candidate,2015-09-17 12:00:00+00:00,2015-09-17 14:30:00+00:00,16,2.67,0.2026,9.75,9.41,peer_context,medium
R80790,operating_below_reference_candidate,2015-11-28 23:40:00+00:00,2015-11-29 02:30:00+00:00,18,3.0,0.2023,11.55,11.19,peer_context,medium
R80790,operating_below_reference_candidate,2015-11-18 20:30:00+00:00,2015-11-18 22:40:00+00:00,14,2.33,0.2021,9.91,9.27,peer_context,medium
R80736,operating_below_reference_candidate,2015-03-31 11:10:00+00:00,2015-03-31 13:10:00+00:00,13,2.17,0.202,12.81,13.53,peer_context,medium
R80790,operating_below_reference_candidate,2015-07-19 08:10:00+00:00,2015-07-19 10:40:00+00:00,16,2.67,0.202,8.21,8.2,peer_context,medium
R80790,operating_below_reference_candidate,2015-09-28 09:40:00+00:00,2015-09-28 11:30:00+00:00,12,2.0,0.2015,9.97,10.33,peer_context,medium
R80721,operating_below_reference_candidate,2015-01-14 09:50:00+00:00,2015-01-14 11:40:00+00:00,12,2.0,0.201,9.16,9.6,peer_context,medium
R80790,operating_below_reference_candidate,2015-09-13 17:00:00+00:00,2015-09-13 17:50:00+00:00,6,1.0,0.2009,10.13,9.11,peer_context,medium
R80721,operating_below_reference_candidate,2015-11-20 04:10:00+00:00,2015-11-20 06:10:00+00:00,13,2.17,0.1998,10.01,11.23,peer_context,medium
R80790,operating_below_reference_candidate,2015-11-19 05:40:00+00:00,2015-11-19 07:10:00+00:00,10,1.67,0.1997,9.13,8.74,peer_context,medium
R80790,operating_below_reference_candidate,2015-09-14 06:20:00+00:00,2015-09-14 08:30:00+00:00,14,2.33,0.1995,8.4,8.06,peer_context,medium
R80711,operating_below_reference_candidate,2015-01-31 01:20:00+00:00,2015-01-31 03:40:00+00:00,15,2.5,0.1991,7.54,5.37,peer_context,medium
R80790,idle_in_apparently_usable_wind,2015-03-19 01:00:00+00:00,2015-03-19 01:00:00+00:00,1,0.17,0.1986,9.09,7.82,peer_context,medium
R80790,operating_below_reference_candidate,2015-08-23 15:10:00+00:00,2015-08-23 18:10:00+00:00,19,3.17,0.197,6.12,6.45,peer_context,medium
R80790,operating_below_reference_candidate,2015-12-19 21:30:00+00:00,2015-12-19 23:10:00+00:00,11,1.83,0.1969,7.28,6.6,peer_context,medium
R80711,operating_below_reference_candidate,2015-04-12 23:10:00+00:00,2015-04-13 02:00:00+00:00,18,3.0,0.1969,5.81,5.34,peer_context,medium
R80711,operating_below_reference_candidate,2015-04-02 15:50:00+00:00,2015-04-02 19:30:00+00:00,23,3.83,0.1968,5.24,4.62,peer_context,medium
R80711,operating_below_reference_candidate,2015-11-21 10:10:00+00:00,2015-11-21 12:10:00+00:00,13,2.17,0.1963,9.13,8.09,peer_context,medium
R80711,operating_below_reference_candidate,2015-12-01 06:30:00+00:00,2015-12-01 08:50:00+00:00,15,2.5,0.196,9.27,8.47,peer_context,medium
R80711,operating_below_reference_candidate,2015-01-28 11:00:00+00:00,2015-01-28 12:30:00+00:00,10,1.67,0.1955,10.8,10.44,peer_context,medium
R80711,operating_below_reference_candidate,2015-01-14 22:50:00+00:00,2015-01-15 01:10:00+00:00,15,2.5,0.1949,9.44,9.35,peer_context,medium
R80711,idle_in_apparently_usable_wind,2015-07-05 13:30:00+00:00,2015-07-05 13:30:00+00:00,1,0.17,0.1943,9.31,7.82,peer_context,medium
R80790,operating_below_reference_candidate,2015-01-30 00:50:00+00:00,2015-01-30 03:00:00+00:00,14,2.33,0.1931,10.6,10.51,peer_context,medium
R80736,operating_below_reference_candidate,2015-06-02 09:20:00+00:00,2015-06-02 10:10:00+00:00,6,1.0,0.192,8.46,8.42,peer_context,medium
R80790,operating_below_reference_candidate,2015-09-14 00:40:00+00:00,2015-09-14 02:50:00+00:00,14,2.33,0.1913,6.92,7.05,peer_context,medium
R80790,operating_below_reference_candidate,2015-04-12 23:40:00+00:00,2015-04-13 02:30:00+00:00,18,3.0,0.1912,5.82,5.77,peer_context,medium
R80721,operating_below_reference_candidate,2015-04-20 02:50:00+00:00,2015-04-20 04:40:00+00:00,12,2.0,0.1908,5.84,5.52,peer_context,medium
R80790,operating_below_reference_candidate,2015-10-12 16:10:00+00:00,2015-10-12 18:30:00+00:00,15,2.5,0.1902,5.7,5.53,peer_context,medium
R80736,operating_below_reference_candidate,2015-06-22 16:40:00+00:00,2015-06-22 17:50:00+00:00,8,1.33,0.1902,9.08,9.76,peer_context,medium
R80790,operating_below_reference_candidate,2015-12-29 02:20:00+00:00,2015-12-29 03:40:00+00:00,9,1.5,0.19,8.33,7.79,peer_context,medium
R80711,operating_below_reference_candidate,2015-01-13 10:50:00+00:00,2015-01-13 12:20:00+00:00,10,1.67,0.1898,9.56,10.03,peer_context,medium
R80790,operating_below_reference_candidate,2015-03-30 10:10:00+00:00,2015-03-30 11:20:00+00:00,8,1.33,0.1884,11.65,11.34,peer_context,medium
R80711,operating_below_reference_candidate,2015-11-30 09:30:00+00:00,2015-11-30 11:30:00+00:00,13,2.17,0.1883,11.1,10.79,peer_context,medium
R80790,operating_below_reference_candidate,2015-05-05 14:10:00+00:00,2015-05-05 16:50:00+00:00,17,2.83,0.1881,8.26,7.82,peer_context,medium
R80711,operating_below_reference_candidate,2015-02-22 00:00:00+00:00,2015-02-22 02:20:00+00:00,15,2.5,0.188,5.52,4.68,peer_context,medium
R80721,operating_below_reference_candidate,2015-07-19 23:30:00+00:00,2015-07-20 01:50:00+00:00,15,2.5,0.1878,6.21,6.0,peer_context,medium
R80790,operating_below_reference_candidate,2015-10-06 17:50:00+00:00,2015-10-06 20:50:00+00:00,19,3.17,0.1876,8.34,8.01,peer_context,medium
R80790,operating_below_reference_candidate,2015-03-02 04:10:00+00:00,2015-03-02 05:30:00+00:00,9,1.5,0.1872,8.96,8.57,peer_context,medium
R80790,operating_below_reference_candidate,2015-04-15 03:10:00+00:00,2015-04-15 06:10:00+00:00,19,3.17,0.187,5.07,4.82,peer_context,medium
R80736,operating_below_reference_candidate,2015-03-31 23:20:00+00:00,2015-04-01 01:20:00+00:00,13,2.17,0.1868,10.31,11.13,peer_context,medium
R80736,operating_below_reference_candidate,2015-07-02 12:00:00+00:00,2015-07-02 13:30:00+00:00,10,1.67,0.1865,7.16,6.82,peer_context,medium
R80790,operating_below_reference_candidate,2015-09-29 18:50:00+00:00,2015-09-29 20:50:00+00:00,13,2.17,0.1863,8.41,7.55,peer_context,medium
R80721,operating_below_reference_candidate,2015-08-15 10:00:00+00:00,2015-08-15 11:40:00+00:00,11,1.83,0.186,8.55,8.6,peer_context,medium
R80736,operating_below_reference_candidate,2015-08-03 18:50:00+00:00,2015-08-03 20:20:00+00:00,10,1.67,0.1856,6.8,6.22,peer_context,medium
R80711,operating_below_reference_candidate,2015-01-09 06:50:00+00:00,2015-01-09 09:00:00+00:00,14,2.33,0.1853,12.0,11.85,peer_context,medium
R80790,operating_below_reference_candidate,2015-02-24 12:00:00+00:00,2015-02-24 14:20:00+00:00,15,2.5,0.1842,7.8,7.51,peer_context,medium
R80721,operating_below_reference_candidate,2015-03-29 04:10:00+00:00,2015-03-29 06:20:00+00:00,14,2.33,0.1841,9.97,11.12,peer_context,medium
R80736,operating_below_reference_candidate,2015-08-31 11:50:00+00:00,2015-08-31 14:00:00+00:00,14,2.33,0.1838,9.51,8.85,peer_context,medium
R80790,operating_below_reference_candidate,2015-09-03 17:30:00+00:00,2015-09-03 19:50:00+00:00,15,2.5,0.1836,5.49,5.24,peer_context,medium
R80711,operating_below_reference_candidate,2015-10-04 17:10:00+00:00,2015-10-04 19:40:00+00:00,16,2.67,0.1835,5.77,4.9,peer_context,medium
R80711,operating_below_reference_candidate,2015-05-25 04:00:00+00:00,2015-05-25 07:00:00+00:00,19,3.17,0.1834,5.77,5.46,peer_context,medium
R80721,operating_below_reference_candidate,2015-07-19 12:00:00+00:00,2015-07-19 13:50:00+00:00,12,2.0,0.183,9.66,9.89,peer_context,medium
R80736,operating_below_reference_candidate,2015-07-02 16:50:00+00:00,2015-07-02 19:10:00+00:00,15,2.5,0.1829,6.59,6.27,peer_context,medium
R80721,operating_below_reference_candidate,2015-03-30 01:50:00+00:00,2015-03-30 04:00:00+00:00,14,2.33,0.1828,9.28,10.37,peer_context,medium
R80790,operating_below_reference_candidate,2015-04-30 10:20:00+00:00,2015-04-30 12:10:00+00:00,12,2.0,0.1821,8.21,8.05,peer_context,medium
R80711,operating_below_reference_candidate,2015-07-11 12:10:00+00:00,2015-07-11 14:40:00+00:00,16,2.67,0.1816,8.16,7.81,peer_context,medium
R80790,operating_below_reference_candidate,2015-12-11 09:10:00+00:00,2015-12-11 11:00:00+00:00,12,2.0,0.1815,6.69,6.41,peer_context,medium
R80711,operating_below_reference_candidate,2015-07-21 02:00:00+00:00,2015-07-21 03:20:00+00:00,9,1.5,0.1812,6.28,5.65,peer_context,medium
R80790,operating_below_reference_candidate,2015-07-03 13:10:00+00:00,2015-07-03 15:40:00+00:00,16,2.67,0.1811,5.65,5.49,peer_context,medium
R80711,operating_below_reference_candidate,2015-07-19 12:50:00+00:00,2015-07-19 14:50:00+00:00,13,2.17,0.1806,9.59,9.88,peer_context,medium
R80721,operating_below_reference_candidate,2015-07-14 02:20:00+00:00,2015-07-14 05:00:00+00:00,17,2.83,0.1806,5.99,5.8,peer_context,medium
R80790,operating_below_reference_candidate,2015-11-16 13:00:00+00:00,2015-11-16 14:50:00+00:00,12,2.0,0.1805,6.52,6.39,peer_context,medium
R80790,operating_below_reference_candidate,2015-01-03 21:10:00+00:00,2015-01-03 22:40:00+00:00,10,1.67,0.1802,8.4,7.83,peer_context,medium
R80790,operating_below_reference_candidate,2015-07-13 09:30:00+00:00,2015-07-13 11:50:00+00:00,15,2.5,0.179,6.74,6.63,peer_context,medium
R80736,operating_below_reference_candidate,2015-07-27 14:40:00+00:00,2015-07-27 16:50:00+00:00,14,2.33,0.1787,8.74,8.64,peer_context,medium
R80790,operating_below_reference_candidate,2015-05-10 18:30:00+00:00,2015-05-10 22:40:00+00:00,26,4.33,0.1787,5.39,5.16,peer_context,medium
R80790,operating_below_reference_candidate,2015-01-11 10:20:00+00:00,2015-01-11 12:10:00+00:00,12,2.0,0.1783,9.51,9.56,peer_context,medium
R80711,operating_below_reference_candidate,2015-01-29 15:50:00+00:00,2015-01-29 18:00:00+00:00,14,2.33,0.1779,9.38,8.74,peer_context,medium
R80711,operating_below_reference_candidate,2015-07-25 06:10:00+00:00,2015-07-25 07:20:00+00:00,8,1.33,0.1779,11.02,11.16,peer_context,medium
R80790,operating_below_reference_candidate,2015-02-23 00:40:00+00:00,2015-02-23 02:20:00+00:00,11,1.83,0.1778,10.07,9.7,peer_context,medium
R80736,operating_below_reference_candidate,2015-08-27 10:30:00+00:00,2015-08-27 12:30:00+00:00,13,2.17,0.1778,7.02,6.99,peer_context,medium
R80790,operating_below_reference_candidate,2015-06-22 18:10:00+00:00,2015-06-22 19:00:00+00:00,6,1.0,0.1775,9.97,9.38,peer_context,medium
R80790,idle_in_apparently_usable_wind,2015-11-24 17:30:00+00:00,2015-11-24 17:30:00+00:00,1,0.17,0.1771,8.53,9.14,peer_context,medium
R80790,operating_below_reference_candidate,2015-12-28 18:50:00+00:00,2015-12-28 20:30:00+00:00,11,1.83,0.177,6.89,7.79,peer_context,medium
R80721,operating_below_reference_candidate,2015-04-06 02:20:00+00:00,2015-04-06 05:30:00+00:00,20,3.33,0.1769,5.37,5.24,peer_context,medium
R80711,operating_below_reference_candidate,2015-08-25 08:20:00+00:00,2015-08-25 09:50:00+00:00,10,1.67,0.1767,7.12,7.12,peer_context,medium
R80790,operating_below_reference_candidate,2015-07-16 22:20:00+00:00,2015-07-17 00:40:00+00:00,15,2.5,0.1763,7.75,8.26,peer_context,medium
R80790,operating_below_reference_candidate,2015-12-24 10:30:00+00:00,2015-12-24 12:00:00+00:00,10,1.67,0.1763,8.38,8.23,peer_context,medium
R80736,operating_below_reference_candidate,2015-08-31 09:10:00+00:00,2015-08-31 11:30:00+00:00,15,2.5,0.1761,7.81,7.57,peer_context,medium
R80711,operating_below_reference_candidate,2015-05-03 01:50:00+00:00,2015-05-03 03:10:00+00:00,9,1.5,0.176,8.49,8.22,peer_context,medium
R80721,operating_below_reference_candidate,2015-07-08 09:10:00+00:00,2015-07-08 11:10:00+00:00,13,2.17,0.176,8.2,8.46,peer_context,medium
R80711,operating_below_reference_candidate,2015-01-30 06:50:00+00:00,2015-01-30 08:10:00+00:00,9,1.5,0.1757,7.77,7.32,peer_context,medium
R80736,operating_below_reference_candidate,2015-11-21 05:40:00+00:00,2015-11-21 07:00:00+00:00,9,1.5,0.1752,7.93,8.29,peer_context,medium
R80790,operating_below_reference_candidate,2015-03-30 20:50:00+00:00,2015-03-30 22:20:00+00:00,10,1.67,0.1751,9.96,9.68,peer_context,medium
R80721,operating_below_reference_candidate,2015-01-29 06:10:00+00:00,2015-01-29 07:30:00+00:00,9,1.5,0.1747,8.54,9.12,peer_context,medium
R80711,operating_below_reference_candidate,2015-11-30 04:20:00+00:00,2015-11-30 06:50:00+00:00,16,2.67,0.174,12.16,11.54,peer_context,medium
R80790,operating_below_reference_candidate,2015-03-01 19:10:00+00:00,2015-03-01 20:20:00+00:00,8,1.33,0.1738,10.22,10.29,peer_context,medium
R80790,operating_below_reference_candidate,2015-02-14 04:10:00+00:00,2015-02-14 06:40:00+00:00,16,2.67,0.1737,6.29,6.85,peer_context,medium
R80790,operating_below_reference_candidate,2015-01-29 22:00:00+00:00,2015-01-29 23:30:00+00:00,10,1.67,0.1737,11.1,10.76,peer_context,medium
R80790,operating_below_reference_candidate,2015-05-14 16:10:00+00:00,2015-05-14 17:20:00+00:00,8,1.33,0.1736,10.06,9.5,peer_context,medium
R80736,operating_below_reference_candidate,2015-05-20 22:50:00+00:00,2015-05-21 00:30:00+00:00,11,1.83,0.1735,7.23,6.33,peer_context,medium
R80736,idle_in_apparently_usable_wind,2015-11-24 08:50:00+00:00,2015-11-24 11:10:00+00:00,15,2.5,0.1726,4.2,5.3,peer_context,medium
R80790,operating_below_reference_candidate,2015-04-11 08:10:00+00:00,2015-04-11 09:00:00+00:00,6,1.0,0.1723,6.62,6.41,peer_context,medium
R80736,operating_below_reference_candidate,2015-07-13 21:00:00+00:00,2015-07-13 23:30:00+00:00,16,2.67,0.1718,6.93,6.97,peer_context,medium
R80790,operating_below_reference_candidate,2015-12-28 17:00:00+00:00,2015-12-28 18:30:00+00:00,10,1.67,0.1716,6.82,7.44,peer_context,medium
R80711,operating_below_reference_candidate,2015-11-20 00:40:00+00:00,2015-11-20 02:10:00+00:00,10,1.67,0.1714,12.73,11.81,peer_context,medium
R80721,operating_below_reference_candidate,2015-03-29 22:10:00+00:00,2015-03-29 23:30:00+00:00,9,1.5,0.1713,9.46,10.33,peer_context,medium
R80790,operating_below_reference_candidate,2015-05-28 07:40:00+00:00,2015-05-28 09:40:00+00:00,13,2.17,0.1712,6.19,6.26,peer_context,medium
R80736,operating_below_reference_candidate,2015-04-15 03:00:00+00:00,2015-04-15 06:10:00+00:00,20,3.33,0.1711,5.0,4.79,peer_context,medium
R80736,operating_below_reference_candidate,2015-07-07 07:40:00+00:00,2015-07-07 10:30:00+00:00,18,3.0,0.171,6.38,6.45,peer_context,medium
R80790,operating_below_reference_candidate,2015-09-22 14:00:00+00:00,2015-09-22 15:30:00+00:00,10,1.67,0.1708,8.15,7.65,peer_context,medium
R80790,operating_below_reference_candidate,2015-07-26 19:20:00+00:00,2015-07-26 21:10:00+00:00,12,2.0,0.1703,6.95,6.8,peer_context,medium
R80711,operating_below_reference_candidate,2015-11-29 13:40:00+00:00,2015-11-29 15:30:00+00:00,12,2.0,0.1702,10.8,9.93,peer_context,medium
R80711,operating_below_reference_candidate,2015-03-30 01:50:00+00:00,2015-03-30 03:10:00+00:00,9,1.5,0.1695,11.47,10.23,peer_context,medium
R80790,operating_below_reference_candidate,2015-09-09 11:40:00+00:00,2015-09-09 13:40:00+00:00,13,2.17,0.1689,7.35,7.47,peer_context,medium
R80736,operating_below_reference_candidate,2015-07-25 13:10:00+00:00,2015-07-25 14:50:00+00:00,11,1.83,0.1684,9.61,10.17,peer_context,medium
R80721,operating_below_reference_candidate,2015-11-19 23:20:00+00:00,2015-11-20 01:40:00+00:00,15,2.5,0.1678,11.79,13.32,peer_context,medium
R80711,operating_below_reference_candidate,2015-01-27 19:40:00+00:00,2015-01-27 22:00:00+00:00,15,2.5,0.1674,5.62,5.36,peer_context,medium
R80790,operating_below_reference_candidate,2015-07-27 04:10:00+00:00,2015-07-27 05:30:00+00:00,9,1.5,0.1668,8.69,8.43,peer_context,medium
R80790,operating_below_reference_candidate,2015-05-05 12:10:00+00:00,2015-05-05 13:50:00+00:00,11,1.83,0.1665,10.95,10.79,peer_context,medium
R80721,operating_below_reference_candidate,2015-07-11 12:30:00+00:00,2015-07-11 14:40:00+00:00,14,2.33,0.1663,7.69,7.89,peer_context,medium
R80736,idle_in_apparently_usable_wind,2015-08-26 13:40:00+00:00,2015-08-26 13:50:00+00:00,2,0.33,0.1662,6.92,6.98,peer_context,medium
R80711,operating_below_reference_candidate,2015-09-17 12:30:00+00:00,2015-09-17 13:50:00+00:00,9,1.5,0.1662,10.02,9.7,peer_context,medium
R80790,operating_below_reference_candidate,2015-11-17 18:10:00+00:00,2015-11-17 19:40:00+00:00,10,1.67,0.1661,12.27,12.06,peer_context,medium
R80790,operating_below_reference_candidate,2015-12-28 12:00:00+00:00,2015-12-28 13:30:00+00:00,10,1.67,0.1659,7.25,7.58,peer_context,medium
R80790,operating_below_reference_candidate,2015-07-11 10:40:00+00:00,2015-07-11 12:00:00+00:00,9,1.5,0.1655,9.44,9.05,peer_context,medium
R80790,operating_below_reference_candidate,2015-01-13 10:00:00+00:00,2015-01-13 11:40:00+00:00,11,1.83,0.1653,11.36,10.72,peer_context,medium
R80736,operating_below_reference_candidate,2015-03-31 20:30:00+00:00,2015-03-31 21:50:00+00:00,9,1.5,0.1653,11.6,12.35,peer_context,medium
R80790,operating_below_reference_candidate,2015-11-18 05:10:00+00:00,2015-11-18 06:40:00+00:00,10,1.67,0.1652,8.58,8.4,peer_context,medium
R80721,operating_below_reference_candidate,2015-03-11 23:20:00+00:00,2015-03-12 02:00:00+00:00,17,2.83,0.1652,5.88,5.91,peer_context,medium
R80790,operating_below_reference_candidate,2015-05-03 21:50:00+00:00,2015-05-04 00:00:00+00:00,14,2.33,0.1649,7.16,6.78,peer_context,medium
R80711,operating_below_reference_candidate,2015-01-13 23:00:00+00:00,2015-01-14 00:30:00+00:00,10,1.67,0.1646,11.37,10.52,peer_context,medium
R80736,operating_below_reference_candidate,2015-06-07 13:50:00+00:00,2015-06-07 17:00:00+00:00,20,3.33,0.1644,5.86,5.37,peer_context,medium
R80790,operating_below_reference_candidate,2015-02-24 08:50:00+00:00,2015-02-24 09:40:00+00:00,6,1.0,0.1642,7.09,7.17,peer_context,medium
R80721,operating_below_reference_candidate,2015-11-29 08:20:00+00:00,2015-11-29 11:00:00+00:00,17,2.83,0.1639,10.38,11.56,peer_context,medium
R80790,operating_below_reference_candidate,2015-04-11 03:50:00+00:00,2015-04-11 05:50:00+00:00,13,2.17,0.1637,6.62,6.41,peer_context,medium
R80721,operating_below_reference_candidate,2015-07-02 10:00:00+00:00,2015-07-02 12:10:00+00:00,14,2.33,0.1634,7.76,7.82,peer_context,medium
R80711,operating_below_reference_candidate,2015-03-02 12:40:00+00:00,2015-03-02 13:40:00+00:00,7,1.17,0.1634,9.98,9.47,peer_context,medium
R80736,operating_below_reference_candidate,2015-11-18 00:20:00+00:00,2015-11-18 01:30:00+00:00,8,1.33,0.1633,10.67,10.7,peer_context,medium
R80721,operating_below_reference_candidate,2015-11-20 02:00:00+00:00,2015-11-20 03:40:00+00:00,11,1.83,0.163,10.19,11.59,peer_context,medium
R80736,operating_below_reference_candidate,2015-08-05 20:30:00+00:00,2015-08-05 23:00:00+00:00,16,2.67,0.1629,6.55,6.17,peer_context,medium
R80721,operating_below_reference_candidate,2015-01-14 07:40:00+00:00,2015-01-14 09:30:00+00:00,12,2.0,0.1626,9.54,10.36,peer_context,medium
R80711,operating_below_reference_candidate,2015-12-30 06:00:00+00:00,2015-12-30 07:20:00+00:00,9,1.5,0.1625,6.17,3.95,peer_context,medium
R80721,operating_below_reference_candidate,2015-08-29 20:50:00+00:00,2015-08-29 22:20:00+00:00,10,1.67,0.1622,6.12,5.65,peer_context,medium
R80790,operating_below_reference_candidate,2015-11-15 06:10:00+00:00,2015-11-15 07:20:00+00:00,8,1.33,0.1622,9.61,9.11,peer_context,medium
R80721,operating_below_reference_candidate,2015-07-05 14:10:00+00:00,2015-07-05 16:50:00+00:00,17,2.83,0.1621,9.63,10.28,peer_context,medium
R80711,operating_below_reference_candidate,2015-11-10 16:40:00+00:00,2015-11-10 18:00:00+00:00,9,1.5,0.1612,5.8,5.09,peer_context,medium
R80790,operating_below_reference_candidate,2015-05-22 17:50:00+00:00,2015-05-22 19:30:00+00:00,11,1.83,0.1609,5.55,5.13,peer_context,medium
R80736,operating_below_reference_candidate,2015-07-08 10:50:00+00:00,2015-07-08 12:40:00+00:00,12,2.0,0.1605,8.17,8.69,peer_context,medium
R80790,operating_below_reference_candidate,2015-06-18 10:00:00+00:00,2015-06-18 11:00:00+00:00,7,1.17,0.1601,7.9,7.16,peer_context,medium
R80790,operating_below_reference_candidate,2015-01-13 01:20:00+00:00,2015-01-13 03:00:00+00:00,11,1.83,0.1596,10.25,9.74,peer_context,medium
R80711,operating_below_reference_candidate,2015-01-29 18:20:00+00:00,2015-01-29 20:10:00+00:00,12,2.0,0.1595,10.35,9.88,peer_context,medium
R80736,operating_below_reference_candidate,2015-11-20 05:20:00+00:00,2015-11-20 07:00:00+00:00,11,1.83,0.1593,9.38,8.7,peer_context,medium
R80736,operating_below_reference_candidate,2015-03-31 14:30:00+00:00,2015-03-31 16:20:00+00:00,12,2.0,0.1591,11.29,12.68,peer_context,medium
R80790,operating_below_reference_candidate,2015-05-29 17:50:00+00:00,2015-05-29 19:00:00+00:00,8,1.33,0.1591,6.18,5.9,peer_context,medium
R80736,operating_below_reference_candidate,2015-01-13 21:30:00+00:00,2015-01-13 22:30:00+00:00,7,1.17,0.1589,11.42,11.07,peer_context,medium
R80711,operating_below_reference_candidate,2015-06-22 17:40:00+00:00,2015-06-22 18:40:00+00:00,7,1.17,0.1589,11.48,10.14,peer_context,medium
R80711,operating_below_reference_candidate,2015-03-29 04:40:00+00:00,2015-03-29 06:30:00+00:00,12,2.0,0.1587,11.11,10.75,peer_context,medium
R80790,operating_below_reference_candidate,2015-11-30 18:20:00+00:00,2015-11-30 19:40:00+00:00,9,1.5,0.1584,11.49,10.99,peer_context,medium
R80790,idle_in_apparently_usable_wind,2015-05-13 15:30:00+00:00,2015-05-13 16:20:00+00:00,6,1.0,0.158,5.11,5.78,peer_context,medium
R80711,operating_below_reference_candidate,2015-08-05 01:00:00+00:00,2015-08-05 03:40:00+00:00,17,2.83,0.1579,6.06,5.51,peer_context,medium
R80736,operating_below_reference_candidate,2015-11-25 00:40:00+00:00,2015-11-25 01:50:00+00:00,8,1.33,0.1577,8.34,8.71,peer_context,medium
R80790,operating_below_reference_candidate,2015-06-17 16:10:00+00:00,2015-06-17 18:40:00+00:00,16,2.67,0.1575,5.28,5.16,peer_context,medium
R80711,operating_below_reference_candidate,2015-02-20 06:40:00+00:00,2015-02-20 07:50:00+00:00,8,1.33,0.1567,9.93,8.46,peer_context,medium
R80736,operating_below_reference_candidate,2015-06-14 00:40:00+00:00,2015-06-14 03:40:00+00:00,19,3.17,0.1565,5.38,5.29,peer_context,medium
R80790,operating_below_reference_candidate,2015-01-14 11:30:00+00:00,2015-01-14 13:10:00+00:00,11,1.83,0.1564,10.86,9.96,peer_context,medium
R80721,operating_below_reference_candidate,2015-07-17 15:20:00+00:00,2015-07-17 17:40:00+00:00,15,2.5,0.1564,6.55,6.63,peer_context,medium
R80721,operating_below_reference_candidate,2015-11-18 18:10:00+00:00,2015-11-18 20:20:00+00:00,14,2.33,0.1561,8.37,9.13,peer_context,medium
R80736,operating_below_reference_candidate,2015-01-14 10:10:00+00:00,2015-01-14 11:40:00+00:00,10,1.67,0.1561,9.29,9.15,peer_context,medium
R80711,operating_below_reference_candidate,2015-07-14 18:10:00+00:00,2015-07-14 19:40:00+00:00,10,1.67,0.1559,6.29,5.98,peer_context,medium
R80790,operating_below_reference_candidate,2015-12-23 02:30:00+00:00,2015-12-23 04:20:00+00:00,12,2.0,0.1553,9.89,8.92,peer_context,medium
R80721,operating_below_reference_candidate,2015-01-31 10:50:00+00:00,2015-01-31 13:00:00+00:00,14,2.33,0.1548,5.91,5.94,peer_context,medium
R80790,operating_below_reference_candidate,2015-11-15 02:50:00+00:00,2015-11-15 04:20:00+00:00,10,1.67,0.1546,11.06,10.56,peer_context,medium
R80711,operating_below_reference_candidate,2015-05-10 18:10:00+00:00,2015-05-10 19:50:00+00:00,11,1.83,0.1545,5.63,4.96,peer_context,medium
R80721,operating_below_reference_candidate,2015-06-27 13:00:00+00:00,2015-06-27 15:00:00+00:00,13,2.17,0.1545,7.33,7.65,peer_context,medium
R80711,operating_below_reference_candidate,2015-06-14 03:40:00+00:00,2015-06-14 05:10:00+00:00,10,1.67,0.1543,6.08,5.41,peer_context,medium
R80790,operating_below_reference_candidate,2015-09-10 09:30:00+00:00,2015-09-10 11:10:00+00:00,11,1.83,0.1541,7.84,7.96,peer_context,medium
R80736,operating_below_reference_candidate,2015-01-12 12:30:00+00:00,2015-01-12 14:20:00+00:00,12,2.0,0.154,8.58,8.71,peer_context,medium
R80711,operating_below_reference_candidate,2015-12-23 04:10:00+00:00,2015-12-23 05:10:00+00:00,7,1.17,0.154,10.2,9.25,peer_context,medium
R80790,operating_below_reference_candidate,2015-09-18 11:40:00+00:00,2015-09-18 13:50:00+00:00,14,2.33,0.154,6.28,6.02,peer_context,medium
R80790,operating_below_reference_candidate,2015-11-29 21:30:00+00:00,2015-11-29 23:30:00+00:00,13,2.17,0.1539,12.61,12.01,peer_context,medium
R80790,operating_below_reference_candidate,2015-04-15 11:20:00+00:00,2015-04-15 13:00:00+00:00,11,1.83,0.1539,6.15,6.25,peer_context,medium
R80736,operating_below_reference_candidate,2015-01-29 20:40:00+00:00,2015-01-29 21:40:00+00:00,7,1.17,0.1538,8.36,7.76,peer_context,medium
R80790,operating_below_reference_candidate,2015-07-11 09:10:00+00:00,2015-07-11 10:20:00+00:00,8,1.33,0.1535,8.63,8.82,peer_context,medium
R80711,operating_below_reference_candidate,2015-02-01 08:30:00+00:00,2015-02-01 10:40:00+00:00,14,2.33,0.1534,9.95,5.69,peer_context,medium
R80790,operating_below_reference_candidate,2015-08-31 15:10:00+00:00,2015-08-31 16:30:00+00:00,9,1.5,0.1533,8.19,7.73,peer_context,medium
R80721,operating_below_reference_candidate,2015-01-29 22:00:00+00:00,2015-01-29 23:00:00+00:00,7,1.17,0.153,9.7,10.56,peer_context,medium
R80790,operating_below_reference_candidate,2015-02-25 16:50:00+00:00,2015-02-25 19:20:00+00:00,16,2.67,0.153,5.98,5.73,peer_context,medium
R80721,operating_below_reference_candidate,2015-01-13 00:00:00+00:00,2015-01-13 01:20:00+00:00,9,1.5,0.1527,10.09,11.31,peer_context,medium
R80736,operating_below_reference_candidate,2015-06-26 19:20:00+00:00,2015-06-26 21:00:00+00:00,11,1.83,0.1522,6.3,5.8,peer_context,medium
R80790,operating_below_reference_candidate,2015-09-16 22:10:00+00:00,2015-09-17 00:40:00+00:00,16,2.67,0.152,7.69,8.58,peer_context,medium
R80790,operating_below_reference_candidate,2015-01-03 19:20:00+00:00,2015-01-03 20:10:00+00:00,6,1.0,0.1516,12.06,11.09,peer_context,medium
R80790,operating_below_reference_candidate,2015-11-08 06:20:00+00:00,2015-11-08 07:50:00+00:00,10,1.67,0.1515,6.38,5.85,peer_context,medium
R80790,operating_below_reference_candidate,2015-11-03 03:40:00+00:00,2015-11-03 05:00:00+00:00,9,1.5,0.1513,5.37,3.97,peer_context,medium
R80790,operating_below_reference_candidate,2015-11-09 10:00:00+00:00,2015-11-09 11:40:00+00:00,11,1.83,0.1503,8.09,7.99,peer_context,medium
R80711,operating_below_reference_candidate,2015-04-02 11:20:00+00:00,2015-04-02 12:30:00+00:00,8,1.33,0.1498,7.83,7.35,peer_context,medium
R80721,operating_below_reference_candidate,2015-01-26 03:10:00+00:00,2015-01-26 05:40:00+00:00,16,2.67,0.1497,5.49,5.48,peer_context,medium
R80711,idle_in_apparently_usable_wind,2015-04-30 08:10:00+00:00,2015-04-30 08:10:00+00:00,1,0.17,0.1497,8.32,8.66,peer_context,medium
R80721,operating_below_reference_candidate,2015-01-29 23:20:00+00:00,2015-01-30 00:10:00+00:00,6,1.0,0.1488,10.54,11.09,peer_context,medium
R80790,operating_below_reference_candidate,2015-02-10 01:20:00+00:00,2015-02-10 02:20:00+00:00,7,1.17,0.1486,5.99,5.34,peer_context,medium
R80721,operating_below_reference_candidate,2015-07-17 13:10:00+00:00,2015-07-17 15:00:00+00:00,12,2.0,0.1484,6.79,7.14,peer_context,medium
R80711,operating_below_reference_candidate,2015-03-28 22:20:00+00:00,2015-03-29 00:40:00+00:00,15,2.5,0.1484,10.04,9.4,peer_context,medium
R80711,operating_below_reference_candidate,2015-03-15 22:50:00+00:00,2015-03-16 00:50:00+00:00,13,2.17,0.1483,6.21,5.69,peer_context,medium
R80790,operating_below_reference_candidate,2015-11-30 20:00:00+00:00,2015-11-30 21:30:00+00:00,10,1.67,0.1477,11.3,11.03,peer_context,medium
R80711,operating_below_reference_candidate,2015-03-16 22:50:00+00:00,2015-03-17 00:30:00+00:00,11,1.83,0.1477,5.77,4.77,peer_context,medium
R80711,operating_below_reference_candidate,2015-02-21 02:40:00+00:00,2015-02-21 04:00:00+00:00,9,1.5,0.1476,11.1,10.67,peer_context,medium
R80736,operating_below_reference_candidate,2015-06-21 12:10:00+00:00,2015-06-21 14:10:00+00:00,13,2.17,0.1467,7.32,7.53,peer_context,medium
R80790,operating_below_reference_candidate,2015-04-01 05:10:00+00:00,2015-04-01 07:20:00+00:00,14,2.33,0.1465,10.55,10.48,peer_context,medium
R80711,operating_below_reference_candidate,2015-12-15 06:50:00+00:00,2015-12-15 09:00:00+00:00,14,2.33,0.1462,6.05,4.86,peer_context,medium
R80736,operating_below_reference_candidate,2015-08-29 20:40:00+00:00,2015-08-29 22:20:00+00:00,11,1.83,0.1458,6.05,5.59,peer_context,medium
R80790,operating_below_reference_candidate,2015-07-26 22:10:00+00:00,2015-07-26 23:50:00+00:00,11,1.83,0.1457,8.56,8.36,peer_context,medium
R80736,operating_below_reference_candidate,2015-04-01 10:20:00+00:00,2015-04-01 12:10:00+00:00,12,2.0,0.1455,8.43,8.91,peer_context,medium
R80721,operating_below_reference_candidate,2015-08-31 10:00:00+00:00,2015-08-31 12:10:00+00:00,14,2.33,0.1454,8.52,8.67,peer_context,medium
R80790,operating_below_reference_candidate,2015-09-22 12:10:00+00:00,2015-09-22 13:40:00+00:00,10,1.67,0.1454,7.25,7.17,peer_context,medium
R80736,operating_below_reference_candidate,2015-05-03 07:40:00+00:00,2015-05-03 09:00:00+00:00,9,1.5,0.1451,7.28,7.15,peer_context,medium
R80790,operating_below_reference_candidate,2015-04-20 11:00:00+00:00,2015-04-20 12:40:00+00:00,11,1.83,0.1449,6.5,6.48,peer_context,medium
R80790,operating_below_reference_candidate,2015-07-10 05:10:00+00:00,2015-07-10 07:20:00+00:00,14,2.33,0.1447,5.23,5.0,peer_context,medium
R80790,operating_below_reference_candidate,2015-05-31 12:20:00+00:00,2015-05-31 14:40:00+00:00,15,2.5,0.1447,8.96,8.89,peer_context,medium
R80790,operating_below_reference_candidate,2015-06-06 08:10:00+00:00,2015-06-06 11:00:00+00:00,18,3.0,0.1445,5.41,5.45,peer_context,medium
R80736,operating_below_reference_candidate,2015-03-05 17:20:00+00:00,2015-03-05 19:00:00+00:00,11,1.83,0.1445,6.21,5.63,peer_context,medium
R80736,operating_below_reference_candidate,2015-08-05 17:20:00+00:00,2015-08-05 20:10:00+00:00,18,3.0,0.1444,5.68,5.19,peer_context,medium
R80721,operating_below_reference_candidate,2015-01-15 18:40:00+00:00,2015-01-15 19:40:00+00:00,7,1.17,0.1442,9.21,9.98,peer_context,medium
R80711,operating_below_reference_candidate,2015-09-04 18:30:00+00:00,2015-09-04 20:40:00+00:00,14,2.33,0.1442,5.47,4.99,peer_context,medium
R80790,operating_below_reference_candidate,2015-12-28 03:10:00+00:00,2015-12-28 04:40:00+00:00,10,1.67,0.1442,7.4,6.68,peer_context,medium
R80736,operating_below_reference_candidate,2015-03-01 23:00:00+00:00,2015-03-02 01:00:00+00:00,13,2.17,0.144,11.36,12.59,peer_context,medium
R80736,operating_below_reference_candidate,2015-01-13 10:00:00+00:00,2015-01-13 11:30:00+00:00,10,1.67,0.144,10.68,11.16,peer_context,medium
R80721,operating_below_reference_candidate,2015-03-29 11:00:00+00:00,2015-03-29 13:00:00+00:00,13,2.17,0.144,11.71,12.99,peer_context,medium
R80721,operating_below_reference_candidate,2015-01-14 12:30:00+00:00,2015-01-14 14:50:00+00:00,15,2.5,0.144,9.74,10.44,peer_context,medium
R80721,operating_below_reference_candidate,2015-09-22 09:50:00+00:00,2015-09-22 12:00:00+00:00,14,2.33,0.1439,8.82,9.33,peer_context,medium
R80736,idle_in_apparently_usable_wind,2015-11-16 12:30:00+00:00,2015-11-16 12:50:00+00:00,3,0.5,0.1439,6.0,6.23,peer_context,medium
R80790,operating_below_reference_candidate,2015-07-19 12:00:00+00:00,2015-07-19 13:10:00+00:00,8,1.33,0.1438,9.82,9.39,peer_context,medium
R80711,operating_below_reference_candidate,2015-04-09 04:20:00+00:00,2015-04-09 06:20:00+00:00,13,2.17,0.1432,5.46,4.24,peer_context,medium
R80790,idle_in_apparently_usable_wind,2015-02-11 09:30:00+00:00,2015-02-11 11:20:00+00:00,12,2.0,0.143,4.56,4.86,peer_context,medium
R80721,operating_below_reference_candidate,2015-07-02 05:50:00+00:00,2015-07-02 07:50:00+00:00,13,2.17,0.1426,7.11,7.22,peer_context,medium
R80711,operating_below_reference_candidate,2015-11-17 03:20:00+00:00,2015-11-17 05:00:00+00:00,11,1.83,0.1425,10.58,9.97,peer_context,medium
R80736,operating_below_reference_candidate,2015-01-10 19:20:00+00:00,2015-01-10 20:30:00+00:00,8,1.33,0.1424,10.0,10.31,peer_context,medium
R80790,operating_below_reference_candidate,2015-08-27 11:30:00+00:00,2015-08-27 13:00:00+00:00,10,1.67,0.1423,6.8,6.39,peer_context,medium
R80790,operating_below_reference_candidate,2015-04-08 18:30:00+00:00,2015-04-08 20:10:00+00:00,11,1.83,0.1421,5.97,5.68,peer_context,medium
R80711,operating_below_reference_candidate,2015-03-04 21:40:00+00:00,2015-03-04 22:40:00+00:00,7,1.17,0.1419,8.52,7.08,peer_context,medium
R80790,operating_below_reference_candidate,2015-04-01 02:30:00+00:00,2015-04-01 04:00:00+00:00,10,1.67,0.1419,9.81,9.42,peer_context,medium
R80736,operating_below_reference_candidate,2015-05-29 11:50:00+00:00,2015-05-29 13:10:00+00:00,9,1.5,0.1416,8.33,8.91,peer_context,medium
R80711,operating_below_reference_candidate,2015-12-21 17:50:00+00:00,2015-12-21 19:10:00+00:00,9,1.5,0.1406,10.52,9.73,peer_context,medium
R80790,operating_below_reference_candidate,2015-11-14 23:20:00+00:00,2015-11-15 00:50:00+00:00,10,1.67,0.1405,11.23,10.57,peer_context,medium
R80721,operating_below_reference_candidate,2015-11-19 10:00:00+00:00,2015-11-19 11:20:00+00:00,9,1.5,0.1402,8.27,8.86,peer_context,medium
R80711,operating_below_reference_candidate,2015-01-10 01:40:00+00:00,2015-01-10 02:30:00+00:00,6,1.0,0.14,11.27,10.94,peer_context,medium
R80736,operating_below_reference_candidate,2015-05-04 21:30:00+00:00,2015-05-04 22:40:00+00:00,8,1.33,0.1399,9.1,9.23,peer_context,medium
R80721,operating_below_reference_candidate,2015-05-31 12:10:00+00:00,2015-05-31 14:00:00+00:00,12,2.0,0.1399,8.59,9.33,peer_context,medium
R80790,operating_below_reference_candidate,2015-06-30 02:20:00+00:00,2015-06-30 05:10:00+00:00,18,3.0,0.1399,5.19,4.94,peer_context,medium
R80711,operating_below_reference_candidate,2015-01-13 18:00:00+00:00,2015-01-13 19:30:00+00:00,10,1.67,0.1399,9.68,10.04,peer_context,medium
R80721,operating_below_reference_candidate,2015-01-10 18:00:00+00:00,2015-01-10 19:50:00+00:00,12,2.0,0.1396,11.48,12.34,peer_context,medium
R80721,operating_below_reference_candidate,2015-05-10 18:50:00+00:00,2015-05-10 21:10:00+00:00,15,2.5,0.1394,5.32,5.22,peer_context,medium
R80790,operating_below_reference_candidate,2015-09-13 22:50:00+00:00,2015-09-14 00:20:00+00:00,10,1.67,0.1393,7.03,7.6,peer_context,medium
R80790,operating_below_reference_candidate,2015-09-13 12:40:00+00:00,2015-09-13 14:10:00+00:00,10,1.67,0.1392,6.58,6.9,peer_context,medium
R80721,operating_below_reference_candidate,2015-03-31 11:00:00+00:00,2015-03-31 12:10:00+00:00,8,1.33,0.1391,12.39,13.15,peer_context,medium
R80790,operating_below_reference_candidate,2015-07-14 10:40:00+00:00,2015-07-14 12:10:00+00:00,10,1.67,0.139,6.55,6.33,peer_context,medium
R80790,operating_below_reference_candidate,2015-03-02 08:20:00+00:00,2015-03-02 10:00:00+00:00,11,1.83,0.139,8.71,8.33,peer_context,medium
R80721,operating_below_reference_candidate,2015-08-07 03:10:00+00:00,2015-08-07 05:00:00+00:00,12,2.0,0.1389,6.49,6.77,peer_context,medium
R80790,operating_below_reference_candidate,2015-01-10 13:40:00+00:00,2015-01-10 15:20:00+00:00,11,1.83,0.1387,12.53,11.95,peer_context,medium
R80711,operating_below_reference_candidate,2015-01-28 08:20:00+00:00,2015-01-28 09:40:00+00:00,9,1.5,0.1386,7.56,7.56,peer_context,medium
R80711,operating_below_reference_candidate,2015-02-25 04:40:00+00:00,2015-02-25 06:30:00+00:00,12,2.0,0.1385,6.07,5.61,peer_context,medium
R80790,operating_below_reference_candidate,2015-10-07 00:10:00+00:00,2015-10-07 01:00:00+00:00,6,1.0,0.1381,8.96,8.39,peer_context,medium
R80736,operating_below_reference_candidate,2015-03-02 01:50:00+00:00,2015-03-02 02:50:00+00:00,7,1.17,0.1381,10.71,11.72,peer_context,medium
R80711,operating_below_reference_candidate,2015-01-08 13:20:00+00:00,2015-01-08 14:40:00+00:00,9,1.5,0.1379,12.29,11.94,peer_context,medium
R80721,operating_below_reference_candidate,2015-09-17 04:20:00+00:00,2015-09-17 05:40:00+00:00,9,1.5,0.1376,8.06,8.58,peer_context,medium
R80790,operating_below_reference_candidate,2015-12-28 05:00:00+00:00,2015-12-28 05:50:00+00:00,6,1.0,0.1376,6.61,6.01,peer_context,medium
R80790,operating_below_reference_candidate,2015-07-20 20:20:00+00:00,2015-07-20 21:30:00+00:00,8,1.33,0.1373,6.35,6.13,peer_context,medium
R80711,operating_below_reference_candidate,2015-01-06 16:50:00+00:00,2015-01-06 17:50:00+00:00,7,1.17,0.1371,6.11,5.34,peer_context,medium
R80736,operating_below_reference_candidate,2015-01-10 13:20:00+00:00,2015-01-10 15:10:00+00:00,12,2.0,0.1371,12.22,12.27,peer_context,medium
R80736,operating_below_reference_candidate,2015-01-14 13:00:00+00:00,2015-01-14 14:30:00+00:00,10,1.67,0.1371,9.65,10.45,peer_context,medium
R80790,operating_below_reference_candidate,2015-09-13 10:50:00+00:00,2015-09-13 12:20:00+00:00,10,1.67,0.1371,6.8,6.69,peer_context,medium
R80711,operating_below_reference_candidate,2015-08-11 16:40:00+00:00,2015-08-11 18:50:00+00:00,14,2.33,0.1367,5.97,5.26,peer_context,medium
R80736,operating_below_reference_candidate,2015-07-14 20:30:00+00:00,2015-07-14 22:00:00+00:00,10,1.67,0.1364,7.33,6.91,peer_context,medium
R80711,operating_below_reference_candidate,2015-07-11 08:00:00+00:00,2015-07-11 10:20:00+00:00,15,2.5,0.1362,8.58,8.08,peer_context,medium
R80711,operating_below_reference_candidate,2015-05-09 12:20:00+00:00,2015-05-09 14:00:00+00:00,11,1.83,0.1361,7.96,7.69,peer_context,medium
R80790,operating_below_reference_candidate,2015-06-02 14:00:00+00:00,2015-06-02 15:20:00+00:00,9,1.5,0.1359,8.8,9.03,peer_context,medium
R80736,operating_below_reference_candidate,2015-03-02 14:40:00+00:00,2015-03-02 16:00:00+00:00,9,1.5,0.1357,9.69,11.09,peer_context,medium
R80790,idle_in_apparently_usable_wind,2015-02-09 03:10:00+00:00,2015-02-09 03:40:00+00:00,4,0.67,0.1356,5.11,4.89,peer_context,medium
R80721,operating_below_reference_candidate,2015-07-16 23:40:00+00:00,2015-07-17 01:40:00+00:00,13,2.17,0.1352,6.66,6.86,peer_context,medium
R80790,operating_below_reference_candidate,2015-09-24 03:40:00+00:00,2015-09-24 05:30:00+00:00,12,2.0,0.1348,5.56,5.41,peer_context,medium
R80790,operating_below_reference_candidate,2015-11-15 09:00:00+00:00,2015-11-15 10:20:00+00:00,9,1.5,0.1346,9.08,9.07,peer_context,medium
R80736,operating_below_reference_candidate,2015-11-11 00:20:00+00:00,2015-11-11 02:20:00+00:00,13,2.17,0.1345,5.56,5.48,peer_context,medium
R80790,operating_below_reference_candidate,2015-03-02 14:30:00+00:00,2015-03-02 16:00:00+00:00,10,1.67,0.1345,10.91,10.5,peer_context,medium
R80736,operating_below_reference_candidate,2015-03-02 03:40:00+00:00,2015-03-02 04:30:00+00:00,6,1.0,0.1341,10.77,11.89,peer_context,medium
R80790,operating_below_reference_candidate,2015-08-24 05:30:00+00:00,2015-08-24 08:00:00+00:00,16,2.67,0.1341,6.25,6.71,peer_context,medium
R80721,operating_below_reference_candidate,2015-11-21 06:30:00+00:00,2015-11-21 07:20:00+00:00,6,1.0,0.1338,8.22,9.14,peer_context,medium
R80790,operating_below_reference_candidate,2015-06-02 04:50:00+00:00,2015-06-02 06:20:00+00:00,10,1.67,0.1336,9.15,8.56,peer_context,medium
R80790,operating_below_reference_candidate,2015-01-13 04:20:00+00:00,2015-01-13 05:20:00+00:00,7,1.17,0.1336,11.07,9.81,peer_context,medium
R80790,operating_below_reference_candidate,2015-09-14 14:50:00+00:00,2015-09-14 16:00:00+00:00,8,1.33,0.1335,9.61,9.27,peer_context,medium
R80711,operating_below_reference_candidate,2015-11-18 19:50:00+00:00,2015-11-18 21:20:00+00:00,10,1.67,0.1334,10.08,9.06,peer_context,medium
R80736,operating_below_reference_candidate,2015-03-01 00:30:00+00:00,2015-03-01 01:50:00+00:00,9,1.5,0.1334,8.33,9.1,peer_context,medium
R80711,operating_below_reference_candidate,2015-07-14 09:30:00+00:00,2015-07-14 12:20:00+00:00,18,3.0,0.1333,6.72,6.39,peer_context,medium
R80736,operating_below_reference_candidate,2015-12-21 02:40:00+00:00,2015-12-21 04:00:00+00:00,9,1.5,0.1332,7.61,7.57,peer_context,medium
R80790,operating_below_reference_candidate,2015-01-17 02:30:00+00:00,2015-01-17 04:30:00+00:00,13,2.17,0.1331,5.38,5.12,peer_context,medium
R80790,operating_below_reference_candidate,2015-12-07 06:30:00+00:00,2015-12-07 08:40:00+00:00,14,2.33,0.1331,5.24,4.78,peer_context,medium
R80736,operating_below_reference_candidate,2015-08-06 00:00:00+00:00,2015-08-06 01:50:00+00:00,12,2.0,0.133,5.68,5.8,peer_context,medium
R80790,operating_below_reference_candidate,2015-12-31 04:00:00+00:00,2015-12-31 04:50:00+00:00,6,1.0,0.1329,8.83,7.92,peer_context,medium
R80711,operating_below_reference_candidate,2015-04-02 09:40:00+00:00,2015-04-02 11:00:00+00:00,9,1.5,0.1328,10.47,9.67,peer_context,medium
R80721,operating_below_reference_candidate,2015-08-30 16:40:00+00:00,2015-08-30 18:40:00+00:00,13,2.17,0.1326,6.1,6.06,peer_context,medium
R80790,operating_below_reference_candidate,2015-08-04 09:00:00+00:00,2015-08-04 10:20:00+00:00,9,1.5,0.1325,7.22,7.09,peer_context,medium
R80711,operating_below_reference_candidate,2015-03-01 01:00:00+00:00,2015-03-01 02:50:00+00:00,12,2.0,0.1322,9.91,9.01,peer_context,medium
R80721,operating_below_reference_candidate,2015-04-15 03:00:00+00:00,2015-04-15 04:40:00+00:00,11,1.83,0.1319,5.11,4.72,peer_context,medium
R80790,operating_below_reference_candidate,2015-07-13 18:00:00+00:00,2015-07-13 19:30:00+00:00,10,1.67,0.1314,6.14,6.0,peer_context,medium
R80721,operating_below_reference_candidate,2015-11-30 21:20:00+00:00,2015-11-30 22:50:00+00:00,10,1.67,0.1314,10.62,11.99,peer_context,medium
R80721,operating_below_reference_candidate,2015-07-28 13:10:00+00:00,2015-07-28 14:30:00+00:00,9,1.5,0.1314,7.98,8.4,peer_context,medium
R80790,operating_below_reference_candidate,2015-12-01 07:40:00+00:00,2015-12-01 09:10:00+00:00,10,1.67,0.1306,8.72,8.01,peer_context,medium
R80790,operating_below_reference_candidate,2015-03-30 17:00:00+00:00,2015-03-30 18:50:00+00:00,12,2.0,0.1305,7.38,6.94,peer_context,medium
R80790,operating_below_reference_candidate,2015-08-05 01:40:00+00:00,2015-08-05 03:00:00+00:00,9,1.5,0.1303,5.93,5.68,peer_context,medium
R80790,operating_below_reference_candidate,2015-05-04 23:20:00+00:00,2015-05-05 01:10:00+00:00,12,2.0,0.1303,8.83,9.1,peer_context,medium
R80711,operating_below_reference_candidate,2015-01-15 05:40:00+00:00,2015-01-15 06:40:00+00:00,7,1.17,0.1301,10.1,9.19,peer_context,medium
R80736,operating_below_reference_candidate,2015-08-24 10:40:00+00:00,2015-08-24 12:20:00+00:00,11,1.83,0.1299,8.94,8.45,peer_context,medium
R80711,operating_below_reference_candidate,2015-07-25 08:30:00+00:00,2015-07-25 10:00:00+00:00,10,1.67,0.1299,11.99,10.55,peer_context,medium
R80721,idle_in_apparently_usable_wind,2015-11-16 11:30:00+00:00,2015-11-16 11:50:00+00:00,3,0.5,0.1296,5.88,6.56,peer_context,medium
R80790,operating_below_reference_candidate,2015-11-30 16:50:00+00:00,2015-11-30 18:00:00+00:00,8,1.33,0.1293,10.58,9.77,peer_context,medium
R80711,operating_below_reference_candidate,2015-03-01 08:40:00+00:00,2015-03-01 10:40:00+00:00,13,2.17,0.129,9.05,8.13,peer_context,medium
R80736,operating_below_reference_candidate,2015-07-02 19:30:00+00:00,2015-07-02 21:10:00+00:00,11,1.83,0.129,5.95,5.93,peer_context,medium
R80736,operating_below_reference_candidate,2015-03-29 20:20:00+00:00,2015-03-29 21:30:00+00:00,8,1.33,0.1288,12.4,13.61,peer_context,medium
R80721,operating_below_reference_candidate,2015-08-01 15:20:00+00:00,2015-08-01 17:30:00+00:00,14,2.33,0.1287,5.54,5.44,peer_context,medium
R80721,operating_below_reference_candidate,2015-08-25 08:30:00+00:00,2015-08-25 10:30:00+00:00,13,2.17,0.1286,6.79,7.21,peer_context,medium
R80721,operating_below_reference_candidate,2015-07-01 17:50:00+00:00,2015-07-01 20:10:00+00:00,15,2.5,0.1286,5.67,5.59,peer_context,medium
R80711,operating_below_reference_candidate,2015-04-01 00:20:00+00:00,2015-04-01 01:30:00+00:00,8,1.33,0.1285,10.7,9.4,peer_context,medium
R80736,operating_below_reference_candidate,2015-05-19 11:00:00+00:00,2015-05-19 12:20:00+00:00,9,1.5,0.1285,7.55,7.67,peer_context,medium
R80790,operating_below_reference_candidate,2015-08-25 00:30:00+00:00,2015-08-25 01:50:00+00:00,9,1.5,0.128,11.07,10.36,peer_context,medium
R80736,operating_below_reference_candidate,2015-09-14 14:50:00+00:00,2015-09-14 16:30:00+00:00,11,1.83,0.128,8.93,9.21,peer_context,medium
R80711,operating_below_reference_candidate,2015-11-16 19:00:00+00:00,2015-11-16 20:30:00+00:00,10,1.67,0.128,8.11,7.38,peer_context,medium
R80790,operating_below_reference_candidate,2015-05-05 08:00:00+00:00,2015-05-05 09:10:00+00:00,8,1.33,0.1277,12.68,13.09,peer_context,medium
R80721,operating_below_reference_candidate,2015-06-03 06:50:00+00:00,2015-06-03 09:40:00+00:00,18,3.0,0.1277,5.65,5.61,peer_context,medium
R80790,operating_below_reference_candidate,2015-07-28 12:30:00+00:00,2015-07-28 13:50:00+00:00,9,1.5,0.1275,9.05,8.73,peer_context,medium
R80790,operating_below_reference_candidate,2015-04-21 12:00:00+00:00,2015-04-21 13:30:00+00:00,10,1.67,0.1273,6.61,6.66,peer_context,medium
R80711,operating_below_reference_candidate,2015-01-11 08:10:00+00:00,2015-01-11 10:20:00+00:00,14,2.33,0.1272,11.11,10.09,peer_context,medium
R80711,operating_below_reference_candidate,2015-07-25 03:30:00+00:00,2015-07-25 05:30:00+00:00,13,2.17,0.1268,12.61,12.38,peer_context,medium
R80721,operating_below_reference_candidate,2015-05-24 17:40:00+00:00,2015-05-24 20:40:00+00:00,19,3.17,0.1268,5.79,5.42,peer_context,medium
R80721,operating_below_reference_candidate,2015-10-21 22:40:00+00:00,2015-10-22 00:30:00+00:00,12,2.0,0.1267,5.88,5.61,peer_context,medium
R80721,operating_below_reference_candidate,2015-11-19 18:40:00+00:00,2015-11-19 20:20:00+00:00,11,1.83,0.1262,12.04,12.9,peer_context,medium
R80736,operating_below_reference_candidate,2015-02-25 17:00:00+00:00,2015-02-25 18:40:00+00:00,11,1.83,0.1261,5.77,5.89,peer_context,medium
R80721,operating_below_reference_candidate,2015-01-10 13:30:00+00:00,2015-01-10 15:20:00+00:00,12,2.0,0.1259,11.25,12.47,peer_context,medium
R80711,operating_below_reference_candidate,2015-03-01 13:50:00+00:00,2015-03-01 15:20:00+00:00,10,1.67,0.1256,7.98,7.51,peer_context,medium
R80711,operating_below_reference_candidate,2015-01-14 10:00:00+00:00,2015-01-14 11:00:00+00:00,7,1.17,0.1256,9.41,9.12,peer_context,medium
R80790,operating_below_reference_candidate,2015-08-31 05:50:00+00:00,2015-08-31 07:20:00+00:00,10,1.67,0.1254,6.33,6.73,peer_context,medium
R80790,operating_below_reference_candidate,2015-03-31 17:20:00+00:00,2015-03-31 18:30:00+00:00,8,1.33,0.1253,11.59,10.99,peer_context,medium
R80711,operating_below_reference_candidate,2015-05-05 08:40:00+00:00,2015-05-05 09:40:00+00:00,7,1.17,0.1252,12.87,12.84,peer_context,medium
R80790,operating_below_reference_candidate,2015-11-16 05:40:00+00:00,2015-11-16 07:40:00+00:00,13,2.17,0.1248,8.11,7.82,peer_context,medium
R80790,operating_below_reference_candidate,2015-04-21 10:10:00+00:00,2015-04-21 11:40:00+00:00,10,1.67,0.1247,6.49,6.48,peer_context,medium
R80790,operating_below_reference_candidate,2015-12-22 05:10:00+00:00,2015-12-22 06:40:00+00:00,10,1.67,0.1244,8.29,7.84,peer_context,medium
R80736,operating_below_reference_candidate,2015-08-24 20:50:00+00:00,2015-08-24 22:10:00+00:00,9,1.5,0.1244,10.58,10.97,peer_context,medium
R80711,operating_below_reference_candidate,2015-06-30 02:20:00+00:00,2015-06-30 04:00:00+00:00,11,1.83,0.1242,5.65,4.89,peer_context,medium
R80711,operating_below_reference_candidate,2015-11-29 01:20:00+00:00,2015-11-29 02:50:00+00:00,10,1.67,0.1241,10.96,9.99,peer_context,medium
R80711,operating_below_reference_candidate,2015-11-20 02:30:00+00:00,2015-11-20 03:20:00+00:00,6,1.0,0.124,11.25,10.39,peer_context,medium
R80721,operating_below_reference_candidate,2015-01-18 05:10:00+00:00,2015-01-18 07:30:00+00:00,15,2.5,0.1239,5.45,5.65,peer_context,medium
R80790,operating_below_reference_candidate,2015-08-14 15:20:00+00:00,2015-08-14 17:00:00+00:00,11,1.83,0.1237,6.99,7.13,peer_context,medium
R80790,operating_below_reference_candidate,2015-03-12 13:40:00+00:00,2015-03-12 15:40:00+00:00,13,2.17,0.1235,7.74,7.82,peer_context,medium
R80790,operating_below_reference_candidate,2015-09-09 08:20:00+00:00,2015-09-09 10:20:00+00:00,13,2.17,0.1232,7.23,7.31,peer_context,medium
R80790,operating_below_reference_candidate,2015-11-30 13:00:00+00:00,2015-11-30 14:00:00+00:00,7,1.17,0.1231,10.51,10.4,peer_context,medium
R80790,operating_below_reference_candidate,2015-01-25 04:30:00+00:00,2015-01-25 05:50:00+00:00,9,1.5,0.123,6.05,5.49,peer_context,medium
R80711,operating_below_reference_candidate,2015-12-01 02:40:00+00:00,2015-12-01 04:40:00+00:00,13,2.17,0.1229,11.5,11.26,peer_context,medium
R80790,operating_below_reference_candidate,2015-12-09 00:40:00+00:00,2015-12-09 01:30:00+00:00,6,1.0,0.1229,6.83,6.19,peer_context,medium
R80790,operating_below_reference_candidate,2015-05-19 11:20:00+00:00,2015-05-19 12:40:00+00:00,9,1.5,0.1227,7.51,7.61,peer_context,medium
R80711,operating_below_reference_candidate,2015-01-13 06:40:00+00:00,2015-01-13 07:30:00+00:00,6,1.0,0.1226,10.4,11.02,peer_context,medium
R80790,idle_in_apparently_usable_wind,2015-11-24 09:10:00+00:00,2015-11-24 09:40:00+00:00,4,0.67,0.1226,5.07,4.79,peer_context,medium
R80721,operating_below_reference_candidate,2015-07-02 16:40:00+00:00,2015-07-02 18:50:00+00:00,14,2.33,0.1226,6.18,6.36,peer_context,medium
R80721,operating_below_reference_candidate,2015-01-12 01:40:00+00:00,2015-01-12 02:30:00+00:00,6,1.0,0.1225,9.65,10.22,peer_context,medium
R80736,operating_below_reference_candidate,2015-08-01 22:40:00+00:00,2015-08-02 01:20:00+00:00,17,2.83,0.1223,5.41,5.77,peer_context,medium
R80790,operating_below_reference_candidate,2015-03-26 02:10:00+00:00,2015-03-26 04:20:00+00:00,14,2.33,0.1222,5.07,4.97,peer_context,medium
R80790,operating_below_reference_candidate,2015-11-28 12:30:00+00:00,2015-11-28 13:40:00+00:00,8,1.33,0.1222,6.94,6.59,peer_context,medium
R80721,operating_below_reference_candidate,2015-09-13 17:00:00+00:00,2015-09-13 18:10:00+00:00,8,1.33,0.1221,8.03,8.58,peer_context,medium
R80790,operating_below_reference_candidate,2015-08-23 10:30:00+00:00,2015-08-23 11:20:00+00:00,6,1.0,0.1221,6.74,6.45,peer_context,medium
R80790,operating_below_reference_candidate,2015-05-29 08:50:00+00:00,2015-05-29 10:30:00+00:00,11,1.83,0.122,5.98,6.09,peer_context,medium
R80721,operating_below_reference_candidate,2015-07-28 10:50:00+00:00,2015-07-28 12:40:00+00:00,12,2.0,0.122,8.66,8.95,peer_context,medium
R80736,operating_below_reference_candidate,2015-02-06 12:50:00+00:00,2015-02-06 14:30:00+00:00,11,1.83,0.1218,9.89,11.33,peer_context,medium
R80790,operating_below_reference_candidate,2015-08-30 16:10:00+00:00,2015-08-30 18:30:00+00:00,15,2.5,0.1217,5.7,6.13,peer_context,medium
R80711,operating_below_reference_candidate,2015-01-13 02:50:00+00:00,2015-01-13 03:50:00+00:00,7,1.17,0.1217,10.87,9.97,peer_context,medium
R80790,operating_below_reference_candidate,2015-07-05 12:20:00+00:00,2015-07-05 13:40:00+00:00,9,1.5,0.1213,6.06,5.86,peer_context,medium
R80736,operating_below_reference_candidate,2015-07-06 22:40:00+00:00,2015-07-07 00:40:00+00:00,13,2.17,0.1213,5.3,5.22,peer_context,medium
R80736,operating_below_reference_candidate,2015-08-30 19:10:00+00:00,2015-08-30 20:10:00+00:00,7,1.17,0.1211,7.45,6.86,peer_context,medium
R80790,operating_below_reference_candidate,2015-11-18 00:20:00+00:00,2015-11-18 02:30:00+00:00,14,2.33,0.1208,10.7,10.18,peer_context,medium
R80736,operating_below_reference_candidate,2015-11-30 11:00:00+00:00,2015-11-30 12:00:00+00:00,7,1.17,0.1206,10.31,10.15,peer_context,medium
R80711,operating_below_reference_candidate,2015-01-27 06:20:00+00:00,2015-01-27 08:00:00+00:00,11,1.83,0.1205,5.69,5.12,peer_context,medium
R80711,operating_below_reference_candidate,2015-11-21 04:30:00+00:00,2015-11-21 05:50:00+00:00,9,1.5,0.1205,7.36,6.44,peer_context,medium
R80721,operating_below_reference_candidate,2015-11-30 03:10:00+00:00,2015-11-30 04:50:00+00:00,11,1.83,0.1203,9.95,11.46,peer_context,medium
R80790,operating_below_reference_candidate,2015-07-08 21:10:00+00:00,2015-07-08 23:00:00+00:00,12,2.0,0.1202,6.47,6.26,peer_context,medium
R80721,operating_below_reference_candidate,2015-12-22 10:40:00+00:00,2015-12-22 12:10:00+00:00,10,1.67,0.12,7.65,8.21,peer_context,medium
R80790,operating_below_reference_candidate,2015-05-05 10:00:00+00:00,2015-05-05 10:50:00+00:00,6,1.0,0.1199,12.83,13.43,peer_context,medium
R80790,operating_below_reference_candidate,2015-07-12 08:50:00+00:00,2015-07-12 10:20:00+00:00,10,1.67,0.1197,5.45,5.38,peer_context,medium
R80721,operating_below_reference_candidate,2015-01-13 23:30:00+00:00,2015-01-14 01:10:00+00:00,11,1.83,0.1195,9.92,10.58,peer_context,medium
R80736,operating_below_reference_candidate,2015-09-17 07:30:00+00:00,2015-09-17 09:00:00+00:00,10,1.67,0.1195,9.26,8.07,peer_context,medium
R80736,operating_below_reference_candidate,2015-11-19 01:50:00+00:00,2015-11-19 02:50:00+00:00,7,1.17,0.1194,10.54,10.35,peer_context,medium
R80790,operating_below_reference_candidate,2015-01-26 11:40:00+00:00,2015-01-26 12:40:00+00:00,7,1.17,0.1194,8.14,7.27,peer_context,medium
R80790,operating_below_reference_candidate,2015-04-09 02:50:00+00:00,2015-04-09 03:40:00+00:00,6,1.0,0.1194,5.36,4.85,peer_context,medium
R80736,operating_below_reference_candidate,2015-01-31 13:10:00+00:00,2015-01-31 14:30:00+00:00,9,1.5,0.1185,5.46,5.51,peer_context,medium
R80721,operating_below_reference_candidate,2015-08-10 06:50:00+00:00,2015-08-10 08:40:00+00:00,12,2.0,0.1185,5.34,4.96,peer_context,medium
R80721,operating_below_reference_candidate,2015-11-30 11:40:00+00:00,2015-11-30 12:40:00+00:00,7,1.17,0.1184,9.01,9.93,peer_context,medium
R80711,operating_below_reference_candidate,2015-08-30 12:30:00+00:00,2015-08-30 15:30:00+00:00,19,3.17,0.1184,5.27,5.04,peer_context,medium
R80711,operating_below_reference_candidate,2015-01-15 10:50:00+00:00,2015-01-15 11:50:00+00:00,7,1.17,0.1183,10.39,10.75,peer_context,medium
R80721,operating_below_reference_candidate,2015-08-27 12:10:00+00:00,2015-08-27 13:40:00+00:00,10,1.67,0.1182,5.97,5.91,peer_context,medium
R80721,operating_below_reference_candidate,2015-04-12 23:30:00+00:00,2015-04-13 01:40:00+00:00,14,2.33,0.1181,5.39,5.58,peer_context,medium
R80790,operating_below_reference_candidate,2015-01-17 22:40:00+00:00,2015-01-18 00:10:00+00:00,10,1.67,0.118,6.13,5.7,peer_context,medium
R80711,operating_below_reference_candidate,2015-12-22 10:00:00+00:00,2015-12-22 11:50:00+00:00,12,2.0,0.1177,8.15,7.86,peer_context,medium
R80790,operating_below_reference_candidate,2015-07-02 19:00:00+00:00,2015-07-02 20:30:00+00:00,10,1.67,0.1176,5.98,5.88,peer_context,medium
R80790,operating_below_reference_candidate,2015-07-27 15:50:00+00:00,2015-07-27 17:00:00+00:00,8,1.33,0.1176,8.36,8.3,peer_context,medium
R80721,operating_below_reference_candidate,2015-01-13 16:50:00+00:00,2015-01-13 18:30:00+00:00,11,1.83,0.1175,10.02,10.79,peer_context,medium
R80711,operating_below_reference_candidate,2015-06-10 12:00:00+00:00,2015-06-10 13:10:00+00:00,8,1.33,0.1172,7.78,7.34,peer_context,medium
R80711,operating_below_reference_candidate,2015-11-25 14:50:00+00:00,2015-11-25 16:30:00+00:00,11,1.83,0.1172,5.61,4.89,peer_context,medium
R80790,operating_below_reference_candidate,2015-04-22 11:10:00+00:00,2015-04-22 13:10:00+00:00,13,2.17,0.1172,5.18,4.94,peer_context,medium
R80790,operating_below_reference_candidate,2015-11-21 05:40:00+00:00,2015-11-21 07:00:00+00:00,9,1.5,0.1171,8.18,8.2,peer_context,medium
R80721,operating_below_reference_candidate,2015-05-03 18:30:00+00:00,2015-05-03 20:10:00+00:00,11,1.83,0.117,8.32,8.84,peer_context,medium
R80711,operating_below_reference_candidate,2015-05-31 12:50:00+00:00,2015-05-31 14:10:00+00:00,9,1.5,0.117,9.31,9.06,peer_context,medium
R80711,operating_below_reference_candidate,2015-05-03 07:30:00+00:00,2015-05-03 08:30:00+00:00,7,1.17,0.1169,7.75,7.33,peer_context,medium
R80711,operating_below_reference_candidate,2015-04-15 04:30:00+00:00,2015-04-15 05:30:00+00:00,7,1.17,0.1168,5.36,5.11,peer_context,medium
R80711,operating_below_reference_candidate,2015-01-26 00:20:00+00:00,2015-01-26 02:50:00+00:00,16,2.67,0.1167,4.95,4.2,peer_context,medium
R80736,operating_below_reference_candidate,2015-08-06 17:40:00+00:00,2015-08-06 20:00:00+00:00,15,2.5,0.1167,5.56,5.68,peer_context,medium
R80736,operating_below_reference_candidate,2015-07-28 07:40:00+00:00,2015-07-28 09:00:00+00:00,9,1.5,0.1165,7.44,7.37,peer_context,medium
R80790,operating_below_reference_candidate,2015-04-10 13:30:00+00:00,2015-04-10 15:20:00+00:00,12,2.0,0.1165,6.68,6.8,peer_context,medium
R80736,operating_below_reference_candidate,2015-07-19 22:40:00+00:00,2015-07-20 00:50:00+00:00,14,2.33,0.1165,5.78,6.19,peer_context,medium
R80736,operating_below_reference_candidate,2015-01-15 20:00:00+00:00,2015-01-15 21:10:00+00:00,8,1.33,0.1164,10.37,9.82,peer_context,medium
R80790,operating_below_reference_candidate,2015-11-29 19:30:00+00:00,2015-11-29 20:40:00+00:00,8,1.33,0.1162,12.59,12.33,peer_context,medium
R80721,operating_below_reference_candidate,2015-04-01 07:10:00+00:00,2015-04-01 08:40:00+00:00,10,1.67,0.1161,8.13,8.64,peer_context,medium
R80721,operating_below_reference_candidate,2015-03-30 06:00:00+00:00,2015-03-30 07:50:00+00:00,12,2.0,0.1159,9.6,10.06,peer_context,medium
R80721,operating_below_reference_candidate,2015-11-19 13:20:00+00:00,2015-11-19 14:10:00+00:00,6,1.0,0.1158,10.58,11.03,peer_context,medium
R80711,operating_below_reference_candidate,2015-05-29 13:10:00+00:00,2015-05-29 14:40:00+00:00,10,1.67,0.1157,8.91,8.47,peer_context,medium
R80711,operating_below_reference_candidate,2015-01-29 22:00:00+00:00,2015-01-29 22:50:00+00:00,6,1.0,0.1155,10.54,9.6,peer_context,medium
R80721,operating_below_reference_candidate,2015-02-11 19:50:00+00:00,2015-02-11 21:40:00+00:00,12,2.0,0.1155,5.07,4.94,peer_context,medium
R80711,operating_below_reference_candidate,2015-11-29 08:40:00+00:00,2015-11-29 09:30:00+00:00,6,1.0,0.1155,11.94,10.92,peer_context,medium
R80736,operating_below_reference_candidate,2015-08-29 18:00:00+00:00,2015-08-29 20:10:00+00:00,14,2.33,0.115,5.2,4.94,peer_context,medium
R80736,operating_below_reference_candidate,2015-11-24 17:20:00+00:00,2015-11-24 18:20:00+00:00,7,1.17,0.1149,8.76,9.42,peer_context,medium
R80721,operating_below_reference_candidate,2015-01-15 20:00:00+00:00,2015-01-15 20:50:00+00:00,6,1.0,0.1148,9.35,9.97,peer_context,medium
R80711,operating_below_reference_candidate,2015-11-21 06:10:00+00:00,2015-11-21 07:00:00+00:00,6,1.0,0.1148,9.98,8.49,peer_context,medium
R80736,operating_below_reference_candidate,2015-02-20 18:40:00+00:00,2015-02-20 19:30:00+00:00,6,1.0,0.1148,9.52,9.4,peer_context,medium
R80721,operating_below_reference_candidate,2015-08-29 17:40:00+00:00,2015-08-29 20:10:00+00:00,16,2.67,0.1147,5.1,4.94,peer_context,medium
R80790,operating_below_reference_candidate,2015-07-08 13:30:00+00:00,2015-07-08 14:50:00+00:00,9,1.5,0.1146,8.48,8.3,peer_context,medium
R80721,operating_below_reference_candidate,2015-08-27 10:50:00+00:00,2015-08-27 11:50:00+00:00,7,1.17,0.1144,7.33,7.56,peer_context,medium
R80790,operating_below_reference_candidate,2015-12-25 05:40:00+00:00,2015-12-25 06:30:00+00:00,6,1.0,0.1144,8.85,7.8,peer_context,medium
R80790,operating_below_reference_candidate,2015-03-11 23:00:00+00:00,2015-03-12 00:50:00+00:00,12,2.0,0.1143,5.79,5.7,peer_context,medium
R80790,operating_below_reference_candidate,2015-07-30 08:30:00+00:00,2015-07-30 09:50:00+00:00,9,1.5,0.1141,6.37,6.11,peer_context,medium
R80790,operating_below_reference_candidate,2015-12-01 02:50:00+00:00,2015-12-01 04:10:00+00:00,9,1.5,0.1141,11.86,11.33,peer_context,medium
R80736,operating_below_reference_candidate,2015-04-11 22:40:00+00:00,2015-04-11 23:40:00+00:00,7,1.17,0.1139,5.93,5.68,peer_context,medium
R80790,operating_below_reference_candidate,2015-09-30 20:20:00+00:00,2015-09-30 22:00:00+00:00,11,1.83,0.1139,8.4,7.59,peer_context,medium
R80711,operating_below_reference_candidate,2015-07-03 13:10:00+00:00,2015-07-03 15:10:00+00:00,13,2.17,0.1137,5.62,5.45,peer_context,medium
R80711,operating_below_reference_candidate,2015-11-17 08:30:00+00:00,2015-11-17 09:20:00+00:00,6,1.0,0.1134,11.42,11.51,peer_context,medium
R80711,operating_below_reference_candidate,2015-12-11 09:50:00+00:00,2015-12-11 11:10:00+00:00,9,1.5,0.1134,6.92,6.68,peer_context,medium
R80790,operating_below_reference_candidate,2015-09-10 12:30:00+00:00,2015-09-10 13:50:00+00:00,9,1.5,0.1133,6.46,6.43,peer_context,medium
R80790,idle_in_apparently_usable_wind,2015-06-14 07:40:00+00:00,2015-06-14 09:00:00+00:00,9,1.5,0.1133,4.46,4.96,peer_context,medium
R80736,operating_below_reference_candidate,2015-07-12 12:50:00+00:00,2015-07-12 15:00:00+00:00,14,2.33,0.1132,5.78,6.06,peer_context,medium
R80790,operating_below_reference_candidate,2015-08-08 20:10:00+00:00,2015-08-08 21:50:00+00:00,11,1.83,0.1128,7.61,7.26,peer_context,medium
R80790,operating_below_reference_candidate,2015-09-17 10:30:00+00:00,2015-09-17 11:30:00+00:00,7,1.17,0.1128,10.07,10.12,peer_context,medium
R80736,operating_below_reference_candidate,2015-09-23 18:00:00+00:00,2015-09-23 20:00:00+00:00,13,2.17,0.1126,6.18,5.98,peer_context,medium
R80736,operating_below_reference_candidate,2015-09-24 16:40:00+00:00,2015-09-24 19:30:00+00:00,18,3.0,0.1125,4.99,4.77,peer_context,medium
R80790,operating_below_reference_candidate,2015-07-25 06:10:00+00:00,2015-07-25 07:00:00+00:00,6,1.0,0.1125,11.57,11.23,peer_context,medium
R80790,operating_below_reference_candidate,2015-05-18 09:40:00+00:00,2015-05-18 10:40:00+00:00,7,1.17,0.1123,6.6,6.69,peer_context,medium
R80736,operating_below_reference_candidate,2015-08-12 20:10:00+00:00,2015-08-12 22:00:00+00:00,12,2.0,0.1123,5.45,5.57,peer_context,medium
R80790,operating_below_reference_candidate,2015-11-18 18:50:00+00:00,2015-11-18 19:40:00+00:00,6,1.0,0.1121,9.56,8.77,peer_context,medium
R80721,operating_below_reference_candidate,2015-06-29 02:10:00+00:00,2015-06-29 03:40:00+00:00,10,1.67,0.1121,5.97,5.79,peer_context,medium
R80790,operating_below_reference_candidate,2015-02-20 09:30:00+00:00,2015-02-20 10:50:00+00:00,9,1.5,0.1119,8.89,8.59,peer_context,medium
R80790,operating_below_reference_candidate,2015-01-19 20:00:00+00:00,2015-01-19 21:10:00+00:00,8,1.33,0.1118,5.07,4.4,peer_context,medium
R80721,operating_below_reference_candidate,2015-02-23 07:00:00+00:00,2015-02-23 07:50:00+00:00,6,1.0,0.1117,7.3,6.56,peer_context,medium
R80721,operating_below_reference_candidate,2015-07-27 00:50:00+00:00,2015-07-27 02:40:00+00:00,12,2.0,0.1116,8.0,8.92,peer_context,medium
R80736,operating_below_reference_candidate,2015-09-24 03:10:00+00:00,2015-09-24 05:20:00+00:00,14,2.33,0.1116,5.22,5.34,peer_context,medium
R80721,operating_below_reference_candidate,2015-07-11 09:10:00+00:00,2015-07-11 10:30:00+00:00,9,1.5,0.1116,8.61,8.94,peer_context,medium
R80790,operating_below_reference_candidate,2015-12-08 06:20:00+00:00,2015-12-08 07:20:00+00:00,7,1.17,0.1115,7.31,8.34,peer_context,medium
R80790,operating_below_reference_candidate,2015-09-13 14:30:00+00:00,2015-09-13 16:10:00+00:00,11,1.83,0.1115,6.04,6.43,peer_context,medium
R80790,operating_below_reference_candidate,2015-08-27 20:50:00+00:00,2015-08-27 22:00:00+00:00,8,1.33,0.1115,6.92,6.42,peer_context,medium
R80790,operating_below_reference_candidate,2015-05-04 03:40:00+00:00,2015-05-04 05:20:00+00:00,11,1.83,0.1115,5.43,5.11,peer_context,medium
R80790,operating_below_reference_candidate,2015-11-19 19:10:00+00:00,2015-11-19 20:10:00+00:00,7,1.17,0.1112,12.85,12.49,peer_context,medium
R80721,operating_below_reference_candidate,2015-07-16 20:20:00+00:00,2015-07-16 22:00:00+00:00,11,1.83,0.1112,7.24,6.85,peer_context,medium
R80736,operating_below_reference_candidate,2015-11-23 02:10:00+00:00,2015-11-23 03:40:00+00:00,10,1.67,0.111,4.87,4.2,peer_context,medium
R80711,operating_below_reference_candidate,2015-11-29 17:00:00+00:00,2015-11-29 18:40:00+00:00,11,1.83,0.111,12.08,11.28,peer_context,medium
R80790,operating_below_reference_candidate,2015-06-22 19:30:00+00:00,2015-06-22 20:30:00+00:00,7,1.17,0.1105,10.69,9.86,peer_context,medium
R80711,operating_below_reference_candidate,2015-11-14 20:20:00+00:00,2015-11-14 22:30:00+00:00,14,2.33,0.1104,11.05,10.66,peer_context,medium
R80711,operating_below_reference_candidate,2015-11-05 05:50:00+00:00,2015-11-05 07:00:00+00:00,8,1.33,0.1104,5.97,5.41,peer_context,medium
R80721,operating_below_reference_candidate,2015-10-29 22:00:00+00:00,2015-10-29 23:30:00+00:00,10,1.67,0.1102,5.26,5.21,peer_context,medium
R80736,operating_below_reference_candidate,2015-11-29 21:40:00+00:00,2015-11-29 23:30:00+00:00,12,2.0,0.1101,12.34,12.11,peer_context,medium
R80790,operating_below_reference_candidate,2015-01-27 11:50:00+00:00,2015-01-27 12:50:00+00:00,7,1.17,0.1101,5.76,5.69,peer_context,medium
R80721,operating_below_reference_candidate,2015-01-25 04:20:00+00:00,2015-01-25 05:20:00+00:00,7,1.17,0.11,5.26,5.93,peer_context,medium
R80721,operating_below_reference_candidate,2015-11-30 01:40:00+00:00,2015-11-30 02:50:00+00:00,8,1.33,0.1098,11.36,12.48,peer_context,medium
R80736,operating_below_reference_candidate,2015-11-30 17:00:00+00:00,2015-11-30 18:00:00+00:00,7,1.17,0.1098,9.89,9.91,peer_context,medium
R80711,operating_below_reference_candidate,2015-11-30 11:50:00+00:00,2015-11-30 12:50:00+00:00,7,1.17,0.1097,10.42,9.69,peer_context,medium
R80711,operating_below_reference_candidate,2015-03-02 08:50:00+00:00,2015-03-02 09:50:00+00:00,7,1.17,0.1096,9.31,8.61,peer_context,medium
R80711,operating_below_reference_candidate,2015-07-07 07:30:00+00:00,2015-07-07 09:10:00+00:00,11,1.83,0.1096,6.18,5.83,peer_context,medium
R80790,operating_below_reference_candidate,2015-03-30 13:00:00+00:00,2015-03-30 14:10:00+00:00,8,1.33,0.1095,11.64,11.3,peer_context,medium
R80711,operating_below_reference_candidate,2015-03-01 19:50:00+00:00,2015-03-01 21:10:00+00:00,9,1.5,0.1095,11.3,10.99,peer_context,medium
R80711,operating_below_reference_candidate,2015-03-05 17:40:00+00:00,2015-03-05 19:00:00+00:00,9,1.5,0.1093,6.09,5.66,peer_context,medium
R80711,operating_below_reference_candidate,2015-11-29 04:20:00+00:00,2015-11-29 05:10:00+00:00,6,1.0,0.1093,11.7,10.88,peer_context,medium
R80736,operating_below_reference_candidate,2015-03-31 17:20:00+00:00,2015-03-31 18:30:00+00:00,8,1.33,0.1092,10.15,11.47,peer_context,medium
R80721,operating_below_reference_candidate,2015-08-14 01:50:00+00:00,2015-08-14 03:10:00+00:00,9,1.5,0.1092,5.93,6.13,peer_context,medium
R80790,operating_below_reference_candidate,2015-08-29 03:20:00+00:00,2015-08-29 04:50:00+00:00,10,1.67,0.1092,5.78,5.6,peer_context,medium
R80790,operating_below_reference_candidate,2015-11-21 22:10:00+00:00,2015-11-21 23:30:00+00:00,9,1.5,0.1091,6.08,6.79,peer_context,medium
R80736,operating_below_reference_candidate,2015-09-17 05:30:00+00:00,2015-09-17 06:40:00+00:00,8,1.33,0.1091,9.42,9.31,peer_context,medium
R80711,operating_below_reference_candidate,2015-02-13 23:40:00+00:00,2015-02-14 01:00:00+00:00,9,1.5,0.109,8.32,7.77,peer_context,medium
R80790,operating_below_reference_candidate,2015-05-19 13:00:00+00:00,2015-05-19 14:20:00+00:00,9,1.5,0.1089,7.53,7.46,peer_context,medium
R80790,operating_below_reference_candidate,2015-05-28 12:00:00+00:00,2015-05-28 13:00:00+00:00,7,1.17,0.1088,7.96,8.08,peer_context,medium
R80790,operating_below_reference_candidate,2015-04-07 09:30:00+00:00,2015-04-07 10:40:00+00:00,8,1.33,0.1087,5.96,5.88,peer_context,medium
R80721,operating_below_reference_candidate,2015-07-19 14:10:00+00:00,2015-07-19 15:30:00+00:00,9,1.5,0.1087,8.87,8.91,peer_context,medium
R80721,operating_below_reference_candidate,2015-01-09 10:40:00+00:00,2015-01-09 11:30:00+00:00,6,1.0,0.1086,10.12,10.65,peer_context,medium
R80711,operating_below_reference_candidate,2015-07-11 23:50:00+00:00,2015-07-12 01:00:00+00:00,8,1.33,0.1086,5.94,5.66,peer_context,medium
R80721,operating_below_reference_candidate,2015-05-05 10:30:00+00:00,2015-05-05 11:30:00+00:00,7,1.17,0.1086,11.25,12.22,peer_context,medium
R80721,operating_below_reference_candidate,2015-07-10 14:30:00+00:00,2015-07-10 16:00:00+00:00,10,1.67,0.1085,6.02,5.92,peer_context,medium
R80790,operating_below_reference_candidate,2015-08-28 04:20:00+00:00,2015-08-28 05:20:00+00:00,7,1.17,0.1085,7.27,6.97,peer_context,medium
R80721,operating_below_reference_candidate,2015-12-21 02:40:00+00:00,2015-12-21 03:50:00+00:00,8,1.33,0.1085,7.17,7.83,peer_context,medium
R80711,idle_in_apparently_usable_wind,2015-02-12 07:20:00+00:00,2015-02-12 08:40:00+00:00,9,1.5,0.1085,4.51,4.86,peer_context,medium
R80736,operating_below_reference_candidate,2015-07-01 10:40:00+00:00,2015-07-01 12:10:00+00:00,10,1.67,0.1083,6.24,5.92,peer_context,medium
R80790,operating_below_reference_candidate,2015-06-27 12:00:00+00:00,2015-06-27 13:00:00+00:00,7,1.17,0.1082,7.26,7.47,peer_context,medium
R80721,operating_below_reference_candidate,2015-05-25 04:40:00+00:00,2015-05-25 06:40:00+00:00,13,2.17,0.1082,5.65,5.44,peer_context,medium
R80790,operating_below_reference_candidate,2015-06-21 11:20:00+00:00,2015-06-21 12:40:00+00:00,9,1.5,0.1081,6.96,6.77,peer_context,medium
R80721,operating_below_reference_candidate,2015-10-13 15:50:00+00:00,2015-10-13 16:50:00+00:00,7,1.17,0.1079,5.85,5.72,peer_context,medium
R80711,operating_below_reference_candidate,2015-07-12 03:10:00+00:00,2015-07-12 05:00:00+00:00,12,2.0,0.1077,5.38,4.55,peer_context,medium
R80721,operating_below_reference_candidate,2015-03-12 04:50:00+00:00,2015-03-12 06:40:00+00:00,12,2.0,0.1077,5.9,6.08,peer_context,medium
R80790,operating_below_reference_candidate,2015-04-17 17:00:00+00:00,2015-04-17 18:50:00+00:00,12,2.0,0.1076,5.4,4.95,peer_context,medium
R80790,operating_below_reference_candidate,2015-05-08 18:20:00+00:00,2015-05-08 19:40:00+00:00,9,1.5,0.1076,5.6,5.17,peer_context,medium
R80790,operating_below_reference_candidate,2015-07-31 11:20:00+00:00,2015-07-31 12:50:00+00:00,10,1.67,0.1076,5.83,5.87,peer_context,medium
R80721,operating_below_reference_candidate,2015-05-05 08:30:00+00:00,2015-05-05 09:50:00+00:00,9,1.5,0.1075,12.28,13.36,peer_context,medium
R80790,operating_below_reference_candidate,2015-03-31 23:40:00+00:00,2015-04-01 00:50:00+00:00,8,1.33,0.1075,11.68,11.18,peer_context,medium
R80736,operating_below_reference_candidate,2015-07-11 18:20:00+00:00,2015-07-11 19:50:00+00:00,10,1.67,0.1075,7.11,6.73,peer_context,medium
R80711,idle_in_apparently_usable_wind,2015-07-22 07:00:00+00:00,2015-07-22 08:30:00+00:00,10,1.67,0.1073,4.67,5.04,peer_context,medium
R80790,operating_below_reference_candidate,2015-03-03 14:40:00+00:00,2015-03-03 16:10:00+00:00,10,1.67,0.1071,7.2,7.34,peer_context,medium
R80790,operating_below_reference_candidate,2015-12-28 06:20:00+00:00,2015-12-28 07:30:00+00:00,8,1.33,0.1071,8.78,8.52,peer_context,medium
R80790,operating_below_reference_candidate,2015-08-26 19:50:00+00:00,2015-08-26 21:10:00+00:00,9,1.5,0.1071,8.44,8.14,peer_context,medium
R80721,operating_below_reference_candidate,2015-02-20 08:30:00+00:00,2015-02-20 09:20:00+00:00,6,1.0,0.1069,9.66,10.59,peer_context,medium
R80790,operating_below_reference_candidate,2015-01-14 08:10:00+00:00,2015-01-14 09:00:00+00:00,6,1.0,0.1067,9.51,9.5,peer_context,medium
R80711,operating_below_reference_candidate,2015-01-10 17:00:00+00:00,2015-01-10 18:20:00+00:00,9,1.5,0.1066,12.86,11.93,peer_context,medium
R80711,operating_below_reference_candidate,2015-07-31 02:10:00+00:00,2015-07-31 04:30:00+00:00,15,2.5,0.1065,5.71,5.23,peer_context,medium
R80711,operating_below_reference_candidate,2015-07-07 10:20:00+00:00,2015-07-07 11:50:00+00:00,10,1.67,0.1065,6.42,6.21,peer_context,medium
R80736,operating_below_reference_candidate,2015-08-23 08:20:00+00:00,2015-08-23 10:00:00+00:00,11,1.83,0.1062,8.82,8.41,peer_context,medium
R80790,operating_below_reference_candidate,2015-01-11 18:30:00+00:00,2015-01-11 19:30:00+00:00,7,1.17,0.1061,8.72,8.24,peer_context,medium
R80790,operating_below_reference_candidate,2015-06-06 16:30:00+00:00,2015-06-06 17:50:00+00:00,9,1.5,0.1059,5.52,5.53,peer_context,medium
R80790,operating_below_reference_candidate,2015-03-03 20:50:00+00:00,2015-03-03 22:10:00+00:00,9,1.5,0.1059,5.6,5.4,peer_context,medium
R80790,operating_below_reference_candidate,2015-12-13 02:20:00+00:00,2015-12-13 03:40:00+00:00,9,1.5,0.1058,5.56,5.0,peer_context,medium
R80721,operating_below_reference_candidate,2015-11-19 15:20:00+00:00,2015-11-19 16:30:00+00:00,8,1.33,0.1057,10.86,12.39,peer_context,medium
R80736,operating_below_reference_candidate,2015-07-28 13:30:00+00:00,2015-07-28 15:00:00+00:00,10,1.67,0.1056,7.76,8.24,peer_context,medium
R80721,operating_below_reference_candidate,2015-03-30 11:30:00+00:00,2015-03-30 12:30:00+00:00,7,1.17,0.1055,10.13,11.29,peer_context,medium
R80721,operating_below_reference_candidate,2015-01-27 20:00:00+00:00,2015-01-27 21:20:00+00:00,9,1.5,0.1054,5.32,5.46,peer_context,medium
R80790,operating_below_reference_candidate,2015-02-25 05:40:00+00:00,2015-02-25 06:30:00+00:00,6,1.0,0.1053,5.69,5.52,peer_context,medium
R80790,operating_below_reference_candidate,2015-02-23 14:00:00+00:00,2015-02-23 15:30:00+00:00,10,1.67,0.1053,6.33,6.23,peer_context,medium
R80790,operating_below_reference_candidate,2015-05-18 13:40:00+00:00,2015-05-18 15:00:00+00:00,9,1.5,0.1052,6.99,7.07,peer_context,medium
R80736,operating_below_reference_candidate,2015-06-29 21:00:00+00:00,2015-06-30 00:00:00+00:00,19,3.17,0.1052,5.54,5.58,peer_context,medium
R80721,operating_below_reference_candidate,2015-07-14 08:30:00+00:00,2015-07-14 09:40:00+00:00,8,1.33,0.1052,6.73,6.79,peer_context,medium
R80711,operating_below_reference_candidate,2015-03-26 01:20:00+00:00,2015-03-26 02:40:00+00:00,9,1.5,0.1049,5.32,4.68,peer_context,medium
R80736,operating_below_reference_candidate,2015-07-07 03:30:00+00:00,2015-07-07 05:20:00+00:00,12,2.0,0.1048,5.52,5.51,peer_context,medium
R80721,operating_below_reference_candidate,2015-11-29 16:30:00+00:00,2015-11-29 17:20:00+00:00,6,1.0,0.1047,10.43,11.38,peer_context,medium
R80711,operating_below_reference_candidate,2015-03-01 23:00:00+00:00,2015-03-02 00:00:00+00:00,7,1.17,0.1047,11.98,11.36,peer_context,medium
R80790,operating_below_reference_candidate,2015-10-15 04:20:00+00:00,2015-10-15 05:20:00+00:00,7,1.17,0.1047,5.4,5.08,peer_context,medium
R80790,idle_in_apparently_usable_wind,2015-06-15 00:20:00+00:00,2015-06-15 00:40:00+00:00,3,0.5,0.1047,5.29,4.67,peer_context,medium
R80721,operating_below_reference_candidate,2015-02-21 02:20:00+00:00,2015-02-21 03:50:00+00:00,10,1.67,0.1046,10.34,10.94,peer_context,medium
R80711,operating_below_reference_candidate,2015-07-16 23:30:00+00:00,2015-07-17 01:00:00+00:00,10,1.67,0.1046,7.5,7.18,peer_context,medium
R80790,operating_below_reference_candidate,2015-09-28 11:50:00+00:00,2015-09-28 12:40:00+00:00,6,1.0,0.1045,10.4,10.05,peer_context,medium
R80790,operating_below_reference_candidate,2015-08-10 00:00:00+00:00,2015-08-10 01:30:00+00:00,10,1.67,0.1045,5.89,5.86,peer_context,medium
R80790,operating_below_reference_candidate,2015-05-06 07:20:00+00:00,2015-05-06 08:50:00+00:00,10,1.67,0.1044,7.82,7.55,peer_context,medium
R80736,operating_below_reference_candidate,2015-01-09 03:50:00+00:00,2015-01-09 05:20:00+00:00,10,1.67,0.1042,9.74,9.91,peer_context,medium
R80721,operating_below_reference_candidate,2015-04-01 10:10:00+00:00,2015-04-01 11:20:00+00:00,8,1.33,0.104,8.44,8.79,peer_context,medium
R80721,operating_below_reference_candidate,2015-01-31 14:20:00+00:00,2015-01-31 15:50:00+00:00,10,1.67,0.104,5.33,5.53,peer_context,medium
R80711,operating_below_reference_candidate,2015-08-12 19:40:00+00:00,2015-08-12 21:00:00+00:00,9,1.5,0.104,5.78,5.19,peer_context,medium
R80736,operating_below_reference_candidate,2015-08-26 20:00:00+00:00,2015-08-26 21:30:00+00:00,10,1.67,0.104,7.88,8.34,peer_context,medium
R80790,operating_below_reference_candidate,2015-01-28 14:20:00+00:00,2015-01-28 15:10:00+00:00,6,1.0,0.104,11.12,11.31,peer_context,medium
R80721,operating_below_reference_candidate,2015-06-13 00:30:00+00:00,2015-06-13 01:30:00+00:00,7,1.17,0.1039,8.56,8.88,peer_context,medium
R80721,operating_below_reference_candidate,2015-01-21 14:10:00+00:00,2015-01-21 15:10:00+00:00,7,1.17,0.1039,5.66,5.22,peer_context,medium
R80790,operating_below_reference_candidate,2015-07-12 00:00:00+00:00,2015-07-12 01:00:00+00:00,7,1.17,0.1038,5.85,5.84,peer_context,medium
R80711,operating_below_reference_candidate,2015-06-22 13:30:00+00:00,2015-06-22 15:10:00+00:00,11,1.83,0.1038,7.86,7.97,peer_context,medium
R80790,operating_below_reference_candidate,2015-07-21 01:40:00+00:00,2015-07-21 02:40:00+00:00,7,1.17,0.1037,5.96,5.72,peer_context,medium
R80790,operating_below_reference_candidate,2015-07-31 13:10:00+00:00,2015-07-31 14:40:00+00:00,10,1.67,0.1036,5.98,5.94,peer_context,medium
R80790,operating_below_reference_candidate,2015-07-08 10:00:00+00:00,2015-07-08 11:10:00+00:00,8,1.33,0.1036,7.99,7.77,peer_context,medium
R80736,operating_below_reference_candidate,2015-01-14 05:00:00+00:00,2015-01-14 06:20:00+00:00,9,1.5,0.1036,9.91,8.98,peer_context,medium
R80711,operating_below_reference_candidate,2015-05-16 11:00:00+00:00,2015-05-16 12:40:00+00:00,11,1.83,0.1035,6.57,6.15,peer_context,medium
R80721,operating_below_reference_candidate,2015-07-21 16:40:00+00:00,2015-07-21 18:30:00+00:00,12,2.0,0.1034,5.71,5.49,peer_context,medium
R80721,operating_below_reference_candidate,2015-10-30 03:40:00+00:00,2015-10-30 05:50:00+00:00,14,2.33,0.1034,5.29,5.39,peer_context,medium
R80790,operating_below_reference_candidate,2015-09-16 14:30:00+00:00,2015-09-16 16:00:00+00:00,10,1.67,0.1031,7.17,6.5,peer_context,medium
R80736,operating_below_reference_candidate,2015-11-13 16:50:00+00:00,2015-11-13 18:00:00+00:00,8,1.33,0.103,8.58,8.94,peer_context,medium
R80790,operating_below_reference_candidate,2015-05-16 09:50:00+00:00,2015-05-16 11:20:00+00:00,10,1.67,0.103,5.82,5.5,peer_context,medium
R80790,operating_below_reference_candidate,2015-07-23 19:50:00+00:00,2015-07-23 21:30:00+00:00,11,1.83,0.1029,5.74,5.65,peer_context,medium
R80711,operating_below_reference_candidate,2015-01-08 11:00:00+00:00,2015-01-08 12:50:00+00:00,12,2.0,0.1028,11.6,11.0,peer_context,medium
R80736,operating_below_reference_candidate,2015-01-28 19:20:00+00:00,2015-01-28 20:10:00+00:00,6,1.0,0.1028,10.81,11.72,peer_context,medium
R80721,operating_below_reference_candidate,2015-08-25 01:10:00+00:00,2015-08-25 02:10:00+00:00,7,1.17,0.1026,9.11,9.77,peer_context,medium
R80790,operating_below_reference_candidate,2015-09-30 00:50:00+00:00,2015-09-30 01:40:00+00:00,6,1.0,0.1022,8.49,7.5,peer_context,medium
R80711,operating_below_reference_candidate,2015-05-31 17:50:00+00:00,2015-05-31 18:50:00+00:00,7,1.17,0.1022,5.98,5.41,peer_context,medium
R80790,operating_below_reference_candidate,2015-01-13 07:20:00+00:00,2015-01-13 08:30:00+00:00,8,1.33,0.1021,10.46,9.8,peer_context,medium
R80790,operating_below_reference_candidate,2015-02-18 11:50:00+00:00,2015-02-18 13:30:00+00:00,11,1.83,0.1021,5.45,5.31,peer_context,medium
R80790,operating_below_reference_candidate,2015-08-17 12:40:00+00:00,2015-08-17 14:10:00+00:00,10,1.67,0.102,5.73,5.79,peer_context,medium
R80721,operating_below_reference_candidate,2015-01-08 11:40:00+00:00,2015-01-08 13:00:00+00:00,9,1.5,0.102,10.88,11.93,peer_context,medium
R80721,operating_below_reference_candidate,2015-05-18 04:00:00+00:00,2015-05-18 05:10:00+00:00,8,1.33,0.1018,5.87,5.66,peer_context,medium
R80790,operating_below_reference_candidate,2015-01-24 14:00:00+00:00,2015-01-24 15:30:00+00:00,10,1.67,0.1018,6.91,7.41,peer_context,medium
R80736,operating_below_reference_candidate,2015-07-17 10:40:00+00:00,2015-07-17 11:50:00+00:00,8,1.33,0.1018,7.01,6.95,peer_context,medium
R80736,operating_below_reference_candidate,2015-06-02 11:00:00+00:00,2015-06-02 12:00:00+00:00,7,1.17,0.1017,9.66,9.84,peer_context,medium
R80736,operating_below_reference_candidate,2015-11-30 14:10:00+00:00,2015-11-30 15:10:00+00:00,7,1.17,0.1015,10.69,10.53,peer_context,medium
R80711,operating_below_reference_candidate,2015-02-23 23:20:00+00:00,2015-02-24 00:30:00+00:00,8,1.33,0.1013,6.89,6.44,peer_context,medium
R80736,operating_below_reference_candidate,2015-11-19 13:00:00+00:00,2015-11-19 14:20:00+00:00,9,1.5,0.1012,11.38,10.69,peer_context,medium
R80790,operating_below_reference_candidate,2015-07-31 15:50:00+00:00,2015-07-31 17:50:00+00:00,13,2.17,0.1011,5.31,5.2,peer_context,medium
R80721,operating_below_reference_candidate,2015-06-05 14:20:00+00:00,2015-06-05 16:20:00+00:00,13,2.17,0.101,5.37,5.41,peer_context,medium
R80721,operating_below_reference_candidate,2015-12-30 18:50:00+00:00,2015-12-30 19:50:00+00:00,7,1.17,0.1009,7.61,7.99,peer_context,medium
R80736,operating_below_reference_candidate,2015-06-27 07:30:00+00:00,2015-06-27 08:30:00+00:00,7,1.17,0.1007,6.92,6.83,peer_context,medium
R80721,operating_below_reference_candidate,2015-07-19 09:30:00+00:00,2015-07-19 10:30:00+00:00,7,1.17,0.1007,7.7,8.52,peer_context,medium
R80790,operating_below_reference_candidate,2015-08-21 16:20:00+00:00,2015-08-21 17:40:00+00:00,9,1.5,0.1007,5.74,5.51,peer_context,medium
R80721,operating_below_reference_candidate,2015-07-12 02:30:00+00:00,2015-07-12 04:00:00+00:00,10,1.67,0.1007,5.53,4.58,peer_context,medium
R80736,operating_below_reference_candidate,2015-09-17 11:00:00+00:00,2015-09-17 12:10:00+00:00,8,1.33,0.1006,10.31,10.06,peer_context,medium
R80790,operating_below_reference_candidate,2015-08-01 14:20:00+00:00,2015-08-01 16:30:00+00:00,14,2.33,0.1006,5.16,5.03,peer_context,medium
R80736,operating_below_reference_candidate,2015-05-09 12:40:00+00:00,2015-05-09 13:50:00+00:00,8,1.33,0.1005,7.81,7.86,peer_context,medium
R80711,operating_below_reference_candidate,2015-09-05 19:40:00+00:00,2015-09-05 21:10:00+00:00,10,1.67,0.1005,5.97,5.66,peer_context,medium
R80790,operating_below_reference_candidate,2015-07-20 02:30:00+00:00,2015-07-20 03:50:00+00:00,9,1.5,0.1004,6.13,5.74,peer_context,medium
R80790,operating_below_reference_candidate,2015-02-14 02:10:00+00:00,2015-02-14 03:20:00+00:00,8,1.33,0.0999,7.31,8.26,peer_context,medium
R80790,operating_below_reference_candidate,2015-07-22 14:00:00+00:00,2015-07-22 15:20:00+00:00,9,1.5,0.0998,6.41,6.22,peer_context,medium
R80736,operating_below_reference_candidate,2015-07-17 23:30:00+00:00,2015-07-18 01:20:00+00:00,12,2.0,0.0998,6.81,6.67,peer_context,medium
R80736,operating_below_reference_candidate,2015-07-02 08:20:00+00:00,2015-07-02 09:30:00+00:00,8,1.33,0.0997,9.12,8.49,peer_context,medium
R80736,operating_below_reference_candidate,2015-01-14 03:00:00+00:00,2015-01-14 04:00:00+00:00,7,1.17,0.0997,10.89,11.39,peer_context,medium
R80736,operating_below_reference_candidate,2015-08-28 09:50:00+00:00,2015-08-28 11:00:00+00:00,8,1.33,0.0996,6.1,6.01,peer_context,medium
R80790,operating_below_reference_candidate,2015-07-02 00:30:00+00:00,2015-07-02 02:10:00+00:00,11,1.83,0.0996,5.78,6.85,peer_context,medium
R80721,operating_below_reference_candidate,2015-07-13 18:20:00+00:00,2015-07-13 19:20:00+00:00,7,1.17,0.0995,6.0,6.09,peer_context,medium
R80721,operating_below_reference_candidate,2015-07-20 20:40:00+00:00,2015-07-20 21:40:00+00:00,7,1.17,0.0994,6.18,6.22,peer_context,medium
R80790,operating_below_reference_candidate,2015-07-12 12:50:00+00:00,2015-07-12 13:40:00+00:00,6,1.0,0.0993,6.07,5.65,peer_context,medium
R80790,operating_below_reference_candidate,2015-09-03 05:00:00+00:00,2015-09-03 07:00:00+00:00,13,2.17,0.0992,5.22,5.05,peer_context,medium
R80721,operating_below_reference_candidate,2015-01-14 04:10:00+00:00,2015-01-14 05:50:00+00:00,11,1.83,0.0991,8.12,9.19,peer_context,medium
R80790,operating_below_reference_candidate,2015-04-01 07:50:00+00:00,2015-04-01 09:10:00+00:00,9,1.5,0.0991,7.88,7.35,peer_context,medium
R80711,operating_below_reference_candidate,2015-05-12 08:50:00+00:00,2015-05-12 10:10:00+00:00,9,1.5,0.099,7.47,7.43,peer_context,medium
R80790,operating_below_reference_candidate,2015-11-21 12:30:00+00:00,2015-11-21 13:40:00+00:00,8,1.33,0.0988,6.48,6.46,peer_context,medium
R80790,operating_below_reference_candidate,2015-12-16 11:00:00+00:00,2015-12-16 12:20:00+00:00,9,1.5,0.0985,7.41,7.1,peer_context,medium
R80790,operating_below_reference_candidate,2015-12-30 19:00:00+00:00,2015-12-30 20:00:00+00:00,7,1.17,0.0984,7.38,8.42,peer_context,medium
R80790,operating_below_reference_candidate,2015-08-15 08:20:00+00:00,2015-08-15 09:40:00+00:00,9,1.5,0.0984,7.88,7.62,peer_context,medium
R80711,operating_below_reference_candidate,2015-09-16 11:30:00+00:00,2015-09-16 12:50:00+00:00,9,1.5,0.0983,11.96,10.97,peer_context,medium
R80711,operating_below_reference_candidate,2015-10-20 00:50:00+00:00,2015-10-20 01:50:00+00:00,7,1.17,0.0982,5.84,4.29,peer_context,medium
R80790,operating_below_reference_candidate,2015-01-12 09:20:00+00:00,2015-01-12 10:20:00+00:00,7,1.17,0.0981,11.6,11.98,peer_context,medium
R80736,operating_below_reference_candidate,2015-12-07 14:50:00+00:00,2015-12-07 16:10:00+00:00,9,1.5,0.0981,5.57,5.02,peer_context,medium
R80711,operating_below_reference_candidate,2015-07-02 10:20:00+00:00,2015-07-02 11:40:00+00:00,9,1.5,0.0976,7.99,8.08,peer_context,medium
R80736,operating_below_reference_candidate,2015-11-17 15:40:00+00:00,2015-11-17 16:50:00+00:00,8,1.33,0.0975,11.84,11.37,peer_context,medium
R80736,operating_below_reference_candidate,2015-09-17 04:00:00+00:00,2015-09-17 05:10:00+00:00,8,1.33,0.0974,8.2,8.13,peer_context,medium
R80790,operating_below_reference_candidate,2015-07-01 20:20:00+00:00,2015-07-01 21:50:00+00:00,10,1.67,0.0973,5.87,6.18,peer_context,medium
R80711,operating_below_reference_candidate,2015-11-22 01:40:00+00:00,2015-11-22 02:50:00+00:00,8,1.33,0.097,6.65,6.02,peer_context,medium
R80790,operating_below_reference_candidate,2015-03-01 23:00:00+00:00,2015-03-02 00:00:00+00:00,7,1.17,0.0969,11.95,11.37,peer_context,medium
R80790,operating_below_reference_candidate,2015-06-23 12:40:00+00:00,2015-06-23 14:10:00+00:00,10,1.67,0.0969,5.72,5.73,peer_context,medium
R80736,operating_below_reference_candidate,2015-07-07 11:00:00+00:00,2015-07-07 12:10:00+00:00,8,1.33,0.0968,5.8,5.89,peer_context,medium
R80790,operating_below_reference_candidate,2015-11-17 15:50:00+00:00,2015-11-17 17:00:00+00:00,8,1.33,0.0968,11.53,11.49,peer_context,medium
R80790,operating_below_reference_candidate,2015-09-22 09:10:00+00:00,2015-09-22 10:30:00+00:00,9,1.5,0.0968,9.49,8.56,peer_context,medium
R80721,operating_below_reference_candidate,2015-01-28 18:40:00+00:00,2015-01-28 19:30:00+00:00,6,1.0,0.0968,9.78,11.15,peer_context,medium
R80790,operating_below_reference_candidate,2015-07-27 01:50:00+00:00,2015-07-27 03:40:00+00:00,12,2.0,0.0967,9.24,9.15,peer_context,medium
R80736,operating_below_reference_candidate,2015-08-31 16:00:00+00:00,2015-08-31 17:40:00+00:00,11,1.83,0.0966,6.65,6.54,peer_context,medium
R80790,operating_below_reference_candidate,2015-03-05 07:00:00+00:00,2015-03-05 08:20:00+00:00,9,1.5,0.0965,5.92,5.69,peer_context,medium
R80711,operating_below_reference_candidate,2015-01-27 23:00:00+00:00,2015-01-28 01:30:00+00:00,16,2.67,0.0964,5.39,5.06,peer_context,medium
R80790,operating_below_reference_candidate,2015-03-01 15:50:00+00:00,2015-03-01 17:30:00+00:00,11,1.83,0.0964,8.25,8.11,peer_context,medium
R80790,operating_below_reference_candidate,2015-06-02 12:20:00+00:00,2015-06-02 13:10:00+00:00,6,1.0,0.0963,9.62,9.41,peer_context,medium
R80711,operating_below_reference_candidate,2015-07-19 09:20:00+00:00,2015-07-19 10:50:00+00:00,10,1.67,0.0962,8.93,8.65,peer_context,medium
R80721,operating_below_reference_candidate,2015-06-10 09:10:00+00:00,2015-06-10 10:30:00+00:00,9,1.5,0.096,7.28,7.24,peer_context,medium
R80711,operating_below_reference_candidate,2015-09-22 05:10:00+00:00,2015-09-22 06:10:00+00:00,7,1.17,0.0959,7.73,7.16,peer_context,medium
R80790,operating_below_reference_candidate,2015-12-30 20:50:00+00:00,2015-12-30 22:10:00+00:00,9,1.5,0.0959,10.2,10.0,peer_context,medium
R80790,operating_below_reference_candidate,2015-12-30 22:30:00+00:00,2015-12-30 23:20:00+00:00,6,1.0,0.0959,8.65,8.73,peer_context,medium
R80736,operating_below_reference_candidate,2015-05-12 12:00:00+00:00,2015-05-12 13:00:00+00:00,7,1.17,0.0958,6.78,7.44,peer_context,medium
R80721,operating_below_reference_candidate,2015-11-17 20:00:00+00:00,2015-11-17 21:20:00+00:00,9,1.5,0.0958,11.14,11.81,peer_context,medium
R80790,operating_below_reference_candidate,2015-03-26 13:10:00+00:00,2015-03-26 14:10:00+00:00,7,1.17,0.0957,8.09,8.02,peer_context,medium
R80721,operating_below_reference_candidate,2015-09-16 11:20:00+00:00,2015-09-16 12:40:00+00:00,9,1.5,0.0954,10.73,11.01,peer_context,medium
R80790,operating_below_reference_candidate,2015-09-08 11:00:00+00:00,2015-09-08 11:50:00+00:00,6,1.0,0.095,5.78,5.91,peer_context,medium
R80790,operating_below_reference_candidate,2015-01-28 13:10:00+00:00,2015-01-28 14:00:00+00:00,6,1.0,0.0949,11.34,10.89,peer_context,medium
R80790,operating_below_reference_candidate,2015-08-15 03:20:00+00:00,2015-08-15 04:40:00+00:00,9,1.5,0.0948,7.87,7.48,peer_context,medium
R80790,operating_below_reference_candidate,2015-06-05 15:40:00+00:00,2015-06-05 17:00:00+00:00,9,1.5,0.0947,6.54,6.57,peer_context,medium
R80736,operating_below_reference_candidate,2015-08-18 23:50:00+00:00,2015-08-19 02:10:00+00:00,15,2.5,0.0946,5.11,4.8,peer_context,medium
R80711,operating_below_reference_candidate,2015-03-01 16:00:00+00:00,2015-03-01 16:50:00+00:00,6,1.0,0.0945,8.86,8.23,peer_context,medium
R80721,operating_below_reference_candidate,2015-02-25 03:10:00+00:00,2015-02-25 04:50:00+00:00,11,1.83,0.0945,5.39,5.44,peer_context,medium
R80790,operating_below_reference_candidate,2015-08-30 22:30:00+00:00,2015-08-30 23:30:00+00:00,7,1.17,0.0945,7.57,8.86,peer_context,medium
R80790,operating_below_reference_candidate,2015-03-04 22:00:00+00:00,2015-03-04 22:50:00+00:00,6,1.0,0.0945,6.6,7.87,peer_context,medium
R80736,operating_below_reference_candidate,2015-01-14 19:30:00+00:00,2015-01-14 20:50:00+00:00,9,1.5,0.0944,8.15,8.29,peer_context,medium
R80721,operating_below_reference_candidate,2015-05-24 23:40:00+00:00,2015-05-25 01:40:00+00:00,13,2.17,0.0943,5.86,5.41,peer_context,medium
R80711,operating_below_reference_candidate,2015-07-28 13:30:00+00:00,2015-07-28 14:20:00+00:00,6,1.0,0.0943,8.21,8.16,peer_context,medium
R80736,operating_below_reference_candidate,2015-07-20 12:50:00+00:00,2015-07-20 14:20:00+00:00,10,1.67,0.0942,6.2,6.09,peer_context,medium
R80736,operating_below_reference_candidate,2015-11-29 14:00:00+00:00,2015-11-29 15:20:00+00:00,9,1.5,0.0941,10.38,10.09,peer_context,medium
R80736,operating_below_reference_candidate,2015-08-24 14:40:00+00:00,2015-08-24 15:30:00+00:00,6,1.0,0.0941,9.47,10.68,peer_context,medium
R80711,operating_below_reference_candidate,2015-03-02 11:20:00+00:00,2015-03-02 12:20:00+00:00,7,1.17,0.0941,11.2,10.42,peer_context,medium
R80790,operating_below_reference_candidate,2015-09-15 10:00:00+00:00,2015-09-15 10:50:00+00:00,6,1.0,0.094,9.0,8.85,peer_context,medium
R80711,operating_below_reference_candidate,2015-09-22 11:50:00+00:00,2015-09-22 13:00:00+00:00,8,1.33,0.094,7.39,7.42,peer_context,medium
R80790,operating_below_reference_candidate,2015-07-24 22:30:00+00:00,2015-07-24 23:40:00+00:00,8,1.33,0.094,6.27,5.99,peer_context,medium
R80711,operating_below_reference_candidate,2015-03-03 18:40:00+00:00,2015-03-03 19:30:00+00:00,6,1.0,0.0939,8.92,8.33,peer_context,medium
R80721,operating_below_reference_candidate,2015-11-29 21:40:00+00:00,2015-11-29 23:30:00+00:00,12,2.0,0.0938,10.96,12.57,peer_context,medium
R80721,operating_below_reference_candidate,2015-12-31 06:00:00+00:00,2015-12-31 07:00:00+00:00,7,1.17,0.0938,5.92,6.26,peer_context,medium
R80711,operating_below_reference_candidate,2015-06-08 13:00:00+00:00,2015-06-08 13:50:00+00:00,6,1.0,0.0938,7.55,7.27,peer_context,medium
R80736,operating_below_reference_candidate,2015-09-10 10:00:00+00:00,2015-09-10 11:10:00+00:00,8,1.33,0.0937,7.62,7.95,peer_context,medium
R80721,operating_below_reference_candidate,2015-11-30 14:10:00+00:00,2015-11-30 15:10:00+00:00,7,1.17,0.0937,9.83,10.82,peer_context,medium
R80736,operating_below_reference_candidate,2015-09-04 16:20:00+00:00,2015-09-04 17:40:00+00:00,9,1.5,0.0937,5.77,5.48,peer_context,medium
R80736,operating_below_reference_candidate,2015-01-25 04:30:00+00:00,2015-01-25 05:30:00+00:00,7,1.17,0.0937,5.46,5.9,peer_context,medium
R80790,operating_below_reference_candidate,2015-07-02 02:30:00+00:00,2015-07-02 03:40:00+00:00,8,1.33,0.0936,6.01,6.54,peer_context,medium
R80721,operating_below_reference_candidate,2015-05-31 17:50:00+00:00,2015-05-31 18:50:00+00:00,7,1.17,0.0936,5.58,5.55,peer_context,medium
R80790,operating_below_reference_candidate,2015-09-11 09:10:00+00:00,2015-09-11 11:50:00+00:00,17,2.83,0.0935,4.93,4.88,peer_context,medium
R80721,operating_below_reference_candidate,2015-11-19 08:40:00+00:00,2015-11-19 09:40:00+00:00,7,1.17,0.0935,7.32,8.22,peer_context,medium
R80721,operating_below_reference_candidate,2015-07-08 12:00:00+00:00,2015-07-08 13:00:00+00:00,7,1.17,0.0933,8.29,8.47,peer_context,medium
R80790,operating_below_reference_candidate,2015-04-11 18:50:00+00:00,2015-04-11 20:00:00+00:00,8,1.33,0.0933,6.46,5.94,peer_context,medium
R80736,operating_below_reference_candidate,2015-07-01 18:40:00+00:00,2015-07-01 20:30:00+00:00,12,2.0,0.0932,6.11,5.76,peer_context,medium
R80736,operating_below_reference_candidate,2015-07-03 16:10:00+00:00,2015-07-03 18:20:00+00:00,14,2.33,0.093,5.65,5.59,peer_context,medium
R80790,operating_below_reference_candidate,2015-04-01 17:10:00+00:00,2015-04-01 18:00:00+00:00,6,1.0,0.093,7.13,6.84,peer_context,medium
R80790,operating_below_reference_candidate,2015-09-13 04:00:00+00:00,2015-09-13 05:00:00+00:00,7,1.17,0.0928,6.75,6.37,peer_context,medium
R80790,operating_below_reference_candidate,2015-09-18 06:40:00+00:00,2015-09-18 07:40:00+00:00,7,1.17,0.0927,5.66,5.5,peer_context,medium
R80711,operating_below_reference_candidate,2015-11-21 13:40:00+00:00,2015-11-21 14:30:00+00:00,6,1.0,0.0926,6.99,6.36,peer_context,medium
R80721,operating_below_reference_candidate,2015-06-02 15:30:00+00:00,2015-06-02 16:30:00+00:00,7,1.17,0.0926,8.58,9.03,peer_context,medium
R80711,operating_below_reference_candidate,2015-04-26 18:00:00+00:00,2015-04-26 19:20:00+00:00,9,1.5,0.0926,6.11,5.72,peer_context,medium
R80790,operating_below_reference_candidate,2015-12-01 06:00:00+00:00,2015-12-01 06:50:00+00:00,6,1.0,0.0925,10.48,9.43,peer_context,medium
R80711,operating_below_reference_candidate,2015-01-24 08:00:00+00:00,2015-01-24 09:10:00+00:00,8,1.33,0.0925,6.87,6.39,peer_context,medium
R80790,operating_below_reference_candidate,2015-08-29 20:30:00+00:00,2015-08-29 21:30:00+00:00,7,1.17,0.0925,6.09,5.62,peer_context,medium
R80721,operating_below_reference_candidate,2015-07-16 22:20:00+00:00,2015-07-16 23:20:00+00:00,7,1.17,0.0925,8.78,8.57,peer_context,medium
R80790,operating_below_reference_candidate,2015-05-23 08:40:00+00:00,2015-05-23 10:00:00+00:00,9,1.5,0.0924,5.54,5.52,peer_context,medium
R80721,operating_below_reference_candidate,2015-04-02 07:00:00+00:00,2015-04-02 08:10:00+00:00,8,1.33,0.0923,11.86,12.88,peer_context,medium
R80711,operating_below_reference_candidate,2015-05-20 21:40:00+00:00,2015-05-20 22:30:00+00:00,6,1.0,0.0923,6.37,5.43,peer_context,medium
R80790,operating_below_reference_candidate,2015-07-08 11:50:00+00:00,2015-07-08 13:10:00+00:00,9,1.5,0.0923,8.74,8.46,peer_context,medium
R80736,operating_below_reference_candidate,2015-04-12 23:40:00+00:00,2015-04-13 01:50:00+00:00,14,2.33,0.0922,5.39,5.72,peer_context,medium
R80790,operating_below_reference_candidate,2015-10-01 00:40:00+00:00,2015-10-01 01:50:00+00:00,8,1.33,0.0921,8.46,7.75,peer_context,medium
R80721,idle_in_apparently_usable_wind,2015-11-24 09:10:00+00:00,2015-11-24 10:10:00+00:00,7,1.17,0.0919,4.43,5.03,peer_context,medium
R80711,operating_below_reference_candidate,2015-03-01 03:30:00+00:00,2015-03-01 04:30:00+00:00,7,1.17,0.0917,11.02,10.11,peer_context,medium
R80711,operating_below_reference_candidate,2015-11-15 02:00:00+00:00,2015-11-15 03:20:00+00:00,9,1.5,0.0915,10.16,9.63,peer_context,medium
R80721,operating_below_reference_candidate,2015-06-22 16:40:00+00:00,2015-06-22 17:50:00+00:00,8,1.33,0.0914,8.74,9.88,peer_context,medium
R80790,operating_below_reference_candidate,2015-01-12 06:00:00+00:00,2015-01-12 07:20:00+00:00,9,1.5,0.0913,10.42,10.01,peer_context,medium
R80790,operating_below_reference_candidate,2015-01-28 08:50:00+00:00,2015-01-28 10:10:00+00:00,9,1.5,0.0913,7.95,7.68,peer_context,medium
R80790,operating_below_reference_candidate,2015-03-01 10:30:00+00:00,2015-03-01 11:40:00+00:00,8,1.33,0.0913,6.87,7.01,peer_context,medium
R80721,operating_below_reference_candidate,2015-07-25 14:30:00+00:00,2015-07-25 15:50:00+00:00,9,1.5,0.0911,8.47,9.11,peer_context,medium
R80711,operating_below_reference_candidate,2015-06-07 13:20:00+00:00,2015-06-07 15:10:00+00:00,12,2.0,0.0911,5.23,5.31,peer_context,medium
R80721,operating_below_reference_candidate,2015-04-20 10:30:00+00:00,2015-04-20 12:10:00+00:00,11,1.83,0.091,6.67,6.67,peer_context,medium
R80711,operating_below_reference_candidate,2015-05-06 07:20:00+00:00,2015-05-06 08:10:00+00:00,6,1.0,0.0909,8.1,7.45,peer_context,medium
R80736,operating_below_reference_candidate,2015-07-15 16:50:00+00:00,2015-07-15 18:10:00+00:00,9,1.5,0.0909,5.34,5.01,peer_context,medium
R80790,operating_below_reference_candidate,2015-10-06 08:00:00+00:00,2015-10-06 09:10:00+00:00,8,1.33,0.0907,5.96,5.91,peer_context,medium
R80711,operating_below_reference_candidate,2015-08-01 21:40:00+00:00,2015-08-01 23:50:00+00:00,14,2.33,0.0907,5.64,4.86,peer_context,medium
R80790,operating_below_reference_candidate,2015-07-08 19:40:00+00:00,2015-07-08 20:50:00+00:00,8,1.33,0.0907,7.31,7.02,peer_context,medium
R80721,operating_below_reference_candidate,2015-07-11 11:00:00+00:00,2015-07-11 11:50:00+00:00,6,1.0,0.0906,8.89,9.23,peer_context,medium
R80736,operating_below_reference_candidate,2015-11-17 17:10:00+00:00,2015-11-17 18:30:00+00:00,9,1.5,0.0905,12.42,11.71,peer_context,medium
R80736,operating_below_reference_candidate,2015-06-02 13:00:00+00:00,2015-06-02 14:00:00+00:00,7,1.17,0.0905,9.3,8.9,peer_context,medium
R80790,operating_below_reference_candidate,2015-04-30 08:10:00+00:00,2015-04-30 10:00:00+00:00,12,2.0,0.0904,8.69,8.72,peer_context,medium
R80790,operating_below_reference_candidate,2015-12-23 21:40:00+00:00,2015-12-23 22:50:00+00:00,8,1.33,0.0903,5.48,5.64,peer_context,medium
R80790,operating_below_reference_candidate,2015-07-10 08:30:00+00:00,2015-07-10 10:30:00+00:00,13,2.17,0.0902,5.64,5.65,peer_context,medium
R80721,operating_below_reference_candidate,2015-11-29 17:40:00+00:00,2015-11-29 18:40:00+00:00,7,1.17,0.0901,10.63,11.67,peer_context,medium
R80790,operating_below_reference_candidate,2015-12-12 10:40:00+00:00,2015-12-12 12:00:00+00:00,9,1.5,0.09,6.53,6.05,peer_context,medium
R80721,operating_below_reference_candidate,2015-07-17 10:10:00+00:00,2015-07-17 11:50:00+00:00,11,1.83,0.09,6.4,6.7,peer_context,medium
R80711,operating_below_reference_candidate,2015-09-21 20:50:00+00:00,2015-09-21 22:10:00+00:00,9,1.5,0.0899,7.43,6.39,peer_context,medium
R80721,operating_below_reference_candidate,2015-10-22 02:30:00+00:00,2015-10-22 03:30:00+00:00,7,1.17,0.0899,6.16,6.04,peer_context,medium
R80711,operating_below_reference_candidate,2015-01-28 14:00:00+00:00,2015-01-28 15:10:00+00:00,8,1.33,0.0899,11.51,11.16,peer_context,medium
R80721,operating_below_reference_candidate,2015-04-27 12:00:00+00:00,2015-04-27 12:50:00+00:00,6,1.0,0.0899,8.09,8.56,peer_context,medium
R80711,operating_below_reference_candidate,2015-08-15 09:40:00+00:00,2015-08-15 10:40:00+00:00,7,1.17,0.0898,8.58,8.07,peer_context,medium
R80736,operating_below_reference_candidate,2015-01-27 19:30:00+00:00,2015-01-27 21:10:00+00:00,11,1.83,0.0898,5.49,5.22,peer_context,medium
R80721,operating_below_reference_candidate,2015-03-31 00:20:00+00:00,2015-03-31 01:20:00+00:00,7,1.17,0.0897,12.12,13.6,peer_context,medium
R80790,operating_below_reference_candidate,2015-09-05 15:00:00+00:00,2015-09-05 16:10:00+00:00,8,1.33,0.0897,5.69,5.36,peer_context,medium
R80736,operating_below_reference_candidate,2015-04-21 11:00:00+00:00,2015-04-21 12:20:00+00:00,9,1.5,0.0897,6.79,6.7,peer_context,medium
R80711,operating_below_reference_candidate,2015-12-22 12:20:00+00:00,2015-12-22 13:40:00+00:00,9,1.5,0.0897,7.55,7.18,peer_context,medium
R80736,operating_below_reference_candidate,2015-04-10 00:50:00+00:00,2015-04-10 03:10:00+00:00,15,2.5,0.0897,5.64,5.36,peer_context,medium
R80721,operating_below_reference_candidate,2015-12-07 01:00:00+00:00,2015-12-07 02:40:00+00:00,11,1.83,0.0896,5.41,4.92,peer_context,medium
R80790,operating_below_reference_candidate,2015-11-24 11:30:00+00:00,2015-11-24 13:40:00+00:00,14,2.33,0.0894,6.28,6.21,peer_context,medium
R80721,operating_below_reference_candidate,2015-09-17 12:30:00+00:00,2015-09-17 13:30:00+00:00,7,1.17,0.0894,9.73,10.0,peer_context,medium
R80790,operating_below_reference_candidate,2015-07-23 15:40:00+00:00,2015-07-23 17:20:00+00:00,11,1.83,0.0893,5.52,5.37,peer_context,medium
R80736,operating_below_reference_candidate,2015-11-10 16:30:00+00:00,2015-11-10 18:10:00+00:00,11,1.83,0.0893,5.39,5.37,peer_context,medium
R80736,operating_below_reference_candidate,2015-08-25 11:40:00+00:00,2015-08-25 12:50:00+00:00,8,1.33,0.0893,6.7,6.55,peer_context,medium
R80736,operating_below_reference_candidate,2015-07-02 14:00:00+00:00,2015-07-02 16:00:00+00:00,13,2.17,0.0893,5.56,5.63,peer_context,medium
R80736,operating_below_reference_candidate,2015-07-02 10:50:00+00:00,2015-07-02 11:40:00+00:00,6,1.0,0.0891,8.57,8.08,peer_context,medium
R80790,operating_below_reference_candidate,2015-01-09 10:40:00+00:00,2015-01-09 11:50:00+00:00,8,1.33,0.0891,10.78,10.55,peer_context,medium
R80790,operating_below_reference_candidate,2015-08-15 13:30:00+00:00,2015-08-15 14:30:00+00:00,7,1.17,0.0891,7.19,6.97,peer_context,medium
R80721,operating_below_reference_candidate,2015-11-29 00:30:00+00:00,2015-11-29 02:00:00+00:00,10,1.67,0.089,10.76,11.28,peer_context,medium
R80721,operating_below_reference_candidate,2015-04-15 11:00:00+00:00,2015-04-15 13:00:00+00:00,13,2.17,0.089,6.04,6.1,peer_context,medium
R80711,operating_below_reference_candidate,2015-07-10 07:40:00+00:00,2015-07-10 08:40:00+00:00,7,1.17,0.089,5.72,5.57,peer_context,medium
R80711,operating_below_reference_candidate,2015-11-09 06:20:00+00:00,2015-11-09 07:10:00+00:00,6,1.0,0.0889,8.09,7.93,peer_context,medium
R80790,operating_below_reference_candidate,2015-08-29 01:30:00+00:00,2015-08-29 03:00:00+00:00,10,1.67,0.0885,5.38,5.18,peer_context,medium
R80721,operating_below_reference_candidate,2015-01-29 18:30:00+00:00,2015-01-29 19:50:00+00:00,9,1.5,0.0885,9.24,10.4,peer_context,medium
R80721,operating_below_reference_candidate,2015-12-21 12:40:00+00:00,2015-12-21 13:30:00+00:00,6,1.0,0.0885,9.23,9.78,peer_context,medium
R80736,operating_below_reference_candidate,2015-05-16 11:20:00+00:00,2015-05-16 12:50:00+00:00,10,1.67,0.0884,6.21,6.29,peer_context,medium
R80790,operating_below_reference_candidate,2015-12-20 03:50:00+00:00,2015-12-20 04:40:00+00:00,6,1.0,0.0884,7.12,7.47,peer_context,medium
R80790,operating_below_reference_candidate,2015-05-09 08:40:00+00:00,2015-05-09 10:00:00+00:00,9,1.5,0.0884,8.0,8.03,peer_context,medium
R80790,operating_below_reference_candidate,2015-11-29 17:30:00+00:00,2015-11-29 18:20:00+00:00,6,1.0,0.0884,12.01,11.6,peer_context,medium
R80736,operating_below_reference_candidate,2015-01-10 22:20:00+00:00,2015-01-10 23:10:00+00:00,6,1.0,0.0882,7.8,8.79,peer_context,medium
R80790,idle_in_apparently_usable_wind,2015-09-16 17:40:00+00:00,2015-09-16 17:40:00+00:00,1,0.17,0.088,6.58,6.43,peer_context,medium
R80711,operating_below_reference_candidate,2015-11-17 12:00:00+00:00,2015-11-17 12:50:00+00:00,6,1.0,0.0879,9.87,9.83,peer_context,medium
R80790,operating_below_reference_candidate,2015-07-20 12:20:00+00:00,2015-07-20 13:10:00+00:00,6,1.0,0.0879,6.01,5.95,peer_context,medium
R80711,operating_below_reference_candidate,2015-06-22 19:30:00+00:00,2015-06-22 20:20:00+00:00,6,1.0,0.0878,11.07,9.72,peer_context,medium
R80721,operating_below_reference_candidate,2015-11-21 21:50:00+00:00,2015-11-21 22:40:00+00:00,6,1.0,0.0877,6.78,6.61,peer_context,medium
R80790,operating_below_reference_candidate,2015-04-02 01:40:00+00:00,2015-04-02 02:50:00+00:00,8,1.33,0.0877,10.62,9.97,peer_context,medium
R80721,operating_below_reference_candidate,2015-04-21 15:50:00+00:00,2015-04-21 16:50:00+00:00,7,1.17,0.0875,5.81,5.56,peer_context,medium
R80790,operating_below_reference_candidate,2015-11-28 07:30:00+00:00,2015-11-28 08:40:00+00:00,8,1.33,0.0875,7.12,6.84,peer_context,medium
R80711,idle_in_apparently_usable_wind,2015-07-26 03:00:00+00:00,2015-07-26 05:30:00+00:00,16,2.67,0.0873,4.19,5.14,peer_context,medium
R80790,operating_below_reference_candidate,2015-07-23 18:10:00+00:00,2015-07-23 19:20:00+00:00,8,1.33,0.0872,5.58,5.14,peer_context,medium
R80711,operating_below_reference_candidate,2015-08-24 22:10:00+00:00,2015-08-24 23:00:00+00:00,6,1.0,0.0872,10.02,9.22,peer_context,medium
R80790,operating_below_reference_candidate,2015-08-24 21:30:00+00:00,2015-08-24 22:40:00+00:00,8,1.33,0.0871,10.3,10.07,peer_context,medium
R80736,operating_below_reference_candidate,2015-11-09 09:40:00+00:00,2015-11-09 11:10:00+00:00,10,1.67,0.087,8.05,8.24,peer_context,medium
R80711,operating_below_reference_candidate,2015-02-23 01:00:00+00:00,2015-02-23 02:00:00+00:00,7,1.17,0.0869,10.25,9.31,peer_context,medium
R80721,operating_below_reference_candidate,2015-06-29 13:20:00+00:00,2015-06-29 14:40:00+00:00,9,1.5,0.0869,5.02,5.24,peer_context,medium
R80721,operating_below_reference_candidate,2015-08-18 23:00:00+00:00,2015-08-19 01:00:00+00:00,13,2.17,0.0869,4.97,4.97,peer_context,medium
R80721,operating_below_reference_candidate,2015-03-31 23:50:00+00:00,2015-04-01 01:20:00+00:00,10,1.67,0.0868,9.93,10.88,peer_context,medium
R80721,operating_below_reference_candidate,2015-01-27 21:40:00+00:00,2015-01-27 23:20:00+00:00,11,1.83,0.0868,5.24,5.08,peer_context,medium
R80790,operating_below_reference_candidate,2015-04-19 09:50:00+00:00,2015-04-19 10:50:00+00:00,7,1.17,0.0867,6.45,6.61,peer_context,medium
R80711,operating_below_reference_candidate,2015-10-28 15:40:00+00:00,2015-10-28 16:30:00+00:00,6,1.0,0.0867,5.94,5.29,peer_context,medium
R80736,operating_below_reference_candidate,2015-07-14 09:20:00+00:00,2015-07-14 10:30:00+00:00,8,1.33,0.0867,6.69,6.71,peer_context,medium
R80736,operating_below_reference_candidate,2015-11-16 22:10:00+00:00,2015-11-16 23:30:00+00:00,9,1.5,0.0866,7.83,8.18,peer_context,medium
R80711,operating_below_reference_candidate,2015-06-29 12:30:00+00:00,2015-06-29 14:40:00+00:00,14,2.33,0.0865,5.37,5.16,peer_context,medium
R80736,operating_below_reference_candidate,2015-03-03 19:20:00+00:00,2015-03-03 20:20:00+00:00,7,1.17,0.0865,6.89,7.25,peer_context,medium
R80790,operating_below_reference_candidate,2015-09-21 20:00:00+00:00,2015-09-21 21:20:00+00:00,9,1.5,0.0865,6.22,5.78,peer_context,medium
R80790,operating_below_reference_candidate,2015-12-29 15:20:00+00:00,2015-12-29 16:10:00+00:00,6,1.0,0.0863,5.65,5.12,peer_context,medium
R80711,operating_below_reference_candidate,2015-11-17 23:50:00+00:00,2015-11-18 00:40:00+00:00,6,1.0,0.0861,11.69,11.01,peer_context,medium
R80736,operating_below_reference_candidate,2015-08-14 23:00:00+00:00,2015-08-15 00:10:00+00:00,8,1.33,0.086,5.76,5.26,peer_context,medium
R80736,operating_below_reference_candidate,2015-11-21 17:00:00+00:00,2015-11-21 17:50:00+00:00,6,1.0,0.086,9.18,9.26,peer_context,medium
R80711,operating_below_reference_candidate,2015-08-25 01:50:00+00:00,2015-08-25 02:40:00+00:00,6,1.0,0.086,9.9,9.4,peer_context,medium
R80790,operating_below_reference_candidate,2015-07-08 16:40:00+00:00,2015-07-08 17:30:00+00:00,6,1.0,0.086,7.64,7.06,peer_context,medium
R80790,operating_below_reference_candidate,2015-06-08 09:30:00+00:00,2015-06-08 10:40:00+00:00,8,1.33,0.086,6.79,6.64,peer_context,medium
R80790,operating_below_reference_candidate,2015-07-27 00:30:00+00:00,2015-07-27 01:20:00+00:00,6,1.0,0.0859,9.27,8.86,peer_context,medium
R80721,operating_below_reference_candidate,2015-08-24 10:10:00+00:00,2015-08-24 11:10:00+00:00,7,1.17,0.0856,8.6,8.94,peer_context,medium
R80711,operating_below_reference_candidate,2015-08-07 17:10:00+00:00,2015-08-07 18:40:00+00:00,10,1.67,0.0856,5.89,4.86,peer_context,medium
R80711,operating_below_reference_candidate,2015-01-03 20:30:00+00:00,2015-01-03 21:40:00+00:00,8,1.33,0.0856,11.66,10.27,peer_context,medium
R80721,operating_below_reference_candidate,2015-07-18 00:00:00+00:00,2015-07-18 00:50:00+00:00,6,1.0,0.0855,6.56,6.62,peer_context,medium
R80790,operating_below_reference_candidate,2015-04-11 17:00:00+00:00,2015-04-11 18:10:00+00:00,8,1.33,0.0854,6.43,5.95,peer_context,medium
R80790,operating_below_reference_candidate,2015-04-01 10:30:00+00:00,2015-04-01 11:40:00+00:00,8,1.33,0.0854,9.15,8.86,peer_context,medium
R80790,operating_below_reference_candidate,2015-12-20 02:20:00+00:00,2015-12-20 03:10:00+00:00,6,1.0,0.085,7.09,8.2,peer_context,medium
R80711,operating_below_reference_candidate,2015-11-17 13:20:00+00:00,2015-11-17 14:20:00+00:00,7,1.17,0.0849,10.36,9.96,peer_context,medium
R80736,operating_below_reference_candidate,2015-11-20 02:20:00+00:00,2015-11-20 03:40:00+00:00,9,1.5,0.0848,11.42,11.03,peer_context,medium
R80721,operating_below_reference_candidate,2015-11-21 05:10:00+00:00,2015-11-21 06:10:00+00:00,7,1.17,0.0848,6.69,7.23,peer_context,medium
R80721,operating_below_reference_candidate,2015-07-31 08:20:00+00:00,2015-07-31 10:10:00+00:00,12,2.0,0.0847,5.74,5.94,peer_context,medium
R80790,operating_below_reference_candidate,2015-02-14 07:30:00+00:00,2015-02-14 08:20:00+00:00,6,1.0,0.0847,6.98,6.46,peer_context,medium
R80790,operating_below_reference_candidate,2015-07-23 13:20:00+00:00,2015-07-23 14:50:00+00:00,10,1.67,0.0846,5.14,4.67,peer_context,medium
R80711,operating_below_reference_candidate,2015-09-29 15:00:00+00:00,2015-09-29 16:10:00+00:00,8,1.33,0.0846,11.74,11.66,peer_context,medium
R80790,operating_below_reference_candidate,2015-10-02 10:40:00+00:00,2015-10-02 12:00:00+00:00,9,1.5,0.0845,5.32,5.14,peer_context,medium
R80736,operating_below_reference_candidate,2015-09-17 13:50:00+00:00,2015-09-17 15:00:00+00:00,8,1.33,0.0844,8.2,8.07,peer_context,medium
R80790,operating_below_reference_candidate,2015-05-06 09:10:00+00:00,2015-05-06 10:10:00+00:00,7,1.17,0.0843,10.3,9.47,peer_context,medium
R80790,operating_below_reference_candidate,2015-07-01 08:30:00+00:00,2015-07-01 09:50:00+00:00,9,1.5,0.0843,5.42,5.32,peer_context,medium
R80721,operating_below_reference_candidate,2015-05-03 07:30:00+00:00,2015-05-03 08:50:00+00:00,9,1.5,0.0842,6.77,7.47,peer_context,medium
R80790,operating_below_reference_candidate,2015-12-01 11:40:00+00:00,2015-12-01 12:50:00+00:00,8,1.33,0.0841,8.06,7.51,peer_context,medium
R80790,operating_below_reference_candidate,2015-07-22 10:30:00+00:00,2015-07-22 12:20:00+00:00,12,2.0,0.0841,5.69,5.66,peer_context,medium
R80736,operating_below_reference_candidate,2015-11-20 00:20:00+00:00,2015-11-20 01:30:00+00:00,8,1.33,0.084,12.52,12.64,peer_context,medium
R80790,operating_below_reference_candidate,2015-09-04 18:40:00+00:00,2015-09-04 20:30:00+00:00,12,2.0,0.0839,5.24,5.13,peer_context,medium
R80711,operating_below_reference_candidate,2015-01-14 20:00:00+00:00,2015-01-14 20:50:00+00:00,6,1.0,0.0839,8.87,7.84,peer_context,medium
R80721,operating_below_reference_candidate,2015-02-05 06:10:00+00:00,2015-02-05 07:10:00+00:00,7,1.17,0.0839,8.68,8.71,peer_context,medium
R80721,operating_below_reference_candidate,2015-08-07 17:30:00+00:00,2015-08-07 18:20:00+00:00,6,1.0,0.0838,5.76,5.14,peer_context,medium
R80736,operating_below_reference_candidate,2015-04-21 13:10:00+00:00,2015-04-21 14:30:00+00:00,9,1.5,0.0836,6.19,5.9,peer_context,medium
R80736,operating_below_reference_candidate,2015-07-14 02:50:00+00:00,2015-07-14 04:20:00+00:00,10,1.67,0.0835,5.98,5.94,peer_context,medium
R80790,operating_below_reference_candidate,2015-04-11 06:10:00+00:00,2015-04-11 07:00:00+00:00,6,1.0,0.0834,6.82,6.3,peer_context,medium
R80711,operating_below_reference_candidate,2015-01-10 19:10:00+00:00,2015-01-10 20:00:00+00:00,6,1.0,0.0834,11.15,11.05,peer_context,medium
R80736,operating_below_reference_candidate,2015-06-05 22:20:00+00:00,2015-06-05 23:20:00+00:00,7,1.17,0.0834,6.22,6.01,peer_context,medium
R80721,operating_below_reference_candidate,2015-06-21 13:10:00+00:00,2015-06-21 14:10:00+00:00,7,1.17,0.0834,7.5,7.65,peer_context,medium
R80790,operating_below_reference_candidate,2015-05-05 02:20:00+00:00,2015-05-05 03:10:00+00:00,6,1.0,0.0832,9.8,10.51,peer_context,medium
R80790,operating_below_reference_candidate,2015-11-29 06:40:00+00:00,2015-11-29 07:30:00+00:00,6,1.0,0.0832,10.38,10.49,peer_context,medium
R80790,operating_below_reference_candidate,2015-07-10 15:10:00+00:00,2015-07-10 16:50:00+00:00,11,1.83,0.0832,5.97,6.13,peer_context,medium
R80711,operating_below_reference_candidate,2015-07-21 17:40:00+00:00,2015-07-21 18:50:00+00:00,8,1.33,0.0831,5.99,5.53,peer_context,medium
R80790,operating_below_reference_candidate,2015-03-30 06:00:00+00:00,2015-03-30 06:50:00+00:00,6,1.0,0.083,9.85,9.72,peer_context,medium
R80736,operating_below_reference_candidate,2015-05-28 08:50:00+00:00,2015-05-28 10:30:00+00:00,11,1.83,0.0829,7.1,6.88,peer_context,medium
R80711,operating_below_reference_candidate,2015-03-27 05:10:00+00:00,2015-03-27 06:20:00+00:00,8,1.33,0.0829,5.71,5.18,peer_context,medium
R80721,operating_below_reference_candidate,2015-07-13 11:10:00+00:00,2015-07-13 12:50:00+00:00,11,1.83,0.0828,6.73,6.72,peer_context,medium
R80721,operating_below_reference_candidate,2015-09-07 17:50:00+00:00,2015-09-07 18:40:00+00:00,6,1.0,0.0828,6.14,5.81,peer_context,medium
R80790,operating_below_reference_candidate,2015-10-29 21:50:00+00:00,2015-10-29 23:20:00+00:00,10,1.67,0.0828,5.25,5.0,peer_context,medium
R80721,operating_below_reference_candidate,2015-06-27 08:10:00+00:00,2015-06-27 09:10:00+00:00,7,1.17,0.0828,6.21,6.52,peer_context,medium
R80711,operating_below_reference_candidate,2015-09-28 09:10:00+00:00,2015-09-28 10:00:00+00:00,6,1.0,0.0828,10.82,10.26,peer_context,medium
R80711,operating_below_reference_candidate,2015-07-21 20:40:00+00:00,2015-07-21 21:30:00+00:00,6,1.0,0.0827,5.77,4.95,peer_context,medium
R80790,operating_below_reference_candidate,2015-11-30 22:20:00+00:00,2015-11-30 23:30:00+00:00,8,1.33,0.0827,11.93,11.32,peer_context,medium
R80711,operating_below_reference_candidate,2015-09-22 13:20:00+00:00,2015-09-22 14:30:00+00:00,8,1.33,0.0826,8.63,8.27,peer_context,medium
R80711,operating_below_reference_candidate,2015-07-21 19:10:00+00:00,2015-07-21 20:20:00+00:00,8,1.33,0.0823,6.37,5.36,peer_context,medium
R80790,operating_below_reference_candidate,2015-07-20 07:30:00+00:00,2015-07-20 08:30:00+00:00,7,1.17,0.0823,6.07,5.94,peer_context,medium
R80736,idle_in_apparently_usable_wind,2015-01-11 03:00:00+00:00,2015-01-11 03:00:00+00:00,1,0.17,0.0822,6.46,6.9,peer_context,medium
R80711,operating_below_reference_candidate,2015-05-05 10:40:00+00:00,2015-05-05 11:30:00+00:00,6,1.0,0.0822,12.2,11.78,peer_context,medium
R80711,operating_below_reference_candidate,2015-05-09 11:10:00+00:00,2015-05-09 12:00:00+00:00,6,1.0,0.0821,7.03,6.96,peer_context,medium
R80721,operating_below_reference_candidate,2015-06-07 08:40:00+00:00,2015-06-07 11:00:00+00:00,15,2.5,0.0821,5.22,5.09,peer_context,medium
R80790,operating_below_reference_candidate,2015-02-13 01:20:00+00:00,2015-02-13 02:50:00+00:00,10,1.67,0.0821,5.07,6.18,peer_context,medium
R80721,operating_below_reference_candidate,2015-11-15 01:30:00+00:00,2015-11-15 02:30:00+00:00,7,1.17,0.082,9.39,10.36,peer_context,medium
R80790,operating_below_reference_candidate,2015-01-08 22:20:00+00:00,2015-01-08 23:10:00+00:00,6,1.0,0.0819,7.77,7.33,peer_context,medium
R80790,operating_below_reference_candidate,2015-07-14 17:20:00+00:00,2015-07-14 18:40:00+00:00,9,1.5,0.0816,5.22,5.29,peer_context,medium
R80721,operating_below_reference_candidate,2015-05-09 10:20:00+00:00,2015-05-09 12:10:00+00:00,12,2.0,0.0816,6.5,6.95,peer_context,medium
R80790,operating_below_reference_candidate,2015-06-07 14:10:00+00:00,2015-06-07 15:20:00+00:00,8,1.33,0.0816,5.63,5.46,peer_context,medium
R80736,operating_below_reference_candidate,2015-06-05 15:40:00+00:00,2015-06-05 16:40:00+00:00,7,1.17,0.0815,6.41,6.52,peer_context,medium
R80721,operating_below_reference_candidate,2015-12-07 04:10:00+00:00,2015-12-07 05:10:00+00:00,7,1.17,0.0815,5.48,4.97,peer_context,medium
R80736,operating_below_reference_candidate,2015-01-08 13:20:00+00:00,2015-01-08 14:30:00+00:00,8,1.33,0.0815,12.4,11.85,peer_context,medium
R80790,operating_below_reference_candidate,2015-02-20 14:40:00+00:00,2015-02-20 16:30:00+00:00,12,2.0,0.0814,6.8,7.54,peer_context,medium
R80790,operating_below_reference_candidate,2015-05-26 03:30:00+00:00,2015-05-26 05:10:00+00:00,11,1.83,0.0813,5.9,5.89,peer_context,medium
R80721,operating_below_reference_candidate,2015-01-25 21:00:00+00:00,2015-01-25 23:20:00+00:00,15,2.5,0.0812,4.72,4.27,peer_context,medium
R80790,idle_in_apparently_usable_wind,2015-06-13 08:30:00+00:00,2015-06-13 09:20:00+00:00,6,1.0,0.0812,4.5,4.79,peer_context,medium
R80790,operating_below_reference_candidate,2015-11-08 04:50:00+00:00,2015-11-08 06:00:00+00:00,8,1.33,0.0812,5.13,4.86,peer_context,medium
R80790,operating_below_reference_candidate,2015-07-11 07:40:00+00:00,2015-07-11 08:50:00+00:00,8,1.33,0.0811,7.09,7.39,peer_context,medium
R80790,operating_below_reference_candidate,2015-06-11 07:10:00+00:00,2015-06-11 08:30:00+00:00,9,1.5,0.081,4.94,4.83,peer_context,medium
R80790,operating_below_reference_candidate,2015-09-12 17:30:00+00:00,2015-09-12 18:30:00+00:00,7,1.17,0.081,6.1,6.86,peer_context,medium
R80721,operating_below_reference_candidate,2015-07-01 20:50:00+00:00,2015-07-01 22:00:00+00:00,8,1.33,0.0809,6.3,6.09,peer_context,medium
R80736,operating_below_reference_candidate,2015-12-30 21:50:00+00:00,2015-12-30 23:30:00+00:00,11,1.83,0.0809,8.9,9.26,peer_context,medium
R80721,idle_in_apparently_usable_wind,2015-12-15 07:40:00+00:00,2015-12-15 08:40:00+00:00,7,1.17,0.0808,4.66,5.03,peer_context,medium
R80721,operating_below_reference_candidate,2015-07-07 11:30:00+00:00,2015-07-07 12:20:00+00:00,6,1.0,0.0807,5.67,5.69,peer_context,medium
R80790,operating_below_reference_candidate,2015-05-21 13:40:00+00:00,2015-05-21 15:00:00+00:00,9,1.5,0.0806,5.57,5.67,peer_context,medium
R80736,operating_below_reference_candidate,2015-05-03 18:10:00+00:00,2015-05-03 19:00:00+00:00,6,1.0,0.0806,8.73,9.26,peer_context,medium
R80790,operating_below_reference_candidate,2015-01-31 06:50:00+00:00,2015-01-31 08:00:00+00:00,8,1.33,0.0803,5.43,5.6,peer_context,medium
R80711,operating_below_reference_candidate,2015-10-15 04:20:00+00:00,2015-10-15 05:50:00+00:00,10,1.67,0.0803,5.34,4.97,peer_context,medium
R80736,operating_below_reference_candidate,2015-01-02 16:50:00+00:00,2015-01-02 18:20:00+00:00,10,1.67,0.0803,5.86,5.68,peer_context,medium
R80790,operating_below_reference_candidate,2015-09-28 07:00:00+00:00,2015-09-28 08:20:00+00:00,9,1.5,0.0803,7.52,7.51,peer_context,medium
R80721,operating_below_reference_candidate,2015-07-11 15:00:00+00:00,2015-07-11 16:50:00+00:00,12,2.0,0.0802,6.9,7.05,peer_context,medium
R80736,operating_below_reference_candidate,2015-02-21 01:20:00+00:00,2015-02-21 02:40:00+00:00,9,1.5,0.0802,11.29,11.16,peer_context,medium
R80736,operating_below_reference_candidate,2015-01-05 00:10:00+00:00,2015-01-05 02:10:00+00:00,13,2.17,0.0802,5.07,4.98,peer_context,medium
R80736,operating_below_reference_candidate,2015-06-09 08:10:00+00:00,2015-06-09 09:10:00+00:00,7,1.17,0.0801,9.34,9.48,peer_context,medium
R80711,operating_below_reference_candidate,2015-07-04 14:00:00+00:00,2015-07-04 14:50:00+00:00,6,1.0,0.0801,7.93,7.39,peer_context,medium
R80711,operating_below_reference_candidate,2015-03-02 00:30:00+00:00,2015-03-02 01:20:00+00:00,6,1.0,0.08,12.66,11.81,peer_context,medium
R80711,operating_below_reference_candidate,2015-05-05 13:20:00+00:00,2015-05-05 14:10:00+00:00,6,1.0,0.0798,10.09,9.8,peer_context,medium
R80790,operating_below_reference_candidate,2015-07-20 13:30:00+00:00,2015-07-20 14:20:00+00:00,6,1.0,0.0797,6.35,6.24,peer_context,medium
R80790,operating_below_reference_candidate,2015-05-20 12:20:00+00:00,2015-05-20 13:10:00+00:00,6,1.0,0.0796,6.4,6.2,peer_context,medium
R80711,operating_below_reference_candidate,2015-07-31 14:10:00+00:00,2015-07-31 15:50:00+00:00,11,1.83,0.0796,5.8,5.63,peer_context,medium
R80736,operating_below_reference_candidate,2015-08-03 01:40:00+00:00,2015-08-03 03:20:00+00:00,11,1.83,0.0795,5.85,5.59,peer_context,medium
R80711,operating_below_reference_candidate,2015-08-31 09:50:00+00:00,2015-08-31 10:50:00+00:00,7,1.17,0.0794,7.01,7.13,peer_context,medium
R80711,operating_below_reference_candidate,2015-09-17 08:30:00+00:00,2015-09-17 09:20:00+00:00,6,1.0,0.0794,9.65,8.86,peer_context,medium
R80711,operating_below_reference_candidate,2015-09-10 10:50:00+00:00,2015-09-10 12:20:00+00:00,10,1.67,0.0792,7.61,7.4,peer_context,medium
R80721,operating_below_reference_candidate,2015-03-29 02:00:00+00:00,2015-03-29 03:10:00+00:00,8,1.33,0.0791,8.5,9.24,peer_context,medium
R80721,operating_below_reference_candidate,2015-05-15 14:20:00+00:00,2015-05-15 16:30:00+00:00,14,2.33,0.0791,5.08,4.85,peer_context,medium
R80711,operating_below_reference_candidate,2015-09-09 09:30:00+00:00,2015-09-09 10:50:00+00:00,9,1.5,0.0791,7.53,7.46,peer_context,medium
R80736,operating_below_reference_candidate,2015-01-30 07:10:00+00:00,2015-01-30 08:20:00+00:00,8,1.33,0.079,7.88,7.37,peer_context,medium
R80790,operating_below_reference_candidate,2015-10-25 00:00:00+00:00,2015-10-25 00:50:00+00:00,6,1.0,0.079,6.82,6.26,peer_context,medium
R80790,operating_below_reference_candidate,2015-09-15 12:30:00+00:00,2015-09-15 13:40:00+00:00,8,1.33,0.079,7.23,6.86,peer_context,medium
R80790,operating_below_reference_candidate,2015-08-23 11:40:00+00:00,2015-08-23 12:30:00+00:00,6,1.0,0.0789,5.94,5.74,peer_context,medium
R80711,operating_below_reference_candidate,2015-05-30 12:30:00+00:00,2015-05-30 13:40:00+00:00,8,1.33,0.0789,6.96,6.62,peer_context,medium
R80711,operating_below_reference_candidate,2015-07-29 13:20:00+00:00,2015-07-29 14:10:00+00:00,6,1.0,0.0789,7.61,7.45,peer_context,medium
R80721,operating_below_reference_candidate,2015-09-16 07:10:00+00:00,2015-09-16 08:00:00+00:00,6,1.0,0.0788,9.62,10.08,peer_context,medium
R80790,operating_below_reference_candidate,2015-07-09 03:50:00+00:00,2015-07-09 04:50:00+00:00,7,1.17,0.0788,5.13,4.96,peer_context,medium
R80736,operating_below_reference_candidate,2015-09-03 17:50:00+00:00,2015-09-03 19:40:00+00:00,12,2.0,0.0788,5.27,5.31,peer_context,medium
R80721,operating_below_reference_candidate,2015-02-04 07:00:00+00:00,2015-02-04 08:00:00+00:00,7,1.17,0.0787,7.78,7.34,peer_context,medium
R80711,operating_below_reference_candidate,2015-09-10 13:50:00+00:00,2015-09-10 14:50:00+00:00,7,1.17,0.0787,6.88,7.04,peer_context,medium
R80711,operating_below_reference_candidate,2015-03-10 02:50:00+00:00,2015-03-10 03:40:00+00:00,6,1.0,0.0787,5.96,4.92,peer_context,medium
R80711,operating_below_reference_candidate,2015-01-15 13:50:00+00:00,2015-01-15 15:20:00+00:00,10,1.67,0.0787,8.52,8.49,peer_context,medium
R80711,operating_below_reference_candidate,2015-07-14 07:30:00+00:00,2015-07-14 08:50:00+00:00,9,1.5,0.0786,6.1,5.89,peer_context,medium
R80736,operating_below_reference_candidate,2015-07-27 10:20:00+00:00,2015-07-27 11:30:00+00:00,8,1.33,0.0786,10.5,10.44,peer_context,medium
R80736,operating_below_reference_candidate,2015-01-11 07:00:00+00:00,2015-01-11 08:00:00+00:00,7,1.17,0.0785,9.94,10.28,peer_context,medium
R80790,operating_below_reference_candidate,2015-05-03 05:00:00+00:00,2015-05-03 06:10:00+00:00,8,1.33,0.0785,7.0,7.09,peer_context,medium
R80736,operating_below_reference_candidate,2015-11-30 09:10:00+00:00,2015-11-30 10:40:00+00:00,10,1.67,0.0784,11.12,10.93,peer_context,medium
R80790,operating_below_reference_candidate,2015-07-27 07:40:00+00:00,2015-07-27 08:40:00+00:00,7,1.17,0.0784,9.15,8.5,peer_context,medium
R80790,operating_below_reference_candidate,2015-01-28 18:20:00+00:00,2015-01-28 19:10:00+00:00,6,1.0,0.0784,11.52,11.19,peer_context,medium
R80711,operating_below_reference_candidate,2015-08-21 22:40:00+00:00,2015-08-22 00:30:00+00:00,12,2.0,0.0782,5.88,5.24,peer_context,medium
R80736,operating_below_reference_candidate,2015-01-30 06:00:00+00:00,2015-01-30 06:50:00+00:00,6,1.0,0.0781,7.95,8.05,peer_context,medium
R80790,operating_below_reference_candidate,2015-07-02 15:20:00+00:00,2015-07-02 16:10:00+00:00,6,1.0,0.0779,6.14,5.93,peer_context,medium
R80721,operating_below_reference_candidate,2015-02-01 10:20:00+00:00,2015-02-01 11:10:00+00:00,6,1.0,0.0779,7.99,5.23,peer_context,medium
R80711,operating_below_reference_candidate,2015-11-25 17:20:00+00:00,2015-11-25 19:00:00+00:00,11,1.83,0.0778,5.75,5.29,peer_context,medium
R80711,operating_below_reference_candidate,2015-06-15 20:10:00+00:00,2015-06-15 21:20:00+00:00,8,1.33,0.0777,5.82,5.13,peer_context,medium
R80721,operating_below_reference_candidate,2015-05-03 02:10:00+00:00,2015-05-03 03:00:00+00:00,6,1.0,0.0777,7.5,8.22,peer_context,medium
R80721,operating_below_reference_candidate,2015-08-24 13:40:00+00:00,2015-08-24 14:50:00+00:00,8,1.33,0.0777,8.58,8.25,peer_context,medium
R80790,operating_below_reference_candidate,2015-12-19 07:40:00+00:00,2015-12-19 08:40:00+00:00,7,1.17,0.0776,5.43,5.08,peer_context,medium
R80790,operating_below_reference_candidate,2015-11-17 05:40:00+00:00,2015-11-17 06:30:00+00:00,6,1.0,0.0776,9.39,9.23,peer_context,medium
R80711,operating_below_reference_candidate,2015-03-03 13:50:00+00:00,2015-03-03 14:40:00+00:00,6,1.0,0.0775,7.46,6.71,peer_context,medium
R80721,operating_below_reference_candidate,2015-10-07 00:10:00+00:00,2015-10-07 01:10:00+00:00,7,1.17,0.0775,8.34,8.82,peer_context,medium
R80790,operating_below_reference_candidate,2015-02-12 05:30:00+00:00,2015-02-12 06:40:00+00:00,8,1.33,0.0774,4.99,4.16,peer_context,medium
R80790,operating_below_reference_candidate,2015-02-19 16:50:00+00:00,2015-02-19 18:00:00+00:00,8,1.33,0.0774,6.2,6.14,peer_context,medium
R80790,operating_below_reference_candidate,2015-05-05 17:30:00+00:00,2015-05-05 18:40:00+00:00,8,1.33,0.0774,6.87,6.85,peer_context,medium
R80736,operating_below_reference_candidate,2015-07-19 09:20:00+00:00,2015-07-19 10:20:00+00:00,7,1.17,0.0774,8.53,8.17,peer_context,medium
R80790,operating_below_reference_candidate,2015-05-04 09:20:00+00:00,2015-05-04 11:00:00+00:00,11,1.83,0.0774,5.5,5.69,peer_context,medium
R80790,idle_in_apparently_usable_wind,2015-06-14 22:10:00+00:00,2015-06-14 22:30:00+00:00,3,0.5,0.0773,5.11,4.79,peer_context,medium
R80736,operating_below_reference_candidate,2015-05-31 01:20:00+00:00,2015-05-31 02:30:00+00:00,8,1.33,0.0773,6.85,6.65,peer_context,medium
R80790,idle_in_apparently_usable_wind,2015-11-24 10:00:00+00:00,2015-11-24 10:20:00+00:00,3,0.5,0.0773,4.93,4.9,peer_context,medium
R80790,operating_below_reference_candidate,2015-10-24 14:10:00+00:00,2015-10-24 15:20:00+00:00,8,1.33,0.0772,5.49,5.49,peer_context,medium
R80736,operating_below_reference_candidate,2015-08-04 12:50:00+00:00,2015-08-04 14:20:00+00:00,10,1.67,0.0772,6.3,6.49,peer_context,medium
R80711,operating_below_reference_candidate,2015-06-06 14:50:00+00:00,2015-06-06 16:50:00+00:00,13,2.17,0.0772,5.31,5.16,peer_context,medium
R80711,operating_below_reference_candidate,2015-09-03 16:50:00+00:00,2015-09-03 17:50:00+00:00,7,1.17,0.0771,5.69,5.36,peer_context,medium
R80790,operating_below_reference_candidate,2015-01-27 19:50:00+00:00,2015-01-27 20:40:00+00:00,6,1.0,0.077,5.38,5.37,peer_context,medium
R80790,operating_below_reference_candidate,2015-06-10 06:50:00+00:00,2015-06-10 07:40:00+00:00,6,1.0,0.0769,7.06,7.37,peer_context,medium
R80790,operating_below_reference_candidate,2015-12-24 07:10:00+00:00,2015-12-24 08:00:00+00:00,6,1.0,0.0769,6.77,7.95,peer_context,medium
R80790,operating_below_reference_candidate,2015-12-15 06:30:00+00:00,2015-12-15 07:50:00+00:00,9,1.5,0.0769,5.58,5.42,peer_context,medium
R80721,operating_below_reference_candidate,2015-07-03 13:50:00+00:00,2015-07-03 15:20:00+00:00,10,1.67,0.0768,5.49,5.75,peer_context,medium
R80790,operating_below_reference_candidate,2015-08-27 19:40:00+00:00,2015-08-27 20:30:00+00:00,6,1.0,0.0768,6.51,5.94,peer_context,medium
R80736,operating_below_reference_candidate,2015-11-30 03:50:00+00:00,2015-11-30 04:50:00+00:00,7,1.17,0.0767,11.75,11.12,peer_context,medium
R80711,operating_below_reference_candidate,2015-06-17 20:50:00+00:00,2015-06-17 22:00:00+00:00,8,1.33,0.0767,5.51,5.04,peer_context,medium
R80711,operating_below_reference_candidate,2015-07-30 10:40:00+00:00,2015-07-30 12:00:00+00:00,9,1.5,0.0767,6.53,5.92,peer_context,medium
R80790,operating_below_reference_candidate,2015-01-26 03:50:00+00:00,2015-01-26 04:40:00+00:00,6,1.0,0.0766,5.7,5.62,peer_context,medium
R80711,operating_below_reference_candidate,2015-01-14 04:10:00+00:00,2015-01-14 05:00:00+00:00,6,1.0,0.0766,9.0,8.19,peer_context,medium
R80721,operating_below_reference_candidate,2015-11-28 14:30:00+00:00,2015-11-28 15:20:00+00:00,6,1.0,0.0765,6.23,6.38,peer_context,medium
R80721,operating_below_reference_candidate,2015-11-09 11:20:00+00:00,2015-11-09 12:10:00+00:00,6,1.0,0.0764,7.58,7.77,peer_context,medium
R80790,operating_below_reference_candidate,2015-12-20 01:10:00+00:00,2015-12-20 02:00:00+00:00,6,1.0,0.0764,6.89,7.75,peer_context,medium
R80736,operating_below_reference_candidate,2015-08-02 21:50:00+00:00,2015-08-02 23:50:00+00:00,13,2.17,0.0764,5.43,5.26,peer_context,medium
R80790,operating_below_reference_candidate,2015-07-10 13:50:00+00:00,2015-07-10 14:50:00+00:00,7,1.17,0.0763,5.52,5.56,peer_context,medium
R80790,operating_below_reference_candidate,2015-02-22 21:40:00+00:00,2015-02-22 22:40:00+00:00,7,1.17,0.0763,8.25,8.4,peer_context,medium
R80736,operating_below_reference_candidate,2015-06-27 00:50:00+00:00,2015-06-27 02:00:00+00:00,8,1.33,0.0762,6.93,6.71,peer_context,medium
R80790,operating_below_reference_candidate,2015-11-08 14:10:00+00:00,2015-11-08 15:40:00+00:00,10,1.67,0.0762,6.13,6.39,peer_context,medium
R80790,operating_below_reference_candidate,2015-07-13 13:20:00+00:00,2015-07-13 14:20:00+00:00,7,1.17,0.076,6.4,6.57,peer_context,medium
R80711,operating_below_reference_candidate,2015-02-12 00:50:00+00:00,2015-02-12 01:50:00+00:00,7,1.17,0.0758,5.61,4.85,peer_context,medium
R80790,operating_below_reference_candidate,2015-03-12 04:30:00+00:00,2015-03-12 05:20:00+00:00,6,1.0,0.0758,6.06,6.23,peer_context,medium
R80790,operating_below_reference_candidate,2015-08-08 12:10:00+00:00,2015-08-08 13:40:00+00:00,10,1.67,0.0757,5.16,5.17,peer_context,medium
R80721,operating_below_reference_candidate,2015-07-22 13:50:00+00:00,2015-07-22 14:40:00+00:00,6,1.0,0.0757,6.71,6.89,peer_context,medium
R80736,operating_below_reference_candidate,2015-03-30 14:40:00+00:00,2015-03-30 15:40:00+00:00,7,1.17,0.0757,9.13,9.34,peer_context,medium
R80721,operating_below_reference_candidate,2015-09-14 13:20:00+00:00,2015-09-14 14:40:00+00:00,9,1.5,0.0757,10.18,11.1,peer_context,medium
R80711,operating_below_reference_candidate,2015-11-15 09:10:00+00:00,2015-11-15 10:10:00+00:00,7,1.17,0.0756,8.89,9.35,peer_context,medium
R80790,operating_below_reference_candidate,2015-01-15 15:40:00+00:00,2015-01-15 16:30:00+00:00,6,1.0,0.0756,9.23,9.01,peer_context,medium
R80721,operating_below_reference_candidate,2015-01-08 01:10:00+00:00,2015-01-08 02:10:00+00:00,7,1.17,0.0755,7.34,7.56,peer_context,medium
R80790,operating_below_reference_candidate,2015-07-25 00:30:00+00:00,2015-07-25 01:40:00+00:00,8,1.33,0.0754,10.23,10.07,peer_context,medium
R80721,operating_below_reference_candidate,2015-06-02 07:40:00+00:00,2015-06-02 09:00:00+00:00,9,1.5,0.0754,8.55,9.12,peer_context,medium
R80721,operating_below_reference_candidate,2015-07-20 12:10:00+00:00,2015-07-20 13:30:00+00:00,9,1.5,0.0753,5.75,6.09,peer_context,medium
R80790,operating_below_reference_candidate,2015-01-08 01:40:00+00:00,2015-01-08 02:40:00+00:00,7,1.17,0.0751,7.88,7.56,peer_context,medium
R80736,operating_below_reference_candidate,2015-09-09 11:10:00+00:00,2015-09-09 12:10:00+00:00,7,1.17,0.0751,7.09,7.23,peer_context,medium
R80736,operating_below_reference_candidate,2015-08-25 14:00:00+00:00,2015-08-25 15:20:00+00:00,9,1.5,0.075,5.96,5.96,peer_context,medium
R80790,operating_below_reference_candidate,2015-07-04 14:00:00+00:00,2015-07-04 15:10:00+00:00,8,1.33,0.0749,7.68,7.64,peer_context,medium
R80711,operating_below_reference_candidate,2015-06-02 09:20:00+00:00,2015-06-02 10:10:00+00:00,6,1.0,0.0749,8.72,8.33,peer_context,medium
R80790,operating_below_reference_candidate,2015-04-27 14:50:00+00:00,2015-04-27 15:40:00+00:00,6,1.0,0.0749,7.8,7.15,peer_context,medium
R80736,operating_below_reference_candidate,2015-09-17 12:40:00+00:00,2015-09-17 13:30:00+00:00,6,1.0,0.0748,9.45,10.06,peer_context,medium
R80736,operating_below_reference_candidate,2015-07-03 23:10:00+00:00,2015-07-04 00:30:00+00:00,9,1.5,0.0748,10.11,9.14,peer_context,medium
R80711,operating_below_reference_candidate,2015-05-18 14:30:00+00:00,2015-05-18 15:20:00+00:00,6,1.0,0.0748,6.98,7.01,peer_context,medium
R80790,operating_below_reference_candidate,2015-05-29 10:50:00+00:00,2015-05-29 11:50:00+00:00,7,1.17,0.0747,8.86,8.36,peer_context,medium
R80711,operating_below_reference_candidate,2015-12-01 23:40:00+00:00,2015-12-02 01:30:00+00:00,12,2.0,0.0747,5.38,4.63,peer_context,medium
R80790,operating_below_reference_candidate,2015-10-06 06:00:00+00:00,2015-10-06 07:00:00+00:00,7,1.17,0.0747,5.88,6.52,peer_context,medium
R80711,operating_below_reference_candidate,2015-02-24 17:40:00+00:00,2015-02-24 18:40:00+00:00,7,1.17,0.0747,5.3,4.72,peer_context,medium
R80790,operating_below_reference_candidate,2015-07-22 07:00:00+00:00,2015-07-22 07:50:00+00:00,6,1.0,0.0747,5.15,4.68,peer_context,medium
R80711,operating_below_reference_candidate,2015-09-11 09:30:00+00:00,2015-09-11 11:50:00+00:00,15,2.5,0.0746,5.07,4.9,peer_context,medium
R80736,operating_below_reference_candidate,2015-03-11 23:00:00+00:00,2015-03-12 00:10:00+00:00,8,1.33,0.0746,5.63,5.66,peer_context,medium
R80711,operating_below_reference_candidate,2015-07-20 13:00:00+00:00,2015-07-20 14:10:00+00:00,8,1.33,0.0745,6.34,5.96,peer_context,medium
R80790,operating_below_reference_candidate,2015-09-26 16:00:00+00:00,2015-09-26 16:50:00+00:00,6,1.0,0.0743,6.09,5.91,peer_context,medium
R80711,operating_below_reference_candidate,2015-04-12 00:00:00+00:00,2015-04-12 01:20:00+00:00,9,1.5,0.0742,5.48,5.31,peer_context,medium
R80790,operating_below_reference_candidate,2015-12-07 14:30:00+00:00,2015-12-07 15:20:00+00:00,6,1.0,0.074,5.1,4.99,peer_context,medium
R80721,operating_below_reference_candidate,2015-01-28 09:30:00+00:00,2015-01-28 10:40:00+00:00,8,1.33,0.074,7.81,8.19,peer_context,medium
R80711,operating_below_reference_candidate,2015-02-27 18:30:00+00:00,2015-02-27 20:10:00+00:00,11,1.83,0.0739,5.78,5.51,peer_context,medium
R80790,operating_below_reference_candidate,2015-12-11 12:00:00+00:00,2015-12-11 13:00:00+00:00,7,1.17,0.0739,7.86,7.37,peer_context,medium
R80721,operating_below_reference_candidate,2015-07-07 03:20:00+00:00,2015-07-07 05:00:00+00:00,11,1.83,0.0738,5.54,5.68,peer_context,medium
R80736,operating_below_reference_candidate,2015-06-08 08:50:00+00:00,2015-06-08 10:10:00+00:00,9,1.5,0.0738,6.39,6.27,peer_context,medium
R80790,operating_below_reference_candidate,2015-12-21 21:40:00+00:00,2015-12-21 22:30:00+00:00,6,1.0,0.0738,11.04,10.53,peer_context,medium
R80736,operating_below_reference_candidate,2015-12-14 22:20:00+00:00,2015-12-14 23:50:00+00:00,10,1.67,0.0738,5.91,6.86,peer_context,medium
R80736,operating_below_reference_candidate,2015-06-18 11:10:00+00:00,2015-06-18 12:00:00+00:00,6,1.0,0.0738,7.66,7.28,peer_context,medium
R80711,operating_below_reference_candidate,2015-11-18 05:10:00+00:00,2015-11-18 06:20:00+00:00,8,1.33,0.0737,8.66,8.18,peer_context,medium
R80790,operating_below_reference_candidate,2015-05-12 13:30:00+00:00,2015-05-12 14:40:00+00:00,8,1.33,0.0737,7.42,7.5,peer_context,medium
R80736,operating_below_reference_candidate,2015-06-22 13:30:00+00:00,2015-06-22 14:30:00+00:00,7,1.17,0.0736,8.87,8.56,peer_context,medium
R80711,operating_below_reference_candidate,2015-07-02 12:40:00+00:00,2015-07-02 13:40:00+00:00,7,1.17,0.0736,6.71,6.57,peer_context,medium
R80790,operating_below_reference_candidate,2015-08-27 08:40:00+00:00,2015-08-27 10:00:00+00:00,9,1.5,0.0735,5.1,5.3,peer_context,medium
R80721,operating_below_reference_candidate,2015-07-15 16:40:00+00:00,2015-07-15 18:50:00+00:00,14,2.33,0.0735,5.14,4.99,peer_context,medium
R80736,operating_below_reference_candidate,2015-07-27 17:10:00+00:00,2015-07-27 18:10:00+00:00,7,1.17,0.0735,7.57,7.63,peer_context,medium
R80736,operating_below_reference_candidate,2015-05-11 00:00:00+00:00,2015-05-11 01:20:00+00:00,9,1.5,0.0733,5.28,5.23,peer_context,medium
R80711,operating_below_reference_candidate,2015-02-28 22:30:00+00:00,2015-02-28 23:20:00+00:00,6,1.0,0.0732,9.65,9.25,peer_context,medium
R80736,operating_below_reference_candidate,2015-11-24 18:50:00+00:00,2015-11-24 19:40:00+00:00,6,1.0,0.0732,7.96,8.76,peer_context,medium
R80711,operating_below_reference_candidate,2015-07-13 13:50:00+00:00,2015-07-13 15:00:00+00:00,8,1.33,0.0732,6.85,6.66,peer_context,medium
R80721,operating_below_reference_candidate,2015-08-15 13:30:00+00:00,2015-08-15 14:20:00+00:00,6,1.0,0.0731,6.91,7.13,peer_context,medium
R80721,operating_below_reference_candidate,2015-12-09 05:10:00+00:00,2015-12-09 06:20:00+00:00,8,1.33,0.0729,5.24,5.39,peer_context,medium
R80711,operating_below_reference_candidate,2015-11-03 13:10:00+00:00,2015-11-03 14:20:00+00:00,8,1.33,0.0729,6.13,5.08,peer_context,medium
R80721,operating_below_reference_candidate,2015-06-08 10:20:00+00:00,2015-06-08 11:30:00+00:00,8,1.33,0.0728,6.79,6.87,peer_context,medium
R80790,operating_below_reference_candidate,2015-04-02 06:50:00+00:00,2015-04-02 08:00:00+00:00,8,1.33,0.0728,13.37,12.27,peer_context,medium
R80790,operating_below_reference_candidate,2015-01-15 06:30:00+00:00,2015-01-15 07:30:00+00:00,7,1.17,0.0727,9.37,10.13,peer_context,medium
R80736,operating_below_reference_candidate,2015-02-06 01:50:00+00:00,2015-02-06 03:10:00+00:00,9,1.5,0.0727,10.17,11.87,peer_context,medium
R80711,operating_below_reference_candidate,2015-04-14 21:00:00+00:00,2015-04-14 22:50:00+00:00,12,2.0,0.0726,5.11,4.96,peer_context,medium
R80736,operating_below_reference_candidate,2015-06-05 18:10:00+00:00,2015-06-05 19:50:00+00:00,11,1.83,0.0726,5.24,4.89,peer_context,medium
R80721,operating_below_reference_candidate,2015-12-28 09:30:00+00:00,2015-12-28 10:50:00+00:00,9,1.5,0.0726,10.22,10.81,peer_context,medium
R80736,operating_below_reference_candidate,2015-02-27 19:20:00+00:00,2015-02-27 20:20:00+00:00,7,1.17,0.0725,5.83,5.95,peer_context,medium
R80721,operating_below_reference_candidate,2015-06-06 15:40:00+00:00,2015-06-06 16:50:00+00:00,8,1.33,0.0724,5.5,5.21,peer_context,medium
R80721,operating_below_reference_candidate,2015-08-05 17:50:00+00:00,2015-08-05 19:40:00+00:00,12,2.0,0.0723,5.62,5.23,peer_context,medium
R80721,operating_below_reference_candidate,2015-06-22 12:30:00+00:00,2015-06-22 13:30:00+00:00,7,1.17,0.0723,7.8,8.14,peer_context,medium
R80790,operating_below_reference_candidate,2015-12-18 10:30:00+00:00,2015-12-18 11:30:00+00:00,7,1.17,0.0723,5.38,5.16,peer_context,medium
R80721,operating_below_reference_candidate,2015-05-31 09:10:00+00:00,2015-05-31 10:20:00+00:00,8,1.33,0.0722,7.28,8.1,peer_context,medium
R80736,operating_below_reference_candidate,2015-10-27 14:20:00+00:00,2015-10-27 15:30:00+00:00,8,1.33,0.0721,5.45,5.18,peer_context,medium
R80790,operating_below_reference_candidate,2015-04-07 12:00:00+00:00,2015-04-07 12:50:00+00:00,6,1.0,0.0721,5.49,5.38,peer_context,medium
R80711,operating_below_reference_candidate,2015-03-31 17:20:00+00:00,2015-03-31 18:10:00+00:00,6,1.0,0.072,12.02,10.78,peer_context,medium
R80790,operating_below_reference_candidate,2015-08-06 06:00:00+00:00,2015-08-06 07:20:00+00:00,9,1.5,0.0719,5.32,4.9,peer_context,medium
R80790,operating_below_reference_candidate,2015-12-06 06:50:00+00:00,2015-12-06 07:40:00+00:00,6,1.0,0.0719,7.6,7.3,peer_context,medium
R80790,operating_below_reference_candidate,2015-10-21 20:50:00+00:00,2015-10-21 22:20:00+00:00,10,1.67,0.0719,5.12,4.85,peer_context,medium
R80736,operating_below_reference_candidate,2015-03-27 00:40:00+00:00,2015-03-27 02:10:00+00:00,10,1.67,0.0719,5.42,5.35,peer_context,medium
R80790,operating_below_reference_candidate,2015-12-24 18:50:00+00:00,2015-12-24 20:00:00+00:00,8,1.33,0.0718,9.4,8.33,peer_context,medium
R80711,operating_below_reference_candidate,2015-12-11 08:40:00+00:00,2015-12-11 09:30:00+00:00,6,1.0,0.0718,6.46,5.88,peer_context,medium
R80736,operating_below_reference_candidate,2015-10-07 00:00:00+00:00,2015-10-07 01:00:00+00:00,7,1.17,0.0718,8.09,8.25,peer_context,medium
R80790,operating_below_reference_candidate,2015-06-26 23:30:00+00:00,2015-06-27 00:30:00+00:00,7,1.17,0.0718,7.19,7.16,peer_context,medium
R80790,operating_below_reference_candidate,2015-12-28 20:50:00+00:00,2015-12-28 21:40:00+00:00,6,1.0,0.0717,7.12,7.78,peer_context,medium
R80790,operating_below_reference_candidate,2015-08-31 04:00:00+00:00,2015-08-31 05:30:00+00:00,10,1.67,0.0717,6.81,7.14,peer_context,medium
R80790,operating_below_reference_candidate,2015-08-04 10:50:00+00:00,2015-08-04 11:40:00+00:00,6,1.0,0.0717,6.51,6.54,peer_context,medium
R80790,operating_below_reference_candidate,2015-04-21 14:30:00+00:00,2015-04-21 16:00:00+00:00,10,1.67,0.0717,5.25,5.38,peer_context,medium
R80721,operating_below_reference_candidate,2015-12-05 06:40:00+00:00,2015-12-05 07:30:00+00:00,6,1.0,0.0716,6.5,6.36,peer_context,medium
R80736,operating_below_reference_candidate,2015-06-08 13:40:00+00:00,2015-06-08 14:30:00+00:00,6,1.0,0.0716,7.13,7.21,peer_context,medium
R80736,operating_below_reference_candidate,2015-07-16 21:20:00+00:00,2015-07-16 22:20:00+00:00,7,1.17,0.0715,7.74,7.05,peer_context,medium
R80790,operating_below_reference_candidate,2015-05-31 21:20:00+00:00,2015-05-31 22:10:00+00:00,6,1.0,0.0715,8.12,7.5,peer_context,medium
R80790,operating_below_reference_candidate,2015-02-14 20:50:00+00:00,2015-02-14 22:40:00+00:00,12,2.0,0.0714,5.0,4.86,peer_context,medium
R80721,operating_below_reference_candidate,2015-04-30 15:00:00+00:00,2015-04-30 16:20:00+00:00,9,1.5,0.0713,5.89,6.1,peer_context,medium
R80711,operating_below_reference_candidate,2015-06-06 09:50:00+00:00,2015-06-06 12:00:00+00:00,14,2.33,0.0712,5.67,5.36,peer_context,medium
R80711,operating_below_reference_candidate,2015-01-03 19:20:00+00:00,2015-01-03 20:10:00+00:00,6,1.0,0.0711,12.08,11.08,peer_context,medium
R80721,operating_below_reference_candidate,2015-09-16 04:10:00+00:00,2015-09-16 05:20:00+00:00,8,1.33,0.0711,9.76,10.08,peer_context,medium
R80790,operating_below_reference_candidate,2015-03-04 04:50:00+00:00,2015-03-04 05:50:00+00:00,7,1.17,0.0709,5.75,5.65,peer_context,medium
R80790,operating_below_reference_candidate,2015-05-09 11:10:00+00:00,2015-05-09 12:00:00+00:00,6,1.0,0.0709,7.06,6.95,peer_context,medium
R80711,operating_below_reference_candidate,2015-07-17 11:50:00+00:00,2015-07-17 12:40:00+00:00,6,1.0,0.0709,7.22,7.03,peer_context,medium
R80721,operating_below_reference_candidate,2015-04-02 01:40:00+00:00,2015-04-02 02:40:00+00:00,7,1.17,0.0709,9.3,10.3,peer_context,medium
R80721,operating_below_reference_candidate,2015-07-02 19:10:00+00:00,2015-07-02 20:40:00+00:00,10,1.67,0.0708,5.74,6.01,peer_context,medium
R80790,operating_below_reference_candidate,2015-06-10 10:10:00+00:00,2015-06-10 11:10:00+00:00,7,1.17,0.0707,7.21,7.21,peer_context,medium
R80711,operating_below_reference_candidate,2015-01-10 12:10:00+00:00,2015-01-10 13:30:00+00:00,9,1.5,0.0706,13.16,12.96,peer_context,medium
R80711,operating_below_reference_candidate,2015-07-07 02:10:00+00:00,2015-07-07 03:00:00+00:00,6,1.0,0.0706,6.69,5.35,peer_context,medium
R80711,operating_below_reference_candidate,2015-04-18 11:30:00+00:00,2015-04-18 12:40:00+00:00,8,1.33,0.0705,10.91,11.13,peer_context,medium
R80711,operating_below_reference_candidate,2015-11-04 21:30:00+00:00,2015-11-04 22:30:00+00:00,7,1.17,0.0705,5.55,4.79,peer_context,medium
R80736,operating_below_reference_candidate,2015-11-29 15:40:00+00:00,2015-11-29 16:50:00+00:00,8,1.33,0.0703,11.33,10.76,peer_context,medium
R80790,operating_below_reference_candidate,2015-05-31 09:50:00+00:00,2015-05-31 11:00:00+00:00,8,1.33,0.0701,8.47,7.91,peer_context,medium
R80790,operating_below_reference_candidate,2015-03-21 15:40:00+00:00,2015-03-21 17:00:00+00:00,9,1.5,0.07,6.36,6.37,peer_context,medium
R80736,operating_below_reference_candidate,2015-02-13 00:00:00+00:00,2015-02-13 01:10:00+00:00,8,1.33,0.07,5.79,5.21,peer_context,medium
R80721,operating_below_reference_candidate,2015-03-04 15:20:00+00:00,2015-03-04 16:30:00+00:00,8,1.33,0.07,5.58,5.67,peer_context,medium
R80790,operating_below_reference_candidate,2015-11-29 10:50:00+00:00,2015-11-29 11:50:00+00:00,7,1.17,0.07,11.72,11.17,peer_context,medium
R80790,operating_below_reference_candidate,2015-06-03 16:20:00+00:00,2015-06-03 17:10:00+00:00,6,1.0,0.0699,5.0,4.77,peer_context,medium
R80711,operating_below_reference_candidate,2015-07-19 11:10:00+00:00,2015-07-19 12:00:00+00:00,6,1.0,0.0697,10.08,9.39,peer_context,medium
R80721,operating_below_reference_candidate,2015-06-14 01:50:00+00:00,2015-06-14 03:20:00+00:00,10,1.67,0.0697,5.38,5.48,peer_context,medium
R80711,operating_below_reference_candidate,2015-04-01 13:00:00+00:00,2015-04-01 14:00:00+00:00,7,1.17,0.0697,10.01,8.98,peer_context,medium
R80736,operating_below_reference_candidate,2015-07-19 02:00:00+00:00,2015-07-19 02:50:00+00:00,6,1.0,0.0696,7.93,7.63,peer_context,medium
R80736,operating_below_reference_candidate,2015-07-01 08:20:00+00:00,2015-07-01 09:40:00+00:00,9,1.5,0.0695,5.48,5.25,peer_context,medium
R80736,operating_below_reference_candidate,2015-08-27 17:40:00+00:00,2015-08-27 19:00:00+00:00,9,1.5,0.0695,7.78,7.66,peer_context,medium
R80711,operating_below_reference_candidate,2015-11-30 21:00:00+00:00,2015-11-30 22:20:00+00:00,9,1.5,0.0694,12.18,11.45,peer_context,medium
R80711,operating_below_reference_candidate,2015-07-28 10:50:00+00:00,2015-07-28 11:50:00+00:00,7,1.17,0.0694,8.78,8.56,peer_context,medium
R80711,operating_below_reference_candidate,2015-06-21 21:40:00+00:00,2015-06-21 22:30:00+00:00,6,1.0,0.0693,6.22,5.53,peer_context,medium
R80721,operating_below_reference_candidate,2015-05-29 17:30:00+00:00,2015-05-29 19:00:00+00:00,10,1.67,0.0692,5.72,5.92,peer_context,medium
R80736,operating_below_reference_candidate,2015-11-24 23:10:00+00:00,2015-11-25 00:20:00+00:00,8,1.33,0.0692,7.75,8.07,peer_context,medium
R80711,operating_below_reference_candidate,2015-11-18 10:00:00+00:00,2015-11-18 11:20:00+00:00,9,1.5,0.0692,8.5,8.22,peer_context,medium
R80711,operating_below_reference_candidate,2015-09-23 04:10:00+00:00,2015-09-23 05:00:00+00:00,6,1.0,0.0692,7.71,6.85,peer_context,medium
R80790,operating_below_reference_candidate,2015-01-11 14:00:00+00:00,2015-01-11 15:00:00+00:00,7,1.17,0.0692,8.02,7.51,peer_context,medium
R80721,operating_below_reference_candidate,2015-11-16 08:40:00+00:00,2015-11-16 09:30:00+00:00,6,1.0,0.0692,7.79,8.12,peer_context,medium
R80721,operating_below_reference_candidate,2015-12-18 01:20:00+00:00,2015-12-18 02:10:00+00:00,6,1.0,0.0691,6.11,6.16,peer_context,medium
R80736,operating_below_reference_candidate,2015-11-05 05:30:00+00:00,2015-11-05 06:30:00+00:00,7,1.17,0.0691,5.74,5.58,peer_context,medium
R80711,operating_below_reference_candidate,2015-08-26 08:50:00+00:00,2015-08-26 10:20:00+00:00,10,1.67,0.0691,6.38,6.32,peer_context,medium
R80790,operating_below_reference_candidate,2015-10-03 07:40:00+00:00,2015-10-03 08:50:00+00:00,8,1.33,0.0689,5.29,5.0,peer_context,medium
R80721,operating_below_reference_candidate,2015-07-06 23:00:00+00:00,2015-07-07 00:20:00+00:00,9,1.5,0.0689,5.25,5.4,peer_context,medium
R80721,site_wide_low_or_zero_production,2015-04-17 11:10:00+00:00,2015-04-17 11:40:00+00:00,4,0.67,0.0689,4.75,5.36,peer_context,not_applicable
R80711,operating_below_reference_candidate,2015-09-03 05:00:00+00:00,2015-09-03 05:50:00+00:00,6,1.0,0.0688,5.12,4.81,peer_context,medium
R80790,operating_below_reference_candidate,2015-06-18 05:20:00+00:00,2015-06-18 06:40:00+00:00,9,1.5,0.0688,5.98,5.96,peer_context,medium
R80721,operating_below_reference_candidate,2015-04-15 05:00:00+00:00,2015-04-15 06:10:00+00:00,8,1.33,0.0687,4.91,4.83,peer_context,medium
R80790,operating_below_reference_candidate,2015-08-14 13:10:00+00:00,2015-08-14 14:30:00+00:00,9,1.5,0.0687,5.65,5.74,peer_context,medium
R80790,operating_below_reference_candidate,2015-05-03 18:30:00+00:00,2015-05-03 19:40:00+00:00,8,1.33,0.0686,9.27,8.92,peer_context,medium
R80721,operating_below_reference_candidate,2015-07-12 00:10:00+00:00,2015-07-12 01:00:00+00:00,6,1.0,0.0686,6.09,5.88,peer_context,medium
R80736,operating_below_reference_candidate,2015-05-09 08:30:00+00:00,2015-05-09 09:20:00+00:00,6,1.0,0.0686,7.97,8.68,peer_context,medium
R80736,operating_below_reference_candidate,2015-04-29 20:30:00+00:00,2015-04-29 21:30:00+00:00,7,1.17,0.0686,6.17,6.23,peer_context,medium
R80736,operating_below_reference_candidate,2015-09-14 19:40:00+00:00,2015-09-14 20:30:00+00:00,6,1.0,0.0685,7.26,7.19,peer_context,medium
R80711,operating_below_reference_candidate,2015-11-09 09:40:00+00:00,2015-11-09 10:40:00+00:00,7,1.17,0.0684,9.19,8.13,peer_context,medium
R80721,operating_below_reference_candidate,2015-12-24 06:30:00+00:00,2015-12-24 07:30:00+00:00,7,1.17,0.0683,6.48,6.93,peer_context,medium
R80790,operating_below_reference_candidate,2015-08-25 17:50:00+00:00,2015-08-25 19:20:00+00:00,10,1.67,0.0683,6.23,7.06,peer_context,medium
R80721,operating_below_reference_candidate,2015-06-05 17:50:00+00:00,2015-06-05 19:50:00+00:00,13,2.17,0.0682,5.03,4.94,peer_context,medium
R80736,operating_below_reference_candidate,2015-04-20 12:40:00+00:00,2015-04-20 13:40:00+00:00,7,1.17,0.0682,6.64,6.53,peer_context,medium
R80721,operating_below_reference_candidate,2015-05-28 13:00:00+00:00,2015-05-28 14:10:00+00:00,8,1.33,0.0682,6.98,6.83,peer_context,medium
R80790,operating_below_reference_candidate,2015-10-03 10:30:00+00:00,2015-10-03 12:50:00+00:00,15,2.5,0.0682,5.02,5.02,peer_context,medium
R80736,operating_below_reference_candidate,2015-07-03 13:20:00+00:00,2015-07-03 15:20:00+00:00,13,2.17,0.0681,5.53,5.6,peer_context,medium
R80721,operating_below_reference_candidate,2015-10-20 01:20:00+00:00,2015-10-20 02:20:00+00:00,7,1.17,0.068,5.27,4.29,peer_context,medium
R80711,operating_below_reference_candidate,2015-07-17 13:40:00+00:00,2015-07-17 14:30:00+00:00,6,1.0,0.0678,7.71,7.42,peer_context,medium
R80721,operating_below_reference_candidate,2015-07-21 20:30:00+00:00,2015-07-21 21:30:00+00:00,7,1.17,0.0677,5.39,5.12,peer_context,medium
R80790,operating_below_reference_candidate,2015-02-25 21:50:00+00:00,2015-02-25 23:00:00+00:00,8,1.33,0.0677,5.59,5.17,peer_context,medium
R80790,operating_below_reference_candidate,2015-05-18 11:20:00+00:00,2015-05-18 12:10:00+00:00,6,1.0,0.0676,7.09,6.99,peer_context,medium
R80711,operating_below_reference_candidate,2015-07-25 18:20:00+00:00,2015-07-25 19:40:00+00:00,9,1.5,0.0676,5.12,4.75,peer_context,medium
R80721,operating_below_reference_candidate,2015-05-31 07:30:00+00:00,2015-05-31 08:30:00+00:00,7,1.17,0.0676,6.98,7.21,peer_context,medium
R80711,operating_below_reference_candidate,2015-04-07 16:40:00+00:00,2015-04-07 17:40:00+00:00,7,1.17,0.0674,5.48,4.68,peer_context,medium
R80736,operating_below_reference_candidate,2015-09-16 04:40:00+00:00,2015-09-16 05:50:00+00:00,8,1.33,0.0673,11.34,10.15,peer_context,medium
R80721,operating_below_reference_candidate,2015-06-05 21:40:00+00:00,2015-06-05 23:00:00+00:00,9,1.5,0.0673,6.53,6.6,peer_context,medium
R80736,operating_below_reference_candidate,2015-07-21 02:20:00+00:00,2015-07-21 03:40:00+00:00,9,1.5,0.0673,5.67,5.9,peer_context,medium
R80790,operating_below_reference_candidate,2015-11-14 10:00:00+00:00,2015-11-14 11:00:00+00:00,7,1.17,0.0672,6.79,6.46,peer_context,medium
R80790,operating_below_reference_candidate,2015-07-12 11:10:00+00:00,2015-07-12 12:20:00+00:00,8,1.33,0.0672,5.82,5.82,peer_context,medium
R80790,operating_below_reference_candidate,2015-05-26 14:50:00+00:00,2015-05-26 16:30:00+00:00,11,1.83,0.0672,5.27,5.03,peer_context,medium
R80790,operating_below_reference_candidate,2015-06-13 00:30:00+00:00,2015-06-13 01:20:00+00:00,6,1.0,0.0671,9.18,9.25,peer_context,medium
R80711,operating_below_reference_candidate,2015-10-30 07:30:00+00:00,2015-10-30 08:20:00+00:00,6,1.0,0.0671,5.81,4.27,peer_context,medium
R80790,operating_below_reference_candidate,2015-07-22 12:40:00+00:00,2015-07-22 13:40:00+00:00,7,1.17,0.0671,5.62,5.14,peer_context,medium
R80711,operating_below_reference_candidate,2015-09-05 21:30:00+00:00,2015-09-05 23:20:00+00:00,12,2.0,0.067,5.53,5.32,peer_context,medium
R80721,operating_below_reference_candidate,2015-02-14 10:40:00+00:00,2015-02-14 11:40:00+00:00,7,1.17,0.0669,7.3,7.3,peer_context,medium
R80711,operating_below_reference_candidate,2015-11-30 08:10:00+00:00,2015-11-30 09:10:00+00:00,7,1.17,0.0669,11.79,11.27,peer_context,medium
R80711,operating_below_reference_candidate,2015-01-15 09:40:00+00:00,2015-01-15 10:30:00+00:00,6,1.0,0.0668,10.4,10.2,peer_context,medium
R80721,operating_below_reference_candidate,2015-07-14 20:00:00+00:00,2015-07-14 20:50:00+00:00,6,1.0,0.0668,6.87,6.92,peer_context,medium
R80711,operating_below_reference_candidate,2015-06-17 16:50:00+00:00,2015-06-17 17:50:00+00:00,7,1.17,0.0668,5.56,5.12,peer_context,medium
R80721,operating_below_reference_candidate,2015-11-18 09:10:00+00:00,2015-11-18 10:00:00+00:00,6,1.0,0.0668,9.41,9.83,peer_context,medium
R80711,operating_below_reference_candidate,2015-02-22 17:30:00+00:00,2015-02-22 18:30:00+00:00,7,1.17,0.0667,5.78,5.17,peer_context,medium
R80790,operating_below_reference_candidate,2015-02-23 09:40:00+00:00,2015-02-23 10:40:00+00:00,7,1.17,0.0667,6.69,6.58,peer_context,medium
R80721,operating_below_reference_candidate,2015-06-21 21:40:00+00:00,2015-06-21 22:40:00+00:00,7,1.17,0.0667,5.76,5.79,peer_context,medium
R80736,operating_below_reference_candidate,2015-05-29 09:10:00+00:00,2015-05-29 10:10:00+00:00,7,1.17,0.0666,5.97,5.92,peer_context,medium
R80790,operating_below_reference_candidate,2015-03-29 08:50:00+00:00,2015-03-29 09:50:00+00:00,7,1.17,0.0665,10.42,10.95,peer_context,medium
R80721,operating_below_reference_candidate,2015-07-30 10:40:00+00:00,2015-07-30 11:50:00+00:00,8,1.33,0.0665,5.83,6.18,peer_context,medium
R80790,operating_below_reference_candidate,2015-04-07 23:10:00+00:00,2015-04-08 00:50:00+00:00,11,1.83,0.0665,4.79,4.73,peer_context,medium
R80721,operating_below_reference_candidate,2015-01-10 16:40:00+00:00,2015-01-10 17:40:00+00:00,7,1.17,0.0665,11.1,12.52,peer_context,medium
R80790,operating_below_reference_candidate,2015-10-09 10:00:00+00:00,2015-10-09 11:40:00+00:00,11,1.83,0.0665,5.16,4.97,peer_context,medium
R80721,operating_below_reference_candidate,2015-07-22 10:20:00+00:00,2015-07-22 11:30:00+00:00,8,1.33,0.0664,5.4,5.48,peer_context,medium
R80736,operating_below_reference_candidate,2015-05-11 18:50:00+00:00,2015-05-11 19:50:00+00:00,7,1.17,0.0664,5.25,4.87,peer_context,medium
R80721,operating_below_reference_candidate,2015-02-12 16:50:00+00:00,2015-02-12 18:00:00+00:00,8,1.33,0.0662,5.11,4.9,peer_context,medium
R80721,operating_below_reference_candidate,2015-09-16 13:50:00+00:00,2015-09-16 14:50:00+00:00,7,1.17,0.0661,10.04,11.16,peer_context,medium
R80736,operating_below_reference_candidate,2015-02-22 23:40:00+00:00,2015-02-23 01:00:00+00:00,9,1.5,0.0661,9.65,9.6,peer_context,medium
R80721,operating_below_reference_candidate,2015-01-15 06:40:00+00:00,2015-01-15 07:40:00+00:00,7,1.17,0.0661,10.19,10.16,peer_context,medium
R80711,site_wide_low_or_zero_production,2015-04-17 11:30:00+00:00,2015-04-17 11:40:00+00:00,2,0.33,0.066,5.76,4.87,peer_context,not_applicable
R80721,operating_below_reference_candidate,2015-12-05 16:50:00+00:00,2015-12-05 17:50:00+00:00,7,1.17,0.066,6.48,6.65,peer_context,medium
R80711,idle_in_apparently_usable_wind,2015-10-09 06:50:00+00:00,2015-10-09 07:00:00+00:00,2,0.33,0.066,5.48,4.56,peer_context,medium
R80721,operating_below_reference_candidate,2015-11-19 02:40:00+00:00,2015-11-19 03:50:00+00:00,8,1.33,0.066,8.67,9.96,peer_context,medium
R80790,operating_below_reference_candidate,2015-01-08 09:10:00+00:00,2015-01-08 10:00:00+00:00,6,1.0,0.066,9.44,9.39,peer_context,medium
R80711,operating_below_reference_candidate,2015-03-08 21:00:00+00:00,2015-03-08 22:00:00+00:00,7,1.17,0.0659,6.26,5.29,peer_context,medium
R80790,operating_below_reference_candidate,2015-09-18 17:50:00+00:00,2015-09-18 19:00:00+00:00,8,1.33,0.0659,8.17,8.18,peer_context,medium
R80790,operating_below_reference_candidate,2015-11-04 20:50:00+00:00,2015-11-04 22:10:00+00:00,9,1.5,0.0659,5.4,5.17,peer_context,medium
R80711,operating_below_reference_candidate,2015-11-24 16:30:00+00:00,2015-11-24 17:40:00+00:00,8,1.33,0.0658,9.71,9.5,peer_context,medium
R80721,operating_below_reference_candidate,2015-11-09 09:20:00+00:00,2015-11-09 10:20:00+00:00,7,1.17,0.0657,8.04,8.69,peer_context,medium
R80736,operating_below_reference_candidate,2015-07-31 17:30:00+00:00,2015-07-31 19:00:00+00:00,10,1.67,0.0657,5.48,5.26,peer_context,medium
R80721,operating_below_reference_candidate,2015-09-10 10:50:00+00:00,2015-09-10 11:50:00+00:00,7,1.17,0.0657,7.49,7.61,peer_context,medium
R80721,operating_below_reference_candidate,2015-07-11 07:40:00+00:00,2015-07-11 08:50:00+00:00,8,1.33,0.0656,7.11,7.38,peer_context,medium
R80736,operating_below_reference_candidate,2015-07-21 19:20:00+00:00,2015-07-21 20:50:00+00:00,10,1.67,0.0655,5.71,5.58,peer_context,medium
R80721,operating_below_reference_candidate,2015-11-11 00:20:00+00:00,2015-11-11 01:30:00+00:00,8,1.33,0.0655,5.86,5.64,peer_context,medium
R80790,operating_below_reference_candidate,2015-01-11 12:50:00+00:00,2015-01-11 13:40:00+00:00,6,1.0,0.0654,9.25,8.68,peer_context,medium
R80711,operating_below_reference_candidate,2015-02-20 20:40:00+00:00,2015-02-20 21:30:00+00:00,6,1.0,0.0653,10.37,9.78,peer_context,medium
R80790,operating_below_reference_candidate,2015-07-12 05:20:00+00:00,2015-07-12 06:50:00+00:00,10,1.67,0.0653,4.96,4.34,peer_context,medium
R80721,operating_below_reference_candidate,2015-07-31 18:20:00+00:00,2015-07-31 19:10:00+00:00,6,1.0,0.0653,5.87,5.53,peer_context,medium
R80790,operating_below_reference_candidate,2015-10-13 18:40:00+00:00,2015-10-13 19:40:00+00:00,7,1.17,0.0652,5.38,5.37,peer_context,medium
R80721,operating_below_reference_candidate,2015-10-11 15:10:00+00:00,2015-10-11 16:30:00+00:00,9,1.5,0.0652,5.97,6.1,peer_context,medium
R80736,operating_below_reference_candidate,2015-07-14 14:50:00+00:00,2015-07-14 16:00:00+00:00,8,1.33,0.0651,5.9,5.78,peer_context,medium
R80711,operating_below_reference_candidate,2015-12-23 20:10:00+00:00,2015-12-23 21:00:00+00:00,6,1.0,0.0651,5.63,4.68,peer_context,medium
R80790,operating_below_reference_candidate,2015-09-04 05:40:00+00:00,2015-09-04 07:10:00+00:00,10,1.67,0.0651,5.02,4.84,peer_context,medium
R80790,operating_below_reference_candidate,2015-11-30 15:30:00+00:00,2015-11-30 16:30:00+00:00,7,1.17,0.0651,11.2,10.35,peer_context,medium
R80790,operating_below_reference_candidate,2015-07-01 18:10:00+00:00,2015-07-01 19:10:00+00:00,7,1.17,0.0651,5.46,5.31,peer_context,medium
R80790,operating_below_reference_candidate,2015-06-10 11:30:00+00:00,2015-06-10 12:20:00+00:00,6,1.0,0.0651,7.31,7.32,peer_context,medium
R80790,operating_below_reference_candidate,2015-03-10 06:20:00+00:00,2015-03-10 07:10:00+00:00,6,1.0,0.0651,5.68,4.98,peer_context,medium
R80711,operating_below_reference_candidate,2015-12-01 00:50:00+00:00,2015-12-01 02:20:00+00:00,10,1.67,0.0651,12.04,12.07,peer_context,medium
R80736,operating_below_reference_candidate,2015-02-24 12:50:00+00:00,2015-02-24 13:40:00+00:00,6,1.0,0.065,7.47,7.38,peer_context,medium
R80790,operating_below_reference_candidate,2015-01-09 03:40:00+00:00,2015-01-09 04:40:00+00:00,7,1.17,0.065,10.96,10.45,peer_context,medium
R80736,operating_below_reference_candidate,2015-03-30 07:20:00+00:00,2015-03-30 08:10:00+00:00,6,1.0,0.0649,10.34,11.2,peer_context,medium
R80790,operating_below_reference_candidate,2015-11-30 14:20:00+00:00,2015-11-30 15:10:00+00:00,6,1.0,0.0648,10.52,10.36,peer_context,medium
R80790,operating_below_reference_candidate,2015-03-26 14:40:00+00:00,2015-03-26 15:50:00+00:00,8,1.33,0.0647,6.88,7.25,peer_context,medium
R80790,operating_below_reference_candidate,2015-07-04 08:40:00+00:00,2015-07-04 09:30:00+00:00,6,1.0,0.0647,5.16,4.57,peer_context,medium
R80711,operating_below_reference_candidate,2015-06-22 12:10:00+00:00,2015-06-22 13:10:00+00:00,7,1.17,0.0647,7.65,6.87,peer_context,medium
R80721,operating_below_reference_candidate,2015-08-31 06:30:00+00:00,2015-08-31 07:20:00+00:00,6,1.0,0.0647,6.67,6.76,peer_context,medium
R80736,operating_below_reference_candidate,2015-02-24 16:10:00+00:00,2015-02-24 17:30:00+00:00,9,1.5,0.0647,5.39,5.29,peer_context,medium
R80736,operating_below_reference_candidate,2015-04-30 07:00:00+00:00,2015-04-30 07:50:00+00:00,6,1.0,0.0647,6.85,6.94,peer_context,medium
R80736,operating_below_reference_candidate,2015-12-29 01:20:00+00:00,2015-12-29 02:10:00+00:00,6,1.0,0.0646,7.4,6.88,peer_context,medium
R80790,operating_below_reference_candidate,2015-01-28 00:30:00+00:00,2015-01-28 01:20:00+00:00,6,1.0,0.0646,5.33,5.22,peer_context,medium
R80721,operating_below_reference_candidate,2015-04-08 18:30:00+00:00,2015-04-08 19:50:00+00:00,9,1.5,0.0646,5.59,5.77,peer_context,medium
R80711,operating_below_reference_candidate,2015-03-30 23:00:00+00:00,2015-03-31 00:10:00+00:00,8,1.33,0.0646,12.77,12.04,peer_context,medium
R80790,operating_below_reference_candidate,2015-07-25 18:10:00+00:00,2015-07-25 19:40:00+00:00,10,1.67,0.0645,4.93,4.85,peer_context,medium
R80721,operating_below_reference_candidate,2015-12-25 13:50:00+00:00,2015-12-25 14:50:00+00:00,7,1.17,0.0645,5.99,6.06,peer_context,medium
R80790,operating_below_reference_candidate,2015-12-09 05:00:00+00:00,2015-12-09 06:20:00+00:00,9,1.5,0.0644,5.31,5.23,peer_context,medium
R80711,operating_below_reference_candidate,2015-10-25 01:50:00+00:00,2015-10-25 02:40:00+00:00,6,1.0,0.0644,5.82,5.12,peer_context,medium
R80790,operating_below_reference_candidate,2015-04-06 08:50:00+00:00,2015-04-06 09:50:00+00:00,7,1.17,0.0644,5.23,5.24,peer_context,medium
R80721,operating_below_reference_candidate,2015-08-27 14:00:00+00:00,2015-08-27 15:00:00+00:00,7,1.17,0.0643,5.46,5.59,peer_context,medium
R80736,operating_below_reference_candidate,2015-11-28 05:40:00+00:00,2015-11-28 06:30:00+00:00,6,1.0,0.0642,7.25,8.0,peer_context,medium
R80736,operating_below_reference_candidate,2015-10-21 21:20:00+00:00,2015-10-21 22:50:00+00:00,10,1.67,0.0642,5.15,5.07,peer_context,medium
R80711,operating_below_reference_candidate,2015-01-06 14:00:00+00:00,2015-01-06 14:50:00+00:00,6,1.0,0.0641,6.07,6.01,peer_context,medium
R80721,operating_below_reference_candidate,2015-05-30 11:30:00+00:00,2015-05-30 12:30:00+00:00,7,1.17,0.064,7.14,7.96,peer_context,medium
R80790,operating_below_reference_candidate,2015-07-22 09:00:00+00:00,2015-07-22 10:10:00+00:00,8,1.33,0.0639,5.14,5.12,peer_context,medium
R80721,operating_below_reference_candidate,2015-01-13 10:00:00+00:00,2015-01-13 11:00:00+00:00,7,1.17,0.0639,11.12,11.38,peer_context,medium
R80721,operating_below_reference_candidate,2015-07-12 13:10:00+00:00,2015-07-12 14:20:00+00:00,8,1.33,0.0639,5.92,6.02,peer_context,medium
R80736,operating_below_reference_candidate,2015-06-07 09:00:00+00:00,2015-06-07 10:40:00+00:00,11,1.83,0.0639,5.1,5.23,peer_context,medium
R80721,operating_below_reference_candidate,2015-06-29 10:00:00+00:00,2015-06-29 12:10:00+00:00,14,2.33,0.0637,5.22,5.38,peer_context,medium
R80711,operating_below_reference_candidate,2015-04-21 11:50:00+00:00,2015-04-21 12:50:00+00:00,7,1.17,0.0637,6.83,7.06,peer_context,medium
R80721,operating_below_reference_candidate,2015-07-16 17:30:00+00:00,2015-07-16 18:50:00+00:00,9,1.5,0.0636,6.2,5.78,peer_context,medium
R80790,operating_below_reference_candidate,2015-03-03 13:30:00+00:00,2015-03-03 14:20:00+00:00,6,1.0,0.0635,7.51,7.43,peer_context,medium
R80790,operating_below_reference_candidate,2015-12-07 10:40:00+00:00,2015-12-07 12:10:00+00:00,10,1.67,0.0634,4.97,5.25,peer_context,medium
R80736,operating_below_reference_candidate,2015-06-27 11:20:00+00:00,2015-06-27 12:30:00+00:00,8,1.33,0.0634,6.96,6.89,peer_context,medium
R80790,operating_below_reference_candidate,2015-08-13 12:10:00+00:00,2015-08-13 13:00:00+00:00,6,1.0,0.0634,5.58,5.64,peer_context,medium
R80721,operating_below_reference_candidate,2015-08-26 10:00:00+00:00,2015-08-26 11:00:00+00:00,7,1.17,0.0634,6.78,6.7,peer_context,medium
R80711,operating_below_reference_candidate,2015-07-01 09:20:00+00:00,2015-07-01 10:20:00+00:00,7,1.17,0.0633,5.56,5.59,peer_context,medium
R80721,operating_below_reference_candidate,2015-08-05 01:30:00+00:00,2015-08-05 02:20:00+00:00,6,1.0,0.0633,5.47,5.7,peer_context,medium
R80721,operating_below_reference_candidate,2015-05-06 05:30:00+00:00,2015-05-06 06:50:00+00:00,9,1.5,0.0633,6.73,7.37,peer_context,medium
R80736,operating_below_reference_candidate,2015-08-05 02:10:00+00:00,2015-08-05 03:00:00+00:00,6,1.0,0.0632,5.54,5.95,peer_context,medium
R80711,operating_below_reference_candidate,2015-03-07 05:40:00+00:00,2015-03-07 06:50:00+00:00,8,1.33,0.0631,4.94,3.55,peer_context,medium
R80736,operating_below_reference_candidate,2015-11-13 05:30:00+00:00,2015-11-13 07:20:00+00:00,12,2.0,0.0631,5.24,6.02,peer_context,medium
R80790,operating_below_reference_candidate,2015-08-02 22:20:00+00:00,2015-08-02 23:20:00+00:00,7,1.17,0.0629,5.58,5.16,peer_context,medium
R80711,operating_below_reference_candidate,2015-08-18 23:50:00+00:00,2015-08-19 00:50:00+00:00,7,1.17,0.0629,5.24,5.13,peer_context,medium
R80711,operating_below_reference_candidate,2015-01-06 11:40:00+00:00,2015-01-06 12:40:00+00:00,7,1.17,0.0629,5.6,5.03,peer_context,medium
R80790,operating_below_reference_candidate,2015-07-01 12:10:00+00:00,2015-07-01 13:00:00+00:00,6,1.0,0.0626,5.63,5.68,peer_context,medium
R80721,operating_below_reference_candidate,2015-06-19 12:00:00+00:00,2015-06-19 13:40:00+00:00,11,1.83,0.0625,5.5,5.67,peer_context,medium
R80790,operating_below_reference_candidate,2015-12-05 07:30:00+00:00,2015-12-05 08:30:00+00:00,7,1.17,0.0624,6.01,5.53,peer_context,medium
R80790,operating_below_reference_candidate,2015-11-13 11:00:00+00:00,2015-11-13 12:10:00+00:00,8,1.33,0.0624,6.54,6.4,peer_context,medium
R80721,operating_below_reference_candidate,2015-07-19 17:40:00+00:00,2015-07-19 19:20:00+00:00,11,1.83,0.0624,5.64,5.85,peer_context,medium
R80711,operating_below_reference_candidate,2015-06-08 11:20:00+00:00,2015-06-08 12:40:00+00:00,9,1.5,0.0624,6.96,6.77,peer_context,medium
R80790,operating_below_reference_candidate,2015-05-19 01:30:00+00:00,2015-05-19 02:20:00+00:00,6,1.0,0.0623,9.4,8.74,peer_context,medium
R80790,operating_below_reference_candidate,2015-01-16 21:20:00+00:00,2015-01-16 22:30:00+00:00,8,1.33,0.0622,5.44,5.02,peer_context,medium
R80790,operating_below_reference_candidate,2015-07-12 14:10:00+00:00,2015-07-12 15:10:00+00:00,7,1.17,0.0621,6.06,6.13,peer_context,medium
R80736,operating_below_reference_candidate,2015-03-21 18:40:00+00:00,2015-03-21 19:30:00+00:00,6,1.0,0.062,5.15,5.48,peer_context,medium
R80711,operating_below_reference_candidate,2015-03-20 17:30:00+00:00,2015-03-20 18:20:00+00:00,6,1.0,0.0619,6.07,5.29,peer_context,medium
R80721,operating_below_reference_candidate,2015-11-28 23:00:00+00:00,2015-11-29 00:10:00+00:00,8,1.33,0.0619,11.26,12.31,peer_context,medium
R80736,operating_below_reference_candidate,2015-05-10 17:30:00+00:00,2015-05-10 18:30:00+00:00,7,1.17,0.0618,4.93,4.78,peer_context,medium
R80790,operating_below_reference_candidate,2015-04-15 09:30:00+00:00,2015-04-15 11:00:00+00:00,10,1.67,0.0618,5.42,5.49,peer_context,medium
R80711,operating_below_reference_candidate,2015-11-19 05:00:00+00:00,2015-11-19 05:50:00+00:00,6,1.0,0.0618,10.08,9.26,peer_context,medium
R80736,operating_below_reference_candidate,2015-04-13 13:20:00+00:00,2015-04-13 14:40:00+00:00,9,1.5,0.0617,5.9,5.85,peer_context,medium
R80711,operating_below_reference_candidate,2015-05-04 11:40:00+00:00,2015-05-04 13:00:00+00:00,9,1.5,0.0617,5.62,5.68,peer_context,medium
R80721,operating_below_reference_candidate,2015-02-12 00:10:00+00:00,2015-02-12 01:10:00+00:00,7,1.17,0.0616,5.06,4.92,peer_context,medium
R80711,operating_below_reference_candidate,2015-05-16 21:00:00+00:00,2015-05-16 22:10:00+00:00,8,1.33,0.0616,5.4,5.08,peer_context,medium
R80711,operating_below_reference_candidate,2015-07-22 19:00:00+00:00,2015-07-22 20:10:00+00:00,8,1.33,0.0615,5.14,4.54,peer_context,medium
R80790,operating_below_reference_candidate,2015-11-29 07:50:00+00:00,2015-11-29 08:40:00+00:00,6,1.0,0.0612,10.65,11.02,peer_context,medium
R80790,operating_below_reference_candidate,2015-10-11 08:50:00+00:00,2015-10-11 10:10:00+00:00,9,1.5,0.0612,5.47,5.2,peer_context,medium
R80721,operating_below_reference_candidate,2015-02-06 14:50:00+00:00,2015-02-06 16:00:00+00:00,8,1.33,0.0611,9.95,11.45,peer_context,medium
R80736,operating_below_reference_candidate,2015-11-28 11:50:00+00:00,2015-11-28 13:00:00+00:00,8,1.33,0.0611,6.6,7.08,peer_context,medium
R80790,operating_below_reference_candidate,2015-02-21 04:50:00+00:00,2015-02-21 05:40:00+00:00,6,1.0,0.0611,8.09,7.53,peer_context,medium
R80736,operating_below_reference_candidate,2015-07-22 10:30:00+00:00,2015-07-22 11:50:00+00:00,9,1.5,0.061,5.55,5.65,peer_context,medium
R80721,operating_below_reference_candidate,2015-02-08 09:00:00+00:00,2015-02-08 10:00:00+00:00,7,1.17,0.061,6.32,6.73,peer_context,medium
R80711,operating_below_reference_candidate,2015-02-08 11:00:00+00:00,2015-02-08 12:20:00+00:00,9,1.5,0.0608,6.14,6.36,peer_context,medium
R80711,operating_below_reference_candidate,2015-03-28 10:10:00+00:00,2015-03-28 11:00:00+00:00,6,1.0,0.0607,6.45,6.44,peer_context,medium
R80721,idle_in_apparently_usable_wind,2015-03-05 08:30:00+00:00,2015-03-05 08:30:00+00:00,1,0.17,0.0606,6.13,6.02,peer_context,medium
R80721,operating_below_reference_candidate,2015-07-14 22:30:00+00:00,2015-07-14 23:20:00+00:00,6,1.0,0.0605,6.15,5.92,peer_context,medium
R80736,idle_in_apparently_usable_wind,2015-05-04 14:50:00+00:00,2015-05-04 14:50:00+00:00,1,0.17,0.0605,6.17,6.29,peer_context,medium
R80721,operating_below_reference_candidate,2015-05-05 03:20:00+00:00,2015-05-05 04:10:00+00:00,6,1.0,0.0605,8.06,8.79,peer_context,medium
R80711,operating_below_reference_candidate,2015-10-22 16:50:00+00:00,2015-10-22 18:00:00+00:00,8,1.33,0.0604,5.23,4.5,peer_context,medium
R80721,operating_below_reference_candidate,2015-11-07 04:50:00+00:00,2015-11-07 05:50:00+00:00,7,1.17,0.0604,5.18,5.19,peer_context,medium
R80790,operating_below_reference_candidate,2015-09-10 07:20:00+00:00,2015-09-10 08:30:00+00:00,8,1.33,0.0603,6.86,6.76,peer_context,medium
R80736,operating_below_reference_candidate,2015-06-14 12:10:00+00:00,2015-06-14 13:00:00+00:00,6,1.0,0.06,5.54,5.66,peer_context,medium
R80790,operating_below_reference_candidate,2015-11-19 15:30:00+00:00,2015-11-19 16:20:00+00:00,6,1.0,0.06,12.23,11.99,peer_context,medium
R80736,operating_below_reference_candidate,2015-07-20 08:20:00+00:00,2015-07-20 09:10:00+00:00,6,1.0,0.06,6.28,6.14,peer_context,medium
R80721,operating_below_reference_candidate,2015-12-21 22:20:00+00:00,2015-12-21 23:20:00+00:00,7,1.17,0.06,9.71,10.58,peer_context,medium
R80790,operating_below_reference_candidate,2015-03-31 11:40:00+00:00,2015-03-31 12:30:00+00:00,6,1.0,0.0599,12.34,12.68,peer_context,medium
R80736,operating_below_reference_candidate,2015-02-19 16:10:00+00:00,2015-02-19 17:20:00+00:00,8,1.33,0.0599,5.32,5.1,peer_context,medium
R80711,operating_below_reference_candidate,2015-02-24 12:40:00+00:00,2015-02-24 13:50:00+00:00,8,1.33,0.0598,7.68,7.61,peer_context,medium
R80736,operating_below_reference_candidate,2015-11-17 22:50:00+00:00,2015-11-18 00:00:00+00:00,8,1.33,0.0598,11.77,11.88,peer_context,medium
R80711,operating_below_reference_candidate,2015-03-28 06:30:00+00:00,2015-03-28 07:30:00+00:00,7,1.17,0.0598,5.83,4.98,peer_context,medium
R80736,operating_below_reference_candidate,2015-12-15 01:40:00+00:00,2015-12-15 02:40:00+00:00,7,1.17,0.0597,5.69,6.18,peer_context,medium
R80790,operating_below_reference_candidate,2015-08-13 09:10:00+00:00,2015-08-13 10:00:00+00:00,6,1.0,0.0597,5.24,5.2,peer_context,medium
R80721,operating_below_reference_candidate,2015-02-12 04:30:00+00:00,2015-02-12 05:30:00+00:00,7,1.17,0.0597,4.8,4.46,peer_context,medium
R80721,operating_below_reference_candidate,2015-08-30 07:00:00+00:00,2015-08-30 08:00:00+00:00,7,1.17,0.0596,5.94,5.71,peer_context,medium
R80790,operating_below_reference_candidate,2015-08-24 18:20:00+00:00,2015-08-24 19:40:00+00:00,9,1.5,0.0595,12.51,12.04,peer_context,medium
R80736,operating_below_reference_candidate,2015-08-21 22:10:00+00:00,2015-08-21 23:10:00+00:00,7,1.17,0.0595,5.56,5.74,peer_context,medium
R80790,operating_below_reference_candidate,2015-07-31 03:10:00+00:00,2015-07-31 04:10:00+00:00,7,1.17,0.0595,5.58,5.62,peer_context,medium
R80721,operating_below_reference_candidate,2015-06-27 17:20:00+00:00,2015-06-27 19:00:00+00:00,11,1.83,0.0595,5.32,5.17,peer_context,medium
R80736,idle_in_apparently_usable_wind,2015-12-03 12:40:00+00:00,2015-12-03 14:50:00+00:00,14,2.33,0.0595,4.03,5.36,peer_context,medium
R80790,idle_in_apparently_usable_wind,2015-11-26 15:00:00+00:00,2015-11-26 15:40:00+00:00,5,0.83,0.0594,4.07,5.38,peer_context,medium
R80711,operating_below_reference_candidate,2015-04-06 05:20:00+00:00,2015-04-06 06:10:00+00:00,6,1.0,0.0593,5.44,4.0,peer_context,medium
R80790,operating_below_reference_candidate,2015-03-31 16:10:00+00:00,2015-03-31 17:00:00+00:00,6,1.0,0.0591,12.59,12.34,peer_context,medium
R80790,operating_below_reference_candidate,2015-01-14 18:10:00+00:00,2015-01-14 19:00:00+00:00,6,1.0,0.059,7.47,7.07,peer_context,medium
R80711,operating_below_reference_candidate,2015-06-27 13:30:00+00:00,2015-06-27 14:20:00+00:00,6,1.0,0.059,8.31,7.32,peer_context,medium
R80721,operating_below_reference_candidate,2015-11-30 16:40:00+00:00,2015-11-30 17:30:00+00:00,6,1.0,0.0589,9.33,10.46,peer_context,medium
R80790,operating_below_reference_candidate,2015-08-25 19:50:00+00:00,2015-08-25 21:30:00+00:00,11,1.83,0.0589,7.37,7.75,peer_context,medium
R80711,operating_below_reference_candidate,2015-06-18 16:00:00+00:00,2015-06-18 17:30:00+00:00,10,1.67,0.0589,5.24,4.83,peer_context,medium
R80721,operating_below_reference_candidate,2015-11-03 06:50:00+00:00,2015-11-03 07:40:00+00:00,6,1.0,0.0588,4.97,4.62,peer_context,medium
R80736,operating_below_reference_candidate,2015-07-20 17:10:00+00:00,2015-07-20 18:00:00+00:00,6,1.0,0.0588,8.15,7.96,peer_context,medium
R80736,operating_below_reference_candidate,2015-09-29 00:20:00+00:00,2015-09-29 01:10:00+00:00,6,1.0,0.0587,11.22,11.34,peer_context,medium
R80721,operating_below_reference_candidate,2015-05-19 03:00:00+00:00,2015-05-19 04:10:00+00:00,8,1.33,0.0587,5.47,5.46,peer_context,medium
R80790,operating_below_reference_candidate,2015-03-19 13:40:00+00:00,2015-03-19 15:00:00+00:00,9,1.5,0.0587,4.97,4.92,peer_context,medium
R80790,operating_below_reference_candidate,2015-09-12 06:50:00+00:00,2015-09-12 08:00:00+00:00,8,1.33,0.0586,5.4,5.86,peer_context,medium
R80790,operating_below_reference_candidate,2015-08-17 10:10:00+00:00,2015-08-17 11:40:00+00:00,10,1.67,0.0586,5.29,5.16,peer_context,medium
R80736,operating_below_reference_candidate,2015-12-24 13:00:00+00:00,2015-12-24 14:10:00+00:00,8,1.33,0.0585,8.21,7.67,peer_context,medium
R80736,operating_below_reference_candidate,2015-07-14 01:40:00+00:00,2015-07-14 02:30:00+00:00,6,1.0,0.0585,5.41,5.45,peer_context,medium
R80736,operating_below_reference_candidate,2015-08-30 15:00:00+00:00,2015-08-30 15:50:00+00:00,6,1.0,0.0585,5.64,5.17,peer_context,medium
R80711,operating_below_reference_candidate,2015-07-08 09:00:00+00:00,2015-07-08 09:50:00+00:00,6,1.0,0.0584,9.28,9.32,peer_context,medium
R80790,operating_below_reference_candidate,2015-11-14 11:20:00+00:00,2015-11-14 12:30:00+00:00,8,1.33,0.0584,6.66,6.62,peer_context,medium
R80736,operating_below_reference_candidate,2015-08-11 19:00:00+00:00,2015-08-11 20:30:00+00:00,10,1.67,0.0584,5.72,5.89,peer_context,medium
R80711,operating_below_reference_candidate,2015-04-06 08:30:00+00:00,2015-04-06 09:30:00+00:00,7,1.17,0.0584,5.25,4.88,peer_context,medium
R80790,operating_below_reference_candidate,2015-05-18 23:40:00+00:00,2015-05-19 00:30:00+00:00,6,1.0,0.0584,8.89,9.0,peer_context,medium
R80721,operating_below_reference_candidate,2015-05-06 07:20:00+00:00,2015-05-06 08:30:00+00:00,8,1.33,0.0583,6.98,7.73,peer_context,medium
R80711,operating_below_reference_candidate,2015-07-22 11:00:00+00:00,2015-07-22 11:50:00+00:00,6,1.0,0.0582,6.11,5.75,peer_context,medium
R80721,operating_below_reference_candidate,2015-05-10 21:30:00+00:00,2015-05-10 22:50:00+00:00,9,1.5,0.0581,5.12,5.29,peer_context,medium
R80711,operating_below_reference_candidate,2015-07-22 23:10:00+00:00,2015-07-23 00:00:00+00:00,6,1.0,0.058,6.07,5.4,peer_context,medium
R80711,operating_below_reference_candidate,2015-03-24 21:30:00+00:00,2015-03-24 22:20:00+00:00,6,1.0,0.058,5.49,4.88,peer_context,medium
R80721,operating_below_reference_candidate,2015-11-24 17:40:00+00:00,2015-11-24 18:40:00+00:00,7,1.17,0.058,8.84,9.26,peer_context,medium
R80711,operating_below_reference_candidate,2015-06-02 11:40:00+00:00,2015-06-02 12:30:00+00:00,6,1.0,0.058,9.97,9.76,peer_context,medium
R80711,operating_below_reference_candidate,2015-12-13 02:20:00+00:00,2015-12-13 03:10:00+00:00,6,1.0,0.0579,5.35,4.88,peer_context,medium
R80790,operating_below_reference_candidate,2015-09-26 11:50:00+00:00,2015-09-26 12:50:00+00:00,7,1.17,0.0579,5.89,5.8,peer_context,medium
R80711,site_wide_low_or_zero_production,2015-04-17 11:10:00+00:00,2015-04-17 11:10:00+00:00,1,0.17,0.0579,6.21,5.23,peer_context,not_applicable
R80790,operating_below_reference_candidate,2015-05-20 08:40:00+00:00,2015-05-20 09:30:00+00:00,6,1.0,0.0579,6.13,5.89,peer_context,medium
R80721,operating_below_reference_candidate,2015-09-04 18:50:00+00:00,2015-09-04 20:10:00+00:00,9,1.5,0.0578,4.95,5.15,peer_context,medium
R80721,operating_below_reference_candidate,2015-08-03 22:40:00+00:00,2015-08-03 23:40:00+00:00,7,1.17,0.0578,6.81,7.03,peer_context,medium
R80721,operating_below_reference_candidate,2015-01-17 16:50:00+00:00,2015-01-17 17:40:00+00:00,6,1.0,0.0578,5.52,5.44,peer_context,medium
R80721,idle_in_apparently_usable_wind,2015-03-04 14:30:00+00:00,2015-03-04 14:50:00+00:00,3,0.5,0.0578,4.96,5.19,peer_context,medium
R80711,operating_below_reference_candidate,2015-02-05 07:10:00+00:00,2015-02-05 08:00:00+00:00,6,1.0,0.0578,9.2,8.97,peer_context,medium
R80736,operating_below_reference_candidate,2015-03-27 05:20:00+00:00,2015-03-27 06:30:00+00:00,8,1.33,0.0577,5.11,5.45,peer_context,medium
R80711,operating_below_reference_candidate,2015-04-15 10:00:00+00:00,2015-04-15 11:30:00+00:00,10,1.67,0.0577,5.37,5.53,peer_context,medium
R80711,operating_below_reference_candidate,2015-05-04 13:40:00+00:00,2015-05-04 14:40:00+00:00,7,1.17,0.0576,6.71,6.62,peer_context,medium
R80790,operating_below_reference_candidate,2015-04-27 20:50:00+00:00,2015-04-27 22:10:00+00:00,9,1.5,0.0576,5.7,6.33,peer_context,medium
R80721,operating_below_reference_candidate,2015-07-09 13:10:00+00:00,2015-07-09 14:00:00+00:00,6,1.0,0.0575,5.94,5.9,peer_context,medium
R80711,operating_below_reference_candidate,2015-11-19 03:10:00+00:00,2015-11-19 04:00:00+00:00,6,1.0,0.0575,9.88,9.49,peer_context,medium
R80736,operating_below_reference_candidate,2015-12-23 21:30:00+00:00,2015-12-23 22:30:00+00:00,7,1.17,0.0573,5.65,5.28,peer_context,medium
R80711,operating_below_reference_candidate,2015-10-29 20:40:00+00:00,2015-10-29 22:00:00+00:00,9,1.5,0.0573,4.98,3.96,peer_context,medium
R80711,operating_below_reference_candidate,2015-11-30 23:40:00+00:00,2015-12-01 00:30:00+00:00,6,1.0,0.0573,12.11,11.28,peer_context,medium
R80721,operating_below_reference_candidate,2015-05-23 12:20:00+00:00,2015-05-23 13:50:00+00:00,10,1.67,0.0573,5.67,5.75,peer_context,medium
R80721,operating_below_reference_candidate,2015-01-27 06:30:00+00:00,2015-01-27 07:40:00+00:00,8,1.33,0.0573,5.27,5.45,peer_context,medium
R80790,operating_below_reference_candidate,2015-09-23 06:50:00+00:00,2015-09-23 07:40:00+00:00,6,1.0,0.0572,6.31,6.01,peer_context,medium
R80790,operating_below_reference_candidate,2015-06-05 22:20:00+00:00,2015-06-05 23:10:00+00:00,6,1.0,0.0572,6.18,6.25,peer_context,medium
R80736,operating_below_reference_candidate,2015-07-26 03:00:00+00:00,2015-07-26 05:10:00+00:00,14,2.33,0.0571,5.21,4.88,peer_context,medium
R80721,operating_below_reference_candidate,2015-04-14 19:50:00+00:00,2015-04-14 21:40:00+00:00,12,2.0,0.0571,4.95,4.75,peer_context,medium
R80736,operating_below_reference_candidate,2015-08-29 03:30:00+00:00,2015-08-29 05:10:00+00:00,11,1.83,0.0571,5.08,5.76,peer_context,medium
R80736,operating_below_reference_candidate,2015-08-06 02:40:00+00:00,2015-08-06 04:10:00+00:00,10,1.67,0.0571,5.22,5.28,peer_context,medium
R80790,operating_below_reference_candidate,2015-03-14 10:20:00+00:00,2015-03-14 11:20:00+00:00,7,1.17,0.057,6.21,6.34,peer_context,medium
R80711,operating_below_reference_candidate,2015-08-13 07:00:00+00:00,2015-08-13 09:00:00+00:00,13,2.17,0.0569,5.31,4.97,peer_context,medium
R80711,operating_below_reference_candidate,2015-07-31 07:20:00+00:00,2015-07-31 08:50:00+00:00,10,1.67,0.0569,5.58,5.27,peer_context,medium
R80721,operating_below_reference_candidate,2015-08-04 12:20:00+00:00,2015-08-04 13:40:00+00:00,9,1.5,0.0569,6.43,6.6,peer_context,medium
R80721,operating_below_reference_candidate,2015-01-28 08:20:00+00:00,2015-01-28 09:10:00+00:00,6,1.0,0.0569,7.34,7.63,peer_context,medium
R80711,operating_below_reference_candidate,2015-08-20 04:10:00+00:00,2015-08-20 05:10:00+00:00,7,1.17,0.0569,5.63,4.69,peer_context,medium
R80721,operating_below_reference_candidate,2015-05-04 20:50:00+00:00,2015-05-04 21:50:00+00:00,7,1.17,0.0568,8.31,8.5,peer_context,medium
R80711,operating_below_reference_candidate,2015-10-13 21:20:00+00:00,2015-10-13 22:20:00+00:00,7,1.17,0.0568,5.17,4.61,peer_context,medium
R80736,operating_below_reference_candidate,2015-05-22 18:10:00+00:00,2015-05-22 19:20:00+00:00,8,1.33,0.0568,5.14,5.41,peer_context,medium
R80721,operating_below_reference_candidate,2015-03-05 08:40:00+00:00,2015-03-05 09:50:00+00:00,8,1.33,0.0567,5.73,5.7,peer_context,medium
R80736,operating_below_reference_candidate,2015-06-29 12:50:00+00:00,2015-06-29 14:30:00+00:00,11,1.83,0.0567,5.11,5.21,peer_context,medium
R80711,operating_below_reference_candidate,2015-04-29 16:20:00+00:00,2015-04-29 17:10:00+00:00,6,1.0,0.0567,5.6,4.98,peer_context,medium
R80711,operating_below_reference_candidate,2015-06-14 00:00:00+00:00,2015-06-14 00:50:00+00:00,6,1.0,0.0566,5.17,4.64,peer_context,medium
R80711,operating_below_reference_candidate,2015-06-14 13:20:00+00:00,2015-06-14 14:40:00+00:00,9,1.5,0.0566,5.26,5.1,peer_context,medium
R80790,operating_below_reference_candidate,2015-07-07 01:30:00+00:00,2015-07-07 03:00:00+00:00,10,1.67,0.0566,5.54,5.52,peer_context,medium
R80736,operating_below_reference_candidate,2015-06-18 16:00:00+00:00,2015-06-18 17:00:00+00:00,7,1.17,0.0566,5.32,5.19,peer_context,medium
R80790,operating_below_reference_candidate,2015-11-04 03:00:00+00:00,2015-11-04 04:00:00+00:00,7,1.17,0.0565,7.18,6.9,peer_context,medium
R80790,operating_below_reference_candidate,2015-09-10 03:10:00+00:00,2015-09-10 04:00:00+00:00,6,1.0,0.0565,6.06,5.68,peer_context,medium
R80790,operating_below_reference_candidate,2015-08-17 15:30:00+00:00,2015-08-17 16:50:00+00:00,9,1.5,0.0565,5.29,5.45,peer_context,medium
R80721,operating_below_reference_candidate,2015-07-31 02:20:00+00:00,2015-07-31 03:20:00+00:00,7,1.17,0.0564,5.13,5.16,peer_context,medium
R80721,operating_below_reference_candidate,2015-04-14 03:10:00+00:00,2015-04-14 04:30:00+00:00,9,1.5,0.0564,5.2,4.35,peer_context,medium
R80721,operating_below_reference_candidate,2015-04-01 09:00:00+00:00,2015-04-01 09:50:00+00:00,6,1.0,0.0563,8.26,8.85,peer_context,medium
R80790,operating_below_reference_candidate,2015-06-18 12:30:00+00:00,2015-06-18 13:30:00+00:00,7,1.17,0.0563,6.65,6.84,peer_context,medium
R80721,operating_below_reference_candidate,2015-06-17 17:30:00+00:00,2015-06-17 18:50:00+00:00,9,1.5,0.0562,5.08,5.3,peer_context,medium
R80790,operating_below_reference_candidate,2015-04-11 09:30:00+00:00,2015-04-11 10:30:00+00:00,7,1.17,0.056,6.68,6.7,peer_context,medium
R80736,operating_below_reference_candidate,2015-06-09 15:30:00+00:00,2015-06-09 16:20:00+00:00,6,1.0,0.056,8.43,8.73,peer_context,medium
R80721,operating_below_reference_candidate,2015-01-09 18:50:00+00:00,2015-01-09 19:50:00+00:00,7,1.17,0.056,12.15,14.04,peer_context,medium
R80790,operating_below_reference_candidate,2015-01-18 17:30:00+00:00,2015-01-18 18:40:00+00:00,8,1.33,0.0559,5.31,4.73,peer_context,medium
R80711,operating_below_reference_candidate,2015-05-18 07:20:00+00:00,2015-05-18 08:40:00+00:00,9,1.5,0.0559,5.42,5.67,peer_context,medium
R80711,operating_below_reference_candidate,2015-05-21 13:50:00+00:00,2015-05-21 14:50:00+00:00,7,1.17,0.0558,5.96,5.56,peer_context,medium
R80790,operating_below_reference_candidate,2015-05-09 13:20:00+00:00,2015-05-09 14:20:00+00:00,7,1.17,0.0558,8.13,7.81,peer_context,medium
R80736,operating_below_reference_candidate,2015-08-05 03:20:00+00:00,2015-08-05 04:10:00+00:00,6,1.0,0.0558,5.47,5.9,peer_context,medium
R80721,operating_below_reference_candidate,2015-09-11 00:20:00+00:00,2015-09-11 01:20:00+00:00,7,1.17,0.0557,5.21,5.08,peer_context,medium
R80721,operating_below_reference_candidate,2015-07-01 12:10:00+00:00,2015-07-01 13:00:00+00:00,6,1.0,0.0556,5.67,5.67,peer_context,medium
R80711,operating_below_reference_candidate,2015-07-28 19:30:00+00:00,2015-07-28 20:20:00+00:00,6,1.0,0.0556,6.12,5.59,peer_context,medium
R80721,operating_below_reference_candidate,2015-06-30 02:40:00+00:00,2015-06-30 04:20:00+00:00,11,1.83,0.0556,5.06,5.16,peer_context,medium
R80736,operating_below_reference_candidate,2015-12-21 01:20:00+00:00,2015-12-21 02:10:00+00:00,6,1.0,0.0555,7.05,7.59,peer_context,medium
R80790,operating_below_reference_candidate,2015-07-01 15:30:00+00:00,2015-07-01 16:40:00+00:00,8,1.33,0.0554,5.19,5.04,peer_context,medium
R80790,operating_below_reference_candidate,2015-03-29 16:00:00+00:00,2015-03-29 17:00:00+00:00,7,1.17,0.0554,13.63,13.33,peer_context,medium
R80736,operating_below_reference_candidate,2015-10-15 04:50:00+00:00,2015-10-15 06:10:00+00:00,9,1.5,0.0554,5.03,5.04,peer_context,medium
R80711,operating_below_reference_candidate,2015-06-17 18:10:00+00:00,2015-06-17 19:00:00+00:00,6,1.0,0.0554,5.12,4.89,peer_context,medium
R80736,operating_below_reference_candidate,2015-04-15 11:30:00+00:00,2015-04-15 12:20:00+00:00,6,1.0,0.0553,6.65,6.22,peer_context,medium
R80790,operating_below_reference_candidate,2015-03-27 12:20:00+00:00,2015-03-27 13:10:00+00:00,6,1.0,0.0553,6.83,6.57,peer_context,medium
R80790,operating_below_reference_candidate,2015-01-24 04:10:00+00:00,2015-01-24 05:10:00+00:00,7,1.17,0.0553,5.29,5.35,peer_context,medium
R80736,operating_below_reference_candidate,2015-09-03 16:00:00+00:00,2015-09-03 17:30:00+00:00,10,1.67,0.0552,5.14,5.25,peer_context,medium
R80790,operating_below_reference_candidate,2015-10-30 21:20:00+00:00,2015-10-30 22:30:00+00:00,8,1.33,0.055,5.61,5.32,peer_context,medium
R80790,operating_below_reference_candidate,2015-08-29 17:20:00+00:00,2015-08-29 18:30:00+00:00,8,1.33,0.0549,4.94,4.67,peer_context,medium
R80721,operating_below_reference_candidate,2015-08-29 03:50:00+00:00,2015-08-29 05:10:00+00:00,9,1.5,0.0549,5.29,5.63,peer_context,medium
R80736,operating_below_reference_candidate,2015-09-08 13:10:00+00:00,2015-09-08 14:00:00+00:00,6,1.0,0.0549,6.54,6.61,peer_context,medium
R80721,operating_below_reference_candidate,2015-04-21 13:00:00+00:00,2015-04-21 14:20:00+00:00,9,1.5,0.0548,6.0,6.06,peer_context,medium
R80736,operating_below_reference_candidate,2015-08-21 19:20:00+00:00,2015-08-21 21:00:00+00:00,11,1.83,0.0548,5.43,5.65,peer_context,medium
R80711,operating_below_reference_candidate,2015-09-10 08:10:00+00:00,2015-09-10 09:00:00+00:00,6,1.0,0.0547,7.54,7.22,peer_context,medium
R80790,operating_below_reference_candidate,2015-04-13 15:20:00+00:00,2015-04-13 16:30:00+00:00,8,1.33,0.0547,5.27,5.14,peer_context,medium
R80736,operating_below_reference_candidate,2015-07-10 10:10:00+00:00,2015-07-10 11:10:00+00:00,7,1.17,0.0547,5.72,5.68,peer_context,medium
R80711,operating_below_reference_candidate,2015-12-23 19:00:00+00:00,2015-12-23 19:50:00+00:00,6,1.0,0.0547,5.15,4.27,peer_context,medium
R80721,operating_below_reference_candidate,2015-08-08 20:30:00+00:00,2015-08-08 21:20:00+00:00,6,1.0,0.0547,7.4,7.57,peer_context,medium
R80790,operating_below_reference_candidate,2015-02-17 20:10:00+00:00,2015-02-17 21:40:00+00:00,10,1.67,0.0545,4.99,4.46,peer_context,medium
R80721,operating_below_reference_candidate,2015-07-27 13:00:00+00:00,2015-07-27 13:50:00+00:00,6,1.0,0.0545,10.88,11.13,peer_context,medium
R80721,operating_below_reference_candidate,2015-02-24 13:00:00+00:00,2015-02-24 14:20:00+00:00,9,1.5,0.0545,7.19,7.44,peer_context,medium
R80711,operating_below_reference_candidate,2015-07-29 11:30:00+00:00,2015-07-29 12:30:00+00:00,7,1.17,0.0545,6.76,6.67,peer_context,medium
R80711,operating_below_reference_candidate,2015-04-19 10:10:00+00:00,2015-04-19 11:00:00+00:00,6,1.0,0.0544,6.96,6.56,peer_context,medium
R80721,operating_below_reference_candidate,2015-12-15 03:20:00+00:00,2015-12-15 04:30:00+00:00,8,1.33,0.0544,5.73,5.89,peer_context,medium
R80721,operating_below_reference_candidate,2015-06-02 13:00:00+00:00,2015-06-02 13:50:00+00:00,6,1.0,0.0544,9.2,9.06,peer_context,medium
R80736,operating_below_reference_candidate,2015-05-18 06:30:00+00:00,2015-05-18 07:40:00+00:00,8,1.33,0.0543,5.65,5.45,peer_context,medium
R80790,operating_below_reference_candidate,2015-06-19 09:40:00+00:00,2015-06-19 11:10:00+00:00,10,1.67,0.0543,5.56,5.64,peer_context,medium
R80721,operating_below_reference_candidate,2015-04-17 01:10:00+00:00,2015-04-17 02:00:00+00:00,6,1.0,0.0543,7.03,6.95,peer_context,medium
R80790,operating_below_reference_candidate,2015-05-16 11:40:00+00:00,2015-05-16 12:50:00+00:00,8,1.33,0.0542,6.23,6.42,peer_context,medium
R80711,operating_below_reference_candidate,2015-08-14 07:10:00+00:00,2015-08-14 08:40:00+00:00,10,1.67,0.0542,5.31,5.03,peer_context,medium
R80711,operating_below_reference_candidate,2015-07-20 09:10:00+00:00,2015-07-20 10:00:00+00:00,6,1.0,0.0541,5.86,6.13,peer_context,medium
R80711,operating_below_reference_candidate,2015-07-20 10:50:00+00:00,2015-07-20 11:40:00+00:00,6,1.0,0.0541,5.98,5.79,peer_context,medium
R80736,operating_below_reference_candidate,2015-04-23 18:50:00+00:00,2015-04-23 19:40:00+00:00,6,1.0,0.0541,5.41,5.24,peer_context,medium
R80721,operating_below_reference_candidate,2015-03-05 04:50:00+00:00,2015-03-05 05:40:00+00:00,6,1.0,0.0541,5.54,6.22,peer_context,medium
R80721,operating_below_reference_candidate,2015-05-29 14:40:00+00:00,2015-05-29 15:30:00+00:00,6,1.0,0.0541,6.97,7.23,peer_context,medium
R80736,operating_below_reference_candidate,2015-07-09 09:40:00+00:00,2015-07-09 11:00:00+00:00,9,1.5,0.0541,5.42,5.53,peer_context,medium
R80790,operating_below_reference_candidate,2015-05-22 19:50:00+00:00,2015-05-22 20:50:00+00:00,7,1.17,0.054,5.62,5.39,peer_context,medium
R80790,operating_below_reference_candidate,2015-06-26 19:10:00+00:00,2015-06-26 20:10:00+00:00,7,1.17,0.054,5.76,5.69,peer_context,medium
R80790,operating_below_reference_candidate,2015-05-16 13:10:00+00:00,2015-05-16 14:10:00+00:00,7,1.17,0.054,6.37,6.52,peer_context,medium
R80711,operating_below_reference_candidate,2015-08-03 04:30:00+00:00,2015-08-03 05:20:00+00:00,6,1.0,0.0539,5.61,4.82,peer_context,medium
R80790,operating_below_reference_candidate,2015-01-14 10:10:00+00:00,2015-01-14 11:00:00+00:00,6,1.0,0.0539,8.63,9.06,peer_context,medium
R80790,operating_below_reference_candidate,2015-09-07 17:30:00+00:00,2015-09-07 18:30:00+00:00,7,1.17,0.0539,5.87,5.63,peer_context,medium
R80790,operating_below_reference_candidate,2015-11-03 12:50:00+00:00,2015-11-03 14:10:00+00:00,9,1.5,0.0538,5.38,5.09,peer_context,medium
R80721,operating_below_reference_candidate,2015-10-03 18:10:00+00:00,2015-10-03 19:00:00+00:00,6,1.0,0.0538,5.47,5.63,peer_context,medium
R80790,operating_below_reference_candidate,2015-01-03 08:20:00+00:00,2015-01-03 09:20:00+00:00,7,1.17,0.0537,5.2,5.34,peer_context,medium
R80711,operating_below_reference_candidate,2015-09-05 11:30:00+00:00,2015-09-05 12:20:00+00:00,6,1.0,0.0537,5.79,5.74,peer_context,medium
R80736,operating_below_reference_candidate,2015-07-20 15:20:00+00:00,2015-07-20 16:20:00+00:00,7,1.17,0.0537,6.62,6.8,peer_context,medium
R80721,operating_below_reference_candidate,2015-04-15 23:50:00+00:00,2015-04-16 00:40:00+00:00,6,1.0,0.0536,6.09,5.96,peer_context,medium
R80736,operating_below_reference_candidate,2015-01-31 11:20:00+00:00,2015-01-31 12:10:00+00:00,6,1.0,0.0536,5.42,5.84,peer_context,medium
R80711,operating_below_reference_candidate,2015-01-30 05:40:00+00:00,2015-01-30 06:30:00+00:00,6,1.0,0.0535,8.54,7.81,peer_context,medium
R80736,operating_below_reference_candidate,2015-09-01 10:10:00+00:00,2015-09-01 11:10:00+00:00,7,1.17,0.0535,7.44,7.35,peer_context,medium
R80736,operating_below_reference_candidate,2015-07-12 11:30:00+00:00,2015-07-12 12:20:00+00:00,6,1.0,0.0534,6.12,5.94,peer_context,medium
R80721,operating_below_reference_candidate,2015-04-10 12:20:00+00:00,2015-04-10 13:10:00+00:00,6,1.0,0.0533,7.66,7.51,peer_context,medium
R80790,operating_below_reference_candidate,2015-04-02 15:10:00+00:00,2015-04-02 16:30:00+00:00,9,1.5,0.0533,5.03,4.74,peer_context,medium
R80711,operating_below_reference_candidate,2015-05-23 12:50:00+00:00,2015-05-23 13:50:00+00:00,7,1.17,0.0533,5.84,5.51,peer_context,medium
R80790,operating_below_reference_candidate,2015-04-10 10:10:00+00:00,2015-04-10 11:30:00+00:00,9,1.5,0.0533,5.56,5.69,peer_context,medium
R80711,operating_below_reference_candidate,2015-05-11 19:10:00+00:00,2015-05-11 20:00:00+00:00,6,1.0,0.0533,5.58,5.0,peer_context,medium
R80721,operating_below_reference_candidate,2015-05-18 18:10:00+00:00,2015-05-18 19:10:00+00:00,7,1.17,0.0532,6.96,7.26,peer_context,medium
R80790,operating_below_reference_candidate,2015-06-29 11:50:00+00:00,2015-06-29 12:40:00+00:00,6,1.0,0.0532,5.45,5.15,peer_context,medium
R80736,operating_below_reference_candidate,2015-08-06 21:00:00+00:00,2015-08-06 22:20:00+00:00,9,1.5,0.0532,5.21,5.37,peer_context,medium
R80736,operating_below_reference_candidate,2015-11-12 04:00:00+00:00,2015-11-12 04:50:00+00:00,6,1.0,0.0531,5.24,5.21,peer_context,medium
R80790,operating_below_reference_candidate,2015-11-04 06:40:00+00:00,2015-11-04 07:30:00+00:00,6,1.0,0.0531,6.12,6.21,peer_context,medium
R80711,operating_below_reference_candidate,2015-04-09 22:00:00+00:00,2015-04-10 00:10:00+00:00,14,2.33,0.053,4.96,4.42,peer_context,medium
R80736,operating_below_reference_candidate,2015-07-17 05:30:00+00:00,2015-07-17 06:40:00+00:00,8,1.33,0.053,6.66,7.0,peer_context,medium
R80790,operating_below_reference_candidate,2015-06-21 07:50:00+00:00,2015-06-21 09:00:00+00:00,8,1.33,0.053,5.54,5.23,peer_context,medium
R80711,operating_below_reference_candidate,2015-07-31 10:40:00+00:00,2015-07-31 11:30:00+00:00,6,1.0,0.0529,6.07,5.87,peer_context,medium
R80790,operating_below_reference_candidate,2015-08-05 20:30:00+00:00,2015-08-05 21:30:00+00:00,7,1.17,0.0529,6.6,6.47,peer_context,medium
R80790,operating_below_reference_candidate,2015-01-27 23:00:00+00:00,2015-01-28 00:10:00+00:00,8,1.33,0.0528,5.17,5.02,peer_context,medium
R80721,operating_below_reference_candidate,2015-03-12 07:40:00+00:00,2015-03-12 08:40:00+00:00,7,1.17,0.0528,5.49,5.61,peer_context,medium
R80721,operating_below_reference_candidate,2015-02-25 16:50:00+00:00,2015-02-25 18:50:00+00:00,13,2.17,0.0528,5.61,5.82,peer_context,medium
R80736,operating_below_reference_candidate,2015-07-31 15:10:00+00:00,2015-07-31 16:10:00+00:00,7,1.17,0.0528,5.44,5.38,peer_context,medium
R80711,operating_below_reference_candidate,2015-01-26 03:50:00+00:00,2015-01-26 04:40:00+00:00,6,1.0,0.0527,5.77,5.59,peer_context,medium
R80721,operating_below_reference_candidate,2015-05-18 12:20:00+00:00,2015-05-18 13:50:00+00:00,10,1.67,0.0527,6.92,7.09,peer_context,medium
R80736,operating_below_reference_candidate,2015-04-22 13:20:00+00:00,2015-04-22 14:30:00+00:00,8,1.33,0.0527,5.56,5.26,peer_context,medium
R80721,operating_below_reference_candidate,2015-10-13 18:50:00+00:00,2015-10-13 20:00:00+00:00,8,1.33,0.0527,5.53,5.27,peer_context,medium
R80790,operating_below_reference_candidate,2015-07-30 12:40:00+00:00,2015-07-30 13:30:00+00:00,6,1.0,0.0527,6.01,5.93,peer_context,medium
R80711,operating_below_reference_candidate,2015-05-10 23:10:00+00:00,2015-05-11 00:30:00+00:00,9,1.5,0.0527,5.62,4.93,peer_context,medium
R80790,operating_below_reference_candidate,2015-06-29 10:10:00+00:00,2015-06-29 11:10:00+00:00,7,1.17,0.0526,5.31,5.4,peer_context,medium
R80736,operating_below_reference_candidate,2015-11-29 10:40:00+00:00,2015-11-29 11:40:00+00:00,7,1.17,0.0526,11.31,11.51,peer_context,medium
R80711,operating_below_reference_candidate,2015-11-14 23:50:00+00:00,2015-11-15 00:40:00+00:00,6,1.0,0.0525,10.44,10.38,peer_context,medium
R80790,operating_below_reference_candidate,2015-05-25 05:10:00+00:00,2015-05-25 06:40:00+00:00,10,1.67,0.0525,5.67,5.46,peer_context,medium
R80721,operating_below_reference_candidate,2015-11-07 22:20:00+00:00,2015-11-07 23:10:00+00:00,6,1.0,0.0525,5.65,5.77,peer_context,medium
R80721,operating_below_reference_candidate,2015-08-27 20:00:00+00:00,2015-08-27 21:20:00+00:00,9,1.5,0.0525,5.93,6.2,peer_context,medium
R80711,operating_below_reference_candidate,2015-07-29 17:30:00+00:00,2015-07-29 18:50:00+00:00,9,1.5,0.0525,5.98,5.57,peer_context,medium
R80790,operating_below_reference_candidate,2015-05-30 13:20:00+00:00,2015-05-30 14:20:00+00:00,7,1.17,0.0525,6.0,6.08,peer_context,medium
R80711,operating_below_reference_candidate,2015-07-19 21:40:00+00:00,2015-07-19 22:40:00+00:00,7,1.17,0.0524,6.47,5.99,peer_context,medium
R80736,operating_below_reference_candidate,2015-12-05 02:40:00+00:00,2015-12-05 04:00:00+00:00,9,1.5,0.0524,5.55,5.71,peer_context,medium
R80790,operating_below_reference_candidate,2015-05-12 08:10:00+00:00,2015-05-12 09:00:00+00:00,6,1.0,0.0523,6.65,6.23,peer_context,medium
R80790,operating_below_reference_candidate,2015-11-21 21:00:00+00:00,2015-11-21 21:50:00+00:00,6,1.0,0.0523,6.0,6.6,peer_context,medium
R80790,operating_below_reference_candidate,2015-08-28 12:30:00+00:00,2015-08-28 14:30:00+00:00,13,2.17,0.0522,4.97,5.12,peer_context,medium
R80711,operating_below_reference_candidate,2015-11-12 17:20:00+00:00,2015-11-12 18:30:00+00:00,8,1.33,0.0521,5.35,4.54,peer_context,medium
R80721,operating_below_reference_candidate,2015-12-12 16:00:00+00:00,2015-12-12 17:00:00+00:00,7,1.17,0.0521,5.55,5.53,peer_context,medium
R80721,operating_below_reference_candidate,2015-08-26 04:30:00+00:00,2015-08-26 05:50:00+00:00,9,1.5,0.052,5.12,5.74,peer_context,medium
R80790,operating_below_reference_candidate,2015-10-06 01:10:00+00:00,2015-10-06 02:00:00+00:00,6,1.0,0.052,5.72,5.46,peer_context,medium
R80736,operating_below_reference_candidate,2015-08-04 14:40:00+00:00,2015-08-04 16:20:00+00:00,11,1.83,0.0519,5.46,5.78,peer_context,medium
R80711,operating_below_reference_candidate,2015-06-04 19:20:00+00:00,2015-06-04 20:50:00+00:00,10,1.67,0.0519,5.53,4.88,peer_context,medium
R80736,operating_below_reference_candidate,2015-06-18 08:40:00+00:00,2015-06-18 09:50:00+00:00,8,1.33,0.0518,6.75,7.06,peer_context,medium
R80711,operating_below_reference_candidate,2015-12-09 05:20:00+00:00,2015-12-09 06:10:00+00:00,6,1.0,0.0518,5.62,5.25,peer_context,medium
R80711,operating_below_reference_candidate,2015-07-10 13:20:00+00:00,2015-07-10 14:30:00+00:00,8,1.33,0.0517,5.82,5.53,peer_context,medium
R80736,operating_below_reference_candidate,2015-05-21 20:10:00+00:00,2015-05-21 21:00:00+00:00,6,1.0,0.0517,8.01,6.78,peer_context,medium
R80736,operating_below_reference_candidate,2015-06-10 12:30:00+00:00,2015-06-10 13:20:00+00:00,6,1.0,0.0516,7.6,7.62,peer_context,medium
R80721,operating_below_reference_candidate,2015-05-09 17:00:00+00:00,2015-05-09 17:50:00+00:00,6,1.0,0.0516,6.37,6.47,peer_context,medium
R80711,operating_below_reference_candidate,2015-06-19 22:40:00+00:00,2015-06-19 23:30:00+00:00,6,1.0,0.0516,6.04,5.11,peer_context,medium
R80790,operating_below_reference_candidate,2015-07-26 04:10:00+00:00,2015-07-26 05:30:00+00:00,9,1.5,0.0516,5.23,4.79,peer_context,medium
R80736,operating_below_reference_candidate,2015-11-12 17:20:00+00:00,2015-11-12 19:00:00+00:00,11,1.83,0.0515,4.9,4.72,peer_context,medium
R80711,operating_below_reference_candidate,2015-03-30 10:20:00+00:00,2015-03-30 11:10:00+00:00,6,1.0,0.0515,12.49,11.38,peer_context,medium
R80736,operating_below_reference_candidate,2015-07-28 21:40:00+00:00,2015-07-28 23:20:00+00:00,11,1.83,0.0515,5.12,5.27,peer_context,medium
R80736,operating_below_reference_candidate,2015-06-27 13:40:00+00:00,2015-06-27 14:30:00+00:00,6,1.0,0.0515,6.69,7.69,peer_context,medium
R80736,operating_below_reference_candidate,2015-06-23 02:20:00+00:00,2015-06-23 03:40:00+00:00,9,1.5,0.0515,5.35,5.01,peer_context,medium
R80721,operating_below_reference_candidate,2015-12-08 14:50:00+00:00,2015-12-08 15:40:00+00:00,6,1.0,0.0515,5.43,5.16,peer_context,medium
R80736,operating_below_reference_candidate,2015-04-14 21:00:00+00:00,2015-04-14 21:50:00+00:00,6,1.0,0.0514,5.33,4.98,peer_context,medium
R80711,operating_below_reference_candidate,2015-07-16 19:10:00+00:00,2015-07-16 20:20:00+00:00,8,1.33,0.0514,5.96,6.31,peer_context,medium
R80790,operating_below_reference_candidate,2015-08-30 14:20:00+00:00,2015-08-30 15:10:00+00:00,6,1.0,0.0514,5.36,5.19,peer_context,medium
R80790,operating_below_reference_candidate,2015-04-19 11:50:00+00:00,2015-04-19 12:40:00+00:00,6,1.0,0.0514,6.86,6.78,peer_context,medium
R80736,operating_below_reference_candidate,2015-04-16 22:10:00+00:00,2015-04-16 23:00:00+00:00,6,1.0,0.0513,6.25,6.87,peer_context,medium
R80790,operating_below_reference_candidate,2015-02-20 11:40:00+00:00,2015-02-20 12:30:00+00:00,6,1.0,0.0511,7.79,7.59,peer_context,medium
R80711,operating_below_reference_candidate,2015-04-21 15:20:00+00:00,2015-04-21 16:10:00+00:00,6,1.0,0.0511,5.32,5.37,peer_context,medium
R80736,operating_below_reference_candidate,2015-07-14 17:40:00+00:00,2015-07-14 18:40:00+00:00,7,1.17,0.051,5.6,5.3,peer_context,medium
R80711,operating_below_reference_candidate,2015-11-09 11:50:00+00:00,2015-11-09 12:40:00+00:00,6,1.0,0.051,7.84,7.73,peer_context,medium
R80721,operating_below_reference_candidate,2015-11-26 14:30:00+00:00,2015-11-26 15:30:00+00:00,7,1.17,0.051,5.72,5.0,peer_context,medium
R80721,operating_below_reference_candidate,2015-05-04 23:50:00+00:00,2015-05-05 01:00:00+00:00,8,1.33,0.051,8.97,9.43,peer_context,medium
R80790,operating_below_reference_candidate,2015-06-08 06:30:00+00:00,2015-06-08 07:20:00+00:00,6,1.0,0.051,6.36,6.15,peer_context,medium
R80736,operating_below_reference_candidate,2015-04-08 04:20:00+00:00,2015-04-08 05:30:00+00:00,8,1.33,0.051,4.7,4.49,peer_context,medium
R80790,operating_below_reference_candidate,2015-07-24 11:40:00+00:00,2015-07-24 12:30:00+00:00,6,1.0,0.0509,5.37,5.27,peer_context,medium
R80790,operating_below_reference_candidate,2015-07-14 14:10:00+00:00,2015-07-14 15:20:00+00:00,8,1.33,0.0509,5.84,6.04,peer_context,medium
R80721,operating_below_reference_candidate,2015-07-02 08:10:00+00:00,2015-07-02 09:00:00+00:00,6,1.0,0.0508,8.63,8.66,peer_context,medium
R80790,operating_below_reference_candidate,2015-11-19 13:00:00+00:00,2015-11-19 14:10:00+00:00,8,1.33,0.0508,10.82,10.85,peer_context,medium
R80736,operating_below_reference_candidate,2015-08-03 04:10:00+00:00,2015-08-03 05:50:00+00:00,11,1.83,0.0507,5.17,5.01,peer_context,medium
R80711,operating_below_reference_candidate,2015-07-12 12:20:00+00:00,2015-07-12 13:40:00+00:00,9,1.5,0.0506,5.86,5.69,peer_context,medium
R80736,operating_below_reference_candidate,2015-12-10 13:40:00+00:00,2015-12-10 14:40:00+00:00,7,1.17,0.0506,5.01,4.66,peer_context,medium
R80736,operating_below_reference_candidate,2015-08-30 17:20:00+00:00,2015-08-30 18:30:00+00:00,8,1.33,0.0506,6.35,5.9,peer_context,medium
R80736,operating_below_reference_candidate,2015-07-18 23:50:00+00:00,2015-07-19 00:50:00+00:00,7,1.17,0.0505,6.44,5.8,peer_context,medium
R80711,operating_below_reference_candidate,2015-07-09 16:10:00+00:00,2015-07-09 17:00:00+00:00,6,1.0,0.0505,5.97,5.56,peer_context,medium
R80721,operating_below_reference_candidate,2015-12-11 21:40:00+00:00,2015-12-11 22:30:00+00:00,6,1.0,0.0505,7.88,8.16,peer_context,medium
R80721,operating_below_reference_candidate,2015-11-30 10:10:00+00:00,2015-11-30 11:10:00+00:00,7,1.17,0.0505,9.23,10.83,peer_context,medium
R80790,operating_below_reference_candidate,2015-05-23 19:30:00+00:00,2015-05-23 20:30:00+00:00,7,1.17,0.0504,5.99,5.59,peer_context,medium
R80721,operating_below_reference_candidate,2015-02-12 23:10:00+00:00,2015-02-13 00:30:00+00:00,9,1.5,0.0504,5.4,5.46,peer_context,medium
R80736,operating_below_reference_candidate,2015-11-10 19:30:00+00:00,2015-11-10 20:40:00+00:00,8,1.33,0.0504,5.9,6.48,peer_context,medium
R80711,operating_below_reference_candidate,2015-03-21 06:30:00+00:00,2015-03-21 07:20:00+00:00,6,1.0,0.0503,5.01,4.17,peer_context,medium
R80711,operating_below_reference_candidate,2015-06-02 13:30:00+00:00,2015-06-02 14:20:00+00:00,6,1.0,0.0503,8.61,9.1,peer_context,medium
R80790,operating_below_reference_candidate,2015-04-07 14:00:00+00:00,2015-04-07 14:50:00+00:00,6,1.0,0.0502,5.28,5.21,peer_context,medium
R80736,operating_below_reference_candidate,2015-10-03 18:00:00+00:00,2015-10-03 19:20:00+00:00,9,1.5,0.0501,5.15,5.66,peer_context,medium
R80721,operating_below_reference_candidate,2015-11-05 16:10:00+00:00,2015-11-05 17:20:00+00:00,8,1.33,0.05,5.02,5.04,peer_context,medium
R80721,operating_below_reference_candidate,2015-01-31 02:30:00+00:00,2015-01-31 03:20:00+00:00,6,1.0,0.05,6.27,5.85,peer_context,medium
R80790,operating_below_reference_candidate,2015-12-22 08:30:00+00:00,2015-12-22 09:20:00+00:00,6,1.0,0.05,7.72,7.47,peer_context,medium
R80721,operating_below_reference_candidate,2015-04-13 13:50:00+00:00,2015-04-13 14:40:00+00:00,6,1.0,0.0498,5.56,5.92,peer_context,medium
R80736,operating_below_reference_candidate,2015-11-28 14:10:00+00:00,2015-11-28 15:00:00+00:00,6,1.0,0.0498,5.91,6.17,peer_context,medium
R80790,operating_below_reference_candidate,2015-09-12 09:50:00+00:00,2015-09-12 10:40:00+00:00,6,1.0,0.0498,5.69,5.8,peer_context,medium
R80721,operating_below_reference_candidate,2015-10-02 07:50:00+00:00,2015-10-02 09:00:00+00:00,8,1.33,0.0497,5.94,5.83,peer_context,medium
R80721,operating_below_reference_candidate,2015-06-14 07:30:00+00:00,2015-06-14 08:40:00+00:00,8,1.33,0.0497,5.09,4.75,peer_context,medium
R80790,operating_below_reference_candidate,2015-11-06 12:50:00+00:00,2015-11-06 13:40:00+00:00,6,1.0,0.0496,7.35,7.41,peer_context,medium
R80790,operating_below_reference_candidate,2015-01-28 11:50:00+00:00,2015-01-28 12:40:00+00:00,6,1.0,0.0495,11.09,10.64,peer_context,medium
R80711,operating_below_reference_candidate,2015-07-01 14:40:00+00:00,2015-07-01 16:00:00+00:00,9,1.5,0.0495,4.81,4.96,peer_context,medium
R80790,operating_below_reference_candidate,2015-01-29 02:00:00+00:00,2015-01-29 02:50:00+00:00,6,1.0,0.0495,6.35,6.17,peer_context,medium
R80790,operating_below_reference_candidate,2015-06-25 00:40:00+00:00,2015-06-25 01:30:00+00:00,6,1.0,0.0494,4.89,4.0,peer_context,medium
R80790,operating_below_reference_candidate,2015-04-16 16:10:00+00:00,2015-04-16 17:00:00+00:00,6,1.0,0.0493,5.11,5.49,peer_context,medium
R80790,operating_below_reference_candidate,2015-11-20 23:50:00+00:00,2015-11-21 00:50:00+00:00,7,1.17,0.0493,5.85,5.57,peer_context,medium
R80790,operating_below_reference_candidate,2015-11-08 16:10:00+00:00,2015-11-08 17:20:00+00:00,8,1.33,0.0493,7.26,7.78,peer_context,medium
R80721,operating_below_reference_candidate,2015-06-29 04:00:00+00:00,2015-06-29 05:10:00+00:00,8,1.33,0.0493,5.6,5.47,peer_context,medium
R80711,operating_below_reference_candidate,2015-02-20 23:30:00+00:00,2015-02-21 01:00:00+00:00,10,1.67,0.0492,12.39,12.62,peer_context,medium
R80721,operating_below_reference_candidate,2015-07-28 08:00:00+00:00,2015-07-28 09:10:00+00:00,8,1.33,0.0491,7.17,7.38,peer_context,medium
R80736,operating_below_reference_candidate,2015-08-21 17:10:00+00:00,2015-08-21 18:30:00+00:00,9,1.5,0.0491,5.81,5.87,peer_context,medium
R80790,operating_below_reference_candidate,2015-06-22 10:50:00+00:00,2015-06-22 11:40:00+00:00,6,1.0,0.049,5.93,5.88,peer_context,medium
R80721,operating_below_reference_candidate,2015-02-14 09:00:00+00:00,2015-02-14 10:00:00+00:00,7,1.17,0.049,6.16,6.14,peer_context,medium
R80790,operating_below_reference_candidate,2015-08-28 02:50:00+00:00,2015-08-28 04:00:00+00:00,8,1.33,0.049,6.1,6.01,peer_context,medium
R80790,operating_below_reference_candidate,2015-11-04 04:50:00+00:00,2015-11-04 05:40:00+00:00,6,1.0,0.0489,6.57,6.91,peer_context,medium
R80790,operating_below_reference_candidate,2015-02-28 14:10:00+00:00,2015-02-28 15:20:00+00:00,8,1.33,0.0489,5.31,5.29,peer_context,medium
R80736,operating_below_reference_candidate,2015-11-09 06:30:00+00:00,2015-11-09 07:30:00+00:00,7,1.17,0.0489,8.07,7.77,peer_context,medium
R80721,operating_below_reference_candidate,2015-08-06 00:50:00+00:00,2015-08-06 02:30:00+00:00,11,1.83,0.0489,5.98,5.87,peer_context,medium
R80736,operating_below_reference_candidate,2015-01-03 10:20:00+00:00,2015-01-03 11:30:00+00:00,8,1.33,0.0489,8.8,9.52,peer_context,medium
R80711,operating_below_reference_candidate,2015-01-23 04:20:00+00:00,2015-01-23 05:30:00+00:00,8,1.33,0.0489,4.79,4.32,peer_context,medium
R80721,operating_below_reference_candidate,2015-01-05 20:50:00+00:00,2015-01-05 22:00:00+00:00,8,1.33,0.0488,5.52,5.39,peer_context,medium
R80711,operating_below_reference_candidate,2015-04-07 12:00:00+00:00,2015-04-07 12:50:00+00:00,6,1.0,0.0487,5.36,5.43,peer_context,medium
R80736,operating_below_reference_candidate,2015-01-05 21:00:00+00:00,2015-01-05 22:10:00+00:00,8,1.33,0.0486,5.36,5.47,peer_context,medium
R80711,operating_below_reference_candidate,2015-07-01 05:20:00+00:00,2015-07-01 06:30:00+00:00,8,1.33,0.0485,5.77,4.54,peer_context,medium
R80736,operating_below_reference_candidate,2015-02-20 00:10:00+00:00,2015-02-20 01:20:00+00:00,8,1.33,0.0485,5.73,6.65,peer_context,medium
R80711,operating_below_reference_candidate,2015-12-07 07:10:00+00:00,2015-12-07 08:00:00+00:00,6,1.0,0.0485,5.35,4.65,peer_context,medium
R80736,operating_below_reference_candidate,2015-05-29 18:10:00+00:00,2015-05-29 19:00:00+00:00,6,1.0,0.0485,5.84,6.14,peer_context,medium
R80721,operating_below_reference_candidate,2015-05-29 11:20:00+00:00,2015-05-29 12:30:00+00:00,8,1.33,0.0485,8.3,8.71,peer_context,medium
R80790,operating_below_reference_candidate,2015-10-10 23:00:00+00:00,2015-10-11 00:00:00+00:00,7,1.17,0.0484,6.51,6.37,peer_context,medium
R80711,operating_below_reference_candidate,2015-07-30 01:00:00+00:00,2015-07-30 01:50:00+00:00,6,1.0,0.0484,5.39,4.86,peer_context,medium
R80790,operating_below_reference_candidate,2015-02-25 09:50:00+00:00,2015-02-25 10:50:00+00:00,7,1.17,0.0484,4.97,4.76,peer_context,medium
R80790,operating_below_reference_candidate,2015-07-21 09:20:00+00:00,2015-07-21 10:30:00+00:00,8,1.33,0.0484,4.9,4.56,peer_context,medium
R80790,operating_below_reference_candidate,2015-06-06 11:20:00+00:00,2015-06-06 12:10:00+00:00,6,1.0,0.0484,5.51,5.45,peer_context,medium
R80736,operating_below_reference_candidate,2015-05-09 15:20:00+00:00,2015-05-09 16:30:00+00:00,8,1.33,0.0483,7.08,7.19,peer_context,medium
R80790,operating_below_reference_candidate,2015-07-14 19:00:00+00:00,2015-07-14 20:10:00+00:00,8,1.33,0.0482,6.47,6.64,peer_context,medium
R80790,operating_below_reference_candidate,2015-06-29 14:20:00+00:00,2015-06-29 15:10:00+00:00,6,1.0,0.0482,5.04,4.9,peer_context,medium
R80721,operating_below_reference_candidate,2015-11-04 21:30:00+00:00,2015-11-04 22:30:00+00:00,7,1.17,0.048,4.81,5.04,peer_context,medium
R80790,operating_below_reference_candidate,2015-08-26 10:40:00+00:00,2015-08-26 11:30:00+00:00,6,1.0,0.0479,6.89,6.87,peer_context,medium
R80711,operating_below_reference_candidate,2015-07-22 13:30:00+00:00,2015-07-22 14:20:00+00:00,6,1.0,0.0479,7.02,6.51,peer_context,medium
R80736,operating_below_reference_candidate,2015-04-13 15:10:00+00:00,2015-04-13 16:20:00+00:00,8,1.33,0.0479,5.07,5.14,peer_context,medium
R80721,operating_below_reference_candidate,2015-07-03 18:00:00+00:00,2015-07-03 19:10:00+00:00,8,1.33,0.0479,6.34,6.52,peer_context,medium
R80736,operating_below_reference_candidate,2015-08-20 01:40:00+00:00,2015-08-20 03:10:00+00:00,10,1.67,0.0478,5.86,5.03,peer_context,medium
R80790,operating_below_reference_candidate,2015-07-24 21:00:00+00:00,2015-07-24 22:00:00+00:00,7,1.17,0.0478,5.17,4.65,peer_context,medium
R80790,idle_in_apparently_usable_wind,2015-06-14 14:20:00+00:00,2015-06-14 15:00:00+00:00,5,0.83,0.0477,4.56,5.01,peer_context,medium
R80790,operating_below_reference_candidate,2015-12-28 14:50:00+00:00,2015-12-28 15:40:00+00:00,6,1.0,0.0477,5.99,5.91,peer_context,medium
R80790,site_wide_low_or_zero_production,2015-04-17 11:30:00+00:00,2015-04-17 11:40:00+00:00,2,0.33,0.0477,4.85,5.17,peer_context,not_applicable
R80790,operating_below_reference_candidate,2015-12-24 16:40:00+00:00,2015-12-24 17:40:00+00:00,7,1.17,0.0476,7.8,7.65,peer_context,medium
R80711,operating_below_reference_candidate,2015-08-30 07:50:00+00:00,2015-08-30 09:00:00+00:00,8,1.33,0.0476,5.53,5.22,peer_context,medium
R80736,operating_below_reference_candidate,2015-10-03 02:10:00+00:00,2015-10-03 03:20:00+00:00,8,1.33,0.0473,5.14,5.49,peer_context,medium
R80711,operating_below_reference_candidate,2015-10-13 19:10:00+00:00,2015-10-13 20:00:00+00:00,6,1.0,0.0473,5.35,5.19,peer_context,medium
R80736,operating_below_reference_candidate,2015-12-17 04:50:00+00:00,2015-12-17 05:50:00+00:00,7,1.17,0.0472,5.37,6.08,peer_context,medium
R80721,operating_below_reference_candidate,2015-05-04 09:20:00+00:00,2015-05-04 10:30:00+00:00,8,1.33,0.0472,5.44,5.51,peer_context,medium
R80736,operating_below_reference_candidate,2015-08-04 23:50:00+00:00,2015-08-05 01:10:00+00:00,9,1.5,0.0471,5.02,5.16,peer_context,medium
R80711,operating_below_reference_candidate,2015-10-03 10:40:00+00:00,2015-10-03 11:50:00+00:00,8,1.33,0.0471,5.27,5.19,peer_context,medium
R80736,operating_below_reference_candidate,2015-08-31 18:30:00+00:00,2015-08-31 19:50:00+00:00,9,1.5,0.047,5.8,5.55,peer_context,medium
R80711,operating_below_reference_candidate,2015-04-10 09:10:00+00:00,2015-04-10 10:40:00+00:00,10,1.67,0.047,5.19,5.24,peer_context,medium
R80711,operating_below_reference_candidate,2015-02-23 13:00:00+00:00,2015-02-23 14:30:00+00:00,10,1.67,0.0468,5.74,5.63,peer_context,medium
R80711,operating_below_reference_candidate,2015-05-19 14:30:00+00:00,2015-05-19 15:20:00+00:00,6,1.0,0.0468,7.52,7.43,peer_context,medium
R80736,operating_below_reference_candidate,2015-02-10 01:30:00+00:00,2015-02-10 02:30:00+00:00,7,1.17,0.0468,5.22,5.79,peer_context,medium
R80736,operating_below_reference_candidate,2015-11-07 03:30:00+00:00,2015-11-07 04:20:00+00:00,6,1.0,0.0468,5.58,5.56,peer_context,medium
R80711,operating_below_reference_candidate,2015-09-09 14:20:00+00:00,2015-09-09 15:10:00+00:00,6,1.0,0.0467,7.6,7.13,peer_context,medium
R80721,operating_below_reference_candidate,2015-05-11 00:10:00+00:00,2015-05-11 01:00:00+00:00,6,1.0,0.0466,5.3,5.37,peer_context,medium
R80736,operating_below_reference_candidate,2015-07-01 15:30:00+00:00,2015-07-01 16:30:00+00:00,7,1.17,0.0466,5.19,5.07,peer_context,medium
R80721,operating_below_reference_candidate,2015-07-24 03:10:00+00:00,2015-07-24 04:00:00+00:00,6,1.0,0.0465,5.67,5.67,peer_context,medium
R80790,operating_below_reference_candidate,2015-10-05 04:10:00+00:00,2015-10-05 05:10:00+00:00,7,1.17,0.0464,4.99,5.67,peer_context,medium
R80721,operating_below_reference_candidate,2015-02-20 12:30:00+00:00,2015-02-20 13:50:00+00:00,9,1.5,0.0463,8.72,8.51,peer_context,medium
R80790,operating_below_reference_candidate,2015-09-19 10:30:00+00:00,2015-09-19 11:20:00+00:00,6,1.0,0.0462,6.1,6.06,peer_context,medium
R80736,operating_below_reference_candidate,2015-07-09 08:20:00+00:00,2015-07-09 09:20:00+00:00,7,1.17,0.0462,5.45,5.53,peer_context,medium
R80736,operating_below_reference_candidate,2015-11-17 20:40:00+00:00,2015-11-17 21:30:00+00:00,6,1.0,0.0462,11.02,12.3,peer_context,medium
R80736,operating_below_reference_candidate,2015-07-17 14:30:00+00:00,2015-07-17 15:40:00+00:00,8,1.33,0.0462,5.98,6.1,peer_context,medium
R80721,operating_below_reference_candidate,2015-11-25 07:10:00+00:00,2015-11-25 08:10:00+00:00,7,1.17,0.0461,5.1,5.22,peer_context,medium
R80790,operating_below_reference_candidate,2015-04-16 14:40:00+00:00,2015-04-16 15:40:00+00:00,7,1.17,0.0461,5.94,6.23,peer_context,medium
R80711,operating_below_reference_candidate,2015-07-30 15:40:00+00:00,2015-07-30 16:30:00+00:00,6,1.0,0.0461,5.73,5.36,peer_context,medium
R80721,operating_below_reference_candidate,2015-12-04 06:40:00+00:00,2015-12-04 07:30:00+00:00,6,1.0,0.0461,6.97,7.75,peer_context,medium
R80736,operating_below_reference_candidate,2015-01-13 12:10:00+00:00,2015-01-13 13:00:00+00:00,6,1.0,0.046,8.55,8.11,peer_context,medium
R80736,operating_below_reference_candidate,2015-06-02 20:10:00+00:00,2015-06-02 21:00:00+00:00,6,1.0,0.046,8.53,8.98,peer_context,medium
R80711,operating_below_reference_candidate,2015-03-04 07:10:00+00:00,2015-03-04 08:00:00+00:00,6,1.0,0.046,6.15,6.05,peer_context,medium
R80721,operating_below_reference_candidate,2015-07-13 08:40:00+00:00,2015-07-13 09:50:00+00:00,8,1.33,0.0459,5.34,5.98,peer_context,medium
R80711,operating_below_reference_candidate,2015-08-29 10:50:00+00:00,2015-08-29 12:20:00+00:00,10,1.67,0.0459,4.93,4.7,peer_context,medium
R80736,operating_below_reference_candidate,2015-10-04 18:50:00+00:00,2015-10-04 19:40:00+00:00,6,1.0,0.0459,5.46,5.77,peer_context,medium
R80736,operating_below_reference_candidate,2015-06-03 20:50:00+00:00,2015-06-03 22:10:00+00:00,9,1.5,0.0458,5.44,5.74,peer_context,medium
R80736,operating_below_reference_candidate,2015-03-08 21:30:00+00:00,2015-03-08 22:20:00+00:00,6,1.0,0.0458,6.13,6.08,peer_context,medium
R80790,operating_below_reference_candidate,2015-11-07 08:30:00+00:00,2015-11-07 09:30:00+00:00,7,1.17,0.0458,5.19,4.7,peer_context,medium
R80736,operating_below_reference_candidate,2015-04-03 03:30:00+00:00,2015-04-03 04:30:00+00:00,7,1.17,0.0457,4.98,4.47,peer_context,medium
R80711,operating_below_reference_candidate,2015-07-14 05:30:00+00:00,2015-07-14 07:10:00+00:00,11,1.83,0.0457,5.22,5.0,peer_context,medium
R80721,operating_below_reference_candidate,2015-08-30 14:50:00+00:00,2015-08-30 15:40:00+00:00,6,1.0,0.0456,5.0,5.23,peer_context,medium
R80736,operating_below_reference_candidate,2015-03-20 18:50:00+00:00,2015-03-20 20:10:00+00:00,9,1.5,0.0455,4.93,4.95,peer_context,medium
R80790,operating_below_reference_candidate,2015-11-21 03:40:00+00:00,2015-11-21 04:40:00+00:00,7,1.17,0.0455,6.49,6.33,peer_context,medium
R80711,operating_below_reference_candidate,2015-04-15 13:50:00+00:00,2015-04-15 14:50:00+00:00,7,1.17,0.0455,6.05,6.1,peer_context,medium
R80721,operating_below_reference_candidate,2015-07-31 10:30:00+00:00,2015-07-31 12:30:00+00:00,13,2.17,0.0455,5.82,5.85,peer_context,medium
R80790,operating_below_reference_candidate,2015-12-18 23:00:00+00:00,2015-12-18 23:50:00+00:00,6,1.0,0.0454,5.53,5.24,peer_context,medium
R80711,operating_below_reference_candidate,2015-06-06 08:40:00+00:00,2015-06-06 09:30:00+00:00,6,1.0,0.0454,5.51,5.34,peer_context,medium
R80711,operating_below_reference_candidate,2015-09-19 08:20:00+00:00,2015-09-19 09:10:00+00:00,6,1.0,0.0454,5.4,4.92,peer_context,medium
R80721,operating_below_reference_candidate,2015-08-04 14:20:00+00:00,2015-08-04 15:10:00+00:00,6,1.0,0.0454,5.99,6.05,peer_context,medium
R80736,operating_below_reference_candidate,2015-08-17 12:10:00+00:00,2015-08-17 13:00:00+00:00,6,1.0,0.0453,5.87,5.79,peer_context,medium
R80736,operating_below_reference_candidate,2015-12-17 06:40:00+00:00,2015-12-17 07:40:00+00:00,7,1.17,0.0453,5.44,5.27,peer_context,medium
R80790,idle_in_apparently_usable_wind,2015-01-16 09:10:00+00:00,2015-01-16 09:20:00+00:00,2,0.33,0.0453,5.0,5.22,peer_context,medium
R80790,site_wide_low_or_zero_production,2015-02-27 15:40:00+00:00,2015-02-27 15:40:00+00:00,1,0.17,0.0453,5.48,5.26,peer_context,not_applicable
R80790,idle_in_apparently_usable_wind,2015-08-17 11:50:00+00:00,2015-08-17 11:50:00+00:00,1,0.17,0.0453,5.73,6.12,peer_context,medium
R80711,operating_below_reference_candidate,2015-08-08 17:40:00+00:00,2015-08-08 18:30:00+00:00,6,1.0,0.0452,7.07,7.07,peer_context,medium
R80711,operating_below_reference_candidate,2015-05-28 20:10:00+00:00,2015-05-28 21:10:00+00:00,7,1.17,0.0452,4.99,4.54,peer_context,medium
R80721,operating_below_reference_candidate,2015-04-09 20:30:00+00:00,2015-04-09 22:00:00+00:00,10,1.67,0.0451,5.51,5.45,peer_context,medium
R80711,operating_below_reference_candidate,2015-11-07 04:50:00+00:00,2015-11-07 05:40:00+00:00,6,1.0,0.0451,5.53,5.06,peer_context,medium
R80736,operating_below_reference_candidate,2015-09-03 05:20:00+00:00,2015-09-03 06:20:00+00:00,7,1.17,0.0451,5.3,5.2,peer_context,medium
R80721,operating_below_reference_candidate,2015-06-06 12:00:00+00:00,2015-06-06 13:40:00+00:00,11,1.83,0.0451,5.08,5.14,peer_context,medium
R80721,operating_below_reference_candidate,2015-04-14 22:00:00+00:00,2015-04-14 23:10:00+00:00,8,1.33,0.045,4.86,4.91,peer_context,medium
R80736,operating_below_reference_candidate,2015-07-17 16:00:00+00:00,2015-07-17 16:50:00+00:00,6,1.0,0.045,6.5,6.48,peer_context,medium
R80790,operating_below_reference_candidate,2015-05-17 09:20:00+00:00,2015-05-17 10:20:00+00:00,7,1.17,0.045,4.85,4.61,peer_context,medium
R80711,operating_below_reference_candidate,2015-04-26 04:20:00+00:00,2015-04-26 05:10:00+00:00,6,1.0,0.0449,5.63,4.45,peer_context,medium
R80721,operating_below_reference_candidate,2015-04-25 12:50:00+00:00,2015-04-25 13:40:00+00:00,6,1.0,0.0448,5.4,5.39,peer_context,medium
R80721,operating_below_reference_candidate,2015-02-07 22:20:00+00:00,2015-02-07 23:10:00+00:00,6,1.0,0.0448,5.59,5.76,peer_context,medium
R80721,operating_below_reference_candidate,2015-06-22 14:50:00+00:00,2015-06-22 16:10:00+00:00,9,1.5,0.0448,6.92,7.36,peer_context,medium
R80711,operating_below_reference_candidate,2015-04-06 15:00:00+00:00,2015-04-06 16:00:00+00:00,7,1.17,0.0447,5.53,5.36,peer_context,medium
R80736,operating_below_reference_candidate,2015-07-07 01:40:00+00:00,2015-07-07 03:10:00+00:00,10,1.67,0.0446,5.09,5.78,peer_context,medium
R80721,operating_below_reference_candidate,2015-07-05 23:20:00+00:00,2015-07-06 00:10:00+00:00,6,1.0,0.0446,5.14,4.4,peer_context,medium
R80721,operating_below_reference_candidate,2015-08-08 12:50:00+00:00,2015-08-08 13:40:00+00:00,6,1.0,0.0445,5.29,5.24,peer_context,medium
R80790,operating_below_reference_candidate,2015-06-21 15:40:00+00:00,2015-06-21 16:30:00+00:00,6,1.0,0.0445,6.52,6.65,peer_context,medium
R80721,operating_below_reference_candidate,2015-03-13 03:00:00+00:00,2015-03-13 03:50:00+00:00,6,1.0,0.0444,5.69,5.67,peer_context,medium
R80736,operating_below_reference_candidate,2015-06-17 15:40:00+00:00,2015-06-17 16:40:00+00:00,7,1.17,0.0443,5.12,4.98,peer_context,medium
R80721,operating_below_reference_candidate,2015-10-09 12:40:00+00:00,2015-10-09 13:50:00+00:00,8,1.33,0.0443,5.6,5.41,peer_context,medium
R80711,operating_below_reference_candidate,2015-07-28 15:10:00+00:00,2015-07-28 16:00:00+00:00,6,1.0,0.0443,7.41,6.66,peer_context,medium
R80711,operating_below_reference_candidate,2015-11-11 05:40:00+00:00,2015-11-11 06:40:00+00:00,7,1.17,0.0442,5.59,4.63,peer_context,medium
R80711,operating_below_reference_candidate,2015-05-28 08:40:00+00:00,2015-05-28 09:30:00+00:00,6,1.0,0.0442,7.24,6.43,peer_context,medium
R80721,operating_below_reference_candidate,2015-07-27 03:20:00+00:00,2015-07-27 04:10:00+00:00,6,1.0,0.0442,9.7,10.34,peer_context,medium
R80790,operating_below_reference_candidate,2015-11-20 19:40:00+00:00,2015-11-20 20:50:00+00:00,8,1.33,0.0441,7.47,7.19,peer_context,medium
R80790,operating_below_reference_candidate,2015-09-11 14:40:00+00:00,2015-09-11 16:00:00+00:00,9,1.5,0.0441,5.19,5.13,peer_context,medium
R80721,operating_below_reference_candidate,2015-05-31 05:50:00+00:00,2015-05-31 06:40:00+00:00,6,1.0,0.0441,6.3,6.64,peer_context,medium
R80736,operating_below_reference_candidate,2015-07-09 21:10:00+00:00,2015-07-09 22:10:00+00:00,7,1.17,0.0439,6.01,5.72,peer_context,medium
R80721,operating_below_reference_candidate,2015-08-02 23:30:00+00:00,2015-08-03 00:50:00+00:00,9,1.5,0.0439,5.71,5.81,peer_context,medium
R80736,operating_below_reference_candidate,2015-06-17 22:20:00+00:00,2015-06-17 23:20:00+00:00,7,1.17,0.0439,6.57,6.38,peer_context,medium
R80790,operating_below_reference_candidate,2015-08-10 19:40:00+00:00,2015-08-10 20:30:00+00:00,6,1.0,0.0438,5.17,4.6,peer_context,medium
R80736,operating_below_reference_candidate,2015-07-14 19:00:00+00:00,2015-07-14 20:00:00+00:00,7,1.17,0.0437,6.61,6.52,peer_context,medium
R80736,operating_below_reference_candidate,2015-04-14 03:10:00+00:00,2015-04-14 04:10:00+00:00,7,1.17,0.0436,5.08,4.42,peer_context,medium
R80790,operating_below_reference_candidate,2015-05-06 16:40:00+00:00,2015-05-06 17:40:00+00:00,7,1.17,0.0435,6.06,5.91,peer_context,medium
R80721,operating_below_reference_candidate,2015-03-27 17:30:00+00:00,2015-03-27 18:30:00+00:00,7,1.17,0.0434,5.33,5.35,peer_context,medium
R80721,operating_below_reference_candidate,2015-09-08 10:00:00+00:00,2015-09-08 11:10:00+00:00,8,1.33,0.0434,5.68,5.59,peer_context,medium
R80736,site_wide_low_or_zero_production,2015-04-17 11:30:00+00:00,2015-04-17 11:40:00+00:00,2,0.33,0.0433,5.03,5.11,peer_context,not_applicable
R80736,idle_in_apparently_usable_wind,2015-05-07 07:40:00+00:00,2015-05-07 08:10:00+00:00,4,0.67,0.0433,4.41,5.18,peer_context,medium
R80711,operating_below_reference_candidate,2015-08-24 12:20:00+00:00,2015-08-24 13:10:00+00:00,6,1.0,0.0433,9.74,9.33,peer_context,medium
R80711,operating_below_reference_candidate,2015-08-07 14:50:00+00:00,2015-08-07 15:40:00+00:00,6,1.0,0.0433,4.94,4.93,peer_context,medium
R80736,operating_below_reference_candidate,2015-01-17 02:10:00+00:00,2015-01-17 03:00:00+00:00,6,1.0,0.0431,5.64,5.7,peer_context,medium
R80736,operating_below_reference_candidate,2015-04-23 11:40:00+00:00,2015-04-23 12:50:00+00:00,8,1.33,0.0431,5.05,4.8,peer_context,medium
R80736,operating_below_reference_candidate,2015-07-15 01:30:00+00:00,2015-07-15 02:50:00+00:00,9,1.5,0.0431,4.97,5.09,peer_context,medium
R80790,operating_below_reference_candidate,2015-08-29 11:30:00+00:00,2015-08-29 12:20:00+00:00,6,1.0,0.043,4.83,4.63,peer_context,medium
R80736,operating_below_reference_candidate,2015-04-14 22:20:00+00:00,2015-04-14 23:10:00+00:00,6,1.0,0.043,5.21,4.86,peer_context,medium
R80721,operating_below_reference_candidate,2015-04-26 20:10:00+00:00,2015-04-26 21:30:00+00:00,9,1.5,0.0429,5.54,5.56,peer_context,medium
R80790,operating_below_reference_candidate,2015-07-24 02:40:00+00:00,2015-07-24 04:10:00+00:00,10,1.67,0.0429,5.82,5.61,peer_context,medium
R80790,operating_below_reference_candidate,2015-02-25 11:20:00+00:00,2015-02-25 12:10:00+00:00,6,1.0,0.0429,5.15,4.95,peer_context,medium
R80721,operating_below_reference_candidate,2015-06-27 10:40:00+00:00,2015-06-27 11:30:00+00:00,6,1.0,0.0429,5.86,6.2,peer_context,medium
R80721,operating_below_reference_candidate,2015-08-02 21:50:00+00:00,2015-08-02 23:10:00+00:00,9,1.5,0.0428,5.43,5.11,peer_context,medium
R80736,operating_below_reference_candidate,2015-08-07 03:40:00+00:00,2015-08-07 04:40:00+00:00,7,1.17,0.0428,6.54,6.6,peer_context,medium
R80721,operating_below_reference_candidate,2015-08-05 20:50:00+00:00,2015-08-05 22:00:00+00:00,8,1.33,0.0427,6.36,6.63,peer_context,medium
R80736,operating_below_reference_candidate,2015-01-17 15:40:00+00:00,2015-01-17 16:40:00+00:00,7,1.17,0.0427,4.98,5.03,peer_context,medium
R80721,operating_below_reference_candidate,2015-04-27 14:00:00+00:00,2015-04-27 15:00:00+00:00,7,1.17,0.0427,6.97,7.63,peer_context,medium
R80736,operating_below_reference_candidate,2015-07-19 15:50:00+00:00,2015-07-19 16:40:00+00:00,6,1.0,0.0427,7.71,7.57,peer_context,medium
R80790,operating_below_reference_candidate,2015-07-04 07:10:00+00:00,2015-07-04 08:10:00+00:00,7,1.17,0.0427,5.27,5.15,peer_context,medium
R80736,operating_below_reference_candidate,2015-04-16 14:00:00+00:00,2015-04-16 14:50:00+00:00,6,1.0,0.0426,6.52,6.27,peer_context,medium
R80790,operating_below_reference_candidate,2015-02-12 17:00:00+00:00,2015-02-12 17:50:00+00:00,6,1.0,0.0426,5.12,5.06,peer_context,medium
R80711,operating_below_reference_candidate,2015-01-26 14:40:00+00:00,2015-01-26 15:50:00+00:00,8,1.33,0.0425,7.41,6.96,peer_context,medium
R80711,operating_below_reference_candidate,2015-08-02 23:10:00+00:00,2015-08-03 00:30:00+00:00,9,1.5,0.0425,5.79,5.57,peer_context,medium
R80790,operating_below_reference_candidate,2015-07-01 10:10:00+00:00,2015-07-01 11:00:00+00:00,6,1.0,0.0424,5.6,5.84,peer_context,medium
R80711,operating_below_reference_candidate,2015-06-27 21:50:00+00:00,2015-06-27 22:40:00+00:00,6,1.0,0.0424,6.02,4.88,peer_context,medium
R80721,operating_below_reference_candidate,2015-08-13 09:00:00+00:00,2015-08-13 10:00:00+00:00,7,1.17,0.0423,5.07,5.33,peer_context,medium
R80736,operating_below_reference_candidate,2015-01-03 18:00:00+00:00,2015-01-03 19:00:00+00:00,7,1.17,0.0423,12.67,13.52,peer_context,medium
R80790,operating_below_reference_candidate,2015-02-03 15:10:00+00:00,2015-02-03 16:10:00+00:00,7,1.17,0.0423,5.51,5.44,peer_context,medium
R80736,operating_below_reference_candidate,2015-07-23 19:50:00+00:00,2015-07-23 20:40:00+00:00,6,1.0,0.0422,5.28,5.63,peer_context,medium
R80711,operating_below_reference_candidate,2015-04-20 14:40:00+00:00,2015-04-20 15:30:00+00:00,6,1.0,0.0422,6.44,6.31,peer_context,medium
R80736,operating_below_reference_candidate,2015-07-19 07:30:00+00:00,2015-07-19 08:20:00+00:00,6,1.0,0.0421,7.25,7.28,peer_context,medium
R80711,operating_below_reference_candidate,2015-07-13 21:30:00+00:00,2015-07-13 22:30:00+00:00,7,1.17,0.042,6.77,6.41,peer_context,medium
R80790,operating_below_reference_candidate,2015-08-24 03:30:00+00:00,2015-08-24 05:10:00+00:00,11,1.83,0.042,4.97,4.74,peer_context,medium
R80790,operating_below_reference_candidate,2015-12-20 11:50:00+00:00,2015-12-20 12:50:00+00:00,7,1.17,0.0419,5.11,4.58,peer_context,medium
R80736,operating_below_reference_candidate,2015-04-01 16:50:00+00:00,2015-04-01 17:50:00+00:00,7,1.17,0.0419,6.32,6.74,peer_context,medium
R80721,operating_below_reference_candidate,2015-05-11 18:10:00+00:00,2015-05-11 20:10:00+00:00,13,2.17,0.0419,4.96,4.9,peer_context,medium
R80790,operating_below_reference_candidate,2015-07-30 16:00:00+00:00,2015-07-30 17:10:00+00:00,8,1.33,0.0418,5.45,5.57,peer_context,medium
R80721,operating_below_reference_candidate,2015-09-04 16:00:00+00:00,2015-09-04 16:50:00+00:00,6,1.0,0.0418,5.24,5.5,peer_context,medium
R80736,operating_below_reference_candidate,2015-07-01 12:30:00+00:00,2015-07-01 14:00:00+00:00,10,1.67,0.0418,5.53,5.14,peer_context,medium
R80721,operating_below_reference_candidate,2015-06-01 18:00:00+00:00,2015-06-01 18:50:00+00:00,6,1.0,0.0418,5.31,5.42,peer_context,medium
R80736,idle_in_apparently_usable_wind,2015-10-26 18:00:00+00:00,2015-10-26 18:00:00+00:00,1,0.17,0.0417,5.6,6.44,peer_context,medium
R80790,operating_below_reference_candidate,2015-02-13 11:20:00+00:00,2015-02-13 12:40:00+00:00,9,1.5,0.0417,5.51,5.8,peer_context,medium
R80721,idle_in_apparently_usable_wind,2015-05-04 14:50:00+00:00,2015-05-04 14:50:00+00:00,1,0.17,0.0417,6.06,6.33,peer_context,medium
R80736,idle_in_apparently_usable_wind,2015-12-03 15:10:00+00:00,2015-12-03 15:10:00+00:00,1,0.17,0.0417,5.63,6.53,peer_context,medium
R80790,operating_below_reference_candidate,2015-05-28 20:30:00+00:00,2015-05-28 21:20:00+00:00,6,1.0,0.0417,5.0,4.85,peer_context,medium
R80736,operating_below_reference_candidate,2015-06-07 12:10:00+00:00,2015-06-07 13:30:00+00:00,9,1.5,0.0417,5.17,4.9,peer_context,medium
R80790,operating_below_reference_candidate,2015-08-27 13:50:00+00:00,2015-08-27 15:00:00+00:00,8,1.33,0.0416,5.52,5.48,peer_context,medium
R80790,operating_below_reference_candidate,2015-06-03 07:30:00+00:00,2015-06-03 08:30:00+00:00,7,1.17,0.0416,5.72,5.65,peer_context,medium
R80711,operating_below_reference_candidate,2015-08-19 04:10:00+00:00,2015-08-19 05:00:00+00:00,6,1.0,0.0416,5.31,4.65,peer_context,medium
R80790,operating_below_reference_candidate,2015-06-07 10:00:00+00:00,2015-06-07 11:10:00+00:00,8,1.33,0.0415,5.17,5.09,peer_context,medium
R80721,operating_below_reference_candidate,2015-07-21 22:50:00+00:00,2015-07-22 00:10:00+00:00,9,1.5,0.0415,4.94,4.49,peer_context,medium
R80790,operating_below_reference_candidate,2015-08-12 19:30:00+00:00,2015-08-12 20:20:00+00:00,6,1.0,0.0415,5.11,4.98,peer_context,medium
R80790,operating_below_reference_candidate,2015-09-04 08:00:00+00:00,2015-09-04 09:00:00+00:00,7,1.17,0.0414,5.29,5.01,peer_context,medium
R80790,operating_below_reference_candidate,2015-04-01 14:40:00+00:00,2015-04-01 15:30:00+00:00,6,1.0,0.0414,9.27,9.57,peer_context,medium
R80790,operating_below_reference_candidate,2015-06-07 13:00:00+00:00,2015-06-07 13:50:00+00:00,6,1.0,0.0414,4.99,4.93,peer_context,medium
R80736,operating_below_reference_candidate,2015-11-22 18:50:00+00:00,2015-11-22 20:00:00+00:00,8,1.33,0.0414,5.45,5.38,peer_context,medium
R80711,operating_below_reference_candidate,2015-04-10 16:20:00+00:00,2015-04-10 17:20:00+00:00,7,1.17,0.0413,5.66,5.27,peer_context,medium
R80790,operating_below_reference_candidate,2015-09-23 14:40:00+00:00,2015-09-23 15:30:00+00:00,6,1.0,0.0413,5.4,5.36,peer_context,medium
R80790,operating_below_reference_candidate,2015-01-26 00:20:00+00:00,2015-01-26 01:20:00+00:00,7,1.17,0.0413,4.54,4.21,peer_context,medium
R80711,operating_below_reference_candidate,2015-11-22 10:10:00+00:00,2015-11-22 11:20:00+00:00,8,1.33,0.0412,5.28,4.86,peer_context,medium
R80790,operating_below_reference_candidate,2015-10-30 07:30:00+00:00,2015-10-30 08:30:00+00:00,7,1.17,0.0411,5.19,4.3,peer_context,medium
R80721,operating_below_reference_candidate,2015-07-02 15:20:00+00:00,2015-07-02 16:20:00+00:00,7,1.17,0.0411,6.02,5.98,peer_context,medium
R80736,operating_below_reference_candidate,2015-10-22 20:00:00+00:00,2015-10-22 21:00:00+00:00,7,1.17,0.0411,5.04,4.38,peer_context,medium
R80721,operating_below_reference_candidate,2015-08-21 22:30:00+00:00,2015-08-21 23:30:00+00:00,7,1.17,0.041,5.52,5.68,peer_context,medium
R80721,operating_below_reference_candidate,2015-07-02 01:10:00+00:00,2015-07-02 02:10:00+00:00,7,1.17,0.0409,6.17,6.32,peer_context,medium
R80711,operating_below_reference_candidate,2015-10-27 14:40:00+00:00,2015-10-27 15:30:00+00:00,6,1.0,0.0409,5.41,5.38,peer_context,medium
R80790,operating_below_reference_candidate,2015-04-26 11:40:00+00:00,2015-04-26 12:40:00+00:00,7,1.17,0.0409,4.97,4.95,peer_context,medium
R80711,operating_below_reference_candidate,2015-12-13 17:30:00+00:00,2015-12-13 18:20:00+00:00,6,1.0,0.0409,4.98,4.23,peer_context,medium
R80736,operating_below_reference_candidate,2015-08-12 03:00:00+00:00,2015-08-12 03:50:00+00:00,6,1.0,0.0408,5.04,5.51,peer_context,medium
R80790,operating_below_reference_candidate,2015-03-13 07:20:00+00:00,2015-03-13 08:30:00+00:00,8,1.33,0.0407,4.86,4.89,peer_context,medium
R80736,operating_below_reference_candidate,2015-07-21 07:20:00+00:00,2015-07-21 08:10:00+00:00,6,1.0,0.0407,5.06,4.65,peer_context,medium
R80736,operating_below_reference_candidate,2015-10-02 09:20:00+00:00,2015-10-02 10:40:00+00:00,9,1.5,0.0407,5.25,5.49,peer_context,medium
R80721,operating_below_reference_candidate,2015-05-03 00:20:00+00:00,2015-05-03 01:10:00+00:00,6,1.0,0.0406,7.24,8.12,peer_context,medium
R80711,operating_below_reference_candidate,2015-02-09 03:40:00+00:00,2015-02-09 04:40:00+00:00,7,1.17,0.0405,4.96,4.09,peer_context,medium
R80736,operating_below_reference_candidate,2015-11-05 16:30:00+00:00,2015-11-05 17:20:00+00:00,6,1.0,0.0405,5.64,4.82,peer_context,medium
R80736,operating_below_reference_candidate,2015-08-26 14:40:00+00:00,2015-08-26 15:30:00+00:00,6,1.0,0.0404,7.49,7.35,peer_context,medium
R80721,operating_below_reference_candidate,2015-07-11 17:20:00+00:00,2015-07-11 18:20:00+00:00,7,1.17,0.0404,6.17,6.11,peer_context,medium
R80736,operating_below_reference_candidate,2015-07-23 16:10:00+00:00,2015-07-23 17:10:00+00:00,7,1.17,0.0404,5.42,5.42,peer_context,medium
R80711,operating_below_reference_candidate,2015-07-14 14:20:00+00:00,2015-07-14 15:40:00+00:00,9,1.5,0.0403,6.14,5.95,peer_context,medium
R80721,operating_below_reference_candidate,2015-08-29 00:50:00+00:00,2015-08-29 01:50:00+00:00,7,1.17,0.0403,4.82,4.98,peer_context,medium
R80736,operating_below_reference_candidate,2015-02-23 09:30:00+00:00,2015-02-23 10:20:00+00:00,6,1.0,0.0402,6.15,6.55,peer_context,medium
R80721,operating_below_reference_candidate,2015-11-13 12:00:00+00:00,2015-11-13 12:50:00+00:00,6,1.0,0.0402,6.59,6.7,peer_context,medium
R80711,operating_below_reference_candidate,2015-10-31 11:30:00+00:00,2015-10-31 12:40:00+00:00,8,1.33,0.0402,5.03,4.32,peer_context,medium
R80711,operating_below_reference_candidate,2015-07-09 03:40:00+00:00,2015-07-09 04:30:00+00:00,6,1.0,0.0402,5.29,5.16,peer_context,medium
R80711,operating_below_reference_candidate,2015-08-23 12:20:00+00:00,2015-08-23 13:10:00+00:00,6,1.0,0.0402,5.64,5.44,peer_context,medium
R80721,operating_below_reference_candidate,2015-02-15 18:30:00+00:00,2015-02-15 19:30:00+00:00,7,1.17,0.04,4.99,4.79,peer_context,medium
R80721,operating_below_reference_candidate,2015-08-24 18:20:00+00:00,2015-08-24 19:10:00+00:00,6,1.0,0.0398,11.14,12.1,peer_context,medium
R80721,operating_below_reference_candidate,2015-03-27 00:40:00+00:00,2015-03-27 01:40:00+00:00,7,1.17,0.0398,5.23,5.56,peer_context,medium
R80721,operating_below_reference_candidate,2015-09-17 21:30:00+00:00,2015-09-17 22:20:00+00:00,6,1.0,0.0397,6.2,6.17,peer_context,medium
R80721,operating_below_reference_candidate,2015-07-10 22:30:00+00:00,2015-07-10 23:30:00+00:00,7,1.17,0.0396,5.15,5.23,peer_context,medium
R80790,operating_below_reference_candidate,2015-04-09 05:10:00+00:00,2015-04-09 06:20:00+00:00,8,1.33,0.0396,4.7,4.45,peer_context,medium
R80736,operating_below_reference_candidate,2015-12-26 00:50:00+00:00,2015-12-26 01:40:00+00:00,6,1.0,0.0395,5.94,6.47,peer_context,medium
R80721,operating_below_reference_candidate,2015-06-11 03:30:00+00:00,2015-06-11 04:20:00+00:00,6,1.0,0.0395,5.41,5.41,peer_context,medium
R80711,operating_below_reference_candidate,2015-06-07 09:40:00+00:00,2015-06-07 10:40:00+00:00,7,1.17,0.0394,5.17,5.12,peer_context,medium
R80711,operating_below_reference_candidate,2015-05-17 11:00:00+00:00,2015-05-17 11:50:00+00:00,6,1.0,0.0393,4.85,3.88,peer_context,medium
R80721,operating_below_reference_candidate,2015-05-28 07:10:00+00:00,2015-05-28 08:00:00+00:00,6,1.0,0.0393,5.67,5.94,peer_context,medium
R80790,operating_below_reference_candidate,2015-06-01 12:40:00+00:00,2015-06-01 13:40:00+00:00,7,1.17,0.0393,5.8,5.71,peer_context,medium
R80790,operating_below_reference_candidate,2015-06-20 08:40:00+00:00,2015-06-20 09:30:00+00:00,6,1.0,0.0392,5.11,4.92,peer_context,medium
R80790,operating_below_reference_candidate,2015-04-23 12:30:00+00:00,2015-04-23 13:40:00+00:00,8,1.33,0.0391,4.91,4.94,peer_context,medium
R80721,operating_below_reference_candidate,2015-07-30 07:30:00+00:00,2015-07-30 08:20:00+00:00,6,1.0,0.0391,5.49,5.48,peer_context,medium
R80790,operating_below_reference_candidate,2015-08-29 23:50:00+00:00,2015-08-30 00:50:00+00:00,7,1.17,0.0391,5.44,7.01,peer_context,medium
R80736,operating_below_reference_candidate,2015-10-13 07:30:00+00:00,2015-10-13 08:30:00+00:00,7,1.17,0.0391,5.27,5.17,peer_context,medium
R80736,operating_below_reference_candidate,2015-03-11 12:00:00+00:00,2015-03-11 12:50:00+00:00,6,1.0,0.039,5.58,5.5,peer_context,medium
R80711,operating_below_reference_candidate,2015-01-03 08:00:00+00:00,2015-01-03 08:50:00+00:00,6,1.0,0.039,6.12,5.3,peer_context,medium
R80736,operating_below_reference_candidate,2015-07-19 19:00:00+00:00,2015-07-19 20:00:00+00:00,7,1.17,0.039,5.69,5.84,peer_context,medium
R80721,operating_below_reference_candidate,2015-09-21 20:30:00+00:00,2015-09-21 21:50:00+00:00,9,1.5,0.039,6.16,6.45,peer_context,medium
R80711,operating_below_reference_candidate,2015-07-09 10:30:00+00:00,2015-07-09 11:20:00+00:00,6,1.0,0.0389,5.95,5.55,peer_context,medium
R80736,operating_below_reference_candidate,2015-02-21 18:30:00+00:00,2015-02-21 19:20:00+00:00,6,1.0,0.0389,5.01,5.16,peer_context,medium
R80711,operating_below_reference_candidate,2015-02-11 05:20:00+00:00,2015-02-11 06:50:00+00:00,10,1.67,0.0389,4.93,4.23,peer_context,medium
R80711,operating_below_reference_candidate,2015-06-24 23:40:00+00:00,2015-06-25 01:10:00+00:00,10,1.67,0.0388,4.86,4.02,peer_context,medium
R80736,operating_below_reference_candidate,2015-08-13 10:40:00+00:00,2015-08-13 11:30:00+00:00,6,1.0,0.0386,5.23,4.73,peer_context,medium
R80790,operating_below_reference_candidate,2015-11-24 14:20:00+00:00,2015-11-24 15:10:00+00:00,6,1.0,0.0385,7.65,7.21,peer_context,medium
R80790,operating_below_reference_candidate,2015-09-17 02:00:00+00:00,2015-09-17 02:50:00+00:00,6,1.0,0.0385,6.18,7.11,peer_context,medium
R80721,operating_below_reference_candidate,2015-08-09 19:40:00+00:00,2015-08-09 20:30:00+00:00,6,1.0,0.0385,7.37,7.51,peer_context,medium
R80736,operating_below_reference_candidate,2015-05-24 23:10:00+00:00,2015-05-25 00:10:00+00:00,7,1.17,0.0385,5.98,5.72,peer_context,medium
R80790,operating_below_reference_candidate,2015-04-03 03:20:00+00:00,2015-04-03 04:10:00+00:00,6,1.0,0.0385,4.92,4.49,peer_context,medium
R80790,operating_below_reference_candidate,2015-12-17 06:20:00+00:00,2015-12-17 07:10:00+00:00,6,1.0,0.0385,5.43,5.23,peer_context,medium
R80736,operating_below_reference_candidate,2015-06-09 12:00:00+00:00,2015-06-09 13:00:00+00:00,7,1.17,0.0384,9.11,9.44,peer_context,medium
R80711,operating_below_reference_candidate,2015-08-04 14:10:00+00:00,2015-08-04 15:00:00+00:00,6,1.0,0.0384,6.51,5.95,peer_context,medium
R80790,operating_below_reference_candidate,2015-07-01 23:20:00+00:00,2015-07-02 00:10:00+00:00,6,1.0,0.0384,6.0,8.04,peer_context,medium
R80736,operating_below_reference_candidate,2015-11-15 01:20:00+00:00,2015-11-15 02:10:00+00:00,6,1.0,0.0383,10.31,10.24,peer_context,medium
R80711,operating_below_reference_candidate,2015-06-06 12:40:00+00:00,2015-06-06 14:00:00+00:00,9,1.5,0.0383,5.3,5.01,peer_context,medium
R80711,operating_below_reference_candidate,2015-07-05 12:30:00+00:00,2015-07-05 13:20:00+00:00,6,1.0,0.0383,5.26,5.11,peer_context,medium
R80721,operating_below_reference_candidate,2015-11-19 07:00:00+00:00,2015-11-19 07:50:00+00:00,6,1.0,0.0382,7.64,8.38,peer_context,medium
R80711,operating_below_reference_candidate,2015-07-12 10:10:00+00:00,2015-07-12 11:10:00+00:00,7,1.17,0.0381,5.9,5.3,peer_context,medium
R80790,operating_below_reference_candidate,2015-08-20 19:10:00+00:00,2015-08-20 20:10:00+00:00,7,1.17,0.0381,5.08,4.82,peer_context,medium
R80711,operating_below_reference_candidate,2015-07-13 08:10:00+00:00,2015-07-13 09:00:00+00:00,6,1.0,0.038,5.71,5.22,peer_context,medium
R80721,operating_below_reference_candidate,2015-07-31 12:50:00+00:00,2015-07-31 13:50:00+00:00,7,1.17,0.0377,5.97,5.96,peer_context,medium
R80736,operating_below_reference_candidate,2015-06-30 21:00:00+00:00,2015-06-30 22:00:00+00:00,7,1.17,0.0376,5.24,5.13,peer_context,medium
R80790,operating_below_reference_candidate,2015-03-11 11:00:00+00:00,2015-03-11 11:50:00+00:00,6,1.0,0.0376,5.13,5.06,peer_context,medium
R80721,operating_below_reference_candidate,2015-11-06 13:10:00+00:00,2015-11-06 14:00:00+00:00,6,1.0,0.0376,6.82,7.02,peer_context,medium
R80721,operating_below_reference_candidate,2015-03-11 11:10:00+00:00,2015-03-11 12:10:00+00:00,7,1.17,0.0375,5.13,5.1,peer_context,medium
R80736,operating_below_reference_candidate,2015-01-05 18:40:00+00:00,2015-01-05 20:10:00+00:00,10,1.67,0.0375,4.82,4.61,peer_context,medium
R80721,operating_below_reference_candidate,2015-07-30 16:20:00+00:00,2015-07-30 17:10:00+00:00,6,1.0,0.0375,5.36,5.69,peer_context,medium
R80790,operating_below_reference_candidate,2015-12-25 14:00:00+00:00,2015-12-25 14:50:00+00:00,6,1.0,0.0375,5.94,5.89,peer_context,medium
R80711,operating_below_reference_candidate,2015-06-21 15:30:00+00:00,2015-06-21 16:40:00+00:00,8,1.33,0.0374,6.49,6.33,peer_context,medium
R80711,operating_below_reference_candidate,2015-02-11 07:30:00+00:00,2015-02-11 08:20:00+00:00,6,1.0,0.0374,4.76,3.88,peer_context,medium
R80736,operating_below_reference_candidate,2015-12-23 13:00:00+00:00,2015-12-23 14:00:00+00:00,7,1.17,0.0374,5.39,5.07,peer_context,medium
R80721,operating_below_reference_candidate,2015-08-20 19:10:00+00:00,2015-08-20 20:10:00+00:00,7,1.17,0.0373,5.18,4.79,peer_context,medium
R80711,operating_below_reference_candidate,2015-07-04 06:40:00+00:00,2015-07-04 08:20:00+00:00,11,1.83,0.0373,5.04,5.03,peer_context,medium
R80736,operating_below_reference_candidate,2015-07-01 17:20:00+00:00,2015-07-01 18:10:00+00:00,6,1.0,0.0373,5.44,4.92,peer_context,medium
R80790,operating_below_reference_candidate,2015-07-16 14:50:00+00:00,2015-07-16 15:40:00+00:00,6,1.0,0.0373,5.13,4.86,peer_context,medium
R80790,operating_below_reference_candidate,2015-03-28 14:20:00+00:00,2015-03-28 15:10:00+00:00,6,1.0,0.0372,6.55,6.63,peer_context,medium
R80721,operating_below_reference_candidate,2015-06-22 04:40:00+00:00,2015-06-22 05:40:00+00:00,7,1.17,0.0372,5.28,5.15,peer_context,medium
R80736,operating_below_reference_candidate,2015-07-11 16:50:00+00:00,2015-07-11 17:50:00+00:00,7,1.17,0.0372,6.17,5.92,peer_context,medium
R80721,operating_below_reference_candidate,2015-10-28 22:20:00+00:00,2015-10-29 00:10:00+00:00,12,2.0,0.0371,4.94,4.98,peer_context,medium
R80736,operating_below_reference_candidate,2015-07-04 07:10:00+00:00,2015-07-04 08:00:00+00:00,6,1.0,0.0371,5.37,5.1,peer_context,medium
R80736,operating_below_reference_candidate,2015-02-11 19:20:00+00:00,2015-02-11 20:20:00+00:00,7,1.17,0.0371,4.8,5.25,peer_context,medium
R80736,operating_below_reference_candidate,2015-12-22 10:00:00+00:00,2015-12-22 10:50:00+00:00,6,1.0,0.0371,7.71,7.62,peer_context,medium
R80736,operating_below_reference_candidate,2015-07-28 19:00:00+00:00,2015-07-28 19:50:00+00:00,6,1.0,0.037,5.83,5.77,peer_context,medium
R80711,operating_below_reference_candidate,2015-10-02 20:10:00+00:00,2015-10-02 21:00:00+00:00,6,1.0,0.037,5.09,4.02,peer_context,medium
R80721,operating_below_reference_candidate,2015-07-22 09:10:00+00:00,2015-07-22 10:00:00+00:00,6,1.0,0.037,5.05,5.14,peer_context,medium
R80711,operating_below_reference_candidate,2015-08-06 22:20:00+00:00,2015-08-06 23:10:00+00:00,6,1.0,0.0369,5.76,5.09,peer_context,medium
R80711,operating_below_reference_candidate,2015-09-27 04:10:00+00:00,2015-09-27 05:00:00+00:00,6,1.0,0.0369,7.83,6.92,peer_context,medium
R80736,operating_below_reference_candidate,2015-05-23 20:40:00+00:00,2015-05-23 21:40:00+00:00,7,1.17,0.0368,5.71,5.95,peer_context,medium
R80711,operating_below_reference_candidate,2015-11-04 13:00:00+00:00,2015-11-04 14:00:00+00:00,7,1.17,0.0368,4.91,4.71,peer_context,medium
R80736,operating_below_reference_candidate,2015-08-13 00:20:00+00:00,2015-08-13 01:30:00+00:00,8,1.33,0.0367,5.31,5.58,peer_context,medium
R80711,operating_below_reference_candidate,2015-08-24 10:10:00+00:00,2015-08-24 11:00:00+00:00,6,1.0,0.0367,8.77,9.07,peer_context,medium
R80711,operating_below_reference_candidate,2015-01-01 00:00:00+00:00,2015-01-01 01:00:00+00:00,7,1.17,0.0366,5.82,5.51,peer_context,medium
R80790,operating_below_reference_candidate,2015-07-09 10:00:00+00:00,2015-07-09 10:50:00+00:00,6,1.0,0.0366,5.55,5.49,peer_context,medium
R80790,operating_below_reference_candidate,2015-08-29 05:30:00+00:00,2015-08-29 06:20:00+00:00,6,1.0,0.0366,5.26,5.2,peer_context,medium
R80711,operating_below_reference_candidate,2015-05-25 18:00:00+00:00,2015-05-25 19:00:00+00:00,7,1.17,0.0365,5.39,5.05,peer_context,medium
R80711,operating_below_reference_candidate,2015-10-26 09:50:00+00:00,2015-10-26 10:40:00+00:00,6,1.0,0.0365,4.85,3.97,peer_context,medium
R80721,operating_below_reference_candidate,2015-04-15 01:50:00+00:00,2015-04-15 02:40:00+00:00,6,1.0,0.0365,4.92,4.2,peer_context,medium
R80736,operating_below_reference_candidate,2015-10-01 12:20:00+00:00,2015-10-01 13:10:00+00:00,6,1.0,0.0365,8.0,8.05,peer_context,medium
R80721,operating_below_reference_candidate,2015-06-21 18:50:00+00:00,2015-06-21 19:50:00+00:00,7,1.17,0.0364,5.27,5.35,peer_context,medium
R80711,operating_below_reference_candidate,2015-05-02 18:20:00+00:00,2015-05-02 19:20:00+00:00,7,1.17,0.0364,5.37,4.9,peer_context,medium
R80736,operating_below_reference_candidate,2015-08-27 03:20:00+00:00,2015-08-27 04:10:00+00:00,6,1.0,0.0363,5.27,5.61,peer_context,medium
R80711,operating_below_reference_candidate,2015-06-30 00:40:00+00:00,2015-06-30 01:50:00+00:00,8,1.33,0.0363,5.71,5.05,peer_context,medium
R80790,operating_below_reference_candidate,2015-07-13 15:10:00+00:00,2015-07-13 16:10:00+00:00,7,1.17,0.0363,6.68,6.66,peer_context,medium
R80721,operating_below_reference_candidate,2015-10-05 16:20:00+00:00,2015-10-05 17:10:00+00:00,6,1.0,0.0363,7.7,7.61,peer_context,medium
R80790,operating_below_reference_candidate,2015-12-30 23:40:00+00:00,2015-12-31 00:40:00+00:00,7,1.17,0.0362,6.99,7.5,peer_context,medium
R80736,operating_below_reference_candidate,2015-11-18 20:40:00+00:00,2015-11-18 21:40:00+00:00,7,1.17,0.0362,9.55,9.57,peer_context,medium
R80790,operating_below_reference_candidate,2015-11-09 05:40:00+00:00,2015-11-09 06:30:00+00:00,6,1.0,0.0361,7.42,7.3,peer_context,medium
R80721,operating_below_reference_candidate,2015-07-23 15:40:00+00:00,2015-07-23 16:30:00+00:00,6,1.0,0.0361,5.44,5.14,peer_context,medium
R80790,operating_below_reference_candidate,2015-10-15 10:20:00+00:00,2015-10-15 11:10:00+00:00,6,1.0,0.0361,5.43,5.33,peer_context,medium
R80711,operating_below_reference_candidate,2015-01-04 08:50:00+00:00,2015-01-04 09:40:00+00:00,6,1.0,0.0361,5.23,5.09,peer_context,medium
R80711,operating_below_reference_candidate,2015-05-19 10:20:00+00:00,2015-05-19 11:10:00+00:00,6,1.0,0.036,7.97,7.94,peer_context,medium
R80711,operating_below_reference_candidate,2015-07-02 23:20:00+00:00,2015-07-03 00:10:00+00:00,6,1.0,0.036,4.92,4.06,peer_context,medium
R80721,operating_below_reference_candidate,2015-01-03 09:10:00+00:00,2015-01-03 10:00:00+00:00,6,1.0,0.036,5.63,5.92,peer_context,medium
R80736,operating_below_reference_candidate,2015-08-14 13:40:00+00:00,2015-08-14 14:30:00+00:00,6,1.0,0.036,6.08,5.84,peer_context,medium
R80721,operating_below_reference_candidate,2015-07-20 03:00:00+00:00,2015-07-20 03:50:00+00:00,6,1.0,0.036,5.83,5.87,peer_context,medium
R80790,idle_in_apparently_usable_wind,2015-11-26 13:20:00+00:00,2015-11-26 14:30:00+00:00,8,1.33,0.0359,4.24,5.16,peer_context,medium
R80790,idle_in_apparently_usable_wind,2015-06-13 05:30:00+00:00,2015-06-13 05:50:00+00:00,3,0.5,0.0359,4.32,5.07,peer_context,medium
R80736,operating_below_reference_candidate,2015-12-15 03:10:00+00:00,2015-12-15 04:20:00+00:00,8,1.33,0.0359,5.22,5.97,peer_context,medium
R80721,operating_below_reference_candidate,2015-12-23 05:50:00+00:00,2015-12-23 06:40:00+00:00,6,1.0,0.0359,8.04,8.75,peer_context,medium
R80721,operating_below_reference_candidate,2015-02-17 17:20:00+00:00,2015-02-17 18:20:00+00:00,7,1.17,0.0358,4.73,4.55,peer_context,medium
R80790,operating_below_reference_candidate,2015-11-03 10:50:00+00:00,2015-11-03 11:50:00+00:00,7,1.17,0.0358,4.85,4.63,peer_context,medium
R80736,operating_below_reference_candidate,2015-08-08 14:00:00+00:00,2015-08-08 15:00:00+00:00,7,1.17,0.0358,5.16,5.0,peer_context,medium
R80790,operating_below_reference_candidate,2015-06-18 04:00:00+00:00,2015-06-18 04:50:00+00:00,6,1.0,0.0358,5.99,5.88,peer_context,medium
R80711,operating_below_reference_candidate,2015-05-15 23:10:00+00:00,2015-05-16 00:10:00+00:00,7,1.17,0.0357,6.73,6.38,peer_context,medium
R80736,operating_below_reference_candidate,2015-06-07 17:40:00+00:00,2015-06-07 19:00:00+00:00,9,1.5,0.0357,6.67,6.23,peer_context,medium
R80721,operating_below_reference_candidate,2015-11-12 04:20:00+00:00,2015-11-12 05:10:00+00:00,6,1.0,0.0357,5.07,4.89,peer_context,medium
R80790,operating_below_reference_candidate,2015-04-30 05:10:00+00:00,2015-04-30 06:00:00+00:00,6,1.0,0.0357,5.25,4.74,peer_context,medium
R80736,operating_below_reference_candidate,2015-06-13 23:20:00+00:00,2015-06-14 00:20:00+00:00,7,1.17,0.0357,4.82,4.46,peer_context,medium
R80790,operating_below_reference_candidate,2015-06-29 13:00:00+00:00,2015-06-29 14:00:00+00:00,7,1.17,0.0357,5.41,5.16,peer_context,medium
R80790,operating_below_reference_candidate,2015-07-14 15:50:00+00:00,2015-07-14 16:40:00+00:00,6,1.0,0.0356,5.39,5.58,peer_context,medium
R80711,operating_below_reference_candidate,2015-08-03 03:20:00+00:00,2015-08-03 04:10:00+00:00,6,1.0,0.0356,5.54,5.1,peer_context,medium
R80711,operating_below_reference_candidate,2015-07-14 12:40:00+00:00,2015-07-14 13:30:00+00:00,6,1.0,0.0355,6.34,5.87,peer_context,medium
R80721,operating_below_reference_candidate,2015-07-29 20:40:00+00:00,2015-07-29 21:30:00+00:00,6,1.0,0.0355,5.64,5.62,peer_context,medium
R80721,operating_below_reference_candidate,2015-06-03 11:40:00+00:00,2015-06-03 12:30:00+00:00,6,1.0,0.0354,5.17,5.25,peer_context,medium
R80721,operating_below_reference_candidate,2015-08-12 20:40:00+00:00,2015-08-12 21:40:00+00:00,7,1.17,0.0354,5.49,5.63,peer_context,medium
R80736,operating_below_reference_candidate,2015-07-23 22:10:00+00:00,2015-07-23 23:30:00+00:00,9,1.5,0.0353,4.76,4.9,peer_context,medium
R80790,operating_below_reference_candidate,2015-09-05 10:50:00+00:00,2015-09-05 11:40:00+00:00,6,1.0,0.0353,5.81,5.74,peer_context,medium
R80711,operating_below_reference_candidate,2015-08-29 18:50:00+00:00,2015-08-29 20:10:00+00:00,9,1.5,0.0353,5.16,5.1,peer_context,medium
R80721,operating_below_reference_candidate,2015-07-31 14:50:00+00:00,2015-07-31 15:50:00+00:00,7,1.17,0.0352,5.46,5.58,peer_context,medium
R80721,operating_below_reference_candidate,2015-09-07 19:30:00+00:00,2015-09-07 20:40:00+00:00,8,1.33,0.0351,5.58,5.55,peer_context,medium
R80711,operating_below_reference_candidate,2015-08-13 00:00:00+00:00,2015-08-13 01:00:00+00:00,7,1.17,0.0351,5.79,5.26,peer_context,medium
R80790,operating_below_reference_candidate,2015-08-09 04:20:00+00:00,2015-08-09 05:30:00+00:00,8,1.33,0.0351,5.04,4.87,peer_context,medium
R80790,operating_below_reference_candidate,2015-11-25 15:40:00+00:00,2015-11-25 16:30:00+00:00,6,1.0,0.0351,5.67,5.41,peer_context,medium
R80736,operating_below_reference_candidate,2015-12-27 22:40:00+00:00,2015-12-27 23:30:00+00:00,6,1.0,0.035,6.01,5.69,peer_context,medium
R80721,operating_below_reference_candidate,2015-08-17 11:00:00+00:00,2015-08-17 11:50:00+00:00,6,1.0,0.035,5.56,5.54,peer_context,medium
R80721,operating_below_reference_candidate,2015-07-31 23:30:00+00:00,2015-08-01 00:30:00+00:00,7,1.17,0.0349,5.24,4.98,peer_context,medium
R80721,operating_below_reference_candidate,2015-07-16 00:20:00+00:00,2015-07-16 01:50:00+00:00,10,1.67,0.0348,5.03,5.34,peer_context,medium
R80736,operating_below_reference_candidate,2015-09-07 09:20:00+00:00,2015-09-07 10:30:00+00:00,8,1.33,0.0348,5.14,5.14,peer_context,medium
R80721,operating_below_reference_candidate,2015-08-22 16:10:00+00:00,2015-08-22 17:10:00+00:00,7,1.17,0.0347,5.92,5.72,peer_context,medium
R80736,operating_below_reference_candidate,2015-12-18 04:30:00+00:00,2015-12-18 05:20:00+00:00,6,1.0,0.0347,5.83,6.63,peer_context,medium
R80721,operating_below_reference_candidate,2015-04-26 18:30:00+00:00,2015-04-26 19:20:00+00:00,6,1.0,0.0347,5.95,6.16,peer_context,medium
R80711,operating_below_reference_candidate,2015-04-30 21:50:00+00:00,2015-04-30 22:40:00+00:00,6,1.0,0.0346,5.39,4.94,peer_context,medium
R80736,operating_below_reference_candidate,2015-08-30 13:40:00+00:00,2015-08-30 14:30:00+00:00,6,1.0,0.0346,5.38,5.46,peer_context,medium
R80721,operating_below_reference_candidate,2015-08-12 02:20:00+00:00,2015-08-12 03:20:00+00:00,7,1.17,0.0345,5.55,5.6,peer_context,medium
R80721,operating_below_reference_candidate,2015-09-11 15:20:00+00:00,2015-09-11 16:10:00+00:00,6,1.0,0.0345,5.13,5.15,peer_context,medium
R80790,operating_below_reference_candidate,2015-02-26 18:10:00+00:00,2015-02-26 19:10:00+00:00,7,1.17,0.0345,5.45,6.28,peer_context,medium
R80736,operating_below_reference_candidate,2015-09-01 02:30:00+00:00,2015-09-01 03:20:00+00:00,6,1.0,0.0345,5.14,5.69,peer_context,medium
R80790,operating_below_reference_candidate,2015-07-18 14:00:00+00:00,2015-07-18 15:00:00+00:00,7,1.17,0.0343,4.98,4.72,peer_context,medium
R80790,operating_below_reference_candidate,2015-03-24 19:50:00+00:00,2015-03-24 21:00:00+00:00,8,1.33,0.0343,5.34,5.24,peer_context,medium
R80711,operating_below_reference_candidate,2015-03-04 11:20:00+00:00,2015-03-04 12:10:00+00:00,6,1.0,0.0342,5.66,5.18,peer_context,medium
R80721,operating_below_reference_candidate,2015-08-04 23:50:00+00:00,2015-08-05 00:40:00+00:00,6,1.0,0.0342,5.04,5.17,peer_context,medium
R80790,operating_below_reference_candidate,2015-05-24 13:30:00+00:00,2015-05-24 14:20:00+00:00,6,1.0,0.0342,4.87,4.85,peer_context,medium
R80736,operating_below_reference_candidate,2015-03-05 22:10:00+00:00,2015-03-05 23:00:00+00:00,6,1.0,0.0341,5.59,6.16,peer_context,medium
R80736,operating_below_reference_candidate,2015-04-10 18:50:00+00:00,2015-04-10 19:40:00+00:00,6,1.0,0.0341,6.83,6.97,peer_context,medium
R80790,operating_below_reference_candidate,2015-04-22 09:50:00+00:00,2015-04-22 10:50:00+00:00,7,1.17,0.034,5.31,5.11,peer_context,medium
R80711,operating_below_reference_candidate,2015-07-09 06:00:00+00:00,2015-07-09 06:50:00+00:00,6,1.0,0.034,5.08,4.77,peer_context,medium
R80711,operating_below_reference_candidate,2015-09-07 09:00:00+00:00,2015-09-07 09:50:00+00:00,6,1.0,0.0339,5.17,5.04,peer_context,medium
R80790,operating_below_reference_candidate,2015-08-24 08:20:00+00:00,2015-08-24 09:30:00+00:00,8,1.33,0.0339,6.49,6.97,peer_context,medium
R80711,operating_below_reference_candidate,2015-04-10 12:20:00+00:00,2015-04-10 13:10:00+00:00,6,1.0,0.0338,7.27,7.64,peer_context,medium
R80736,operating_below_reference_candidate,2015-11-07 22:20:00+00:00,2015-11-07 23:10:00+00:00,6,1.0,0.0337,5.74,5.74,peer_context,medium
R80711,operating_below_reference_candidate,2015-10-02 09:30:00+00:00,2015-10-02 10:50:00+00:00,9,1.5,0.0335,5.6,5.35,peer_context,medium
R80711,operating_below_reference_candidate,2015-03-04 13:30:00+00:00,2015-03-04 14:20:00+00:00,6,1.0,0.0334,5.3,4.9,peer_context,medium
R80721,operating_below_reference_candidate,2015-08-17 09:40:00+00:00,2015-08-17 10:40:00+00:00,7,1.17,0.0333,4.72,4.8,peer_context,medium
R80790,operating_below_reference_candidate,2015-08-02 03:40:00+00:00,2015-08-02 04:40:00+00:00,7,1.17,0.0333,5.13,4.97,peer_context,medium
R80736,operating_below_reference_candidate,2015-09-04 05:40:00+00:00,2015-09-04 06:30:00+00:00,6,1.0,0.0333,5.22,4.92,peer_context,medium
R80721,operating_below_reference_candidate,2015-12-18 13:10:00+00:00,2015-12-18 14:00:00+00:00,6,1.0,0.0333,4.89,4.56,peer_context,medium
R80721,operating_below_reference_candidate,2015-07-15 03:50:00+00:00,2015-07-15 04:40:00+00:00,6,1.0,0.0333,4.9,5.02,peer_context,medium
R80711,operating_below_reference_candidate,2015-05-15 03:10:00+00:00,2015-05-15 04:00:00+00:00,6,1.0,0.033,6.19,5.27,peer_context,medium
R80711,operating_below_reference_candidate,2015-06-08 08:20:00+00:00,2015-06-08 09:10:00+00:00,6,1.0,0.0329,5.82,5.9,peer_context,medium
R80790,operating_below_reference_candidate,2015-09-22 05:30:00+00:00,2015-09-22 06:20:00+00:00,6,1.0,0.0327,7.46,7.55,peer_context,medium
R80721,operating_below_reference_candidate,2015-01-05 00:50:00+00:00,2015-01-05 01:50:00+00:00,7,1.17,0.0326,5.15,5.08,peer_context,medium
R80721,operating_below_reference_candidate,2015-03-26 02:10:00+00:00,2015-03-26 03:00:00+00:00,6,1.0,0.0326,5.02,5.18,peer_context,medium
R80790,operating_below_reference_candidate,2015-03-17 00:50:00+00:00,2015-03-17 02:20:00+00:00,10,1.67,0.0325,4.97,4.77,peer_context,medium
R80721,operating_below_reference_candidate,2015-07-24 02:00:00+00:00,2015-07-24 02:50:00+00:00,6,1.0,0.0325,5.72,5.57,peer_context,medium
R80790,operating_below_reference_candidate,2015-08-15 02:10:00+00:00,2015-08-15 03:00:00+00:00,6,1.0,0.0323,6.77,6.69,peer_context,medium
R80721,idle_in_apparently_usable_wind,2015-04-30 13:40:00+00:00,2015-04-30 14:20:00+00:00,5,0.83,0.0323,4.31,5.4,peer_context,medium
R80736,operating_below_reference_candidate,2015-07-06 21:00:00+00:00,2015-07-06 22:20:00+00:00,9,1.5,0.0323,5.15,5.16,peer_context,medium
R80721,operating_below_reference_candidate,2015-07-10 13:20:00+00:00,2015-07-10 14:10:00+00:00,6,1.0,0.0322,5.62,5.65,peer_context,medium
R80721,operating_below_reference_candidate,2015-06-07 12:00:00+00:00,2015-06-07 12:50:00+00:00,6,1.0,0.0321,4.98,5.1,peer_context,medium
R80711,operating_below_reference_candidate,2015-08-02 20:10:00+00:00,2015-08-02 21:20:00+00:00,8,1.33,0.0321,4.93,4.75,peer_context,medium
R80711,operating_below_reference_candidate,2015-06-27 20:40:00+00:00,2015-06-27 21:30:00+00:00,6,1.0,0.0321,6.19,5.24,peer_context,medium
R80790,operating_below_reference_candidate,2015-01-21 09:10:00+00:00,2015-01-21 10:00:00+00:00,6,1.0,0.0321,4.72,4.4,peer_context,medium
R80711,operating_below_reference_candidate,2015-07-18 01:50:00+00:00,2015-07-18 02:40:00+00:00,6,1.0,0.0321,5.4,5.22,peer_context,medium
R80721,operating_below_reference_candidate,2015-06-21 17:20:00+00:00,2015-06-21 18:30:00+00:00,8,1.33,0.0319,5.45,5.54,peer_context,medium
R80711,operating_below_reference_candidate,2015-06-05 19:00:00+00:00,2015-06-05 19:50:00+00:00,6,1.0,0.0319,5.41,5.03,peer_context,medium
R80721,operating_below_reference_candidate,2015-04-20 22:40:00+00:00,2015-04-20 23:30:00+00:00,6,1.0,0.0319,5.82,5.92,peer_context,medium
R80790,operating_below_reference_candidate,2015-06-16 00:20:00+00:00,2015-06-16 01:10:00+00:00,6,1.0,0.0319,5.16,4.95,peer_context,medium
R80721,operating_below_reference_candidate,2015-07-01 11:00:00+00:00,2015-07-01 11:50:00+00:00,6,1.0,0.0319,6.12,5.94,peer_context,medium
R80721,operating_below_reference_candidate,2015-11-11 05:50:00+00:00,2015-11-11 07:00:00+00:00,8,1.33,0.0318,4.83,4.8,peer_context,medium
R80790,operating_below_reference_candidate,2015-01-01 00:20:00+00:00,2015-01-01 01:10:00+00:00,6,1.0,0.0318,5.63,5.33,peer_context,medium
R80736,operating_below_reference_candidate,2015-08-20 18:40:00+00:00,2015-08-20 19:40:00+00:00,7,1.17,0.0317,5.16,5.14,peer_context,medium
R80711,operating_below_reference_candidate,2015-08-08 04:10:00+00:00,2015-08-08 05:20:00+00:00,8,1.33,0.0317,5.73,4.66,peer_context,medium
R80711,operating_below_reference_candidate,2015-05-04 17:30:00+00:00,2015-05-04 18:20:00+00:00,6,1.0,0.0317,7.11,7.94,peer_context,medium
R80721,operating_below_reference_candidate,2015-06-11 05:10:00+00:00,2015-06-11 06:20:00+00:00,8,1.33,0.0317,5.1,4.85,peer_context,medium
R80790,operating_below_reference_candidate,2015-07-28 04:30:00+00:00,2015-07-28 05:20:00+00:00,6,1.0,0.0317,5.62,5.56,peer_context,medium
R80790,operating_below_reference_candidate,2015-03-26 05:30:00+00:00,2015-03-26 06:20:00+00:00,6,1.0,0.0316,4.96,4.73,peer_context,medium
R80736,operating_below_reference_candidate,2015-06-11 19:20:00+00:00,2015-06-11 20:10:00+00:00,6,1.0,0.0314,5.48,5.42,peer_context,medium
R80790,operating_below_reference_candidate,2015-04-18 04:00:00+00:00,2015-04-18 04:50:00+00:00,6,1.0,0.0313,8.36,8.2,peer_context,medium
R80736,operating_below_reference_candidate,2015-06-06 14:50:00+00:00,2015-06-06 16:10:00+00:00,9,1.5,0.0313,4.95,5.1,peer_context,medium
R80736,operating_below_reference_candidate,2015-09-18 06:50:00+00:00,2015-09-18 07:40:00+00:00,6,1.0,0.0313,5.5,5.54,peer_context,medium
R80790,operating_below_reference_candidate,2015-05-18 22:10:00+00:00,2015-05-18 23:20:00+00:00,8,1.33,0.0312,7.41,7.21,peer_context,medium
R80736,operating_below_reference_candidate,2015-08-24 19:30:00+00:00,2015-08-24 20:20:00+00:00,6,1.0,0.0312,10.43,10.85,peer_context,medium
R80721,operating_below_reference_candidate,2015-05-26 08:10:00+00:00,2015-05-26 09:10:00+00:00,7,1.17,0.0312,5.26,5.48,peer_context,medium
R80736,operating_below_reference_candidate,2015-09-10 07:10:00+00:00,2015-09-10 08:10:00+00:00,7,1.17,0.0311,6.37,6.5,peer_context,medium
R80790,operating_below_reference_candidate,2015-06-04 19:40:00+00:00,2015-06-04 20:30:00+00:00,6,1.0,0.0311,5.17,5.12,peer_context,medium
R80711,operating_below_reference_candidate,2015-10-28 23:20:00+00:00,2015-10-29 00:10:00+00:00,6,1.0,0.0309,5.19,4.43,peer_context,medium
R80736,operating_below_reference_candidate,2015-07-15 22:40:00+00:00,2015-07-15 23:40:00+00:00,7,1.17,0.0309,5.0,5.21,peer_context,medium
R80736,operating_below_reference_candidate,2015-03-01 07:20:00+00:00,2015-03-01 08:10:00+00:00,6,1.0,0.0308,8.44,9.53,peer_context,medium
R80736,operating_below_reference_candidate,2015-07-18 20:20:00+00:00,2015-07-18 21:10:00+00:00,6,1.0,0.0308,5.11,5.27,peer_context,medium
R80711,operating_below_reference_candidate,2015-01-19 23:10:00+00:00,2015-01-20 00:00:00+00:00,6,1.0,0.0307,4.95,3.9,peer_context,medium
R80711,operating_below_reference_candidate,2015-07-01 12:20:00+00:00,2015-07-01 13:10:00+00:00,6,1.0,0.0307,5.39,5.54,peer_context,medium
R80736,operating_below_reference_candidate,2015-09-15 23:10:00+00:00,2015-09-16 00:10:00+00:00,7,1.17,0.0307,9.28,9.9,peer_context,medium
R80711,idle_in_apparently_usable_wind,2015-07-23 14:10:00+00:00,2015-07-23 14:50:00+00:00,5,0.83,0.0307,4.12,5.19,peer_context,medium
R80736,operating_below_reference_candidate,2015-04-12 22:10:00+00:00,2015-04-12 23:00:00+00:00,6,1.0,0.0306,4.64,4.61,peer_context,medium
R80721,operating_below_reference_candidate,2015-08-29 02:40:00+00:00,2015-08-29 03:30:00+00:00,6,1.0,0.0305,5.45,5.79,peer_context,medium
R80790,operating_below_reference_candidate,2015-03-16 18:50:00+00:00,2015-03-16 19:40:00+00:00,6,1.0,0.0304,5.29,5.13,peer_context,medium
R80736,operating_below_reference_candidate,2015-04-15 01:40:00+00:00,2015-04-15 02:40:00+00:00,7,1.17,0.0304,4.79,4.26,peer_context,medium
R80736,operating_below_reference_candidate,2015-07-29 17:50:00+00:00,2015-07-29 18:40:00+00:00,6,1.0,0.0303,5.58,5.67,peer_context,medium
R80736,operating_below_reference_candidate,2015-08-04 10:40:00+00:00,2015-08-04 11:40:00+00:00,7,1.17,0.0302,6.42,6.62,peer_context,medium
R80736,operating_below_reference_candidate,2015-06-03 11:10:00+00:00,2015-06-03 12:00:00+00:00,6,1.0,0.0302,5.27,5.47,peer_context,medium
R80790,operating_below_reference_candidate,2015-10-06 14:00:00+00:00,2015-10-06 14:50:00+00:00,6,1.0,0.0302,5.32,5.19,peer_context,medium
R80736,operating_below_reference_candidate,2015-01-10 16:00:00+00:00,2015-01-10 16:50:00+00:00,6,1.0,0.0301,12.45,12.97,peer_context,medium
R80790,operating_below_reference_candidate,2015-12-22 12:50:00+00:00,2015-12-22 13:40:00+00:00,6,1.0,0.0301,6.78,7.0,peer_context,medium
R80736,operating_below_reference_candidate,2015-07-13 10:40:00+00:00,2015-07-13 11:30:00+00:00,6,1.0,0.03,6.7,7.01,peer_context,medium
R80721,operating_below_reference_candidate,2015-11-07 14:50:00+00:00,2015-11-07 15:40:00+00:00,6,1.0,0.0299,5.63,5.55,peer_context,medium
R80711,operating_below_reference_candidate,2015-05-05 15:00:00+00:00,2015-05-05 16:00:00+00:00,7,1.17,0.0299,7.49,7.59,peer_context,medium
R80711,operating_below_reference_candidate,2015-07-10 22:50:00+00:00,2015-07-10 23:40:00+00:00,6,1.0,0.0299,5.96,5.26,peer_context,medium
R80736,operating_below_reference_candidate,2015-07-31 22:40:00+00:00,2015-07-31 23:50:00+00:00,8,1.33,0.0297,5.25,5.36,peer_context,medium
R80790,idle_in_apparently_usable_wind,2015-07-24 15:40:00+00:00,2015-07-24 15:50:00+00:00,2,0.33,0.0297,4.8,5.01,peer_context,medium
R80711,operating_below_reference_candidate,2015-01-21 13:20:00+00:00,2015-01-21 14:10:00+00:00,6,1.0,0.0297,5.16,4.75,peer_context,medium
R80721,operating_below_reference_candidate,2015-06-11 15:40:00+00:00,2015-06-11 16:50:00+00:00,8,1.33,0.0297,5.55,5.57,peer_context,medium
R80711,operating_below_reference_candidate,2015-04-02 06:20:00+00:00,2015-04-02 07:10:00+00:00,6,1.0,0.0296,12.96,12.01,peer_context,medium
R80721,operating_below_reference_candidate,2015-09-30 11:30:00+00:00,2015-09-30 12:20:00+00:00,6,1.0,0.0296,9.31,9.74,peer_context,medium
R80790,operating_below_reference_candidate,2015-03-11 14:10:00+00:00,2015-03-11 15:00:00+00:00,6,1.0,0.0295,5.22,5.27,peer_context,medium
R80721,operating_below_reference_candidate,2015-06-14 00:10:00+00:00,2015-06-14 01:30:00+00:00,9,1.5,0.0295,4.93,4.86,peer_context,medium
R80736,operating_below_reference_candidate,2015-07-16 01:20:00+00:00,2015-07-16 02:40:00+00:00,9,1.5,0.0294,5.28,5.58,peer_context,medium
R80711,operating_below_reference_candidate,2015-08-14 21:30:00+00:00,2015-08-14 22:20:00+00:00,6,1.0,0.0294,5.87,5.26,peer_context,medium
R80736,operating_below_reference_candidate,2015-06-03 07:30:00+00:00,2015-06-03 08:20:00+00:00,6,1.0,0.0294,5.55,5.75,peer_context,medium
R80736,operating_below_reference_candidate,2015-08-02 03:40:00+00:00,2015-08-02 05:00:00+00:00,9,1.5,0.0293,4.91,5.02,peer_context,medium
R80790,operating_below_reference_candidate,2015-11-20 12:30:00+00:00,2015-11-20 13:30:00+00:00,7,1.17,0.0292,6.94,6.81,peer_context,medium
R80736,operating_below_reference_candidate,2015-07-03 00:10:00+00:00,2015-07-03 01:00:00+00:00,6,1.0,0.0292,5.14,4.69,peer_context,medium
R80711,operating_below_reference_candidate,2015-03-11 11:50:00+00:00,2015-03-11 12:50:00+00:00,7,1.17,0.0291,5.4,5.48,peer_context,medium
R80736,operating_below_reference_candidate,2015-03-26 02:10:00+00:00,2015-03-26 03:10:00+00:00,7,1.17,0.029,4.99,5.08,peer_context,medium
R80790,operating_below_reference_candidate,2015-08-30 08:20:00+00:00,2015-08-30 09:20:00+00:00,7,1.17,0.029,5.14,4.87,peer_context,medium
R80736,operating_below_reference_candidate,2015-06-13 18:20:00+00:00,2015-06-13 19:20:00+00:00,7,1.17,0.029,4.84,5.03,peer_context,medium
R80711,operating_below_reference_candidate,2015-12-18 12:40:00+00:00,2015-12-18 13:50:00+00:00,8,1.33,0.029,4.73,4.36,peer_context,medium
R80711,operating_below_reference_candidate,2015-10-03 17:30:00+00:00,2015-10-03 18:20:00+00:00,6,1.0,0.0289,6.28,5.91,peer_context,medium
R80711,operating_below_reference_candidate,2015-01-10 03:40:00+00:00,2015-01-10 04:30:00+00:00,6,1.0,0.0289,11.11,10.62,peer_context,medium
R80711,operating_below_reference_candidate,2015-02-20 17:00:00+00:00,2015-02-20 17:50:00+00:00,6,1.0,0.0288,6.55,6.8,peer_context,medium
R80736,operating_below_reference_candidate,2015-01-10 10:30:00+00:00,2015-01-10 11:20:00+00:00,6,1.0,0.0287,12.9,12.95,peer_context,medium
R80736,operating_below_reference_candidate,2015-06-26 04:00:00+00:00,2015-06-26 05:00:00+00:00,7,1.17,0.0287,4.99,4.12,peer_context,medium
R80736,operating_below_reference_candidate,2015-02-11 16:10:00+00:00,2015-02-11 17:00:00+00:00,6,1.0,0.0286,4.89,4.97,peer_context,medium
R80736,operating_below_reference_candidate,2015-08-28 07:20:00+00:00,2015-08-28 08:20:00+00:00,7,1.17,0.0286,6.21,6.17,peer_context,medium
R80711,operating_below_reference_candidate,2015-07-18 21:40:00+00:00,2015-07-18 22:30:00+00:00,6,1.0,0.0285,5.76,4.89,peer_context,medium
R80736,operating_below_reference_candidate,2015-05-17 17:40:00+00:00,2015-05-17 18:30:00+00:00,6,1.0,0.0284,5.08,4.86,peer_context,medium
R80711,operating_below_reference_candidate,2015-04-21 09:00:00+00:00,2015-04-21 10:00:00+00:00,7,1.17,0.0284,7.15,6.93,peer_context,medium
R80790,operating_below_reference_candidate,2015-08-12 23:20:00+00:00,2015-08-13 00:10:00+00:00,6,1.0,0.0284,5.44,5.4,peer_context,medium
R80790,operating_below_reference_candidate,2015-01-05 00:00:00+00:00,2015-01-05 00:50:00+00:00,6,1.0,0.0283,5.07,5.13,peer_context,medium
R80790,operating_below_reference_candidate,2015-12-05 02:30:00+00:00,2015-12-05 03:20:00+00:00,6,1.0,0.0282,4.93,5.3,peer_context,medium
R80736,operating_below_reference_candidate,2015-06-27 21:10:00+00:00,2015-06-27 22:00:00+00:00,6,1.0,0.028,5.97,5.21,peer_context,medium
R80711,operating_below_reference_candidate,2015-08-14 09:30:00+00:00,2015-08-14 10:40:00+00:00,8,1.33,0.028,4.83,4.47,peer_context,medium
R80790,operating_below_reference_candidate,2015-05-24 00:50:00+00:00,2015-05-24 01:40:00+00:00,6,1.0,0.0279,5.69,5.06,peer_context,medium
R80711,operating_below_reference_candidate,2015-04-13 11:10:00+00:00,2015-04-13 12:10:00+00:00,7,1.17,0.0279,5.55,5.44,peer_context,medium
R80721,operating_below_reference_candidate,2015-02-12 20:40:00+00:00,2015-02-12 21:40:00+00:00,7,1.17,0.0279,5.75,5.65,peer_context,medium
R80790,operating_below_reference_candidate,2015-01-03 05:10:00+00:00,2015-01-03 06:00:00+00:00,6,1.0,0.0277,4.93,4.99,peer_context,medium
R80711,operating_below_reference_candidate,2015-03-05 19:40:00+00:00,2015-03-05 20:40:00+00:00,7,1.17,0.0276,6.61,6.27,peer_context,medium
R80790,operating_below_reference_candidate,2015-06-27 16:40:00+00:00,2015-06-27 17:30:00+00:00,6,1.0,0.0275,5.58,5.45,peer_context,medium
R80711,operating_below_reference_candidate,2015-09-08 09:40:00+00:00,2015-09-08 10:30:00+00:00,6,1.0,0.0275,5.75,5.47,peer_context,medium
R80721,operating_below_reference_candidate,2015-11-11 08:40:00+00:00,2015-11-11 09:30:00+00:00,6,1.0,0.0275,4.8,4.61,peer_context,medium
R80721,idle_in_apparently_usable_wind,2015-05-28 08:40:00+00:00,2015-05-28 08:40:00+00:00,1,0.17,0.0273,5.15,6.21,peer_context,medium
R80711,operating_below_reference_candidate,2015-04-09 18:50:00+00:00,2015-04-09 19:50:00+00:00,7,1.17,0.0273,4.99,4.18,peer_context,medium
R80721,operating_below_reference_candidate,2015-06-03 16:50:00+00:00,2015-06-03 17:40:00+00:00,6,1.0,0.0272,5.16,5.07,peer_context,medium
R80736,operating_below_reference_candidate,2015-05-27 23:30:00+00:00,2015-05-28 00:20:00+00:00,6,1.0,0.0272,5.97,5.05,peer_context,medium
R80790,operating_below_reference_candidate,2015-11-01 19:20:00+00:00,2015-11-01 20:20:00+00:00,7,1.17,0.0272,5.01,4.92,peer_context,medium
R80790,operating_below_reference_candidate,2015-06-30 21:40:00+00:00,2015-06-30 22:30:00+00:00,6,1.0,0.0272,5.02,5.27,peer_context,medium
R80721,operating_below_reference_candidate,2015-08-11 01:10:00+00:00,2015-08-11 02:00:00+00:00,6,1.0,0.0272,5.09,5.36,peer_context,medium
R80736,site_wide_low_or_zero_production,2015-02-27 15:40:00+00:00,2015-02-27 15:40:00+00:00,1,0.17,0.0271,5.11,5.44,peer_context,not_applicable
R80736,idle_in_apparently_usable_wind,2015-04-28 14:00:00+00:00,2015-04-28 14:00:00+00:00,1,0.17,0.0271,5.03,5.8,peer_context,medium
R80790,operating_below_reference_candidate,2015-10-11 13:30:00+00:00,2015-10-11 14:30:00+00:00,7,1.17,0.027,5.69,6.07,peer_context,medium
R80711,operating_below_reference_candidate,2015-09-24 08:40:00+00:00,2015-09-24 09:30:00+00:00,6,1.0,0.027,5.3,5.12,peer_context,medium
R80736,operating_below_reference_candidate,2015-04-07 21:50:00+00:00,2015-04-07 22:40:00+00:00,6,1.0,0.0268,4.74,4.74,peer_context,medium
R80736,operating_below_reference_candidate,2015-07-26 13:20:00+00:00,2015-07-26 14:20:00+00:00,7,1.17,0.0267,5.8,5.62,peer_context,medium
R80736,operating_below_reference_candidate,2015-10-13 18:30:00+00:00,2015-10-13 19:30:00+00:00,7,1.17,0.0266,5.22,5.5,peer_context,medium
R80790,operating_below_reference_candidate,2015-12-18 12:50:00+00:00,2015-12-18 13:40:00+00:00,6,1.0,0.0265,4.77,4.32,peer_context,medium
R80721,operating_below_reference_candidate,2015-01-27 08:00:00+00:00,2015-01-27 08:50:00+00:00,6,1.0,0.0265,4.76,4.89,peer_context,medium
R80711,operating_below_reference_candidate,2015-04-25 07:30:00+00:00,2015-04-25 08:40:00+00:00,8,1.33,0.0265,4.98,4.61,peer_context,medium
R80721,operating_below_reference_candidate,2015-09-17 18:00:00+00:00,2015-09-17 18:50:00+00:00,6,1.0,0.0264,5.67,5.7,peer_context,medium
R80711,operating_below_reference_candidate,2015-11-03 09:30:00+00:00,2015-11-03 10:20:00+00:00,6,1.0,0.0264,5.11,3.42,peer_context,medium
R80721,operating_below_reference_candidate,2015-10-31 20:00:00+00:00,2015-10-31 20:50:00+00:00,6,1.0,0.0263,5.19,5.2,peer_context,medium
R80790,operating_below_reference_candidate,2015-07-21 18:10:00+00:00,2015-07-21 19:00:00+00:00,6,1.0,0.0262,5.96,5.9,peer_context,medium
R80711,operating_below_reference_candidate,2015-07-13 07:00:00+00:00,2015-07-13 07:50:00+00:00,6,1.0,0.0262,5.55,5.05,peer_context,medium
R80721,operating_below_reference_candidate,2015-06-20 10:00:00+00:00,2015-06-20 10:50:00+00:00,6,1.0,0.0261,5.06,4.98,peer_context,medium
R80711,operating_below_reference_candidate,2015-07-13 15:20:00+00:00,2015-07-13 16:10:00+00:00,6,1.0,0.0261,7.01,6.61,peer_context,medium
R80721,operating_below_reference_candidate,2015-07-14 05:20:00+00:00,2015-07-14 06:10:00+00:00,6,1.0,0.0261,4.93,4.9,peer_context,medium
R80721,operating_below_reference_candidate,2015-04-07 21:40:00+00:00,2015-04-07 22:40:00+00:00,7,1.17,0.0261,4.77,4.76,peer_context,medium
R80721,operating_below_reference_candidate,2015-02-19 12:20:00+00:00,2015-02-19 13:30:00+00:00,8,1.33,0.0261,4.92,4.86,peer_context,medium
R80711,operating_below_reference_candidate,2015-08-05 04:00:00+00:00,2015-08-05 04:50:00+00:00,6,1.0,0.0261,5.53,4.63,peer_context,medium
R80721,operating_below_reference_candidate,2015-10-24 10:10:00+00:00,2015-10-24 11:00:00+00:00,6,1.0,0.026,5.39,5.38,peer_context,medium
R80711,idle_in_apparently_usable_wind,2015-07-26 07:40:00+00:00,2015-07-26 08:10:00+00:00,4,0.67,0.026,4.55,4.89,peer_context,medium
R80711,site_wide_low_or_zero_production,2015-02-27 15:30:00+00:00,2015-02-27 15:40:00+00:00,2,0.33,0.026,4.89,5.05,peer_context,not_applicable
R80711,idle_in_apparently_usable_wind,2015-12-09 08:10:00+00:00,2015-12-09 08:30:00+00:00,3,0.5,0.026,4.61,4.63,peer_context,medium
R80721,operating_below_reference_candidate,2015-08-16 19:40:00+00:00,2015-08-16 20:50:00+00:00,8,1.33,0.0259,4.72,4.85,peer_context,medium
R80721,operating_below_reference_candidate,2015-07-21 02:40:00+00:00,2015-07-21 03:40:00+00:00,7,1.17,0.0258,5.66,5.84,peer_context,medium
R80736,operating_below_reference_candidate,2015-06-06 12:40:00+00:00,2015-06-06 13:40:00+00:00,7,1.17,0.0258,5.06,5.13,peer_context,medium
R80736,operating_below_reference_candidate,2015-07-22 22:50:00+00:00,2015-07-22 23:40:00+00:00,6,1.0,0.0256,5.57,5.33,peer_context,medium
R80736,operating_below_reference_candidate,2015-01-21 13:20:00+00:00,2015-01-21 14:10:00+00:00,6,1.0,0.0255,4.84,4.85,peer_context,medium
R80721,operating_below_reference_candidate,2015-09-12 06:20:00+00:00,2015-09-12 07:10:00+00:00,6,1.0,0.0255,5.68,6.09,peer_context,medium
R80736,operating_below_reference_candidate,2015-08-29 01:00:00+00:00,2015-08-29 01:50:00+00:00,6,1.0,0.0255,4.72,5.08,peer_context,medium
R80721,operating_below_reference_candidate,2015-08-27 03:30:00+00:00,2015-08-27 04:20:00+00:00,6,1.0,0.0254,5.29,5.39,peer_context,medium
R80736,operating_below_reference_candidate,2015-11-08 07:00:00+00:00,2015-11-08 08:30:00+00:00,10,1.67,0.0254,5.2,5.55,peer_context,medium
R80736,operating_below_reference_candidate,2015-10-08 01:30:00+00:00,2015-10-08 02:20:00+00:00,6,1.0,0.0254,5.76,5.57,peer_context,medium
R80736,operating_below_reference_candidate,2015-07-30 23:20:00+00:00,2015-07-31 00:30:00+00:00,8,1.33,0.0254,5.43,5.32,peer_context,medium
R80721,operating_below_reference_candidate,2015-08-19 23:20:00+00:00,2015-08-20 00:20:00+00:00,7,1.17,0.0254,4.99,5.03,peer_context,medium
R80736,operating_below_reference_candidate,2015-07-25 18:10:00+00:00,2015-07-25 19:20:00+00:00,8,1.33,0.0253,4.89,4.98,peer_context,medium
R80711,operating_below_reference_candidate,2015-11-17 07:20:00+00:00,2015-11-17 08:10:00+00:00,6,1.0,0.0253,12.95,12.3,peer_context,medium
R80736,operating_below_reference_candidate,2015-06-21 00:10:00+00:00,2015-06-21 01:00:00+00:00,6,1.0,0.0252,5.3,5.41,peer_context,medium
R80790,operating_below_reference_candidate,2015-05-10 23:20:00+00:00,2015-05-11 00:10:00+00:00,6,1.0,0.0251,5.17,5.0,peer_context,medium
R80736,operating_below_reference_candidate,2015-08-10 20:30:00+00:00,2015-08-10 21:30:00+00:00,7,1.17,0.0251,5.15,5.77,peer_context,medium
R80711,operating_below_reference_candidate,2015-04-22 10:10:00+00:00,2015-04-22 11:00:00+00:00,6,1.0,0.0251,5.18,5.34,peer_context,medium
R80721,operating_below_reference_candidate,2015-04-02 05:30:00+00:00,2015-04-02 06:20:00+00:00,6,1.0,0.025,11.32,12.42,peer_context,medium
R80721,operating_below_reference_candidate,2015-07-09 07:20:00+00:00,2015-07-09 08:20:00+00:00,7,1.17,0.0248,4.99,5.06,peer_context,medium
R80721,operating_below_reference_candidate,2015-07-28 23:00:00+00:00,2015-07-28 23:50:00+00:00,6,1.0,0.0248,5.36,5.61,peer_context,medium
R80721,operating_below_reference_candidate,2015-09-18 14:20:00+00:00,2015-09-18 15:10:00+00:00,6,1.0,0.0246,6.4,6.62,peer_context,medium
R80721,operating_below_reference_candidate,2015-02-25 12:00:00+00:00,2015-02-25 12:50:00+00:00,6,1.0,0.0245,5.0,5.2,peer_context,medium
R80711,operating_below_reference_candidate,2015-11-17 22:10:00+00:00,2015-11-17 23:00:00+00:00,6,1.0,0.0244,12.97,12.38,peer_context,medium
R80736,operating_below_reference_candidate,2015-09-07 12:00:00+00:00,2015-09-07 12:50:00+00:00,6,1.0,0.0244,4.89,4.54,peer_context,medium
R80711,operating_below_reference_candidate,2015-06-29 17:50:00+00:00,2015-06-29 18:50:00+00:00,7,1.17,0.0243,5.2,4.86,peer_context,medium
R80736,operating_below_reference_candidate,2015-07-26 09:20:00+00:00,2015-07-26 10:10:00+00:00,6,1.0,0.0241,5.06,4.56,peer_context,medium
R80711,operating_below_reference_candidate,2015-06-20 09:20:00+00:00,2015-06-20 10:10:00+00:00,6,1.0,0.0241,5.63,5.0,peer_context,medium
R80721,operating_below_reference_candidate,2015-04-07 07:30:00+00:00,2015-04-07 08:50:00+00:00,9,1.5,0.0238,5.93,5.95,peer_context,medium
R80721,operating_below_reference_candidate,2015-10-28 15:10:00+00:00,2015-10-28 16:10:00+00:00,7,1.17,0.0238,5.29,5.57,peer_context,medium
R80736,operating_below_reference_candidate,2015-07-13 16:10:00+00:00,2015-07-13 17:00:00+00:00,6,1.0,0.0238,6.33,6.01,peer_context,medium
R80721,operating_below_reference_candidate,2015-08-13 11:00:00+00:00,2015-08-13 12:00:00+00:00,7,1.17,0.0238,5.02,4.97,peer_context,medium
R80721,operating_below_reference_candidate,2015-04-12 18:30:00+00:00,2015-04-12 19:30:00+00:00,7,1.17,0.0237,4.65,4.24,peer_context,medium
R80736,operating_below_reference_candidate,2015-06-10 08:50:00+00:00,2015-06-10 09:40:00+00:00,6,1.0,0.0236,7.07,7.11,peer_context,medium
R80721,operating_below_reference_candidate,2015-10-06 00:20:00+00:00,2015-10-06 01:10:00+00:00,6,1.0,0.0235,5.28,5.6,peer_context,medium
R80711,operating_below_reference_candidate,2015-04-10 02:10:00+00:00,2015-04-10 03:00:00+00:00,6,1.0,0.0235,5.71,5.52,peer_context,medium
R80736,operating_below_reference_candidate,2015-06-08 18:30:00+00:00,2015-06-08 19:20:00+00:00,6,1.0,0.0234,6.51,6.49,peer_context,medium
R80711,operating_below_reference_candidate,2015-06-03 11:30:00+00:00,2015-06-03 12:20:00+00:00,6,1.0,0.0233,5.59,5.27,peer_context,medium
R80736,operating_below_reference_candidate,2015-10-29 22:20:00+00:00,2015-10-29 23:20:00+00:00,7,1.17,0.0233,4.87,5.49,peer_context,medium
R80736,operating_below_reference_candidate,2015-03-14 13:10:00+00:00,2015-03-14 14:00:00+00:00,6,1.0,0.0231,6.02,6.39,peer_context,medium
R80736,operating_below_reference_candidate,2015-07-15 21:30:00+00:00,2015-07-15 22:20:00+00:00,6,1.0,0.023,5.21,5.3,peer_context,medium
R80790,operating_below_reference_candidate,2015-02-28 11:50:00+00:00,2015-02-28 12:40:00+00:00,6,1.0,0.023,5.14,4.89,peer_context,medium
R80721,operating_below_reference_candidate,2015-05-26 13:20:00+00:00,2015-05-26 14:20:00+00:00,7,1.17,0.0228,5.36,5.96,peer_context,medium
R80736,operating_below_reference_candidate,2015-09-24 20:30:00+00:00,2015-09-24 21:30:00+00:00,7,1.17,0.0228,5.05,4.87,peer_context,medium
R80790,operating_below_reference_candidate,2015-08-06 22:20:00+00:00,2015-08-06 23:10:00+00:00,6,1.0,0.0228,5.29,5.24,peer_context,medium
R80721,operating_below_reference_candidate,2015-08-17 00:10:00+00:00,2015-08-17 01:00:00+00:00,6,1.0,0.0228,4.81,4.95,peer_context,medium
R80721,operating_below_reference_candidate,2015-02-11 18:00:00+00:00,2015-02-11 18:50:00+00:00,6,1.0,0.0227,4.77,4.8,peer_context,medium
R80736,operating_below_reference_candidate,2015-10-12 15:50:00+00:00,2015-10-12 16:50:00+00:00,7,1.17,0.0226,5.38,5.13,peer_context,medium
R80711,operating_below_reference_candidate,2015-06-11 06:10:00+00:00,2015-06-11 07:10:00+00:00,7,1.17,0.0226,4.71,4.21,peer_context,medium
R80736,operating_below_reference_candidate,2015-08-19 22:10:00+00:00,2015-08-19 23:00:00+00:00,6,1.0,0.0225,5.51,5.56,peer_context,medium
R80721,operating_below_reference_candidate,2015-12-07 10:50:00+00:00,2015-12-07 11:50:00+00:00,7,1.17,0.0223,5.21,5.28,peer_context,medium
R80711,operating_below_reference_candidate,2015-12-17 09:10:00+00:00,2015-12-17 10:00:00+00:00,6,1.0,0.0223,5.18,4.18,peer_context,medium
R80711,operating_below_reference_candidate,2015-08-22 04:40:00+00:00,2015-08-22 05:40:00+00:00,7,1.17,0.0222,5.11,3.69,peer_context,medium
R80721,operating_below_reference_candidate,2015-07-19 21:10:00+00:00,2015-07-19 22:00:00+00:00,6,1.0,0.0218,5.5,5.81,peer_context,medium
R80711,operating_below_reference_candidate,2015-08-01 19:40:00+00:00,2015-08-01 20:40:00+00:00,7,1.17,0.0218,5.67,4.79,peer_context,medium
R80721,operating_below_reference_candidate,2015-05-02 21:40:00+00:00,2015-05-02 22:30:00+00:00,6,1.0,0.0216,5.1,5.27,peer_context,medium
R80721,operating_below_reference_candidate,2015-07-20 16:00:00+00:00,2015-07-20 16:50:00+00:00,6,1.0,0.0211,6.84,7.14,peer_context,medium
R80721,operating_below_reference_candidate,2015-07-14 16:50:00+00:00,2015-07-14 17:40:00+00:00,6,1.0,0.021,5.12,5.28,peer_context,medium
R80711,operating_below_reference_candidate,2015-07-10 05:30:00+00:00,2015-07-10 06:20:00+00:00,6,1.0,0.0207,4.83,4.84,peer_context,medium
R80736,operating_below_reference_candidate,2015-12-19 06:20:00+00:00,2015-12-19 07:10:00+00:00,6,1.0,0.0207,4.98,5.17,peer_context,medium
R80736,operating_below_reference_candidate,2015-07-13 07:20:00+00:00,2015-07-13 08:10:00+00:00,6,1.0,0.0206,5.12,5.29,peer_context,medium
R80721,operating_below_reference_candidate,2015-05-10 17:40:00+00:00,2015-05-10 18:30:00+00:00,6,1.0,0.0206,4.81,4.87,peer_context,medium
R80711,operating_below_reference_candidate,2015-08-17 16:50:00+00:00,2015-08-17 17:50:00+00:00,7,1.17,0.0205,5.51,4.96,peer_context,medium
R80790,operating_below_reference_candidate,2015-10-11 07:10:00+00:00,2015-10-11 08:00:00+00:00,6,1.0,0.0203,5.61,5.52,peer_context,medium
R80711,operating_below_reference_candidate,2015-10-31 09:50:00+00:00,2015-10-31 10:50:00+00:00,7,1.17,0.0203,5.08,4.02,peer_context,medium
R80721,operating_below_reference_candidate,2015-11-05 04:00:00+00:00,2015-11-05 04:50:00+00:00,6,1.0,0.0201,5.12,4.96,peer_context,medium
R80736,operating_below_reference_candidate,2015-04-29 05:00:00+00:00,2015-04-29 06:00:00+00:00,7,1.17,0.02,4.56,4.64,peer_context,medium
R80736,operating_below_reference_candidate,2015-06-04 19:30:00+00:00,2015-06-04 20:20:00+00:00,6,1.0,0.02,4.78,5.22,peer_context,medium
R80736,operating_below_reference_candidate,2015-07-22 07:20:00+00:00,2015-07-22 08:10:00+00:00,6,1.0,0.0199,5.02,5.03,peer_context,medium
R80711,operating_below_reference_candidate,2015-02-21 07:30:00+00:00,2015-02-21 08:20:00+00:00,6,1.0,0.0198,5.38,4.95,peer_context,medium
R80736,operating_below_reference_candidate,2015-10-28 20:50:00+00:00,2015-10-28 21:50:00+00:00,7,1.17,0.0197,5.49,5.57,peer_context,medium
R80721,operating_below_reference_candidate,2015-06-11 19:50:00+00:00,2015-06-11 20:40:00+00:00,6,1.0,0.0196,5.28,5.64,peer_context,medium
R80790,operating_below_reference_candidate,2015-03-28 03:40:00+00:00,2015-03-28 04:30:00+00:00,6,1.0,0.0196,4.79,4.48,peer_context,medium
R80721,operating_below_reference_candidate,2015-06-04 19:20:00+00:00,2015-06-04 20:20:00+00:00,7,1.17,0.0193,4.92,5.14,peer_context,medium
R80736,operating_below_reference_candidate,2015-08-06 22:40:00+00:00,2015-08-06 23:30:00+00:00,6,1.0,0.0192,4.87,5.31,peer_context,medium
R80711,operating_below_reference_candidate,2015-12-08 09:00:00+00:00,2015-12-08 09:50:00+00:00,6,1.0,0.0191,5.28,4.86,peer_context,medium
R80736,operating_below_reference_candidate,2015-08-14 08:30:00+00:00,2015-08-14 09:20:00+00:00,6,1.0,0.019,4.97,4.85,peer_context,medium
R80711,operating_below_reference_candidate,2015-08-15 14:00:00+00:00,2015-08-15 15:00:00+00:00,7,1.17,0.019,6.88,6.5,peer_context,medium
R80736,operating_below_reference_candidate,2015-11-05 15:10:00+00:00,2015-11-05 16:10:00+00:00,7,1.17,0.0187,5.76,5.05,peer_context,medium
R80736,operating_below_reference_candidate,2015-06-15 13:30:00+00:00,2015-06-15 14:20:00+00:00,6,1.0,0.0185,5.27,5.38,peer_context,medium
R80736,operating_below_reference_candidate,2015-07-01 04:30:00+00:00,2015-07-01 05:20:00+00:00,6,1.0,0.0184,5.11,5.14,peer_context,medium
R80721,operating_below_reference_candidate,2015-11-25 15:40:00+00:00,2015-11-25 16:30:00+00:00,6,1.0,0.0183,5.07,5.61,peer_context,medium
R80790,idle_in_apparently_usable_wind,2015-04-29 12:40:00+00:00,2015-04-29 12:40:00+00:00,1,0.17,0.018,4.86,4.62,peer_context,medium
R80790,idle_in_apparently_usable_wind,2015-04-29 05:40:00+00:00,2015-04-29 05:50:00+00:00,2,0.33,0.018,4.34,4.68,peer_context,medium
R80790,idle_in_apparently_usable_wind,2015-06-13 17:30:00+00:00,2015-06-13 17:30:00+00:00,1,0.17,0.018,4.62,4.51,peer_context,medium
R80790,idle_in_apparently_usable_wind,2015-01-23 12:20:00+00:00,2015-01-23 13:20:00+00:00,7,1.17,0.018,4.13,4.76,peer_context,medium
R80790,idle_in_apparently_usable_wind,2015-04-16 05:40:00+00:00,2015-04-16 07:00:00+00:00,9,1.5,0.018,4.26,5.23,peer_context,medium
R80790,idle_in_apparently_usable_wind,2015-04-16 07:20:00+00:00,2015-04-16 08:20:00+00:00,7,1.17,0.018,4.32,4.93,peer_context,medium
R80790,idle_in_apparently_usable_wind,2015-07-05 11:50:00+00:00,2015-07-05 11:50:00+00:00,1,0.17,0.018,5.02,5.18,peer_context,medium
R80790,idle_in_apparently_usable_wind,2015-04-16 10:20:00+00:00,2015-04-16 10:50:00+00:00,4,0.67,0.018,4.23,4.76,peer_context,medium
R80721,operating_below_reference_candidate,2015-06-07 15:40:00+00:00,2015-06-07 16:30:00+00:00,6,1.0,0.0178,4.94,5.73,peer_context,medium
R80711,operating_below_reference_candidate,2015-05-09 07:50:00+00:00,2015-05-09 08:50:00+00:00,7,1.17,0.0177,8.26,7.7,peer_context,medium
R80790,operating_below_reference_candidate,2015-12-15 15:10:00+00:00,2015-12-15 16:10:00+00:00,7,1.17,0.0177,5.19,5.58,peer_context,medium
R80736,operating_below_reference_candidate,2015-09-08 08:00:00+00:00,2015-09-08 08:50:00+00:00,6,1.0,0.0176,5.26,5.11,peer_context,medium
R80721,operating_below_reference_candidate,2015-06-04 17:40:00+00:00,2015-06-04 18:30:00+00:00,6,1.0,0.0174,4.79,4.92,peer_context,medium
R80711,operating_below_reference_candidate,2015-10-16 20:50:00+00:00,2015-10-16 21:40:00+00:00,6,1.0,0.0171,5.05,4.39,peer_context,medium
R80721,operating_below_reference_candidate,2015-09-23 11:50:00+00:00,2015-09-23 12:40:00+00:00,6,1.0,0.0166,5.42,5.64,peer_context,medium
R80711,operating_below_reference_candidate,2015-09-24 20:10:00+00:00,2015-09-24 21:00:00+00:00,6,1.0,0.0164,4.84,4.8,peer_context,medium
R80721,idle_in_apparently_usable_wind,2015-03-05 06:40:00+00:00,2015-03-05 06:40:00+00:00,1,0.17,0.0162,4.85,6.02,peer_context,medium
R80721,idle_in_apparently_usable_wind,2015-06-05 12:00:00+00:00,2015-06-05 12:00:00+00:00,1,0.17,0.0162,4.76,4.71,peer_context,medium
R80736,idle_in_apparently_usable_wind,2015-11-03 07:40:00+00:00,2015-11-03 08:00:00+00:00,3,0.5,0.0162,3.77,5.01,peer_context,medium
R80736,idle_in_apparently_usable_wind,2015-07-24 13:50:00+00:00,2015-07-24 13:50:00+00:00,1,0.17,0.0162,4.73,5.09,peer_context,medium
R80736,idle_in_apparently_usable_wind,2015-08-09 04:20:00+00:00,2015-08-09 04:30:00+00:00,2,0.33,0.0162,4.04,4.73,peer_context,medium
R80721,idle_in_apparently_usable_wind,2015-10-03 08:00:00+00:00,2015-10-03 08:00:00+00:00,1,0.17,0.0162,4.76,5.18,peer_context,medium
R80736,idle_in_apparently_usable_wind,2015-11-20 08:50:00+00:00,2015-11-20 08:50:00+00:00,1,0.17,0.0162,4.65,6.16,peer_context,medium
R80736,idle_in_apparently_usable_wind,2015-12-03 07:00:00+00:00,2015-12-03 07:00:00+00:00,1,0.17,0.0162,4.48,4.91,peer_context,medium
R80721,operating_below_reference_candidate,2015-06-06 14:00:00+00:00,2015-06-06 14:50:00+00:00,6,1.0,0.0159,5.22,5.15,peer_context,medium
R80736,operating_below_reference_candidate,2015-09-06 03:10:00+00:00,2015-09-06 04:00:00+00:00,6,1.0,0.0159,4.91,5.14,peer_context,medium
R80711,idle_in_apparently_usable_wind,2015-11-03 07:00:00+00:00,2015-11-03 07:20:00+00:00,3,0.5,0.0153,4.2,4.81,peer_context,medium
R80711,idle_in_apparently_usable_wind,2015-08-06 05:50:00+00:00,2015-08-06 05:50:00+00:00,1,0.17,0.0153,4.83,4.56,peer_context,medium
R80711,idle_in_apparently_usable_wind,2015-10-09 09:20:00+00:00,2015-10-09 10:00:00+00:00,5,0.83,0.0153,4.3,4.6,peer_context,medium
R80711,idle_in_apparently_usable_wind,2015-10-09 10:20:00+00:00,2015-10-09 10:20:00+00:00,1,0.17,0.0153,4.92,4.74,peer_context,medium
R80711,idle_in_apparently_usable_wind,2015-10-09 06:10:00+00:00,2015-10-09 06:10:00+00:00,1,0.17,0.0153,4.62,4.64,peer_context,medium
R80711,idle_in_apparently_usable_wind,2015-07-23 13:30:00+00:00,2015-07-23 13:40:00+00:00,2,0.33,0.0153,4.29,5.17,peer_context,medium
R80721,operating_below_reference_candidate,2015-07-15 19:40:00+00:00,2015-07-15 20:30:00+00:00,6,1.0,0.0149,5.28,5.65,peer_context,medium
R80721,operating_below_reference_candidate,2015-09-04 23:50:00+00:00,2015-09-05 00:40:00+00:00,6,1.0,0.0149,4.61,4.48,peer_context,medium
R80736,operating_below_reference_candidate,2015-06-23 22:10:00+00:00,2015-06-23 23:00:00+00:00,6,1.0,0.0145,5.0,4.77,peer_context,medium
R80790,operating_below_reference_candidate,2015-06-03 11:10:00+00:00,2015-06-03 12:00:00+00:00,6,1.0,0.014,5.39,5.43,peer_context,medium
R80721,operating_below_reference_candidate,2015-07-20 05:00:00+00:00,2015-07-20 05:50:00+00:00,6,1.0,0.014,5.12,5.12,peer_context,medium
R80711,operating_below_reference_candidate,2015-04-12 18:30:00+00:00,2015-04-12 19:30:00+00:00,7,1.17,0.014,4.68,4.23,peer_context,medium
R80736,operating_below_reference_candidate,2015-08-16 12:50:00+00:00,2015-08-16 13:40:00+00:00,6,1.0,0.0139,4.78,4.32,peer_context,medium
R80711,operating_below_reference_candidate,2015-06-07 12:10:00+00:00,2015-06-07 13:00:00+00:00,6,1.0,0.0136,5.02,5.04,peer_context,medium
R80790,operating_below_reference_candidate,2015-02-26 10:30:00+00:00,2015-02-26 11:20:00+00:00,6,1.0,0.013,4.72,4.92,peer_context,medium
R80736,operating_below_reference_candidate,2015-04-02 17:00:00+00:00,2015-04-02 17:50:00+00:00,6,1.0,0.0127,4.84,5.23,peer_context,medium
R80721,operating_below_reference_candidate,2015-08-13 15:50:00+00:00,2015-08-13 16:40:00+00:00,6,1.0,0.0127,5.21,5.38,peer_context,medium
R80736,operating_below_reference_candidate,2015-02-18 23:40:00+00:00,2015-02-19 00:30:00+00:00,6,1.0,0.0123,4.61,4.61,peer_context,medium
R80721,operating_below_reference_candidate,2015-10-15 23:30:00+00:00,2015-10-16 00:20:00+00:00,6,1.0,0.0118,4.59,4.75,peer_context,medium
R80711,operating_below_reference_candidate,2015-09-24 17:20:00+00:00,2015-09-24 18:10:00+00:00,6,1.0,0.0118,4.75,4.66,peer_context,medium
R80790,operating_below_reference_candidate,2015-10-03 02:20:00+00:00,2015-10-03 03:10:00+00:00,6,1.0,0.0114,5.06,5.26,peer_context,medium
R80721,operating_below_reference_candidate,2015-01-27 10:40:00+00:00,2015-01-27 11:30:00+00:00,6,1.0,0.0111,4.75,4.93,peer_context,medium
R80736,operating_below_reference_candidate,2015-10-13 12:40:00+00:00,2015-10-13 13:30:00+00:00,6,1.0,0.0108,5.37,5.38,peer_context,medium
R80736,operating_below_reference_candidate,2015-06-21 18:00:00+00:00,2015-06-21 18:50:00+00:00,6,1.0,0.0107,5.17,5.68,peer_context,medium
R80790,operating_below_reference_candidate,2015-04-07 06:30:00+00:00,2015-04-07 07:20:00+00:00,6,1.0,0.0102,4.64,4.61,peer_context,medium
R80736,operating_below_reference_candidate,2015-08-18 22:20:00+00:00,2015-08-18 23:10:00+00:00,6,1.0,0.0096,4.81,4.61,peer_context,medium
R80711,operating_below_reference_candidate,2015-07-05 03:00:00+00:00,2015-07-05 03:50:00+00:00,6,1.0,0.0093,5.15,3.99,peer_context,medium
R80736,idle_in_apparently_usable_wind,2015-04-10 08:00:00+00:00,2015-04-10 08:00:00+00:00,1,0.17,0.0,3.26,4.59,peer_context,medium
R80736,idle_in_apparently_usable_wind,2015-04-12 16:10:00+00:00,2015-04-12 16:10:00+00:00,1,0.17,0.0,2.5,4.55,peer_context,medium
R80736,idle_in_apparently_usable_wind,2015-04-12 19:10:00+00:00,2015-04-12 19:30:00+00:00,3,0.5,0.0,2.08,4.58,peer_context,medium
R80736,idle_in_apparently_usable_wind,2015-04-12 21:10:00+00:00,2015-04-12 21:10:00+00:00,1,0.17,0.0,2.52,4.51,peer_context,medium
R80790,idle_in_apparently_usable_wind,2015-04-09 19:00:00+00:00,2015-04-09 19:30:00+00:00,4,0.67,0.0,2.77,4.76,peer_context,medium
R80736,idle_in_apparently_usable_wind,2015-09-01 06:00:00+00:00,2015-09-01 06:00:00+00:00,1,0.17,0.0,3.01,4.81,peer_context,medium
R80736,idle_in_apparently_usable_wind,2015-04-20 06:30:00+00:00,2015-04-20 06:30:00+00:00,1,0.17,0.0,3.2,4.57,peer_context,medium
R80736,idle_in_apparently_usable_wind,2015-01-19 20:20:00+00:00,2015-01-19 20:20:00+00:00,1,0.17,0.0,3.27,4.92,peer_context,medium
R80736,idle_in_apparently_usable_wind,2015-01-19 23:50:00+00:00,2015-01-19 23:50:00+00:00,1,0.17,0.0,2.98,4.5,peer_context,medium
R80790,idle_in_apparently_usable_wind,2015-07-11 23:40:00+00:00,2015-07-11 23:50:00+00:00,2,0.33,0.0,3.12,5.07,peer_context,medium
R80790,idle_in_apparently_usable_wind,2015-07-12 03:00:00+00:00,2015-07-12 03:20:00+00:00,3,0.5,0.0,2.45,5.08,peer_context,medium
R80790,idle_in_apparently_usable_wind,2015-07-17 09:40:00+00:00,2015-07-17 09:40:00+00:00,1,0.17,0.0,3.39,4.65,peer_context,medium
R80711,idle_in_apparently_usable_wind,2015-07-21 11:30:00+00:00,2015-07-21 11:30:00+00:00,1,0.17,0.0,2.97,4.93,peer_context,medium
R80711,idle_in_apparently_usable_wind,2015-07-21 12:10:00+00:00,2015-07-21 12:10:00+00:00,1,0.17,0.0,4.45,5.1,peer_context,medium
R80711,idle_in_apparently_usable_wind,2015-07-21 13:00:00+00:00,2015-07-21 13:00:00+00:00,1,0.17,0.0,4.09,4.51,peer_context,medium
R80790,idle_in_apparently_usable_wind,2015-03-31 02:40:00+00:00,2015-03-31 02:40:00+00:00,1,0.17,0.0,16.29,15.6,peer_context,medium
R80711,idle_in_apparently_usable_wind,2015-10-09 08:30:00+00:00,2015-10-09 08:30:00+00:00,1,0.17,0.0,3.94,4.61,peer_context,medium
R80721,idle_in_apparently_usable_wind,2015-05-07 22:40:00+00:00,2015-05-07 22:40:00+00:00,1,0.17,0.0,3.4,4.63,peer_context,medium
R80721,idle_in_apparently_usable_wind,2015-05-08 04:20:00+00:00,2015-05-08 04:20:00+00:00,1,0.17,0.0,1.98,4.69,peer_context,medium
R80711,idle_in_apparently_usable_wind,2015-07-26 06:50:00+00:00,2015-07-26 07:00:00+00:00,2,0.33,0.0,3.88,5.15,peer_context,medium
R80736,idle_in_apparently_usable_wind,2015-07-30 04:50:00+00:00,2015-07-30 04:50:00+00:00,1,0.17,0.0,2.88,4.81,peer_context,medium
R80736,idle_in_apparently_usable_wind,2015-09-07 06:30:00+00:00,2015-09-07 06:30:00+00:00,1,0.17,0.0,3.43,4.82,peer_context,medium
R80721,idle_in_apparently_usable_wind,2015-04-24 13:10:00+00:00,2015-04-24 13:10:00+00:00,1,0.17,0.0,2.34,4.62,peer_context,medium
R80721,idle_in_apparently_usable_wind,2015-04-29 12:40:00+00:00,2015-04-29 13:00:00+00:00,3,0.5,0.0,4.07,4.74,peer_context,medium
R80721,idle_in_apparently_usable_wind,2015-04-30 05:50:00+00:00,2015-04-30 05:50:00+00:00,1,0.17,0.0,4.04,4.77,peer_context,medium
R80790,idle_in_apparently_usable_wind,2015-07-21 08:10:00+00:00,2015-07-21 08:10:00+00:00,1,0.17,0.0,3.93,4.87,peer_context,medium
R80790,idle_in_apparently_usable_wind,2015-07-21 09:00:00+00:00,2015-07-21 09:00:00+00:00,1,0.17,0.0,2.58,4.55,peer_context,medium
R80721,idle_in_apparently_usable_wind,2015-11-03 12:50:00+00:00,2015-11-03 12:50:00+00:00,1,0.17,0.0,2.97,4.91,peer_context,medium
R80721,idle_in_apparently_usable_wind,2015-08-07 13:10:00+00:00,2015-08-07 13:10:00+00:00,1,0.17,0.0,4.21,4.56,peer_context,medium
R80711,idle_in_apparently_usable_wind,2015-07-12 06:20:00+00:00,2015-07-12 06:20:00+00:00,1,0.17,0.0,4.4,4.68,peer_context,medium
R80721,idle_in_apparently_usable_wind,2015-07-29 07:10:00+00:00,2015-07-29 07:10:00+00:00,1,0.17,0.0,3.53,4.77,peer_context,medium
R80721,idle_in_apparently_usable_wind,2015-12-03 06:20:00+00:00,2015-12-03 06:30:00+00:00,2,0.33,0.0,2.66,5.1,peer_context,medium
R80736,idle_in_apparently_usable_wind,2015-07-22 04:00:00+00:00,2015-07-22 04:20:00+00:00,3,0.5,0.0,3.19,4.83,peer_context,medium
R80736,idle_in_apparently_usable_wind,2015-07-22 18:50:00+00:00,2015-07-22 18:50:00+00:00,1,0.17,0.0,3.8,4.75,peer_context,medium
R80736,idle_in_apparently_usable_wind,2015-07-24 11:30:00+00:00,2015-07-24 11:30:00+00:00,1,0.17,0.0,3.37,4.86,peer_context,medium
R80736,idle_in_apparently_usable_wind,2015-07-24 12:40:00+00:00,2015-07-24 12:40:00+00:00,1,0.17,0.0,3.78,4.54,peer_context,medium
R80721,idle_in_apparently_usable_wind,2015-05-20 11:10:00+00:00,2015-05-20 11:10:00+00:00,1,0.17,0.0,3.48,4.63,peer_context,medium
R80721,idle_in_apparently_usable_wind,2015-05-21 17:40:00+00:00,2015-05-21 17:40:00+00:00,1,0.17,0.0,3.15,4.7,peer_context,medium
R80790,idle_in_apparently_usable_wind,2015-04-29 13:00:00+00:00,2015-04-29 13:00:00+00:00,1,0.17,0.0,3.68,4.78,peer_context,medium
R80790,idle_in_apparently_usable_wind,2015-06-28 18:30:00+00:00,2015-06-28 18:30:00+00:00,1,0.17,0.0,3.57,4.76,peer_context,medium
R80721,idle_in_apparently_usable_wind,2015-08-10 05:30:00+00:00,2015-08-10 05:30:00+00:00,1,0.17,0.0,3.46,4.88,peer_context,medium
R80721,idle_in_apparently_usable_wind,2015-08-11 09:40:00+00:00,2015-08-11 09:40:00+00:00,1,0.17,0.0,3.23,4.51,peer_context,medium
R80721,idle_in_apparently_usable_wind,2015-08-11 11:40:00+00:00,2015-08-11 11:40:00+00:00,1,0.17,0.0,3.11,4.8,peer_context,medium
R80721,idle_in_apparently_usable_wind,2015-08-11 13:20:00+00:00,2015-08-11 13:20:00+00:00,1,0.17,0.0,2.93,4.5,peer_context,medium
R80721,idle_in_apparently_usable_wind,2015-08-12 10:00:00+00:00,2015-08-12 10:00:00+00:00,1,0.17,0.0,3.55,4.72,peer_context,medium
R80790,idle_in_apparently_usable_wind,2015-06-28 19:00:00+00:00,2015-06-28 19:00:00+00:00,1,0.17,0.0,3.14,4.95,peer_context,medium
R80790,idle_in_apparently_usable_wind,2015-06-29 00:30:00+00:00,2015-06-29 00:30:00+00:00,1,0.17,0.0,3.15,4.81,peer_context,medium
R80790,idle_in_apparently_usable_wind,2015-06-30 10:00:00+00:00,2015-06-30 10:00:00+00:00,1,0.17,0.0,3.78,4.57,peer_context,medium
R80790,idle_in_apparently_usable_wind,2015-04-13 04:50:00+00:00,2015-04-13 04:50:00+00:00,1,0.17,0.0,1.74,4.86,peer_context,medium
R80790,idle_in_apparently_usable_wind,2015-04-14 19:10:00+00:00,2015-04-14 19:30:00+00:00,3,0.5,0.0,2.6,4.58,peer_context,medium
R80790,idle_in_apparently_usable_wind,2015-04-14 19:50:00+00:00,2015-04-14 20:10:00+00:00,3,0.5,0.0,2.37,4.89,peer_context,medium
R80736,idle_in_apparently_usable_wind,2015-04-29 13:50:00+00:00,2015-04-29 13:50:00+00:00,1,0.17,0.0,2.97,4.95,peer_context,medium
R80736,idle_in_apparently_usable_wind,2015-04-29 14:10:00+00:00,2015-04-29 14:10:00+00:00,1,0.17,0.0,2.37,4.93,peer_context,medium
R80736,idle_in_apparently_usable_wind,2015-05-04 06:50:00+00:00,2015-05-04 06:50:00+00:00,1,0.17,0.0,3.8,4.59,peer_context,medium
R80721,idle_in_apparently_usable_wind,2015-06-22 08:30:00+00:00,2015-06-22 08:30:00+00:00,1,0.17,0.0,2.69,5.04,peer_context,medium
R80721,idle_in_apparently_usable_wind,2015-06-22 09:10:00+00:00,2015-06-22 09:10:00+00:00,1,0.17,0.0,3.07,4.76,peer_context,medium
R80721,idle_in_apparently_usable_wind,2015-06-23 08:00:00+00:00,2015-06-23 08:00:00+00:00,1,0.17,0.0,4.14,4.99,peer_context,medium
R80711,idle_in_apparently_usable_wind,2015-11-27 07:10:00+00:00,2015-11-27 07:30:00+00:00,3,0.5,0.0,4.14,5.05,peer_context,medium
R80721,idle_in_apparently_usable_wind,2015-05-26 23:20:00+00:00,2015-05-26 23:20:00+00:00,1,0.17,0.0,3.48,4.55,peer_context,medium
R80790,idle_in_apparently_usable_wind,2015-07-30 02:40:00+00:00,2015-07-30 03:10:00+00:00,4,0.67,0.0,2.18,4.72,peer_context,medium
R80790,idle_in_apparently_usable_wind,2015-08-02 15:20:00+00:00,2015-08-02 15:20:00+00:00,1,0.17,0.0,3.78,4.51,peer_context,medium
R80790,idle_in_apparently_usable_wind,2015-08-03 11:10:00+00:00,2015-08-03 11:10:00+00:00,1,0.17,0.0,3.45,4.98,peer_context,medium
R80790,idle_in_apparently_usable_wind,2015-08-05 08:20:00+00:00,2015-08-05 08:20:00+00:00,1,0.17,0.0,3.45,4.58,peer_context,medium
R80736,idle_in_apparently_usable_wind,2015-09-13 00:40:00+00:00,2015-09-13 00:40:00+00:00,1,0.17,0.0,3.1,4.55,peer_context,medium
R80736,idle_in_apparently_usable_wind,2015-10-02 07:30:00+00:00,2015-10-02 07:30:00+00:00,1,0.17,0.0,3.51,4.71,peer_context,medium
R80736,idle_in_apparently_usable_wind,2015-10-04 17:30:00+00:00,2015-10-04 17:30:00+00:00,1,0.17,0.0,3.49,4.85,peer_context,medium
R80736,idle_in_apparently_usable_wind,2015-10-09 04:30:00+00:00,2015-10-09 04:30:00+00:00,1,0.17,0.0,2.35,4.54,peer_context,medium
R80736,idle_in_apparently_usable_wind,2015-04-24 13:50:00+00:00,2015-04-24 13:50:00+00:00,1,0.17,0.0,3.1,4.53,peer_context,medium
R80790,idle_in_apparently_usable_wind,2015-08-11 15:20:00+00:00,2015-08-11 15:20:00+00:00,1,0.17,0.0,3.69,4.64,peer_context,medium
R80711,idle_in_apparently_usable_wind,2015-07-04 09:20:00+00:00,2015-07-04 09:20:00+00:00,1,0.17,0.0,3.05,4.98,peer_context,medium
R80711,idle_in_apparently_usable_wind,2015-07-05 11:30:00+00:00,2015-07-05 11:30:00+00:00,1,0.17,0.0,3.75,4.62,peer_context,medium
R80711,idle_in_apparently_usable_wind,2015-07-05 12:20:00+00:00,2015-07-05 12:20:00+00:00,1,0.17,0.0,2.76,5.23,peer_context,medium
R80790,idle_in_apparently_usable_wind,2015-08-20 05:50:00+00:00,2015-08-20 06:00:00+00:00,2,0.33,0.0,2.85,4.62,peer_context,medium
R80790,idle_in_apparently_usable_wind,2015-08-21 16:10:00+00:00,2015-08-21 16:10:00+00:00,1,0.17,0.0,3.4,4.65,peer_context,medium
R80736,idle_in_apparently_usable_wind,2015-03-21 07:00:00+00:00,2015-03-21 07:00:00+00:00,1,0.17,0.0,4.27,4.79,peer_context,medium
R80736,idle_in_apparently_usable_wind,2015-07-21 13:00:00+00:00,2015-07-21 13:00:00+00:00,1,0.17,0.0,4.01,4.54,peer_context,medium
R80736,idle_in_apparently_usable_wind,2015-07-21 14:00:00+00:00,2015-07-21 14:00:00+00:00,1,0.17,0.0,3.95,5.35,peer_context,medium
R80736,idle_in_apparently_usable_wind,2015-07-21 15:20:00+00:00,2015-07-21 15:20:00+00:00,1,0.17,0.0,3.51,4.88,peer_context,medium
R80736,idle_in_apparently_usable_wind,2015-07-21 21:20:00+00:00,2015-07-21 21:30:00+00:00,2,0.33,0.0,2.97,5.09,peer_context,medium
R80736,idle_in_apparently_usable_wind,2015-07-21 22:50:00+00:00,2015-07-21 22:50:00+00:00,1,0.17,0.0,1.94,4.99,peer_context,medium
R80711,idle_in_apparently_usable_wind,2015-12-25 10:20:00+00:00,2015-12-25 10:20:00+00:00,1,0.17,0.0,4.01,5.48,peer_context,medium
R80721,idle_in_apparently_usable_wind,2015-01-02 01:40:00+00:00,2015-01-02 01:40:00+00:00,1,0.17,0.0,3.17,4.57,peer_context,medium
R80721,idle_in_apparently_usable_wind,2015-01-04 23:50:00+00:00,2015-01-04 23:50:00+00:00,1,0.17,0.0,3.92,4.87,peer_context,medium
R80721,idle_in_apparently_usable_wind,2015-01-05 07:10:00+00:00,2015-01-05 07:10:00+00:00,1,0.17,0.0,1.79,4.5,peer_context,medium
R80721,idle_in_apparently_usable_wind,2015-01-06 11:30:00+00:00,2015-01-06 11:50:00+00:00,3,0.5,0.0,3.42,4.87,peer_context,medium
R80790,idle_in_apparently_usable_wind,2015-02-22 05:50:00+00:00,2015-02-22 05:50:00+00:00,1,0.17,0.0,3.22,4.6,peer_context,medium
R80736,idle_in_apparently_usable_wind,2015-08-02 13:10:00+00:00,2015-08-02 13:10:00+00:00,1,0.17,0.0,3.59,4.54,peer_context,medium
R80736,idle_in_apparently_usable_wind,2015-08-03 12:50:00+00:00,2015-08-03 12:50:00+00:00,1,0.17,0.0,4.02,4.86,peer_context,medium
R80736,idle_in_apparently_usable_wind,2015-08-05 07:40:00+00:00,2015-08-05 07:40:00+00:00,1,0.17,0.0,3.15,4.59,peer_context,medium
R80736,idle_in_apparently_usable_wind,2015-08-06 05:40:00+00:00,2015-08-06 05:40:00+00:00,1,0.17,0.0,2.85,5.05,peer_context,medium
R80736,idle_in_apparently_usable_wind,2015-08-06 06:00:00+00:00,2015-08-06 06:00:00+00:00,1,0.17,0.0,3.2,4.85,peer_context,medium
R80711,idle_in_apparently_usable_wind,2015-08-01 12:00:00+00:00,2015-08-01 12:00:00+00:00,1,0.17,0.0,2.61,4.8,peer_context,medium
R80790,idle_in_apparently_usable_wind,2015-06-26 04:10:00+00:00,2015-06-26 04:20:00+00:00,2,0.33,0.0,3.41,4.55,peer_context,medium
R80790,idle_in_apparently_usable_wind,2015-04-23 14:30:00+00:00,2015-04-23 14:30:00+00:00,1,0.17,0.0,3.21,4.57,peer_context,medium
R80790,idle_in_apparently_usable_wind,2015-04-29 07:40:00+00:00,2015-04-29 07:50:00+00:00,2,0.33,0.0,4.05,4.56,peer_context,medium
R80790,site_wide_low_or_zero_production,2015-02-27 14:50:00+00:00,2015-02-27 14:50:00+00:00,1,0.17,0.0,3.99,4.54,peer_context,not_applicable
R80790,idle_in_apparently_usable_wind,2015-02-28 14:00:00+00:00,2015-02-28 14:00:00+00:00,1,0.17,0.0,3.48,5.04,peer_context,medium
R80736,idle_in_apparently_usable_wind,2015-03-27 04:50:00+00:00,2015-03-27 04:50:00+00:00,1,0.17,0.0,3.14,4.6,peer_context,medium
R80721,idle_in_apparently_usable_wind,2015-07-05 10:20:00+00:00,2015-07-05 10:20:00+00:00,1,0.17,0.0,3.96,4.82,peer_context,medium
R80721,idle_in_apparently_usable_wind,2015-07-05 12:40:00+00:00,2015-07-05 12:40:00+00:00,1,0.17,0.0,3.8,5.21,peer_context,medium
R80721,idle_in_apparently_usable_wind,2015-07-07 06:50:00+00:00,2015-07-07 06:50:00+00:00,1,0.17,0.0,3.7,4.53,peer_context,medium
R80721,idle_in_apparently_usable_wind,2015-12-23 16:30:00+00:00,2015-12-23 16:40:00+00:00,2,0.33,0.0,3.31,4.63,peer_context,medium
R80736,idle_in_apparently_usable_wind,2015-01-02 01:40:00+00:00,2015-01-02 01:50:00+00:00,2,0.33,0.0,2.46,4.7,peer_context,medium
R80790,idle_in_apparently_usable_wind,2015-01-31 22:30:00+00:00,2015-02-01 04:20:00+00:00,36,6.0,0.0,3.11,5.13,peer_context,medium
R80790,idle_in_apparently_usable_wind,2015-02-02 08:20:00+00:00,2015-02-02 08:30:00+00:00,2,0.33,0.0,1.85,4.62,peer_context,medium
R80790,idle_in_apparently_usable_wind,2015-02-02 08:50:00+00:00,2015-02-02 08:50:00+00:00,1,0.17,0.0,1.92,4.73,peer_context,medium
R80790,idle_in_apparently_usable_wind,2015-02-09 04:10:00+00:00,2015-02-09 04:20:00+00:00,2,0.33,0.0,3.07,4.82,peer_context,medium
R80790,idle_in_apparently_usable_wind,2015-02-09 08:50:00+00:00,2015-02-09 09:00:00+00:00,2,0.33,0.0,4.17,4.6,peer_context,medium
R80790,idle_in_apparently_usable_wind,2015-02-09 11:00:00+00:00,2015-02-09 11:20:00+00:00,3,0.5,0.0,3.95,4.67,peer_context,medium
R80736,idle_in_apparently_usable_wind,2015-01-21 10:50:00+00:00,2015-01-21 11:00:00+00:00,2,0.33,0.0,3.28,4.99,peer_context,medium
R80736,idle_in_apparently_usable_wind,2015-01-31 21:30:00+00:00,2015-02-01 02:40:00+00:00,32,5.33,0.0,2.94,5.61,peer_context,medium
R80736,idle_in_apparently_usable_wind,2015-02-09 10:40:00+00:00,2015-02-09 10:40:00+00:00,1,0.17,0.0,3.12,4.56,peer_context,medium
R80736,idle_in_apparently_usable_wind,2015-02-11 12:00:00+00:00,2015-02-11 12:10:00+00:00,2,0.33,0.0,3.23,4.6,peer_context,medium
R80736,idle_in_apparently_usable_wind,2015-02-15 00:50:00+00:00,2015-02-15 00:50:00+00:00,1,0.17,0.0,3.11,4.94,peer_context,medium
R80736,idle_in_apparently_usable_wind,2015-07-16 10:50:00+00:00,2015-07-16 10:50:00+00:00,1,0.17,0.0,3.66,4.82,peer_context,medium
R80736,idle_in_apparently_usable_wind,2015-07-16 13:00:00+00:00,2015-07-16 13:00:00+00:00,1,0.17,0.0,4.04,4.7,peer_context,medium
R80721,idle_in_apparently_usable_wind,2015-10-20 11:40:00+00:00,2015-10-20 11:40:00+00:00,1,0.17,0.0,3.23,4.57,peer_context,medium
R80721,idle_in_apparently_usable_wind,2015-10-20 21:20:00+00:00,2015-10-20 21:40:00+00:00,3,0.5,0.0,3.11,4.9,peer_context,medium
R80721,idle_in_apparently_usable_wind,2015-11-02 20:50:00+00:00,2015-11-02 20:50:00+00:00,1,0.17,0.0,2.44,4.84,peer_context,medium
R80711,idle_in_apparently_usable_wind,2015-06-12 16:10:00+00:00,2015-06-12 16:10:00+00:00,1,0.17,0.0,3.6,4.6,peer_context,medium
R80711,site_wide_low_or_zero_production,2015-06-17 12:40:00+00:00,2015-06-17 12:40:00+00:00,1,0.17,0.0,3.92,4.59,peer_context,not_applicable
R80790,idle_in_apparently_usable_wind,2015-08-30 12:30:00+00:00,2015-08-30 12:30:00+00:00,1,0.17,0.0,3.21,4.52,peer_context,medium
R80790,idle_in_apparently_usable_wind,2015-09-01 01:10:00+00:00,2015-09-01 01:30:00+00:00,3,0.5,0.0,2.74,4.6,peer_context,medium
R80790,idle_in_apparently_usable_wind,2015-09-01 07:40:00+00:00,2015-09-01 07:40:00+00:00,1,0.17,0.0,4.31,4.81,peer_context,medium
R80790,idle_in_apparently_usable_wind,2015-09-06 15:00:00+00:00,2015-09-06 15:20:00+00:00,3,0.5,0.0,4.1,5.28,peer_context,medium
R80790,idle_in_apparently_usable_wind,2015-09-07 04:30:00+00:00,2015-09-07 04:30:00+00:00,1,0.17,0.0,4.01,4.58,peer_context,medium
R80790,idle_in_apparently_usable_wind,2015-09-07 06:40:00+00:00,2015-09-07 06:40:00+00:00,1,0.17,0.0,3.81,4.67,peer_context,medium
R80736,idle_in_apparently_usable_wind,2015-08-20 16:50:00+00:00,2015-08-20 16:50:00+00:00,1,0.17,0.0,3.76,4.98,peer_context,medium
R80736,idle_in_apparently_usable_wind,2015-08-20 20:00:00+00:00,2015-08-20 20:10:00+00:00,2,0.33,0.0,2.71,4.65,peer_context,medium
R80736,idle_in_apparently_usable_wind,2015-08-22 13:30:00+00:00,2015-08-22 13:30:00+00:00,1,0.17,0.0,3.02,4.85,peer_context,medium
R80790,idle_in_apparently_usable_wind,2015-06-13 08:10:00+00:00,2015-06-13 08:10:00+00:00,1,0.17,0.0,4.25,4.72,peer_context,medium
R80790,idle_in_apparently_usable_wind,2015-06-13 10:10:00+00:00,2015-06-13 10:30:00+00:00,3,0.5,0.0,3.77,4.73,peer_context,medium
R80790,idle_in_apparently_usable_wind,2015-06-14 06:40:00+00:00,2015-06-14 06:50:00+00:00,2,0.33,0.0,4.3,4.6,peer_context,medium
R80790,idle_in_apparently_usable_wind,2015-06-26 04:40:00+00:00,2015-06-26 04:40:00+00:00,1,0.17,0.0,2.88,4.61,peer_context,medium
R80736,idle_in_apparently_usable_wind,2015-08-01 11:00:00+00:00,2015-08-01 11:00:00+00:00,1,0.17,0.0,3.57,4.79,peer_context,medium
R80736,idle_in_apparently_usable_wind,2015-08-01 14:20:00+00:00,2015-08-01 14:20:00+00:00,1,0.17,0.0,2.62,4.85,peer_context,medium
R80736,idle_in_apparently_usable_wind,2015-08-01 14:40:00+00:00,2015-08-01 14:40:00+00:00,1,0.17,0.0,2.72,4.61,peer_context,medium
R80736,idle_in_apparently_usable_wind,2015-08-02 08:10:00+00:00,2015-08-02 08:10:00+00:00,1,0.17,0.0,2.9,4.58,peer_context,medium
R80711,idle_in_apparently_usable_wind,2015-06-05 11:50:00+00:00,2015-06-05 12:00:00+00:00,2,0.33,0.0,4.3,4.78,peer_context,medium
R80711,idle_in_apparently_usable_wind,2015-06-05 12:40:00+00:00,2015-06-05 12:40:00+00:00,1,0.17,0.0,3.51,4.52,peer_context,medium
R80721,idle_in_apparently_usable_wind,2015-01-23 07:20:00+00:00,2015-01-23 07:20:00+00:00,1,0.17,0.0,2.63,4.53,peer_context,medium
R80721,idle_in_apparently_usable_wind,2015-12-14 14:50:00+00:00,2015-12-14 14:50:00+00:00,1,0.17,0.0,3.28,4.87,peer_context,medium
R80736,idle_in_apparently_usable_wind,2015-10-09 05:20:00+00:00,2015-10-09 05:20:00+00:00,1,0.17,0.0,3.18,4.58,peer_context,medium
R80736,idle_in_apparently_usable_wind,2015-10-13 06:50:00+00:00,2015-10-13 07:00:00+00:00,2,0.33,0.0,2.49,4.81,peer_context,medium
R80736,idle_in_apparently_usable_wind,2015-10-13 07:20:00+00:00,2015-10-13 07:20:00+00:00,1,0.17,0.0,3.17,5.09,peer_context,medium
R80736,idle_in_apparently_usable_wind,2015-02-17 14:10:00+00:00,2015-02-17 14:20:00+00:00,2,0.33,0.0,2.33,5.11,peer_context,medium
R80736,idle_in_apparently_usable_wind,2015-10-18 20:20:00+00:00,2015-10-18 20:20:00+00:00,1,0.17,0.0,1.22,4.66,peer_context,medium
R80736,idle_in_apparently_usable_wind,2015-10-20 01:20:00+00:00,2015-10-20 01:20:00+00:00,1,0.17,0.0,2.04,5.09,peer_context,medium
R80736,idle_in_apparently_usable_wind,2015-10-20 01:50:00+00:00,2015-10-20 01:50:00+00:00,1,0.17,0.0,1.6,5.42,peer_context,medium
R80736,idle_in_apparently_usable_wind,2015-10-20 02:10:00+00:00,2015-10-20 03:30:00+00:00,9,1.5,0.0,2.56,5.03,peer_context,medium
R80736,idle_in_apparently_usable_wind,2015-10-20 03:50:00+00:00,2015-10-20 03:50:00+00:00,1,0.17,0.0,3.25,4.97,peer_context,medium
R80736,idle_in_apparently_usable_wind,2015-10-24 07:50:00+00:00,2015-10-24 08:00:00+00:00,2,0.33,0.0,3.39,4.79,peer_context,medium
R80790,idle_in_apparently_usable_wind,2015-12-15 11:20:00+00:00,2015-12-15 11:20:00+00:00,1,0.17,0.0,3.17,4.56,peer_context,medium
R80721,idle_in_apparently_usable_wind,2015-06-03 14:00:00+00:00,2015-06-03 14:00:00+00:00,1,0.17,0.0,2.31,4.98,peer_context,medium
R80736,idle_in_apparently_usable_wind,2015-11-07 09:10:00+00:00,2015-11-07 09:10:00+00:00,1,0.17,0.0,2.64,5.25,peer_context,medium
R80736,idle_in_apparently_usable_wind,2015-11-03 03:50:00+00:00,2015-11-03 04:30:00+00:00,5,0.83,0.0,2.8,5.07,peer_context,medium
R80711,idle_in_apparently_usable_wind,2015-02-21 10:00:00+00:00,2015-02-21 10:00:00+00:00,1,0.17,0.0,3.85,4.67,peer_context,medium
R80736,idle_in_apparently_usable_wind,2015-11-03 08:30:00+00:00,2015-11-03 08:30:00+00:00,1,0.17,0.0,2.74,4.51,peer_context,medium
R80736,idle_in_apparently_usable_wind,2015-05-21 12:10:00+00:00,2015-05-21 12:10:00+00:00,1,0.17,0.0,3.05,4.64,peer_context,medium
R80721,idle_in_apparently_usable_wind,2015-02-03 13:00:00+00:00,2015-02-03 13:20:00+00:00,3,0.5,0.0,3.78,4.95,peer_context,medium
R80721,idle_in_apparently_usable_wind,2015-02-11 08:10:00+00:00,2015-02-11 08:10:00+00:00,1,0.17,0.0,3.69,4.52,peer_context,medium
R80721,idle_in_apparently_usable_wind,2015-02-11 08:40:00+00:00,2015-02-11 09:50:00+00:00,8,1.33,0.0,3.93,4.93,peer_context,medium
R80736,idle_in_apparently_usable_wind,2015-08-10 09:10:00+00:00,2015-08-10 09:30:00+00:00,3,0.5,0.0,3.07,4.86,peer_context,medium
R80736,idle_in_apparently_usable_wind,2015-08-10 18:40:00+00:00,2015-08-10 19:20:00+00:00,5,0.83,0.0,2.91,5.4,peer_context,medium
R80736,idle_in_apparently_usable_wind,2015-08-10 22:20:00+00:00,2015-08-10 22:20:00+00:00,1,0.17,0.0,1.93,4.92,peer_context,medium
R80711,idle_in_apparently_usable_wind,2015-09-24 12:50:00+00:00,2015-09-24 12:50:00+00:00,1,0.17,0.0,3.87,5.42,peer_context,medium
R80721,idle_in_apparently_usable_wind,2015-08-18 17:40:00+00:00,2015-08-18 17:40:00+00:00,1,0.17,0.0,2.84,4.96,peer_context,medium
R80721,idle_in_apparently_usable_wind,2015-09-07 12:00:00+00:00,2015-09-07 12:10:00+00:00,2,0.33,0.0,3.18,4.67,peer_context,medium
R80721,idle_in_apparently_usable_wind,2015-11-22 08:40:00+00:00,2015-11-22 08:40:00+00:00,1,0.17,0.0,4.03,4.64,peer_context,medium
R80721,idle_in_apparently_usable_wind,2015-11-23 04:30:00+00:00,2015-11-23 05:00:00+00:00,4,0.67,0.0,3.16,4.64,peer_context,medium
R80721,site_wide_low_or_zero_production,2015-11-24 08:30:00+00:00,2015-11-24 08:30:00+00:00,1,0.17,0.0,4.36,4.93,peer_context,not_applicable
R80721,idle_in_apparently_usable_wind,2015-11-26 18:20:00+00:00,2015-11-26 18:20:00+00:00,1,0.17,0.0,3.23,4.51,peer_context,medium
R80736,idle_in_apparently_usable_wind,2015-08-18 13:10:00+00:00,2015-08-18 13:20:00+00:00,2,0.33,0.0,3.36,4.95,peer_context,medium
R80736,idle_in_apparently_usable_wind,2015-06-11 06:50:00+00:00,2015-06-11 06:50:00+00:00,1,0.17,0.0,3.15,4.56,peer_context,medium
R80721,idle_in_apparently_usable_wind,2015-02-11 10:10:00+00:00,2015-02-11 10:10:00+00:00,1,0.17,0.0,4.27,4.79,peer_context,medium
R80721,idle_in_apparently_usable_wind,2015-02-12 16:00:00+00:00,2015-02-12 16:00:00+00:00,1,0.17,0.0,3.01,4.71,peer_context,medium
R80721,idle_in_apparently_usable_wind,2015-01-18 12:30:00+00:00,2015-01-18 12:30:00+00:00,1,0.17,0.0,3.4,4.62,peer_context,medium
R80790,idle_in_apparently_usable_wind,2015-06-14 16:10:00+00:00,2015-06-14 16:10:00+00:00,1,0.17,0.0,4.49,4.57,peer_context,medium
R80721,idle_in_apparently_usable_wind,2015-09-12 08:30:00+00:00,2015-09-12 08:30:00+00:00,1,0.17,0.0,4.03,5.09,peer_context,medium
R80736,idle_in_apparently_usable_wind,2015-10-28 07:20:00+00:00,2015-10-28 07:30:00+00:00,2,0.33,0.0,4.25,4.82,peer_context,medium
R80736,idle_in_apparently_usable_wind,2015-10-28 09:30:00+00:00,2015-10-28 09:40:00+00:00,2,0.33,0.0,3.61,4.58,peer_context,medium
R80736,idle_in_apparently_usable_wind,2015-10-29 18:20:00+00:00,2015-10-29 18:20:00+00:00,1,0.17,0.0,3.25,4.55,peer_context,medium
R80736,idle_in_apparently_usable_wind,2015-10-30 12:50:00+00:00,2015-10-30 13:10:00+00:00,3,0.5,0.0,3.23,4.66,peer_context,medium
R80736,idle_in_apparently_usable_wind,2015-10-31 10:20:00+00:00,2015-10-31 10:30:00+00:00,2,0.33,0.0,3.44,4.61,peer_context,medium
R80736,idle_in_apparently_usable_wind,2015-11-01 15:30:00+00:00,2015-11-01 15:30:00+00:00,1,0.17,0.0,2.98,4.5,peer_context,medium
R80736,idle_in_apparently_usable_wind,2015-11-01 16:50:00+00:00,2015-11-01 17:00:00+00:00,2,0.33,0.0,2.21,4.81,peer_context,medium
R80736,idle_in_apparently_usable_wind,2015-11-02 20:50:00+00:00,2015-11-02 21:20:00+00:00,4,0.67,0.0,2.56,4.93,peer_context,medium
R80736,idle_in_apparently_usable_wind,2015-11-02 22:10:00+00:00,2015-11-02 22:20:00+00:00,2,0.33,0.0,3.16,4.58,peer_context,medium
R80736,idle_in_apparently_usable_wind,2015-06-12 13:50:00+00:00,2015-06-12 13:50:00+00:00,1,0.17,0.0,3.28,4.96,peer_context,medium
R80736,idle_in_apparently_usable_wind,2015-06-15 18:30:00+00:00,2015-06-15 18:30:00+00:00,1,0.17,0.0,3.16,4.57,peer_context,medium
R80736,idle_in_apparently_usable_wind,2015-07-12 04:40:00+00:00,2015-07-12 04:40:00+00:00,1,0.17,0.0,1.81,4.97,peer_context,medium
R80721,idle_in_apparently_usable_wind,2015-05-11 06:40:00+00:00,2015-05-11 06:50:00+00:00,2,0.33,0.0,2.86,4.81,peer_context,medium
R80721,idle_in_apparently_usable_wind,2015-06-25 00:40:00+00:00,2015-06-25 01:30:00+00:00,6,1.0,0.0,2.74,4.72,peer_context,medium
R80721,idle_in_apparently_usable_wind,2015-06-27 22:30:00+00:00,2015-06-27 23:00:00+00:00,4,0.67,0.0,2.63,5.34,peer_context,medium
R80736,idle_in_apparently_usable_wind,2015-05-15 06:30:00+00:00,2015-05-15 06:30:00+00:00,1,0.17,0.0,3.66,4.6,peer_context,medium
R80736,idle_in_apparently_usable_wind,2015-05-17 10:20:00+00:00,2015-05-17 10:20:00+00:00,1,0.17,0.0,3.4,4.56,peer_context,medium
R80736,idle_in_apparently_usable_wind,2015-05-17 11:40:00+00:00,2015-05-17 11:40:00+00:00,1,0.17,0.0,3.25,4.62,peer_context,medium
R80736,idle_in_apparently_usable_wind,2015-05-17 14:20:00+00:00,2015-05-17 14:20:00+00:00,1,0.17,0.0,3.46,4.56,peer_context,medium
R80736,idle_in_apparently_usable_wind,2015-05-20 12:20:00+00:00,2015-05-20 12:20:00+00:00,1,0.17,0.0,4.28,5.59,peer_context,medium
R80721,idle_in_apparently_usable_wind,2015-03-18 13:00:00+00:00,2015-03-18 13:00:00+00:00,1,0.17,0.0,3.63,4.6,peer_context,medium
R80721,idle_in_apparently_usable_wind,2015-03-21 07:00:00+00:00,2015-03-21 07:00:00+00:00,1,0.17,0.0,4.21,4.81,peer_context,medium
R80721,idle_in_apparently_usable_wind,2015-03-26 07:00:00+00:00,2015-03-26 07:10:00+00:00,2,0.33,0.0,3.59,4.7,peer_context,medium
R80721,idle_in_apparently_usable_wind,2015-10-05 11:10:00+00:00,2015-10-05 11:10:00+00:00,1,0.17,0.0,2.92,4.61,peer_context,medium
R80790,idle_in_apparently_usable_wind,2015-09-30 23:40:00+00:00,2015-09-30 23:50:00+00:00,2,0.33,0.0,2.85,4.53,peer_context,medium
R80790,idle_in_apparently_usable_wind,2015-10-02 12:20:00+00:00,2015-10-02 12:20:00+00:00,1,0.17,0.0,2.9,4.55,peer_context,medium
R80721,idle_in_apparently_usable_wind,2015-05-11 07:50:00+00:00,2015-05-11 08:00:00+00:00,2,0.33,0.0,3.79,4.89,peer_context,medium
R80721,idle_in_apparently_usable_wind,2015-05-11 12:30:00+00:00,2015-05-11 12:40:00+00:00,2,0.33,0.0,4.18,4.64,peer_context,medium
R80711,idle_in_apparently_usable_wind,2015-09-14 10:00:00+00:00,2015-09-14 10:00:00+00:00,1,0.17,0.0,14.94,14.63,peer_context,medium
R80790,idle_in_apparently_usable_wind,2015-05-14 09:10:00+00:00,2015-05-14 09:10:00+00:00,1,0.17,0.0,2.69,4.54,peer_context,medium
R80721,idle_in_apparently_usable_wind,2015-05-11 13:00:00+00:00,2015-05-11 13:10:00+00:00,2,0.33,0.0,3.91,4.76,peer_context,medium
R80790,idle_in_apparently_usable_wind,2015-06-05 11:10:00+00:00,2015-06-05 11:10:00+00:00,1,0.17,0.0,3.65,4.64,peer_context,medium
R80790,idle_in_apparently_usable_wind,2015-06-12 07:10:00+00:00,2015-06-12 07:10:00+00:00,1,0.17,0.0,3.55,4.74,peer_context,medium
R80790,idle_in_apparently_usable_wind,2015-06-13 04:50:00+00:00,2015-06-13 05:00:00+00:00,2,0.33,0.0,4.12,4.96,peer_context,medium
R80790,idle_in_apparently_usable_wind,2015-06-13 06:50:00+00:00,2015-06-13 07:00:00+00:00,2,0.33,0.0,3.87,4.85,peer_context,medium
R80736,idle_in_apparently_usable_wind,2015-08-18 10:30:00+00:00,2015-08-18 10:30:00+00:00,1,0.17,0.0,3.5,4.74,peer_context,medium
R80736,idle_in_apparently_usable_wind,2015-08-07 17:40:00+00:00,2015-08-07 17:40:00+00:00,1,0.17,0.0,3.12,6.55,peer_context,medium
R80736,idle_in_apparently_usable_wind,2015-08-07 18:20:00+00:00,2015-08-07 18:30:00+00:00,2,0.33,0.0,2.67,5.0,peer_context,medium
R80711,idle_in_apparently_usable_wind,2015-09-07 07:50:00+00:00,2015-09-07 07:50:00+00:00,1,0.17,0.0,2.61,4.67,peer_context,medium
R80736,idle_in_apparently_usable_wind,2015-08-10 08:40:00+00:00,2015-08-10 08:40:00+00:00,1,0.17,0.0,2.46,4.82,peer_context,medium
R80736,idle_in_apparently_usable_wind,2015-03-07 20:00:00+00:00,2015-03-07 20:00:00+00:00,1,0.17,0.0,3.3,4.5,peer_context,medium
R80736,idle_in_apparently_usable_wind,2015-03-08 16:20:00+00:00,2015-03-08 16:20:00+00:00,1,0.17,0.0,3.44,4.64,peer_context,medium
R80736,idle_in_apparently_usable_wind,2015-03-08 20:00:00+00:00,2015-03-08 20:00:00+00:00,1,0.17,0.0,3.17,5.32,peer_context,medium
R80736,idle_in_apparently_usable_wind,2015-03-13 00:40:00+00:00,2015-03-13 01:00:00+00:00,3,0.5,0.0,3.18,5.06,peer_context,medium
R80736,idle_in_apparently_usable_wind,2015-03-13 13:20:00+00:00,2015-03-13 13:20:00+00:00,1,0.17,0.0,2.98,4.58,peer_context,medium
R80721,idle_in_apparently_usable_wind,2015-06-30 09:00:00+00:00,2015-06-30 09:00:00+00:00,1,0.17,0.0,3.47,4.6,peer_context,medium
R80736,idle_in_apparently_usable_wind,2015-03-20 07:10:00+00:00,2015-03-20 07:10:00+00:00,1,0.17,0.0,1.66,4.5,peer_context,medium
R80736,idle_in_apparently_usable_wind,2015-03-20 07:30:00+00:00,2015-03-20 07:40:00+00:00,2,0.33,0.0,2.71,4.55,peer_context,medium
R80736,idle_in_apparently_usable_wind,2015-03-20 10:20:00+00:00,2015-03-20 10:20:00+00:00,1,0.17,0.0,2.93,4.53,peer_context,medium
R80711,idle_in_apparently_usable_wind,2015-04-23 11:30:00+00:00,2015-04-23 11:30:00+00:00,1,0.17,0.0,3.65,4.77,peer_context,medium
R80736,idle_in_apparently_usable_wind,2015-07-01 05:40:00+00:00,2015-07-01 05:40:00+00:00,1,0.17,0.0,3.58,5.11,peer_context,medium
R80736,idle_in_apparently_usable_wind,2015-07-04 09:30:00+00:00,2015-07-04 09:30:00+00:00,1,0.17,0.0,3.1,4.58,peer_context,medium
R80736,idle_in_apparently_usable_wind,2015-07-04 12:00:00+00:00,2015-07-04 12:00:00+00:00,1,0.17,0.0,3.2,4.67,peer_context,medium
R80736,idle_in_apparently_usable_wind,2015-07-04 17:10:00+00:00,2015-07-04 17:10:00+00:00,1,0.17,0.0,3.58,4.71,peer_context,medium
R80721,idle_in_apparently_usable_wind,2015-06-05 11:10:00+00:00,2015-06-05 11:20:00+00:00,2,0.33,0.0,3.63,4.69,peer_context,medium
R80736,idle_in_apparently_usable_wind,2015-02-17 11:40:00+00:00,2015-02-17 11:40:00+00:00,1,0.17,0.0,3.18,4.8,peer_context,medium
R80736,idle_in_apparently_usable_wind,2015-06-10 22:50:00+00:00,2015-06-10 22:50:00+00:00,1,0.17,0.0,3.67,4.83,peer_context,medium
R80790,idle_in_apparently_usable_wind,2015-01-03 23:50:00+00:00,2015-01-03 23:50:00+00:00,1,0.17,0.0,4.03,4.6,peer_context,medium
R80721,idle_in_apparently_usable_wind,2015-02-26 08:10:00+00:00,2015-02-26 08:10:00+00:00,1,0.17,0.0,3.16,4.67,peer_context,medium
R80736,idle_in_apparently_usable_wind,2015-01-16 10:40:00+00:00,2015-01-16 10:40:00+00:00,1,0.17,0.0,1.99,4.59,peer_context,medium
R80736,idle_in_apparently_usable_wind,2015-05-24 10:20:00+00:00,2015-05-24 10:20:00+00:00,1,0.17,0.0,2.89,4.51,peer_context,medium
R80736,idle_in_apparently_usable_wind,2015-06-05 13:10:00+00:00,2015-06-05 13:10:00+00:00,1,0.17,0.0,2.62,4.54,peer_context,medium
R80736,idle_in_apparently_usable_wind,2015-02-25 11:10:00+00:00,2015-02-25 11:10:00+00:00,1,0.17,0.0,3.83,5.16,peer_context,medium
R80736,idle_in_apparently_usable_wind,2015-02-28 08:30:00+00:00,2015-02-28 08:50:00+00:00,3,0.5,0.0,3.05,4.79,peer_context,medium
R80721,idle_in_apparently_usable_wind,2015-08-03 10:50:00+00:00,2015-08-03 11:00:00+00:00,2,0.33,0.0,3.76,4.67,peer_context,medium
R80721,idle_in_apparently_usable_wind,2015-08-03 11:20:00+00:00,2015-08-03 11:20:00+00:00,1,0.17,0.0,4.04,4.54,peer_context,medium
R80721,idle_in_apparently_usable_wind,2015-08-03 12:10:00+00:00,2015-08-03 12:10:00+00:00,1,0.17,0.0,2.86,4.58,peer_context,medium
R80790,idle_in_apparently_usable_wind,2015-05-24 15:20:00+00:00,2015-05-24 15:20:00+00:00,1,0.17,0.0,3.18,4.63,peer_context,medium
R80736,idle_in_apparently_usable_wind,2015-08-22 14:10:00+00:00,2015-08-22 14:10:00+00:00,1,0.17,0.0,3.26,4.74,peer_context,medium
R80736,idle_in_apparently_usable_wind,2015-08-26 06:10:00+00:00,2015-08-26 06:10:00+00:00,1,0.17,0.0,3.78,4.77,peer_context,medium
R80736,idle_in_apparently_usable_wind,2015-08-26 07:30:00+00:00,2015-08-26 07:30:00+00:00,1,0.17,0.0,3.14,4.52,peer_context,medium
R80711,idle_in_apparently_usable_wind,2015-09-30 23:50:00+00:00,2015-09-30 23:50:00+00:00,1,0.17,0.0,2.23,4.79,peer_context,medium
R80790,idle_in_apparently_usable_wind,2015-10-20 02:10:00+00:00,2015-10-20 02:10:00+00:00,1,0.17,0.0,3.16,4.59,peer_context,medium
R80790,idle_in_apparently_usable_wind,2015-10-22 12:10:00+00:00,2015-10-22 12:10:00+00:00,1,0.17,0.0,4.02,4.62,peer_context,medium
R80721,idle_in_apparently_usable_wind,2015-07-02 23:30:00+00:00,2015-07-02 23:40:00+00:00,2,0.33,0.0,1.73,4.77,peer_context,medium
R80711,idle_in_apparently_usable_wind,2015-04-14 04:40:00+00:00,2015-04-14 04:40:00+00:00,1,0.17,0.0,3.46,4.82,peer_context,medium
R80711,idle_in_apparently_usable_wind,2015-04-15 02:00:00+00:00,2015-04-15 02:10:00+00:00,2,0.33,0.0,3.19,5.07,peer_context,medium
R80711,idle_in_apparently_usable_wind,2015-04-15 03:10:00+00:00,2015-04-15 03:20:00+00:00,2,0.33,0.0,3.32,4.94,peer_context,medium
R80711,idle_in_apparently_usable_wind,2015-04-15 03:40:00+00:00,2015-04-15 03:40:00+00:00,1,0.17,0.0,3.22,5.06,peer_context,medium
R80736,idle_in_apparently_usable_wind,2015-01-03 03:50:00+00:00,2015-01-03 03:50:00+00:00,1,0.17,0.0,2.59,4.54,peer_context,medium
R80721,idle_in_apparently_usable_wind,2015-07-21 11:20:00+00:00,2015-07-21 11:20:00+00:00,1,0.17,0.0,3.13,4.78,peer_context,medium
R80721,idle_in_apparently_usable_wind,2015-07-23 05:10:00+00:00,2015-07-23 05:10:00+00:00,1,0.17,0.0,3.47,4.55,peer_context,medium
R80721,idle_in_apparently_usable_wind,2015-07-24 13:00:00+00:00,2015-07-24 13:00:00+00:00,1,0.17,0.0,4.5,4.75,peer_context,medium
R80721,idle_in_apparently_usable_wind,2015-07-24 14:40:00+00:00,2015-07-24 14:40:00+00:00,1,0.17,0.0,3.22,4.67,peer_context,medium
R80721,idle_in_apparently_usable_wind,2015-07-26 02:50:00+00:00,2015-07-26 02:50:00+00:00,1,0.17,0.0,3.45,4.95,peer_context,medium
R80736,idle_in_apparently_usable_wind,2015-12-30 06:20:00+00:00,2015-12-30 07:20:00+00:00,7,1.17,0.0,2.43,5.56,peer_context,medium
R80736,idle_in_apparently_usable_wind,2015-12-30 13:00:00+00:00,2015-12-30 13:10:00+00:00,2,0.33,0.0,2.72,4.59,peer_context,medium
R80790,idle_in_apparently_usable_wind,2015-01-02 01:40:00+00:00,2015-01-02 01:40:00+00:00,1,0.17,0.0,3.3,4.53,peer_context,medium
R80711,idle_in_apparently_usable_wind,2015-04-15 05:50:00+00:00,2015-04-15 05:50:00+00:00,1,0.17,0.0,3.4,4.69,peer_context,medium
R80736,idle_in_apparently_usable_wind,2015-03-17 20:40:00+00:00,2015-03-17 20:40:00+00:00,1,0.17,0.0,3.22,4.51,peer_context,medium
R80721,idle_in_apparently_usable_wind,2015-06-15 00:00:00+00:00,2015-06-15 00:10:00+00:00,2,0.33,0.0,3.43,4.98,peer_context,medium
R80721,idle_in_apparently_usable_wind,2015-06-17 12:50:00+00:00,2015-06-17 12:50:00+00:00,1,0.17,0.0,3.93,4.73,peer_context,medium
R80721,idle_in_apparently_usable_wind,2015-06-19 14:30:00+00:00,2015-06-19 14:30:00+00:00,1,0.17,0.0,3.55,4.56,peer_context,medium
R80721,idle_in_apparently_usable_wind,2015-04-17 14:00:00+00:00,2015-04-17 14:00:00+00:00,1,0.17,0.0,2.59,4.96,peer_context,medium
R80721,idle_in_apparently_usable_wind,2015-04-24 08:40:00+00:00,2015-04-24 08:40:00+00:00,1,0.17,0.0,1.96,4.53,peer_context,medium
R80736,idle_in_apparently_usable_wind,2015-12-03 10:30:00+00:00,2015-12-03 10:40:00+00:00,2,0.33,0.0,3.66,4.58,peer_context,medium
R80736,idle_in_apparently_usable_wind,2015-12-03 11:20:00+00:00,2015-12-03 11:20:00+00:00,1,0.17,0.0,3.23,4.6,peer_context,medium
R80736,idle_in_apparently_usable_wind,2015-12-03 11:40:00+00:00,2015-12-03 11:40:00+00:00,1,0.17,0.0,2.95,4.56,peer_context,medium
R80736,idle_in_apparently_usable_wind,2015-12-07 13:40:00+00:00,2015-12-07 13:40:00+00:00,1,0.17,0.0,2.27,4.54,peer_context,medium
R80736,idle_in_apparently_usable_wind,2015-12-19 13:40:00+00:00,2015-12-19 13:50:00+00:00,2,0.33,0.0,2.74,4.79,peer_context,medium
R80721,idle_in_apparently_usable_wind,2015-08-30 11:20:00+00:00,2015-08-30 11:20:00+00:00,1,0.17,0.0,4.07,5.15,peer_context,medium
R80721,idle_in_apparently_usable_wind,2015-09-03 11:10:00+00:00,2015-09-03 11:10:00+00:00,1,0.17,0.0,3.33,5.24,peer_context,medium
R80721,idle_in_apparently_usable_wind,2015-08-21 15:30:00+00:00,2015-08-21 15:30:00+00:00,1,0.17,0.0,3.29,4.76,peer_context,medium
R80736,idle_in_apparently_usable_wind,2015-02-22 17:30:00+00:00,2015-02-22 17:30:00+00:00,1,0.17,0.0,3.16,4.62,peer_context,medium
R80736,idle_in_apparently_usable_wind,2015-06-19 14:30:00+00:00,2015-06-19 14:30:00+00:00,1,0.17,0.0,3.63,4.54,peer_context,medium
R80721,idle_in_apparently_usable_wind,2015-07-03 00:00:00+00:00,2015-07-03 00:00:00+00:00,1,0.17,0.0,3.27,4.54,peer_context,medium
R80721,idle_in_apparently_usable_wind,2015-09-09 06:10:00+00:00,2015-09-09 06:10:00+00:00,1,0.17,0.0,3.62,4.75,peer_context,medium
R80721,idle_in_apparently_usable_wind,2015-09-11 08:50:00+00:00,2015-09-11 08:50:00+00:00,1,0.17,0.0,3.49,4.85,peer_context,medium
R80711,idle_in_apparently_usable_wind,2015-03-26 08:50:00+00:00,2015-03-26 09:00:00+00:00,2,0.33,0.0,4.03,4.86,peer_context,medium
R80736,idle_in_apparently_usable_wind,2015-07-30 07:00:00+00:00,2015-07-30 07:10:00+00:00,2,0.33,0.0,3.03,4.66,peer_context,medium
R80736,idle_in_apparently_usable_wind,2015-11-20 11:40:00+00:00,2015-11-20 11:40:00+00:00,1,0.17,0.0,2.81,4.8,peer_context,medium
R80736,idle_in_apparently_usable_wind,2015-11-23 07:20:00+00:00,2015-11-23 07:30:00+00:00,2,0.33,0.0,2.83,4.57,peer_context,medium
R80736,site_wide_low_or_zero_production,2015-11-24 08:20:00+00:00,2015-11-24 08:40:00+00:00,3,0.5,0.0,1.46,5.31,peer_context,not_applicable
R80790,idle_in_apparently_usable_wind,2015-07-05 23:10:00+00:00,2015-07-05 23:20:00+00:00,2,0.33,0.0,2.81,4.76,peer_context,medium
R80736,idle_in_apparently_usable_wind,2015-12-03 07:20:00+00:00,2015-12-03 07:40:00+00:00,3,0.5,0.0,3.17,4.76,peer_context,medium
R80736,idle_in_apparently_usable_wind,2015-12-03 08:00:00+00:00,2015-12-03 08:20:00+00:00,3,0.5,0.0,3.67,5.13,peer_context,medium
R80736,idle_in_apparently_usable_wind,2015-11-07 08:10:00+00:00,2015-11-07 08:10:00+00:00,1,0.17,0.0,3.21,5.14,peer_context,medium
R80711,idle_in_apparently_usable_wind,2015-03-05 12:10:00+00:00,2015-03-05 12:10:00+00:00,1,0.17,0.0,3.36,4.76,peer_context,medium
R80721,idle_in_apparently_usable_wind,2015-07-12 18:00:00+00:00,2015-07-12 18:00:00+00:00,1,0.17,0.0,2.81,4.85,peer_context,medium
R80736,idle_in_apparently_usable_wind,2015-11-11 20:40:00+00:00,2015-11-11 21:00:00+00:00,3,0.5,0.0,2.87,4.56,peer_context,medium
R80721,idle_in_apparently_usable_wind,2015-08-30 09:00:00+00:00,2015-08-30 09:00:00+00:00,1,0.17,0.0,3.7,4.83,peer_context,medium
R80736,idle_in_apparently_usable_wind,2015-11-11 21:20:00+00:00,2015-11-11 21:20:00+00:00,1,0.17,0.0,3.13,4.51,peer_context,medium
R80721,idle_in_apparently_usable_wind,2015-04-08 14:40:00+00:00,2015-04-08 14:40:00+00:00,1,0.17,0.0,3.81,4.5,peer_context,medium
R80721,idle_in_apparently_usable_wind,2015-04-13 10:20:00+00:00,2015-04-13 10:20:00+00:00,1,0.17,0.0,3.33,4.82,peer_context,medium
R80711,idle_in_apparently_usable_wind,2015-01-18 10:50:00+00:00,2015-01-18 10:50:00+00:00,1,0.17,0.0,3.23,4.5,peer_context,medium
R80736,idle_in_apparently_usable_wind,2015-02-28 11:10:00+00:00,2015-02-28 11:10:00+00:00,1,0.17,0.0,3.42,4.54,peer_context,medium
R80721,idle_in_apparently_usable_wind,2015-07-12 06:40:00+00:00,2015-07-12 06:50:00+00:00,2,0.33,0.0,3.5,4.57,peer_context,medium
R80711,idle_in_apparently_usable_wind,2015-07-22 04:30:00+00:00,2015-07-22 04:30:00+00:00,1,0.17,0.0,4.5,4.69,peer_context,medium
R80721,idle_in_apparently_usable_wind,2015-07-18 03:40:00+00:00,2015-07-18 03:40:00+00:00,1,0.17,0.0,3.48,4.73,peer_context,medium
R80711,idle_in_apparently_usable_wind,2015-07-23 11:50:00+00:00,2015-07-23 12:00:00+00:00,2,0.33,0.0,4.21,4.62,peer_context,medium
R80711,idle_in_apparently_usable_wind,2015-07-23 11:00:00+00:00,2015-07-23 11:10:00+00:00,2,0.33,0.0,4.44,5.04,peer_context,medium
R80736,idle_in_apparently_usable_wind,2015-07-24 13:10:00+00:00,2015-07-24 13:10:00+00:00,1,0.17,0.0,3.77,5.02,peer_context,medium
R80711,idle_in_apparently_usable_wind,2015-07-23 11:30:00+00:00,2015-07-23 11:30:00+00:00,1,0.17,0.0,3.72,4.67,peer_context,medium
R80721,idle_in_apparently_usable_wind,2015-07-21 06:20:00+00:00,2015-07-21 06:20:00+00:00,1,0.17,0.0,2.8,4.63,peer_context,medium
