Wind_turbine_name,timestamp_corrected_utc,P_avg,Ws_avg,peer_wind_mean,priority_rank,event_start_utc,event_end_utc,expected_kw_A,flagged_A,expected_kw_B,flagged_B,expected_kw_C,flagged_C
R80711,2015-07-26 13:10:00+00:00,-0.039999999,5.1599998,5.890000033333332,1,2015-07-26 15:10:00+00:00,2015-07-28 09:30:00+00:00,155.71001,False,165.06,False,133.6189355721276,False
R80711,2015-07-26 13:20:00+00:00,0.0,5.6799998,5.3366666,1,2015-07-26 15:10:00+00:00,2015-07-28 09:30:00+00:00,240.41,False,252.56,False,216.13862987991536,False
R80711,2015-07-26 13:30:00+00:00,-0.039999999,4.5700002,5.163333266666666,1,2015-07-26 15:10:00+00:00,2015-07-28 09:30:00+00:00,91.97500199999999,False,98.440002,False,69.1671364087948,False
R80711,2015-07-26 13:40:00+00:00,-0.64999998,4.2199998,5.5099999,1,2015-07-26 15:10:00+00:00,2015-07-28 09:30:00+00:00,0.0,False,0.0,False,0.0,False
R80711,2015-07-26 13:50:00+00:00,0.0,4.4499998,6.003333433333332,1,2015-07-26 15:10:00+00:00,2015-07-28 09:30:00+00:00,0.0,False,0.0,False,0.0,False
R80711,2015-07-26 14:00:00+00:00,-0.039999999,4.6599998,5.8700000333333335,1,2015-07-26 15:10:00+00:00,2015-07-28 09:30:00+00:00,91.97500199999999,False,98.440002,False,79.37589854679187,False
R80711,2015-07-26 14:10:00+00:00,-0.40000001,7.570000200000001,6.030000033333333,1,2015-07-26 15:10:00+00:00,2015-07-28 09:30:00+00:00,616.4500099999999,False,635.035005,False,672.0476292357398,False
R80711,2015-07-26 14:20:00+00:00,-0.55000001,6.130000099999999,6.526666466666666,1,2015-07-26 15:10:00+00:00,2015-07-28 09:30:00+00:00,347.17001,False,365.41,False,307.7824823640512,False
R80711,2015-07-26 14:30:00+00:00,-0.039999999,6.3499999,6.380000133333334,1,2015-07-26 15:10:00+00:00,2015-07-28 09:30:00+00:00,347.17001,False,365.41,False,353.89712676358334,False
R80711,2015-07-26 14:40:00+00:00,-0.33000001,6.2600002,5.460000033333333,1,2015-07-26 15:10:00+00:00,2015-07-28 09:30:00+00:00,347.17001,False,365.41,False,343.7935007250613,False
R80711,2015-07-26 14:50:00+00:00,-0.60000002,4.3200002,5.0433332,1,2015-07-26 15:10:00+00:00,2015-07-28 09:30:00+00:00,0.0,False,0.0,False,0.0,False
R80711,2015-07-26 15:00:00+00:00,-0.029999999,4.150000100000001,4.946666700000001,1,2015-07-26 15:10:00+00:00,2015-07-28 09:30:00+00:00,0.0,False,0.0,False,0.0,False
R80711,2015-07-26 15:10:00+00:00,-0.029999999,4.9299998,5.4199999,1,2015-07-26 15:10:00+00:00,2015-07-28 09:30:00+00:00,91.97500199999999,True,98.440002,True,108.76827589370598,True
R80711,2015-07-26 15:20:00+00:00,0.0,4.71,5.183333233333333,1,2015-07-26 15:10:00+00:00,2015-07-28 09:30:00+00:00,91.97500199999999,True,98.440002,True,86.40103293594063,True
R80711,2015-07-26 15:30:00+00:00,-0.029999999,4.9299998,6.0233332,1,2015-07-26 15:10:00+00:00,2015-07-28 09:30:00+00:00,91.97500199999999,True,98.440002,True,109.29568532776142,True
R80711,2015-07-26 15:40:00+00:00,-0.029999999,5.579999900000001,5.7766668,1,2015-07-26 15:10:00+00:00,2015-07-28 09:30:00+00:00,240.41,True,252.56,True,211.51512472888714,True
R80711,2015-07-26 15:50:00+00:00,0.0,5.8600001,6.049999866666666,1,2015-07-26 15:10:00+00:00,2015-07-28 09:30:00+00:00,240.41,True,252.56,True,266.20004862421456,True
R80711,2015-07-26 16:00:00+00:00,-0.88,6.880000099999999,6.1000000666666665,1,2015-07-26 15:10:00+00:00,2015-07-28 09:30:00+00:00,475.98001,True,496.20001,True,512.07705619856,True
R80711,2015-07-26 16:10:00+00:00,-0.029999999,6.5500002,5.699999933333333,1,2015-07-26 15:10:00+00:00,2015-07-28 09:30:00+00:00,475.98001,True,496.20001,True,427.203026200706,True
R80711,2015-07-26 16:20:00+00:00,-0.23,6.73,5.6633334,1,2015-07-26 15:10:00+00:00,2015-07-28 09:30:00+00:00,475.98001,True,496.20001,True,477.5202715086404,True
R80711,2015-07-26 16:30:00+00:00,-0.029999999,6.130000099999999,5.769999966666666,1,2015-07-26 15:10:00+00:00,2015-07-28 09:30:00+00:00,347.17001,True,365.41,True,326.8983316893608,True
R80711,2015-07-26 16:40:00+00:00,-0.029999999,5.2600002,5.206666633333334,1,2015-07-26 15:10:00+00:00,2015-07-28 09:30:00+00:00,155.71001,True,165.06,True,161.869531263768,True
R80711,2015-07-26 16:50:00+00:00,0.0,4.9899998,5.339999833333334,1,2015-07-26 15:10:00+00:00,2015-07-28 09:30:00+00:00,91.97500199999999,True,98.440002,True,127.56723838615822,True
R80711,2015-07-26 17:00:00+00:00,-0.27000001,6.0700002,5.706666633333334,1,2015-07-26 15:10:00+00:00,2015-07-28 09:30:00+00:00,347.17001,True,365.41,True,321.9024339541524,True
R80711,2015-07-26 17:10:00+00:00,-0.029999999,5.9699998,5.856666733333333,1,2015-07-26 15:10:00+00:00,2015-07-28 09:30:00+00:00,240.41,True,252.56,True,306.8662975825002,True
R80711,2015-07-26 17:20:00+00:00,-0.0099999998,6.690000099999999,6.416666666666667,1,2015-07-26 15:10:00+00:00,2015-07-28 09:30:00+00:00,475.98001,True,496.20001,True,479.41746190617323,True
R80711,2015-07-26 17:30:00+00:00,-0.41,7.559999900000001,6.829999933333334,1,2015-07-26 15:10:00+00:00,2015-07-28 09:30:00+00:00,757.66998,True,777.8950150000001,True,719.1586261918218,True
R80711,2015-07-26 17:40:00+00:00,-0.029999999,7.690000099999999,6.6499999333333335,1,2015-07-26 15:10:00+00:00,2015-07-28 09:30:00+00:00,757.66998,True,777.8950150000001,True,761.4455919662335,True
R80711,2015-07-26 17:50:00+00:00,0.0,8.279999700000001,7.376666733333334,1,2015-07-26 15:10:00+00:00,2015-07-28 09:30:00+00:00,898.3400300000001,True,916.78,True,921.2153950613939,True
R80711,2015-07-26 18:00:00+00:00,-0.029999999,8.29,7.8833332,1,2015-07-26 15:10:00+00:00,2015-07-28 09:30:00+00:00,898.3400300000001,True,916.78,True,920.9694715377265,True
R80711,2015-07-26 18:10:00+00:00,-0.029999999,7.380000099999999,7.133333366666665,1,2015-07-26 15:10:00+00:00,2015-07-28 09:30:00+00:00,616.4500099999999,True,635.035005,True,672.9014343757206,True
R80711,2015-07-26 18:20:00+00:00,-0.27000001,8.4200001,7.666666666666668,1,2015-07-26 15:10:00+00:00,2015-07-28 09:30:00+00:00,898.3400300000001,True,916.78,True,960.1450218609215,True
R80711,2015-07-26 18:30:00+00:00,-0.029999999,8.3100004,7.816666766666667,1,2015-07-26 15:10:00+00:00,2015-07-28 09:30:00+00:00,898.3400300000001,True,916.78,True,923.635917366882,True
R80711,2015-07-26 18:40:00+00:00,-0.12,8.3299999,8.479999866666668,1,2015-07-26 15:10:00+00:00,2015-07-28 09:30:00+00:00,898.3400300000001,True,916.78,True,925.3846909991604,True
R80711,2015-07-26 18:50:00+00:00,0.0,8.1000004,8.546666466666666,1,2015-07-26 15:10:00+00:00,2015-07-28 09:30:00+00:00,898.3400300000001,True,916.78,True,861.12496680071,True
R80711,2015-07-26 19:00:00+00:00,-0.029999999,8.5600004,8.0133335,1,2015-07-26 15:10:00+00:00,2015-07-28 09:30:00+00:00,1034.8000000000002,True,1048.475,True,996.0741496110393,True
R80711,2015-07-26 19:10:00+00:00,-0.029999999,7.829999900000001,7.2633334666666665,1,2015-07-26 15:10:00+00:00,2015-07-28 09:30:00+00:00,757.66998,True,777.8950150000001,True,787.0633950010834,True
R80711,2015-07-26 19:20:00+00:00,0.0,7.2399998,6.9133334333333325,1,2015-07-26 15:10:00+00:00,2015-07-28 09:30:00+00:00,616.4500099999999,True,635.035005,True,622.9691347260468,True
R80711,2015-07-26 19:30:00+00:00,-0.029999999,7.2600002,6.946666699999999,1,2015-07-26 15:10:00+00:00,2015-07-28 09:30:00+00:00,616.4500099999999,True,635.035005,True,635.2786853660352,True
R80711,2015-07-26 19:40:00+00:00,-0.029999999,7.75,6.8100001,1,2015-07-26 15:10:00+00:00,2015-07-28 09:30:00+00:00,757.66998,True,777.8950150000001,True,768.2012335729531,True
R80711,2015-07-26 19:50:00+00:00,0.0,7.820000200000001,6.6833333999999995,1,2015-07-26 15:10:00+00:00,2015-07-28 09:30:00+00:00,757.66998,True,777.8950150000001,True,790.8530771198988,True
R80711,2015-07-26 20:00:00+00:00,-0.039999999,7.360000099999999,6.536666733333334,1,2015-07-26 15:10:00+00:00,2015-07-28 09:30:00+00:00,616.4500099999999,True,635.035005,True,657.1335925004589,True
R80711,2015-07-26 20:10:00+00:00,-0.039999999,7.059999900000001,7.010000066666667,1,2015-07-26 15:10:00+00:00,2015-07-28 09:30:00+00:00,616.4500099999999,True,635.035005,True,577.5138756266531,True
R80711,2015-07-26 20:20:00+00:00,0.0,7.2399998,6.809999933333334,1,2015-07-26 15:10:00+00:00,2015-07-28 09:30:00+00:00,616.4500099999999,True,635.035005,True,626.8887906187194,True
R80711,2015-07-26 20:30:00+00:00,-0.36000001,6.4899998,6.466666533333334,1,2015-07-26 15:10:00+00:00,2015-07-28 09:30:00+00:00,347.17001,True,365.41,True,422.6705109890175,True
R80711,2015-07-26 20:40:00+00:00,-0.23,6.5100002,6.686666666666667,1,2015-07-26 15:10:00+00:00,2015-07-28 09:30:00+00:00,347.17001,True,365.41,True,426.8423394396284,True
R80711,2015-07-26 20:50:00+00:00,0.0,7.0900002,6.730000033333333,1,2015-07-26 15:10:00+00:00,2015-07-28 09:30:00+00:00,616.4500099999999,True,635.035005,True,586.2748588906707,True
R80711,2015-07-26 21:00:00+00:00,-0.039999999,7.110000099999999,6.446666699999999,1,2015-07-26 15:10:00+00:00,2015-07-28 09:30:00+00:00,616.4500099999999,True,635.035005,True,594.9902577251682,True
R80711,2015-07-26 21:10:00+00:00,-0.039999999,7.1999998,6.696666566666665,1,2015-07-26 15:10:00+00:00,2015-07-28 09:30:00+00:00,616.4500099999999,True,635.035005,True,615.373046626111,True
R80711,2015-07-26 21:20:00+00:00,0.0,7.349999900000001,7.130000133333333,1,2015-07-26 15:10:00+00:00,2015-07-28 09:30:00+00:00,616.4500099999999,True,635.035005,True,657.1520306623663,True
R80711,2015-07-26 21:30:00+00:00,-0.039999999,7.880000099999999,7.050000033333332,1,2015-07-26 15:10:00+00:00,2015-07-28 09:30:00+00:00,757.66998,True,777.8950150000001,True,804.5194412073449,True
R80711,2015-07-26 21:40:00+00:00,-0.039999999,8.1499996,7.249999866666667,1,2015-07-26 15:10:00+00:00,2015-07-28 09:30:00+00:00,898.3400300000001,True,916.78,True,880.5426608674054,True
R80711,2015-07-26 21:50:00+00:00,0.0,8.590000199999999,7.8366665666666675,1,2015-07-26 15:10:00+00:00,2015-07-28 09:30:00+00:00,1034.8000000000002,True,1048.475,True,995.8643970218369,True
R80711,2015-07-26 22:00:00+00:00,-0.039999999,8.869999900000002,8.276666633333333,1,2015-07-26 15:10:00+00:00,2015-07-28 09:30:00+00:00,1034.8000000000002,True,1048.475,True,1079.089581438996,True
R80711,2015-07-26 22:10:00+00:00,-0.039999999,8.1700001,7.729999866666668,1,2015-07-26 15:10:00+00:00,2015-07-28 09:30:00+00:00,898.3400300000001,True,916.78,True,878.793887235127,True
R80711,2015-07-26 22:20:00+00:00,-1.5,7.77,7.3433334,1,2015-07-26 15:10:00+00:00,2015-07-28 09:30:00+00:00,757.66998,True,777.8950150000001,True,766.2183004142003,True
R80711,2015-07-26 22:30:00+00:00,-0.029999999,7.309999900000001,7.243333333333333,1,2015-07-26 15:10:00+00:00,2015-07-28 09:30:00+00:00,616.4500099999999,True,635.035005,True,644.9687865410319,True
R80711,2015-07-26 22:40:00+00:00,-0.039999999,7.610000099999999,7.170000066666667,1,2015-07-26 15:10:00+00:00,2015-07-28 09:30:00+00:00,757.66998,True,777.8950150000001,True,725.4868340276878,True
R80711,2015-07-26 22:50:00+00:00,0.0,8.300000200000001,7.653333166666667,1,2015-07-26 15:10:00+00:00,2015-07-28 09:30:00+00:00,898.3400300000001,True,916.78,True,916.7602842405064,True
R80711,2015-07-26 23:00:00+00:00,-0.039999999,8.3500004,8.033333466666667,1,2015-07-26 15:10:00+00:00,2015-07-28 09:30:00+00:00,898.3400300000001,True,916.78,True,923.4261647776797,True
R80711,2015-07-26 23:10:00+00:00,-0.029999999,9.1000004,8.826666833333334,1,2015-07-26 15:10:00+00:00,2015-07-28 09:30:00+00:00,1165.52,True,1182.2849999999999,True,1124.480080083301,True
R80711,2015-07-26 23:20:00+00:00,0.0,9.7600002,9.276666666666666,1,2015-07-26 15:10:00+00:00,2015-07-28 09:30:00+00:00,1299.3049999999998,True,1308.75,True,1299.7384616456432,True
R80711,2015-07-26 23:30:00+00:00,-0.029999999,10.44,9.5500002,1,2015-07-26 15:10:00+00:00,2015-07-28 09:30:00+00:00,1415.87,True,1434.15,True,1461.1272391087095,True
R80711,2015-07-26 23:40:00+00:00,-0.029999999,9.7700005,9.6133333,1,2015-07-26 15:10:00+00:00,2015-07-28 09:30:00+00:00,1299.3049999999998,True,1308.75,True,1291.8409785448362,True
R80711,2015-07-26 23:50:00+00:00,0.0,9.130000099999998,9.009999899999999,1,2015-07-26 15:10:00+00:00,2015-07-28 09:30:00+00:00,1165.52,True,1182.2849999999999,True,1116.9012239201188,True
R80711,2015-07-27 00:00:00+00:00,-0.28999999,9.0699997,8.206666466666665,1,2015-07-26 15:10:00+00:00,2015-07-28 09:30:00+00:00,1165.52,True,1182.2849999999999,True,1111.6976455433503,True
R80711,2015-07-27 00:10:00+00:00,-0.039999999,8.75,8.259999933333333,1,2015-07-26 15:10:00+00:00,2015-07-28 09:30:00+00:00,1034.8000000000002,True,1048.475,True,1020.632714402316,True
R80711,2015-07-27 00:20:00+00:00,0.0,8.71,8.653332999999998,1,2015-07-26 15:10:00+00:00,2015-07-28 09:30:00+00:00,1034.8000000000002,True,1048.475,True,1020.632714402316,True
R80711,2015-07-27 00:30:00+00:00,-0.039999999,10.11,8.950000133333333,1,2015-07-26 15:10:00+00:00,2015-07-28 09:30:00+00:00,1415.87,True,1434.15,True,1372.5584217400824,True
R80711,2015-07-27 00:40:00+00:00,-0.039999999,10.39,9.0433332,1,2015-07-26 15:10:00+00:00,2015-07-28 09:30:00+00:00,1415.87,True,1434.15,True,1460.4050854026182,True
R80711,2015-07-27 00:50:00+00:00,0.0,8.760000199999999,8.783333466666667,1,2015-07-26 15:10:00+00:00,2015-07-28 09:30:00+00:00,1034.8000000000002,True,1048.475,True,1018.6901342753555,True
R80711,2015-07-27 01:00:00+00:00,-0.0500000009999999,9.3900003,8.603333333333333,1,2015-07-26 15:10:00+00:00,2015-07-28 09:30:00+00:00,1165.52,True,1182.2849999999999,True,1195.9523317171124,True
R80711,2015-07-27 01:10:00+00:00,-0.0500000009999999,9.119999900000002,9.293333033333333,1,2015-07-26 15:10:00+00:00,2015-07-28 09:30:00+00:00,1165.52,True,1182.2849999999999,True,1104.94195681875,True
R80711,2015-07-27 01:20:00+00:00,0.0,8.75,8.1666665,1,2015-07-26 15:10:00+00:00,2015-07-28 09:30:00+00:00,1034.8000000000002,True,1048.475,True,1013.2584098175319,True
R80711,2015-07-27 01:30:00+00:00,-0.0500000009999999,8.880000099999998,7.9833332666666665,1,2015-07-26 15:10:00+00:00,2015-07-28 09:30:00+00:00,1034.8000000000002,True,1048.475,True,1059.3973466193763,True
R80711,2015-07-27 01:40:00+00:00,-0.0500000009999999,8.930000300000001,7.8333333,1,2015-07-26 15:10:00+00:00,2015-07-28 09:30:00+00:00,1034.8000000000002,True,1048.475,True,1059.3973466193763,True
R80711,2015-07-27 01:50:00+00:00,0.0,9.8599997,8.269999966666665,1,2015-07-26 15:10:00+00:00,2015-07-28 09:30:00+00:00,1299.3049999999998,True,1308.75,True,1290.9475151370825,True
R80711,2015-07-27 02:00:00+00:00,-0.039999999,10.8,9.496666566666667,1,2015-07-26 15:10:00+00:00,2015-07-28 09:30:00+00:00,1542.4301,True,1555.72,True,1517.9739396241432,True
R80711,2015-07-27 02:10:00+00:00,-0.039999999,9.880000099999998,9.43,1,2015-07-26 15:10:00+00:00,2015-07-28 09:30:00+00:00,1299.3049999999998,True,1308.75,True,1327.274071354767,True
R80711,2015-07-27 02:20:00+00:00,0.0,9.8599997,8.736666699999999,1,2015-07-26 15:10:00+00:00,2015-07-28 09:30:00+00:00,1299.3049999999998,True,1308.75,True,1290.9475151370825,True
R80711,2015-07-27 02:30:00+00:00,-0.039999999,9.0799999,7.500000166666667,1,2015-07-26 15:10:00+00:00,2015-07-28 09:30:00+00:00,1165.52,True,1182.2849999999999,True,1105.517810491425,True
R80711,2015-07-27 02:40:00+00:00,-0.039999999,8.1700001,7.776666666666666,1,2015-07-26 15:10:00+00:00,2015-07-28 09:30:00+00:00,898.3400300000001,True,916.78,True,865.5300998874807,True
R80711,2015-07-27 02:50:00+00:00,0.0,8.7799997,8.603333466666667,1,2015-07-26 15:10:00+00:00,2015-07-28 09:30:00+00:00,1034.8000000000002,True,1048.475,True,1019.2659879480308,True
R80711,2015-07-27 03:00:00+00:00,-0.039999999,9.4499998,9.130000133333334,1,2015-07-26 15:10:00+00:00,2015-07-28 09:30:00+00:00,1165.52,True,1182.2849999999999,True,1195.9523317171124,True
R80711,2015-07-27 03:10:00+00:00,-0.039999999,10.02,9.736666833333334,1,2015-07-26 15:10:00+00:00,2015-07-28 09:30:00+00:00,1299.3049999999998,True,1308.75,True,1327.274071354767,True
R80711,2015-07-27 03:20:00+00:00,0.0,9.8500004,9.679999966666665,1,2015-07-26 15:10:00+00:00,2015-07-28 09:30:00+00:00,1299.3049999999998,True,1308.75,True,1290.9475151370825,True
R80711,2015-07-27 03:30:00+00:00,-0.039999999,10.3,9.919999899999999,1,2015-07-26 15:10:00+00:00,2015-07-28 09:30:00+00:00,1415.87,True,1434.15,True,1411.8619680721486,True
R80711,2015-07-27 03:40:00+00:00,-0.039999999,10.65,9.623333333333333,1,2015-07-26 15:10:00+00:00,2015-07-28 09:30:00+00:00,1542.4301,True,1555.72,True,1517.9739396241432,True
R80711,2015-07-27 03:50:00+00:00,-0.23,11.51,10.316666633333334,1,2015-07-26 15:10:00+00:00,2015-07-28 09:30:00+00:00,1641.6801,True,1660.91,True,1697.1344087477041,True
R80711,2015-07-27 04:00:00+00:00,-0.039999999,11.21,10.590000000000002,1,2015-07-26 15:10:00+00:00,2015-07-28 09:30:00+00:00,1641.6801,True,1660.91,True,1638.6061070407907,True
R80711,2015-07-27 04:10:00+00:00,-0.039999999,9.8999996,10.14333333333333,1,2015-07-26 15:10:00+00:00,2015-07-28 09:30:00+00:00,1299.3049999999998,True,1308.75,True,1327.0187784331436,True
R80711,2015-07-27 04:20:00+00:00,0.0,9.9700003,9.466666566666667,1,2015-07-26 15:10:00+00:00,2015-07-28 09:30:00+00:00,1299.3049999999998,True,1308.75,True,1327.0187784331436,True
R80711,2015-07-27 04:30:00+00:00,-0.059999999,8.590000199999999,8.896666833333335,1,2015-07-26 15:10:00+00:00,2015-07-28 09:30:00+00:00,1034.8000000000002,True,1048.475,True,981.9556358018721,True
R80711,2015-07-27 04:40:00+00:00,-0.059999999,8.9399996,8.926666866666666,1,2015-07-26 15:10:00+00:00,2015-07-28 09:30:00+00:00,1034.8000000000002,True,1048.475,True,1064.5737781555765,True
R80711,2015-07-27 04:50:00+00:00,0.0,8.8100004,7.9433333333333325,1,2015-07-26 15:10:00+00:00,2015-07-28 09:30:00+00:00,1034.8000000000002,True,1048.475,True,1040.560610840968,True
R80711,2015-07-27 05:00:00+00:00,-0.059999999,8.0799999,7.623333266666666,1,2015-07-26 15:10:00+00:00,2015-07-28 09:30:00+00:00,898.3400300000001,True,916.78,True,833.9162292896469,True
R80711,2015-07-27 05:10:00+00:00,-0.059999999,8.0100002,7.460000033333333,1,2015-07-26 15:10:00+00:00,2015-07-28 09:30:00+00:00,757.66998,True,777.8950150000001,True,821.4048111797216,True
R80711,2015-07-27 05:20:00+00:00,-0.28,7.719999799999999,7.423333333333332,1,2015-07-26 15:10:00+00:00,2015-07-28 09:30:00+00:00,757.66998,True,777.8950150000001,True,738.4637141152845,True
R80711,2015-07-27 05:30:00+00:00,-0.31,8.4200001,7.8800001,1,2015-07-26 15:10:00+00:00,2015-07-28 09:30:00+00:00,898.3400300000001,True,916.78,True,928.7842683913376,True
R80711,2015-07-27 05:40:00+00:00,-0.15000001,8.409999800000001,7.4833332666666665,1,2015-07-26 15:10:00+00:00,2015-07-28 09:30:00+00:00,898.3400300000001,True,916.78,True,930.3661593226503,True
R80711,2015-07-27 05:50:00+00:00,-0.029999999,8.5299997,7.359999966666666,1,2015-07-26 15:10:00+00:00,2015-07-28 09:30:00+00:00,898.3400300000001,True,916.78,True,970.6368178204131,True
R80711,2015-07-27 06:00:00+00:00,-0.059999999,7.719999799999999,7.530000033333333,1,2015-07-26 15:10:00+00:00,2015-07-28 09:30:00+00:00,757.66998,True,777.8950150000001,True,737.2674109609427,True
R80711,2015-07-27 06:10:00+00:00,-0.17,7.570000200000001,8.476666766666666,1,2015-07-26 15:10:00+00:00,2015-07-28 09:30:00+00:00,757.66998,True,777.8950150000001,True,691.3090155605735,True
R80711,2015-07-27 06:20:00+00:00,0.0,8.6400003,7.986666666666668,1,2015-07-26 15:10:00+00:00,2015-07-28 09:30:00+00:00,1034.8000000000002,True,1048.475,True,979.2467271003947,True
R80711,2015-07-27 06:30:00+00:00,-0.059999999,9.4499998,7.753333266666668,1,2015-07-26 15:10:00+00:00,2015-07-28 09:30:00+00:00,1165.52,True,1182.2849999999999,True,1189.9447535866138,True
R80711,2015-07-27 06:40:00+00:00,-0.059999999,9.5200005,8.316666766666666,1,2015-07-26 15:10:00+00:00,2015-07-28 09:30:00+00:00,1165.52,True,1182.2849999999999,True,1219.8160608288074,True
R80711,2015-07-27 06:50:00+00:00,-1.0,8.909999800000001,8.453333200000001,1,2015-07-26 15:10:00+00:00,2015-07-28 09:30:00+00:00,1034.8000000000002,True,1048.475,True,1059.1420536977528,True
R80711,2015-07-27 07:00:00+00:00,-0.059999999,7.04,8.3566669,1,2015-07-26 15:10:00+00:00,2015-07-28 09:30:00+00:00,475.98001,True,496.20001,True,538.0959021219886,True
R80711,2015-07-27 07:10:00+00:00,-0.25,8.369999900000002,8.223333033333333,1,2015-07-26 15:10:00+00:00,2015-07-28 09:30:00+00:00,898.3400300000001,True,916.78,True,907.1061571577819,True
R80711,2015-07-27 07:20:00+00:00,-1.33,9.0,8.32,1,2015-07-26 15:10:00+00:00,2015-07-28 09:30:00+00:00,1034.8000000000002,True,1048.475,True,1082.1976864340484,True
R80711,2015-07-27 07:30:00+00:00,-0.059999999,8.0699997,8.340000000000002,1,2015-07-26 15:10:00+00:00,2015-07-28 09:30:00+00:00,898.3400300000001,True,916.78,True,833.9162292896469,True
R80711,2015-07-27 07:40:00+00:00,-0.28,7.920000099999999,8.546666666666665,1,2015-07-26 15:10:00+00:00,2015-07-28 09:30:00+00:00,757.66998,True,777.8950150000001,True,799.2413615892482,True
R80711,2015-07-27 07:50:00+00:00,-0.72000003,8.0100002,7.410000033333333,1,2015-07-26 15:10:00+00:00,2015-07-28 09:30:00+00:00,757.66998,True,777.8950150000001,True,810.0344705431206,True
R80711,2015-07-27 08:00:00+00:00,-1.0,7.9899998,8.396666699999999,1,2015-07-26 15:10:00+00:00,2015-07-28 09:30:00+00:00,757.66998,True,777.8950150000001,True,812.0885937548873,True
R80711,2015-07-27 08:10:00+00:00,-1.1,8.760000199999999,9.346666633333333,1,2015-07-26 15:10:00+00:00,2015-07-28 09:30:00+00:00,1034.8000000000002,True,1048.475,True,1013.4112123590508,True
R80711,2015-07-27 08:20:00+00:00,-0.31,8.0,9.036666866666666,1,2015-07-26 15:10:00+00:00,2015-07-28 09:30:00+00:00,757.66998,True,777.8950150000001,True,808.7704614677892,True
R80711,2015-07-27 08:30:00+00:00,-0.30000001,10.1,9.206666866666666,1,2015-07-26 15:10:00+00:00,2015-07-28 09:30:00+00:00,1415.87,True,1434.15,True,1368.3736569465839,True
R80711,2015-07-27 08:40:00+00:00,-0.30000001,9.3000002,8.859999966666669,1,2015-07-26 15:10:00+00:00,2015-07-28 09:30:00+00:00,1165.52,True,1182.2849999999999,True,1151.888993492349,True
R80711,2015-07-27 08:50:00+00:00,-0.41999999,8.659999800000001,10.273333466666665,1,2015-07-26 15:10:00+00:00,2015-07-28 09:30:00+00:00,1034.8000000000002,True,1048.475,True,985.294733104687,True
R80711,2015-07-27 09:00:00+00:00,-1.29,9.79,8.873333299999999,1,2015-07-26 15:10:00+00:00,2015-07-28 09:30:00+00:00,1299.3049999999998,True,1308.75,True,1267.6386800727507,True
R80711,2015-07-27 09:10:00+00:00,-0.31,10.71,10.003333266666665,1,2015-07-26 15:10:00+00:00,2015-07-28 09:30:00+00:00,1542.4301,True,1555.72,True,1489.7581353777864,True
R80711,2015-07-27 09:20:00+00:00,-0.79000002,8.739999800000001,11.113333333333335,1,2015-07-26 15:10:00+00:00,2015-07-28 09:30:00+00:00,1034.8000000000002,True,1048.475,True,1007.100219796188,True
R80711,2015-07-27 09:30:00+00:00,-0.63,8.1499996,9.513333333333334,1,2015-07-26 15:10:00+00:00,2015-07-28 09:30:00+00:00,898.3400300000001,True,916.78,True,841.3094789865423,True
R80711,2015-07-27 09:40:00+00:00,-1.28,10.33,9.2933334,1,2015-07-26 15:10:00+00:00,2015-07-28 09:30:00+00:00,1415.87,True,1434.15,True,1390.4199044875975,True
R80711,2015-07-27 09:50:00+00:00,-0.28,10.84,8.713333133333332,1,2015-07-26 15:10:00+00:00,2015-07-28 09:30:00+00:00,1542.4301,True,1555.72,True,1489.7581353777864,True
R80711,2015-07-27 10:00:00+00:00,-0.30000001,11.26,9.703333433333334,1,2015-07-26 15:10:00+00:00,2015-07-28 09:30:00+00:00,1641.6801,True,1660.91,True,1597.6559430369537,True
R80711,2015-07-27 10:10:00+00:00,-0.60000002,8.25,9.576666733333333,1,2015-07-26 15:10:00+00:00,2015-07-28 09:30:00+00:00,898.3400300000001,True,916.78,True,870.4139413536519,True
R80711,2015-07-27 10:20:00+00:00,-0.28,11.62,9.896666833333335,1,2015-07-26 15:10:00+00:00,2015-07-28 09:30:00+00:00,1641.6801,True,1660.91,True,1668.3620385587717,True
R80711,2015-07-27 10:30:00+00:00,-0.70999998,9.0799999,11.406666666666666,1,2015-07-26 15:10:00+00:00,2015-07-28 09:30:00+00:00,1034.8000000000002,True,1048.475,True,1092.5087323852667,True
R80711,2015-07-27 10:40:00+00:00,-1.83,10.29,10.8366665,1,2015-07-26 15:10:00+00:00,2015-07-28 09:30:00+00:00,1415.87,True,1434.15,True,1390.675197409221,True
R80711,2015-07-27 10:50:00+00:00,-0.63,8.96,11.24,1,2015-07-26 15:10:00+00:00,2015-07-28 09:30:00+00:00,1034.8000000000002,True,1048.475,True,1047.7350940739673,True
R80711,2015-07-27 11:00:00+00:00,-0.19,11.29,10.166666766666667,1,2015-07-26 15:10:00+00:00,2015-07-28 09:30:00+00:00,1641.6801,True,1660.91,True,1597.1734454766545,True
R80711,2015-07-27 11:10:00+00:00,-0.31,9.5799999,9.236666666666666,1,2015-07-26 15:10:00+00:00,2015-07-28 09:30:00+00:00,1165.52,True,1182.2849999999999,True,1202.0101000223938,True
R80711,2015-07-27 11:20:00+00:00,-0.44,10.41,9.876666566666666,1,2015-07-26 15:10:00+00:00,2015-07-28 09:30:00+00:00,1415.87,True,1434.15,True,1387.2464393397454,True
R80711,2015-07-27 11:30:00+00:00,-0.27000001,11.97,11.126666666666667,1,2015-07-26 15:10:00+00:00,2015-07-28 09:30:00+00:00,1747.67,True,1756.335,True,1749.3143359482413,True
R80711,2015-07-27 11:40:00+00:00,-0.46000001,10.0,10.326666566666667,1,2015-07-26 15:10:00+00:00,2015-07-28 09:30:00+00:00,1299.3049999999998,True,1308.75,True,1303.0088767422528,True
R80711,2015-07-27 11:50:00+00:00,-1.05,10.32,11.67,1,2015-07-26 15:10:00+00:00,2015-07-28 09:30:00+00:00,1415.87,True,1434.15,True,1382.0273574995078,True
R80711,2015-07-27 12:00:00+00:00,-0.02,8.2600002,9.289999933333334,1,2015-07-26 15:10:00+00:00,2015-07-28 09:30:00+00:00,898.3400300000001,True,916.78,True,872.9601573948144,True
R80711,2015-07-27 12:10:00+00:00,-0.6900000000000001,12.24,11.053333266666668,1,2015-07-26 15:10:00+00:00,2015-07-28 09:30:00+00:00,1827.03,True,1833.13005,True,1739.3243634066755,True
R80711,2015-07-27 12:20:00+00:00,-1.09,11.68,11.606666666666667,1,2015-07-26 15:10:00+00:00,2015-07-28 09:30:00+00:00,1747.67,True,1756.335,True,1655.883967339241,True
R80711,2015-07-27 12:30:00+00:00,-1.53,8.0200005,10.693333366666666,1,2015-07-26 15:10:00+00:00,2015-07-28 09:30:00+00:00,757.66998,True,777.8950150000001,True,802.083347259901,True
R80711,2015-07-27 12:40:00+00:00,-1.5599999,9.0600004,10.143333266666666,1,2015-07-26 15:10:00+00:00,2015-07-28 09:30:00+00:00,1034.8000000000002,True,1048.475,True,1069.344181516179,True
R80711,2015-07-27 12:50:00+00:00,-1.67,9.3000002,10.650000133333334,1,2015-07-26 15:10:00+00:00,2015-07-28 09:30:00+00:00,1165.52,True,1182.2849999999999,True,1138.672127041767,True
R80711,2015-07-27 13:00:00+00:00,-3.1300001,11.12,10.696666666666667,1,2015-07-26 15:10:00+00:00,2015-07-28 09:30:00+00:00,1542.4301,True,1555.72,True,1540.9975141373413,True
R80711,2015-07-27 13:10:00+00:00,-1.0,9.54,10.846666666666666,1,2015-07-26 15:10:00+00:00,2015-07-28 09:30:00+00:00,1165.52,True,1182.2849999999999,True,1197.3314419571689,True
R80711,2015-07-27 13:20:00+00:00,-1.22,11.68,12.243333333333332,1,2015-07-26 15:10:00+00:00,2015-07-28 09:30:00+00:00,1747.67,True,1756.335,True,1656.4191895640756,True
R80711,2015-07-27 13:30:00+00:00,-0.18000001,12.19,10.69,1,2015-07-26 15:10:00+00:00,2015-07-28 09:30:00+00:00,1827.03,True,1833.13005,True,1731.1689189579083,True
R80711,2015-07-27 13:40:00+00:00,-0.63,10.32,10.306666566666665,1,2015-07-26 15:10:00+00:00,2015-07-28 09:30:00+00:00,1415.87,True,1434.15,True,1366.306789132418,True
R80711,2015-07-27 13:50:00+00:00,-1.53,12.52,11.303333333333333,1,2015-07-26 15:10:00+00:00,2015-07-28 09:30:00+00:00,1827.03,True,1833.13005,True,1812.188089474117,True
R80711,2015-07-27 14:00:00+00:00,-0.49000001,8.79,10.590000133333334,1,2015-07-26 15:10:00+00:00,2015-07-28 09:30:00+00:00,1034.8000000000002,True,1048.475,True,990.2285555208638,True
R80711,2015-07-27 14:10:00+00:00,-0.41999999,9.7600002,9.669999933333335,1,2015-07-26 15:10:00+00:00,2015-07-28 09:30:00+00:00,1299.3049999999998,True,1308.75,True,1221.4849558622793,True
R80711,2015-07-27 14:20:00+00:00,-0.56,10.21,9.866666666666667,1,2015-07-26 15:10:00+00:00,2015-07-28 09:30:00+00:00,1415.87,True,1434.15,True,1330.0057925597919,True
R80711,2015-07-27 14:30:00+00:00,-0.7599999900000001,10.05,10.700000033333334,1,2015-07-26 15:10:00+00:00,2015-07-28 09:30:00+00:00,1299.3049999999998,True,1308.75,True,1278.8653825648428,True
R80711,2015-07-27 14:40:00+00:00,-0.66000003,9.4099998,9.909999866666666,1,2015-07-26 15:10:00+00:00,2015-07-28 09:30:00+00:00,1165.52,True,1182.2849999999999,True,1163.5706303976754,True
R80711,2015-07-27 14:50:00+00:00,-0.41999999,5.9499998,9.310000133333332,1,2015-07-26 15:10:00+00:00,2015-07-28 09:30:00+00:00,240.41,True,252.56,True,255.88024214513027,True
R80711,2015-07-27 15:00:00+00:00,0.0,9.119999900000002,9.786666566666666,1,2015-07-26 15:10:00+00:00,2015-07-28 09:30:00+00:00,1034.8000000000002,True,1048.475,True,1069.3513207954518,True
R80711,2015-07-27 15:10:00+00:00,-0.7599999900000001,7.420000099999999,9.206666633333333,1,2015-07-26 15:10:00+00:00,2015-07-28 09:30:00+00:00,616.4500099999999,True,635.035005,True,615.4121519131179,True
R80711,2015-07-27 15:20:00+00:00,-0.23,7.46,8.979999866666667,1,2015-07-26 15:10:00+00:00,2015-07-28 09:30:00+00:00,616.4500099999999,True,635.035005,True,630.8014418409007,True
R80711,2015-07-27 15:30:00+00:00,0.0,8.6700001,8.026666500000001,1,2015-07-26 15:10:00+00:00,2015-07-28 09:30:00+00:00,1034.8000000000002,True,1048.475,True,953.8317764638037,True
R80711,2015-07-27 15:40:00+00:00,-0.51999998,9.4899998,8.043333366666666,1,2015-07-26 15:10:00+00:00,2015-07-28 09:30:00+00:00,1165.52,True,1182.2849999999999,True,1153.7538937337779,True
R80711,2015-07-27 15:50:00+00:00,-0.63999999,9.9700003,9.053333266666668,1,2015-07-26 15:10:00+00:00,2015-07-28 09:30:00+00:00,1299.3049999999998,True,1308.75,True,1272.939778699766,True
R80711,2015-07-27 16:00:00+00:00,0.0,8.79,8.606666566666668,1,2015-07-26 15:10:00+00:00,2015-07-28 09:30:00+00:00,1034.8000000000002,True,1048.475,True,983.9509756928592,True
R80711,2015-07-27 16:10:00+00:00,-0.28,8.8500004,8.6133334,1,2015-07-26 15:10:00+00:00,2015-07-28 09:30:00+00:00,1034.8000000000002,True,1048.475,True,1006.0757068335911,True
R80711,2015-07-27 16:20:00+00:00,-0.54000002,8.0600004,8.556667000000003,1,2015-07-26 15:10:00+00:00,2015-07-28 09:30:00+00:00,757.66998,True,777.8950150000001,True,796.7002125789722,True
R80711,2015-07-27 16:30:00+00:00,0.0,9.1999998,7.986666533333332,1,2015-07-26 15:10:00+00:00,2015-07-28 09:30:00+00:00,1165.52,True,1182.2849999999999,True,1075.8401080663002,True
R80711,2015-07-27 16:40:00+00:00,0.0,9.8999996,7.736666499999998,1,2015-07-26 15:10:00+00:00,2015-07-28 09:30:00+00:00,1299.3049999999998,True,1308.75,True,1241.4095993740937,True
R80711,2015-07-27 16:50:00+00:00,-0.28999999,8.29,7.7233335,1,2015-07-26 15:10:00+00:00,2015-07-28 09:30:00+00:00,898.3400300000001,True,916.78,True,865.0141641052221,True
R80711,2015-07-27 17:00:00+00:00,-0.6900000000000001,7.0500002,7.050000033333334,1,2015-07-26 15:10:00+00:00,2015-07-28 09:30:00+00:00,475.98001,True,496.20001,True,516.6644372518867,True
R80711,2015-07-27 17:10:00+00:00,-0.20999999,7.670000099999999,7.0899998,1,2015-07-26 15:10:00+00:00,2015-07-28 09:30:00+00:00,757.66998,True,777.8950150000001,True,689.1850197360012,True
R80711,2015-07-27 17:20:00+00:00,-0.25999999,7.6599998,8.200000099999999,1,2015-07-26 15:10:00+00:00,2015-07-28 09:30:00+00:00,757.66998,True,777.8950150000001,True,689.750905306163,True
R80711,2015-07-27 17:30:00+00:00,0.0,8.29,8.1133334,1,2015-07-26 15:10:00+00:00,2015-07-28 09:30:00+00:00,898.3400300000001,True,916.78,True,864.574106618774,True
R80711,2015-07-27 17:40:00+00:00,0.0,8.9499998,8.136666733333334,1,2015-07-26 15:10:00+00:00,2015-07-28 09:30:00+00:00,1034.8000000000002,True,1048.475,True,1033.2598367890407,True
R80711,2015-07-27 17:50:00+00:00,-0.25,9.3000002,8.2466666,1,2015-07-26 15:10:00+00:00,2015-07-28 09:30:00+00:00,1165.52,True,1182.2849999999999,True,1107.3926548578686,True
R80711,2015-07-27 18:00:00+00:00,0.0,7.099999900000001,6.683333233333333,1,2015-07-26 15:10:00+00:00,2015-07-28 09:30:00+00:00,616.4500099999999,True,635.035005,True,531.3033083058713,True
R80711,2015-07-27 18:10:00+00:00,0.0,6.170000099999999,6.2066668,1,2015-07-26 15:10:00+00:00,2015-07-28 09:30:00+00:00,347.17001,True,365.41,True,309.18091117764936,True
R80711,2015-07-27 18:20:00+00:00,-0.31,7.530000200000001,7.223333333333334,1,2015-07-26 15:10:00+00:00,2015-07-28 09:30:00+00:00,616.4500099999999,True,635.035005,True,645.49941561988,True
R80711,2015-07-27 18:30:00+00:00,0.0,6.969999799999999,7.166666666666667,1,2015-07-26 15:10:00+00:00,2015-07-28 09:30:00+00:00,475.98001,True,496.20001,True,499.0640659227038,True
R80711,2015-07-27 18:40:00+00:00,0.0,6.3099999,6.4666667,1,2015-07-26 15:10:00+00:00,2015-07-28 09:30:00+00:00,347.17001,True,365.41,True,333.1522980773428,True
R80711,2015-07-27 18:50:00+00:00,-0.58999997,5.9899998,5.673333333333333,1,2015-07-26 15:10:00+00:00,2015-07-28 09:30:00+00:00,240.41,True,252.56,True,269.6459117039811,True
R80711,2015-07-27 19:00:00+00:00,0.0,8.6499996,7.046666433333333,1,2015-07-26 15:10:00+00:00,2015-07-28 09:30:00+00:00,1034.8000000000002,True,1048.475,True,968.8516715858016,True
R80711,2015-07-27 19:10:00+00:00,0.0,8.96,9.126666700000001,1,2015-07-26 15:10:00+00:00,2015-07-28 09:30:00+00:00,1034.8000000000002,True,1048.475,True,1045.737133587787,True
R80711,2015-07-27 19:20:00+00:00,-0.20999999,9.3199997,8.353333333333333,1,2015-07-26 15:10:00+00:00,2015-07-28 09:30:00+00:00,1165.52,True,1182.2849999999999,True,1144.352892826531,True
R80711,2015-07-27 19:30:00+00:00,-0.25,8.4499998,7.276666633333334,1,2015-07-26 15:10:00+00:00,2015-07-28 09:30:00+00:00,898.3400300000001,True,916.78,True,918.1023697057972,True
R80711,2015-07-27 19:40:00+00:00,0.0,7.380000099999999,6.809999933333333,1,2015-07-26 15:10:00+00:00,2015-07-28 09:30:00+00:00,616.4500099999999,True,635.035005,True,618.4587866520382,True
R80711,2015-07-27 19:50:00+00:00,-0.22,7.5100002,6.8699999,1,2015-07-26 15:10:00+00:00,2015-07-28 09:30:00+00:00,616.4500099999999,True,635.035005,True,653.1639312788038,True
R80711,2015-07-27 20:00:00+00:00,0.0,7.550000199999999,6.593333233333333,1,2015-07-26 15:10:00+00:00,2015-07-28 09:30:00+00:00,616.4500099999999,True,635.035005,True,668.313084765199,True
R80711,2015-07-27 20:10:00+00:00,0.0,7.52,6.676666566666667,1,2015-07-26 15:10:00+00:00,2015-07-28 09:30:00+00:00,616.4500099999999,True,635.035005,True,669.4723264978132,True
R80711,2015-07-27 20:20:00+00:00,-0.22,7.900000099999999,6.556666666666666,1,2015-07-26 15:10:00+00:00,2015-07-28 09:30:00+00:00,757.66998,True,777.8950150000001,True,776.4051343194501,True
R80711,2015-07-27 20:30:00+00:00,0.0,7.9899998,7.146666833333334,1,2015-07-26 15:10:00+00:00,2015-07-28 09:30:00+00:00,757.66998,True,777.8950150000001,True,801.4649389823912,True
R80711,2015-07-27 20:40:00+00:00,0.0,8.489999800000001,7.193333300000002,1,2015-07-26 15:10:00+00:00,2015-07-28 09:30:00+00:00,898.3400300000001,True,916.78,True,936.5954228682493,True
R80711,2015-07-27 20:50:00+00:00,-0.19,9.04,7.746666566666666,1,2015-07-26 15:10:00+00:00,2015-07-28 09:30:00+00:00,1034.8000000000002,True,1048.475,True,1065.6480303809979,True
R80711,2015-07-27 21:00:00+00:00,0.0,9.7299995,8.113333233333334,1,2015-07-26 15:10:00+00:00,2015-07-28 09:30:00+00:00,1299.3049999999998,True,1308.75,True,1236.1421694911758,True
R80711,2015-07-27 21:10:00+00:00,0.0,9.4499998,8.4866667,1,2015-07-26 15:10:00+00:00,2015-07-28 09:30:00+00:00,1165.52,True,1182.2849999999999,True,1173.1417886177758,True
R80711,2015-07-27 21:20:00+00:00,-0.2,10.07,8.403333333333334,1,2015-07-26 15:10:00+00:00,2015-07-28 09:30:00+00:00,1299.3049999999998,True,1308.75,True,1351.3272082616893,True
R80711,2015-07-27 21:30:00+00:00,0.0,9.5,8.103333300000001,1,2015-07-26 15:10:00+00:00,2015-07-28 09:30:00+00:00,1165.52,True,1182.2849999999999,True,1200.5199090379995,True
R80711,2015-07-27 21:40:00+00:00,-0.36000001,8.630000099999998,7.516666600000001,1,2015-07-26 15:10:00+00:00,2015-07-28 09:30:00+00:00,1034.8000000000002,True,1048.475,True,975.5701534838147,True
R80711,2015-07-27 21:50:00+00:00,-0.19,8.54,7.3266667,1,2015-07-26 15:10:00+00:00,2015-07-28 09:30:00+00:00,898.3400300000001,True,916.78,True,964.889850075161,True
R80711,2015-07-27 22:00:00+00:00,-0.25999999,8.930000300000001,8.0800001,1,2015-07-26 15:10:00+00:00,2015-07-28 09:30:00+00:00,1034.8000000000002,True,1048.475,True,1047.757018704506,True
R80711,2015-07-27 22:10:00+00:00,0.0,9.25,8.089999999999998,1,2015-07-26 15:10:00+00:00,2015-07-28 09:30:00+00:00,1165.52,True,1182.2849999999999,True,1120.1594329070558,True
R80711,2015-07-27 22:20:00+00:00,-0.2,9.2799997,8.236666666666666,1,2015-07-26 15:10:00+00:00,2015-07-28 09:30:00+00:00,1165.52,True,1182.2849999999999,True,1141.9560944085572,True
R80711,2015-07-27 22:30:00+00:00,-0.33000001,9.5,8.4599997,1,2015-07-26 15:10:00+00:00,2015-07-28 09:30:00+00:00,1165.52,True,1182.2849999999999,True,1206.021208751208,True
R80711,2015-07-27 22:40:00+00:00,0.0,8.8100004,7.800000033333333,1,2015-07-26 15:10:00+00:00,2015-07-28 09:30:00+00:00,1034.8000000000002,True,1048.475,True,1023.4980972158853,True
R80711,2015-07-27 22:50:00+00:00,-0.2,9.1499996,8.103333166666665,1,2015-07-26 15:10:00+00:00,2015-07-28 09:30:00+00:00,1165.52,True,1182.2849999999999,True,1091.2303989831466,True
R80711,2015-07-27 23:00:00+00:00,0.0,9.0,8.020000000000001,1,2015-07-26 15:10:00+00:00,2015-07-28 09:30:00+00:00,1034.8000000000002,True,1048.475,True,1067.9102749257702,True
R80711,2015-07-27 23:10:00+00:00,0.0,8.6400003,8.2499997,1,2015-07-26 15:10:00+00:00,2015-07-28 09:30:00+00:00,1034.8000000000002,True,1048.475,True,970.4286466330143,True
R80711,2015-07-27 23:20:00+00:00,-0.50999999,8.840000199999999,8.423333466666667,1,2015-07-26 15:10:00+00:00,2015-07-28 09:30:00+00:00,1034.8000000000002,True,1048.475,True,1023.4980972158853,True
R80711,2015-07-27 23:30:00+00:00,0.0,8.8999996,7.680000166666666,1,2015-07-26 15:10:00+00:00,2015-07-28 09:30:00+00:00,1034.8000000000002,True,1048.475,True,1053.6778251299017,True
R80711,2015-07-27 23:40:00+00:00,0.0,8.739999800000001,7.593333433333332,1,2015-07-26 15:10:00+00:00,2015-07-28 09:30:00+00:00,1034.8000000000002,True,1048.475,True,1009.7350439873443,True
R80711,2015-07-27 23:50:00+00:00,-0.46000001,8.54,7.793333400000001,1,2015-07-26 15:10:00+00:00,2015-07-28 09:30:00+00:00,898.3400300000001,True,916.78,True,962.3072641759641,True
R80711,2015-07-28 00:00:00+00:00,0.0,8.2299995,7.023333400000001,1,2015-07-26 15:10:00+00:00,2015-07-28 09:30:00+00:00,898.3400300000001,True,916.78,True,873.3755797341009,True
R80711,2015-07-28 00:10:00+00:00,0.0,7.179999799999999,6.443333299999999,1,2015-07-26 15:10:00+00:00,2015-07-28 09:30:00+00:00,616.4500099999999,True,635.035005,True,578.8566978718069,True
R80711,2015-07-28 00:20:00+00:00,-0.22,7.71,6.796666599999999,1,2015-07-26 15:10:00+00:00,2015-07-28 09:30:00+00:00,757.66998,True,777.8950150000001,True,719.9293235845918,True
R80711,2015-07-28 00:30:00+00:00,0.0,7.670000099999999,7.2,1,2015-07-26 15:10:00+00:00,2015-07-28 09:30:00+00:00,757.66998,True,777.8950150000001,True,709.2667484349881,True
R80711,2015-07-28 00:40:00+00:00,0.0,7.369999900000001,6.853333333333334,1,2015-07-26 15:10:00+00:00,2015-07-28 09:30:00+00:00,616.4500099999999,True,635.035005,True,627.9813280412825,True
R80711,2015-07-28 00:50:00+00:00,-0.22,7.130000099999999,6.519999966666667,1,2015-07-26 15:10:00+00:00,2015-07-28 09:30:00+00:00,616.4500099999999,True,635.035005,True,566.0619184857254,True
R80711,2015-07-28 01:00:00+00:00,0.0,7.3400002,6.7166668666666665,1,2015-07-26 15:10:00+00:00,2015-07-28 09:30:00+00:00,616.4500099999999,True,635.035005,True,622.8939586940284,True
R80711,2015-07-28 01:10:00+00:00,-0.25,7.0900002,6.613333399999999,1,2015-07-26 15:10:00+00:00,2015-07-28 09:30:00+00:00,616.4500099999999,True,635.035005,True,553.2677409355448,True
R80711,2015-07-28 01:20:00+00:00,-0.94999999,7.21,6.623333433333333,1,2015-07-26 15:10:00+00:00,2015-07-28 09:30:00+00:00,616.4500099999999,True,635.035005,True,589.229179146325,True
R80711,2015-07-28 01:30:00+00:00,0.0,6.650000099999999,6.2666667333333335,1,2015-07-26 15:10:00+00:00,2015-07-28 09:30:00+00:00,475.98001,True,496.20001,True,437.7059857934236,True
R80711,2015-07-28 01:40:00+00:00,0.0,6.5900002,6.75,1,2015-07-26 15:10:00+00:00,2015-07-28 09:30:00+00:00,475.98001,True,496.20001,True,425.584068165856,True
R80711,2015-07-28 01:50:00+00:00,-0.34,8.3100004,7.506666666666667,1,2015-07-26 15:10:00+00:00,2015-07-28 09:30:00+00:00,898.3400300000001,True,916.78,True,906.2175479150676,True
R80711,2015-07-28 02:00:00+00:00,-0.16,7.619999900000001,7.706666466666667,1,2015-07-26 15:10:00+00:00,2015-07-28 09:30:00+00:00,757.66998,True,777.8950150000001,True,708.1179748505511,True
R80711,2015-07-28 02:10:00+00:00,-0.7599999900000001,8.4700003,6.723333366666668,1,2015-07-26 15:10:00+00:00,2015-07-28 09:30:00+00:00,898.3400300000001,True,916.78,True,948.8993236661636,True
R80711,2015-07-28 02:20:00+00:00,-0.38999999,6.4299998,6.3500000666666665,1,2015-07-26 15:10:00+00:00,2015-07-28 09:30:00+00:00,347.17001,True,365.41,True,388.0288295135608,True
R80711,2015-07-28 02:30:00+00:00,0.0,7.800000199999999,7.023333200000001,1,2015-07-26 15:10:00+00:00,2015-07-28 09:30:00+00:00,757.66998,True,777.8950150000001,True,771.8972932139844,True
R80711,2015-07-28 02:40:00+00:00,0.0,7.7399998,7.690000066666667,1,2015-07-26 15:10:00+00:00,2015-07-28 09:30:00+00:00,757.66998,True,777.8950150000001,True,746.1195591773736,True
R80711,2015-07-28 02:50:00+00:00,-0.2,7.829999900000001,6.863333366666667,1,2015-07-26 15:10:00+00:00,2015-07-28 09:30:00+00:00,757.66998,True,777.8950150000001,True,780.1703130361914,True
R80711,2015-07-28 03:00:00+00:00,-0.31999999,7.099999900000001,6.973333333333334,1,2015-07-26 15:10:00+00:00,2015-07-28 09:30:00+00:00,616.4500099999999,True,635.035005,True,569.9391626099373,True
R80711,2015-07-28 03:10:00+00:00,-0.23999999,8.050000200000001,7.273333233333335,1,2015-07-26 15:10:00+00:00,2015-07-28 09:30:00+00:00,757.66998,True,777.8950150000001,True,838.8725835412088,True
R80711,2015-07-28 03:20:00+00:00,-0.18000001,7.7600002,7.033333466666666,1,2015-07-26 15:10:00+00:00,2015-07-28 09:30:00+00:00,757.66998,True,777.8950150000001,True,760.6493565352797,True
R80711,2015-07-28 03:30:00+00:00,-0.15000001,8.0100002,7.0333333,1,2015-07-26 15:10:00+00:00,2015-07-28 09:30:00+00:00,757.66998,True,777.8950150000001,True,833.3344861297946,True
R80711,2015-07-28 03:40:00+00:00,-0.23,6.929999799999999,6.336666766666667,1,2015-07-26 15:10:00+00:00,2015-07-28 09:30:00+00:00,475.98001,True,496.20001,True,524.4560317979883,True
R80711,2015-07-28 03:50:00+00:00,-0.2,6.9099998,6.483333466666667,1,2015-07-26 15:10:00+00:00,2015-07-28 09:30:00+00:00,475.98001,True,496.20001,True,517.8553060104186,True
R80711,2015-07-28 04:00:00+00:00,0.0,6.2399998,5.8500000666666665,1,2015-07-26 15:10:00+00:00,2015-07-28 09:30:00+00:00,347.17001,True,365.41,True,345.45699025581587,True
R80711,2015-07-28 04:10:00+00:00,0.0,5.9000001,5.776666633333334,1,2015-07-26 15:10:00+00:00,2015-07-28 09:30:00+00:00,240.41,True,252.56,True,268.47825609083776,True
R80711,2015-07-28 04:20:00+00:00,-0.17,6.0900002,5.566666766666667,1,2015-07-26 15:10:00+00:00,2015-07-28 09:30:00+00:00,347.17001,True,365.41,True,310.5170920431798,True
R80711,2015-07-28 04:30:00+00:00,0.0,5.829999900000001,5.4866665333333335,1,2015-07-26 15:10:00+00:00,2015-07-28 09:30:00+00:00,240.41,True,252.56,True,262.5368760312538,True
R80711,2015-07-28 04:40:00+00:00,0.0,5.6500001,5.573333266666666,1,2015-07-26 15:10:00+00:00,2015-07-28 09:30:00+00:00,240.41,True,252.56,True,229.580198405936,True
R80711,2015-07-28 04:50:00+00:00,-0.88,5.29,5.3666668,1,2015-07-26 15:10:00+00:00,2015-07-28 09:30:00+00:00,155.71001,True,165.06,True,166.97796180928813,True
R80711,2015-07-28 05:00:00+00:00,0.0,5.4400001,5.313333366666666,1,2015-07-26 15:10:00+00:00,2015-07-28 09:30:00+00:00,155.71001,True,165.06,True,188.76281994466822,True
R80711,2015-07-28 05:10:00+00:00,0.0,5.8000002,5.829999933333334,1,2015-07-26 15:10:00+00:00,2015-07-28 09:30:00+00:00,240.41,True,252.56,True,258.8556104302672,True
R80711,2015-07-28 05:20:00+00:00,-0.18000001,5.6999998,5.813333366666666,1,2015-07-26 15:10:00+00:00,2015-07-28 09:30:00+00:00,240.41,True,252.56,True,237.9860963441132,True
R80711,2015-07-28 05:30:00+00:00,0.0,5.75,5.606666733333333,1,2015-07-26 15:10:00+00:00,2015-07-28 09:30:00+00:00,240.41,True,252.56,True,247.53200030163828,True
R80711,2015-07-28 05:40:00+00:00,0.0,5.380000099999999,5.6499999333333335,1,2015-07-26 15:10:00+00:00,2015-07-28 09:30:00+00:00,155.71001,True,165.06,True,178.18238939395718,True
R80711,2015-07-28 05:50:00+00:00,-0.70999998,6.5,6.386666633333334,1,2015-07-26 15:10:00+00:00,2015-07-28 09:30:00+00:00,347.17001,True,365.41,True,415.90194308379364,True
R80711,2015-07-28 06:00:00+00:00,0.0,7.030000200000001,6.180000000000001,1,2015-07-26 15:10:00+00:00,2015-07-28 09:30:00+00:00,475.98001,True,496.20001,True,558.9520187941266,True
R80711,2015-07-28 06:10:00+00:00,0.0,6.119999900000001,6.246666733333334,1,2015-07-26 15:10:00+00:00,2015-07-28 09:30:00+00:00,347.17001,True,365.41,True,322.13112683176064,True
R80711,2015-07-28 06:20:00+00:00,-0.38999999,6.3400002,7.323333233333334,1,2015-07-26 15:10:00+00:00,2015-07-28 09:30:00+00:00,347.17001,True,365.41,True,372.87594122528446,True
R80711,2015-07-28 06:30:00+00:00,-0.41,6.889999900000001,6.8833332,1,2015-07-26 15:10:00+00:00,2015-07-28 09:30:00+00:00,475.98001,True,496.20001,True,518.496515709648,True
R80711,2015-07-28 06:40:00+00:00,-0.33000001,6.04,7.14,1,2015-07-26 15:10:00+00:00,2015-07-28 09:30:00+00:00,347.17001,True,365.41,True,299.6469511561502,True
R80711,2015-07-28 06:50:00+00:00,-0.40000001,8.659999800000001,6.746666733333332,1,2015-07-26 15:10:00+00:00,2015-07-28 09:30:00+00:00,1034.8000000000002,True,1048.475,True,1015.9635004965602,True
R80711,2015-07-28 07:00:00+00:00,-2.9100001,7.400000099999999,6.676666566666666,1,2015-07-26 15:10:00+00:00,2015-07-28 09:30:00+00:00,616.4500099999999,True,635.035005,True,664.2091214678599,True
R80711,2015-07-28 07:10:00+00:00,-0.72000003,6.8000002,6.573333433333334,1,2015-07-26 15:10:00+00:00,2015-07-28 09:30:00+00:00,475.98001,True,496.20001,True,493.54006254914344,True
R80711,2015-07-28 07:20:00+00:00,-0.57999998,7.3400002,7.376666566666667,1,2015-07-26 15:10:00+00:00,2015-07-28 09:30:00+00:00,616.4500099999999,True,635.035005,True,646.3339453492863,True
R80711,2015-07-28 07:30:00+00:00,0.0,9.0299997,7.269999966666667,1,2015-07-26 15:10:00+00:00,2015-07-28 09:30:00+00:00,1034.8000000000002,True,1048.475,True,1098.6060996526435,True
R80711,2015-07-28 07:40:00+00:00,-0.43000001,7.650000099999999,7.4899999333333325,1,2015-07-26 15:10:00+00:00,2015-07-28 09:30:00+00:00,757.66998,True,777.8950150000001,True,728.5361160915634,True
R80711,2015-07-28 07:50:00+00:00,-0.36000001,7.389999900000001,7.266666566666667,1,2015-07-26 15:10:00+00:00,2015-07-28 09:30:00+00:00,616.4500099999999,True,635.035005,True,663.2221361668902,True
R80711,2015-07-28 08:00:00+00:00,-0.43000001,8.619999900000002,8.553333433333334,1,2015-07-26 15:10:00+00:00,2015-07-28 09:30:00+00:00,1034.8000000000002,True,1048.475,True,984.6061980783378,True
R80711,2015-07-28 08:10:00+00:00,-0.97000003,7.6599998,7.686666633333334,1,2015-07-26 15:10:00+00:00,2015-07-28 09:30:00+00:00,757.66998,True,777.8950150000001,True,723.0401740262643,True
R80711,2015-07-28 08:20:00+00:00,-0.23,7.469999799999999,7.543333399999999,1,2015-07-26 15:10:00+00:00,2015-07-28 09:30:00+00:00,616.4500099999999,True,635.035005,True,673.6928374861516,True
R80711,2015-07-28 08:30:00+00:00,-0.0099999998,7.880000099999999,7.0333333,1,2015-07-26 15:10:00+00:00,2015-07-28 09:30:00+00:00,757.66998,True,777.8950150000001,True,790.1814100897709,True
R80711,2015-07-28 08:40:00+00:00,191.08,6.8400002,6.576666666666668,1,2015-07-26 15:10:00+00:00,2015-07-28 09:30:00+00:00,475.98001,True,496.20001,True,505.8106805635686,True
R80711,2015-07-28 08:50:00+00:00,471.89999000000006,7.1599998,6.959999866666666,1,2015-07-26 15:10:00+00:00,2015-07-28 09:30:00+00:00,616.4500099999999,True,635.035005,True,571.1744082373417,True
R80711,2015-07-28 09:00:00+00:00,750.53003,7.800000199999999,6.750000133333333,1,2015-07-26 15:10:00+00:00,2015-07-28 09:30:00+00:00,757.66998,True,777.8950150000001,True,764.0353950063328,True
R80711,2015-07-28 09:10:00+00:00,509.06,7.2399998,6.866666633333334,1,2015-07-26 15:10:00+00:00,2015-07-28 09:30:00+00:00,616.4500099999999,True,635.035005,True,605.4685228936883,True
R80711,2015-07-28 09:20:00+00:00,942.65997,8.7299995,7.893333466666668,1,2015-07-26 15:10:00+00:00,2015-07-28 09:30:00+00:00,1034.8000000000002,True,1048.475,True,1013.0031168959083,True
R80711,2015-07-28 09:30:00+00:00,1173.27,9.2700005,8.256666533333332,1,2015-07-26 15:10:00+00:00,2015-07-28 09:30:00+00:00,1165.52,False,1182.2849999999999,True,1155.1973283951843,False
R80711,2015-07-28 09:40:00+00:00,642.78998,7.429999799999999,7.883333166666667,1,2015-07-26 15:10:00+00:00,2015-07-28 09:30:00+00:00,616.4500099999999,False,635.035005,False,649.9720638867841,False
R80711,2015-07-28 09:50:00+00:00,372.12,6.73,7.4666667,1,2015-07-26 15:10:00+00:00,2015-07-28 09:30:00+00:00,475.98001,False,496.20001,False,460.7208353190107,False
R80711,2015-07-28 10:00:00+00:00,712.09003,7.9899998,8.383333366666667,1,2015-07-26 15:10:00+00:00,2015-07-28 09:30:00+00:00,757.66998,False,777.8950150000001,False,807.7075947062609,False
R80711,2015-07-28 10:10:00+00:00,665.90997,7.77,7.139999866666667,1,2015-07-26 15:10:00+00:00,2015-07-28 09:30:00+00:00,757.66998,False,777.8950150000001,False,746.7329328661697,False
R80711,2015-07-28 10:20:00+00:00,852.4199800000001,8.0799999,7.4066666,1,2015-07-26 15:10:00+00:00,2015-07-28 09:30:00+00:00,898.3400300000001,False,916.78,False,828.358831567536,False
R80711,2015-07-28 10:30:00+00:00,1053.34,9.1099997,7.599999733333333,1,2015-07-26 15:10:00+00:00,2015-07-28 09:30:00+00:00,1165.52,False,1182.2849999999999,False,1101.1632980669385,False
R80711,2015-07-28 10:40:00+00:00,1193.26,9.3999996,7.896666666666666,1,2015-07-26 15:10:00+00:00,2015-07-28 09:30:00+00:00,1165.52,False,1182.2849999999999,False,1177.9936488384712,False
R80711,2015-07-28 10:50:00+00:00,1064.46,9.1099997,7.583333166666667,1,2015-07-26 15:10:00+00:00,2015-07-28 09:30:00+00:00,1165.52,True,1182.2849999999999,True,1091.2303989831466,True
R80711,2015-07-28 11:00:00+00:00,840.1599699999999,8.5200005,9.436666766666667,1,2015-07-26 15:10:00+00:00,2015-07-28 09:30:00+00:00,898.3400300000001,True,916.78,True,937.0473484972122,True
R80711,2015-07-28 11:10:00+00:00,993.35999,9.0,8.113333233333336,1,2015-07-26 15:10:00+00:00,2015-07-28 09:30:00+00:00,1034.8000000000002,True,1048.475,True,1067.9102749257702,True
R80711,2015-07-28 11:20:00+00:00,563.34998,7.329999900000001,9.3399999,1,2015-07-26 15:10:00+00:00,2015-07-28 09:30:00+00:00,616.4500099999999,True,635.035005,True,620.3480300650042,True
R80711,2015-07-28 11:30:00+00:00,1232.88,9.9099998,8.663333266666667,1,2015-07-26 15:10:00+00:00,2015-07-28 09:30:00+00:00,1299.3049999999998,True,1308.75,True,1302.7404178120808,True
R80790,2015-02-07 09:00:00+00:00,1183.5699,8.569999699999999,8.219999800000002,2,2015-02-07 11:00:00+00:00,2015-02-08 05:00:00+00:00,1062.74,False,1048.475,False,1130.6893453848108,False
R80790,2015-02-07 09:10:00+00:00,1136.2,8.3500004,8.163333266666667,2,2015-02-07 11:00:00+00:00,2015-02-08 05:00:00+00:00,1062.74,False,1048.475,False,1066.9794629331986,False
R80790,2015-02-07 09:20:00+00:00,875.5700099999999,7.48,7.773333399999999,2,2015-02-07 11:00:00+00:00,2015-02-08 05:00:00+00:00,796.614995,False,777.8950150000001,False,807.3013538962497,False
R80790,2015-02-07 09:30:00+00:00,878.6699800000001,7.719999799999999,7.979999866666667,2,2015-02-07 11:00:00+00:00,2015-02-08 05:00:00+00:00,796.614995,False,777.8950150000001,False,898.2893399581216,False
R80790,2015-02-07 09:40:00+00:00,764.83002,7.04,7.390000033333333,2,2015-02-07 11:00:00+00:00,2015-02-08 05:00:00+00:00,662.91998,False,635.035005,False,680.117565012817,False
R80790,2015-02-07 09:50:00+00:00,1131.21,8.1599998,7.3666668,2,2015-02-07 11:00:00+00:00,2015-02-08 05:00:00+00:00,934.35999,False,916.78,False,1023.3564874388065,False
R80790,2015-02-07 10:00:00+00:00,719.14001,7.0500002,7.243333333333333,2,2015-02-07 11:00:00+00:00,2015-02-08 05:00:00+00:00,662.91998,False,635.035005,False,654.4057943481907,False
R80790,2015-02-07 10:10:00+00:00,894.01001,7.5,7.353333466666666,2,2015-02-07 11:00:00+00:00,2015-02-08 05:00:00+00:00,796.614995,False,777.8950150000001,False,818.5483389641604,False
R80790,2015-02-07 10:20:00+00:00,803.2000099999999,7.110000099999999,7.166666500000001,2,2015-02-07 11:00:00+00:00,2015-02-08 05:00:00+00:00,662.91998,False,635.035005,False,692.4271156528054,False
R80790,2015-02-07 10:30:00+00:00,863.7899800000001,7.46,7.109999933333334,2,2015-02-07 11:00:00+00:00,2015-02-08 05:00:00+00:00,796.614995,False,777.8950150000001,False,808.548154689693,False
R80790,2015-02-07 10:40:00+00:00,811.13,7.2600002,7.316666633333333,2,2015-02-07 11:00:00+00:00,2015-02-08 05:00:00+00:00,662.91998,False,635.035005,False,740.0098090783375,False
R80790,2015-02-07 10:50:00+00:00,271.26001,5.8499999,6.2599999,2,2015-02-07 11:00:00+00:00,2015-02-08 05:00:00+00:00,271.68501000000003,True,252.56,False,329.5518134947538,True
R80790,2015-02-07 11:00:00+00:00,-1.6,5.8000002,6.2833333,2,2015-02-07 11:00:00+00:00,2015-02-08 05:00:00+00:00,271.68501000000003,True,252.56,True,317.11523371687014,True
R80790,2015-02-07 11:10:00+00:00,-1.66,6.610000099999999,6.1200000333333335,2,2015-02-07 11:00:00+00:00,2015-02-08 05:00:00+00:00,527.84998,True,496.20001,True,541.4951213363679,True
R80790,2015-02-07 11:20:00+00:00,-1.74,7.679999799999999,7.059999933333333,2,2015-02-07 11:00:00+00:00,2015-02-08 05:00:00+00:00,796.614995,True,777.8950150000001,True,885.5553963659512,True
R80790,2015-02-07 11:30:00+00:00,-1.76,7.9899998,7.523333400000001,2,2015-02-07 11:00:00+00:00,2015-02-08 05:00:00+00:00,934.35999,True,916.78,True,974.192953625119,True
R80790,2015-02-07 11:40:00+00:00,-1.6799999,8.1899996,7.326666666666665,2,2015-02-07 11:00:00+00:00,2015-02-08 05:00:00+00:00,934.35999,True,916.78,True,1041.0046726080952,True
R80790,2015-02-07 11:50:00+00:00,-1.64,8.8500004,8.303333433333336,2,2015-02-07 11:00:00+00:00,2015-02-08 05:00:00+00:00,1191.75,True,1182.2849999999999,True,1206.9529147823264,True
R80790,2015-02-07 12:00:00+00:00,-1.71,9.79,9.006666833333334,2,2015-02-07 11:00:00+00:00,2015-02-08 05:00:00+00:00,1307.3350500000001,True,1308.75,True,1473.285783143915,True
R80790,2015-02-07 12:10:00+00:00,-1.71,9.4399996,8.3499999,2,2015-02-07 11:00:00+00:00,2015-02-08 05:00:00+00:00,1307.3350500000001,True,1308.75,True,1347.8616771272525,True
R80790,2015-02-07 12:20:00+00:00,-1.6900001,8.989999800000001,7.836666733333334,2,2015-02-07 11:00:00+00:00,2015-02-08 05:00:00+00:00,1191.75,True,1182.2849999999999,True,1237.2826273150772,True
R80790,2015-02-07 12:30:00+00:00,-1.53,9.3500004,8.586666766666667,2,2015-02-07 11:00:00+00:00,2015-02-08 05:00:00+00:00,1307.3350500000001,True,1308.75,True,1315.89028611847,True
R80790,2015-02-07 12:40:00+00:00,-1.85,9.8199997,8.676666733333333,2,2015-02-07 11:00:00+00:00,2015-02-08 05:00:00+00:00,1307.3350500000001,True,1308.75,True,1473.285783143915,True
R80790,2015-02-07 12:50:00+00:00,-1.46,8.6999998,8.353333333333333,2,2015-02-07 11:00:00+00:00,2015-02-08 05:00:00+00:00,1062.74,True,1048.475,True,1165.881454661251,True
R80790,2015-02-07 13:00:00+00:00,-1.65,8.3500004,8.0066665,2,2015-02-07 11:00:00+00:00,2015-02-08 05:00:00+00:00,934.35999,True,916.78,True,1081.506823165503,True
R80790,2015-02-07 13:10:00+00:00,-1.75,8.1099997,8.029999900000002,2,2015-02-07 11:00:00+00:00,2015-02-08 05:00:00+00:00,934.35999,True,916.78,True,1014.3983578475302,True
R80790,2015-02-07 13:20:00+00:00,-1.77,7.079999900000001,7.416666533333333,2,2015-02-07 11:00:00+00:00,2015-02-08 05:00:00+00:00,662.91998,True,635.035005,True,678.6947368016984,True
R80790,2015-02-07 13:30:00+00:00,-1.7000000000000002,6.579999900000001,6.789999933333333,2,2015-02-07 11:00:00+00:00,2015-02-08 05:00:00+00:00,527.84998,True,496.20001,True,519.2918611257165,True
R80790,2015-02-07 13:40:00+00:00,-1.8,6.3600001,6.7633331666666665,2,2015-02-07 11:00:00+00:00,2015-02-08 05:00:00+00:00,390.18501000000003,True,365.41,True,458.66193890701095,True
R80790,2015-02-07 13:50:00+00:00,-1.54,5.8499999,6.143333266666667,2,2015-02-07 11:00:00+00:00,2015-02-08 05:00:00+00:00,271.68501000000003,True,252.56,True,326.73455381286107,True
R80790,2015-02-07 14:00:00+00:00,-1.73,5.7600002,6.020000133333333,2,2015-02-07 11:00:00+00:00,2015-02-08 05:00:00+00:00,271.68501000000003,True,252.56,True,303.6971252816382,True
R80790,2015-02-07 14:10:00+00:00,-1.63,6.2800002,6.436666633333334,2,2015-02-07 11:00:00+00:00,2015-02-08 05:00:00+00:00,390.18501000000003,True,365.41,True,431.73924782026313,True
R80790,2015-02-07 14:20:00+00:00,-1.72,5.9000001,6.073333433333333,2,2015-02-07 11:00:00+00:00,2015-02-08 05:00:00+00:00,271.68501000000003,True,252.56,True,339.56860119505353,True
R80790,2015-02-07 14:30:00+00:00,-1.5,7.110000099999999,6.476666599999999,2,2015-02-07 11:00:00+00:00,2015-02-08 05:00:00+00:00,662.91998,True,635.035005,True,678.6947368016984,True
R80790,2015-02-07 14:40:00+00:00,-1.5599999,6.4000001,6.396666533333334,2,2015-02-07 11:00:00+00:00,2015-02-08 05:00:00+00:00,390.18501000000003,True,365.41,True,466.0817016974222,True
R80790,2015-02-07 14:50:00+00:00,-1.49,7.579999900000001,6.763333333333333,2,2015-02-07 11:00:00+00:00,2015-02-08 05:00:00+00:00,796.614995,True,777.8950150000001,True,842.9985663625073,True
R80790,2015-02-07 15:00:00+00:00,-1.72,7.880000099999999,7.033333299999999,2,2015-02-07 11:00:00+00:00,2015-02-08 05:00:00+00:00,796.614995,True,777.8950150000001,True,938.708846147254,True
R80790,2015-02-07 15:10:00+00:00,-1.4,7.559999900000001,7.0333333,2,2015-02-07 11:00:00+00:00,2015-02-08 05:00:00+00:00,796.614995,True,777.8950150000001,True,826.0215452832766,True
R80790,2015-02-07 15:20:00+00:00,-1.87,7.6999998,7.823333266666666,2,2015-02-07 11:00:00+00:00,2015-02-08 05:00:00+00:00,796.614995,True,777.8950150000001,True,884.1325681548326,True
R80790,2015-02-07 15:30:00+00:00,-1.46,8.5500002,8.103333166666667,2,2015-02-07 11:00:00+00:00,2015-02-08 05:00:00+00:00,1062.74,True,1048.475,True,1123.6200768167296,True
R80790,2015-02-07 15:40:00+00:00,-1.64,6.969999799999999,7.006666666666667,2,2015-02-07 11:00:00+00:00,2015-02-08 05:00:00+00:00,662.91998,True,635.035005,True,627.2134953335262,True
R80790,2015-02-07 15:50:00+00:00,-1.58,6.2800002,6.653333333333333,2,2015-02-07 11:00:00+00:00,2015-02-08 05:00:00+00:00,390.18501000000003,True,365.41,True,431.73924782026313,True
R80790,2015-02-07 16:00:00+00:00,-1.4,7.440000099999999,7.2666667333333335,2,2015-02-07 11:00:00+00:00,2015-02-08 05:00:00+00:00,796.614995,True,777.8950150000001,True,794.3698148193465,True
R80790,2015-02-07 16:10:00+00:00,-1.58,8.8500004,8.113333233333334,2,2015-02-07 11:00:00+00:00,2015-02-08 05:00:00+00:00,1062.74,True,1048.475,True,1206.9529147823264,True
R80790,2015-02-07 16:20:00+00:00,-1.5700001,8.1800003,7.463333433333333,2,2015-02-07 11:00:00+00:00,2015-02-08 05:00:00+00:00,934.35999,True,916.78,True,1020.3515417764326,True
R80790,2015-02-07 16:30:00+00:00,-1.5700001,6.929999799999999,6.8700000333333335,2,2015-02-07 11:00:00+00:00,2015-02-08 05:00:00+00:00,662.91998,True,635.035005,True,635.4266535357373,True
R80790,2015-02-07 16:40:00+00:00,-1.42,6.820000200000001,6.719999933333334,2,2015-02-07 11:00:00+00:00,2015-02-08 05:00:00+00:00,527.84998,True,496.20001,True,598.8401481242809,True
R80790,2015-02-07 16:50:00+00:00,-1.36,8.4200001,7.800000033333333,2,2015-02-07 11:00:00+00:00,2015-02-08 05:00:00+00:00,1062.74,True,1048.475,True,1090.8616349066715,True
R80790,2015-02-07 17:00:00+00:00,-1.64,9.0600004,8.506666666666668,2,2015-02-07 11:00:00+00:00,2015-02-08 05:00:00+00:00,1191.75,True,1182.2849999999999,True,1258.9044084166217,True
R80790,2015-02-07 17:10:00+00:00,-1.55,8.8900003,8.170000066666669,2,2015-02-07 11:00:00+00:00,2015-02-08 05:00:00+00:00,1191.75,True,1182.2849999999999,True,1208.375742993445,True
R80790,2015-02-07 17:20:00+00:00,-1.48,9.8400002,9.170000066666667,2,2015-02-07 11:00:00+00:00,2015-02-08 05:00:00+00:00,1434.2,True,1434.15,True,1466.2304900587887,True
R80790,2015-02-07 17:30:00+00:00,-1.54,10.26,8.906666733333333,2,2015-02-07 11:00:00+00:00,2015-02-08 05:00:00+00:00,1434.2,True,1434.15,True,1556.9339410201942,True
R80790,2015-02-07 17:40:00+00:00,-1.35,9.5500002,8.079999899999999,2,2015-02-07 11:00:00+00:00,2015-02-08 05:00:00+00:00,1307.3350500000001,True,1308.75,True,1377.1846776607997,True
R80790,2015-02-07 17:50:00+00:00,-1.61,11.15,9.229999966666668,2,2015-02-07 11:00:00+00:00,2015-02-08 05:00:00+00:00,1643.96005,True,1660.91,True,1790.745440441674,True
R80790,2015-02-07 18:00:00+00:00,-1.5599999,11.51,10.146666600000001,2,2015-02-07 11:00:00+00:00,2015-02-08 05:00:00+00:00,1743.41,True,1756.335,True,1874.6163105914015,True
R80790,2015-02-07 18:10:00+00:00,-1.67,10.13,8.596666699999998,2,2015-02-07 11:00:00+00:00,2015-02-08 05:00:00+00:00,1434.2,True,1434.15,True,1576.7707909123485,True
R80790,2015-02-07 18:20:00+00:00,-1.29,10.82,9.473333533333333,2,2015-02-07 11:00:00+00:00,2015-02-08 05:00:00+00:00,1643.96005,True,1660.91,True,1748.8335811917289,True
R80790,2015-02-07 18:30:00+00:00,-1.51,10.03,8.810000100000002,2,2015-02-07 11:00:00+00:00,2015-02-08 05:00:00+00:00,1434.2,True,1434.15,True,1519.8443254105603,True
R80790,2015-02-07 18:40:00+00:00,-1.7000000000000002,9.9700003,7.8799998,2,2015-02-07 11:00:00+00:00,2015-02-08 05:00:00+00:00,1434.2,True,1434.15,True,1523.4687008568233,True
R80790,2015-02-07 18:50:00+00:00,-1.49,9.7399998,8.533333266666666,2,2015-02-07 11:00:00+00:00,2015-02-08 05:00:00+00:00,1307.3350500000001,True,1308.75,True,1419.7958512223497,True
R80790,2015-02-07 19:00:00+00:00,-1.58,10.39,9.229999999999999,2,2015-02-07 11:00:00+00:00,2015-02-08 05:00:00+00:00,1553.55,True,1555.72,True,1633.7621115445816,True
R80790,2015-02-07 19:10:00+00:00,-1.5599999,9.880000099999998,8.490000066666667,2,2015-02-07 11:00:00+00:00,2015-02-08 05:00:00+00:00,1434.2,True,1434.15,True,1474.7086113550338,True
R80790,2015-02-07 19:20:00+00:00,-1.65,8.9499998,7.353333466666668,2,2015-02-07 11:00:00+00:00,2015-02-08 05:00:00+00:00,1191.75,True,1182.2849999999999,True,1237.1233380749404,True
R80790,2015-02-07 19:30:00+00:00,-1.66,7.880000099999999,6.566666599999999,2,2015-02-07 11:00:00+00:00,2015-02-08 05:00:00+00:00,934.35999,True,916.78,True,940.1316743583726,True
R80790,2015-02-07 19:40:00+00:00,-1.4,8.510000199999999,7.0933332333333325,2,2015-02-07 11:00:00+00:00,2015-02-08 05:00:00+00:00,1062.74,True,1048.475,True,1123.4607875765928,True
R80790,2015-02-07 19:50:00+00:00,-1.49,10.14,8.446666733333332,2,2015-02-07 11:00:00+00:00,2015-02-08 05:00:00+00:00,1434.2,True,1434.15,True,1556.9339410201942,True
R80790,2015-02-07 20:00:00+00:00,-1.86,10.42,9.3166666,2,2015-02-07 11:00:00+00:00,2015-02-08 05:00:00+00:00,1553.55,True,1555.72,True,1617.154370264143,True
R80790,2015-02-07 20:10:00+00:00,-1.6,9.0200005,8.356666599999999,2,2015-02-07 11:00:00+00:00,2015-02-08 05:00:00+00:00,1191.75,True,1182.2849999999999,True,1260.3272366277404,True
R80790,2015-02-07 20:20:00+00:00,-1.5,7.7600002,6.966666533333334,2,2015-02-07 11:00:00+00:00,2015-02-08 05:00:00+00:00,796.614995,True,777.8950150000001,True,913.0651193004335,True
R80790,2015-02-07 20:30:00+00:00,-1.67,6.0599999,5.886666599999999,2,2015-02-07 11:00:00+00:00,2015-02-08 05:00:00+00:00,390.18501000000003,True,365.41,True,382.57788740967135,True
R80790,2015-02-07 20:40:00+00:00,-1.75,7.71,6.796666633333333,2,2015-02-07 11:00:00+00:00,2015-02-08 05:00:00+00:00,796.614995,True,777.8950150000001,True,893.4781138951508,True
R80790,2015-02-07 20:50:00+00:00,-1.58,9.6700001,7.850000066666667,2,2015-02-07 11:00:00+00:00,2015-02-08 05:00:00+00:00,1307.3350500000001,True,1308.75,True,1411.3602497131155,True
R80790,2015-02-07 21:00:00+00:00,-1.96,9.2600002,8.176666733333333,2,2015-02-07 11:00:00+00:00,2015-02-08 05:00:00+00:00,1191.75,True,1182.2849999999999,True,1310.0312707451762,True
R80790,2015-02-07 21:10:00+00:00,-1.71,8.96,7.9033335,2,2015-02-07 11:00:00+00:00,2015-02-08 05:00:00+00:00,1191.75,True,1182.2849999999999,True,1233.8942294632247,True
R80790,2015-02-07 21:20:00+00:00,-1.48,8.739999800000001,7.666666666666667,2,2015-02-07 11:00:00+00:00,2015-02-08 05:00:00+00:00,1062.74,True,1048.475,True,1186.2652900931143,True
R80790,2015-02-07 21:30:00+00:00,-1.77,8.3400002,7.536666533333334,2,2015-02-07 11:00:00+00:00,2015-02-08 05:00:00+00:00,1062.74,True,1048.475,True,1081.3475339253662,True
R80790,2015-02-07 21:40:00+00:00,-1.83,8.819999699999999,7.2466665666666685,2,2015-02-07 11:00:00+00:00,2015-02-08 05:00:00+00:00,1062.74,True,1048.475,True,1208.375742993445,True
R80790,2015-02-07 21:50:00+00:00,-1.47,8.6000004,6.5733332666666655,2,2015-02-07 11:00:00+00:00,2015-02-08 05:00:00+00:00,1062.74,True,1048.475,True,1144.584432638732,True
R80790,2015-02-07 22:00:00+00:00,-1.5599999,7.889999900000001,6.0766667,2,2015-02-07 11:00:00+00:00,2015-02-08 05:00:00+00:00,934.35999,True,916.78,True,940.1316743583726,True
R80790,2015-02-07 22:10:00+00:00,-1.62,6.610000099999999,6.1500001,2,2015-02-07 11:00:00+00:00,2015-02-08 05:00:00+00:00,527.84998,True,496.20001,True,541.4951213363679,True
R80790,2015-02-07 22:20:00+00:00,-1.84,6.54,5.3666664666666675,2,2015-02-07 11:00:00+00:00,2015-02-08 05:00:00+00:00,527.84998,True,496.20001,True,515.3498860208908,True
R80790,2015-02-07 22:30:00+00:00,-1.4299999,6.3600001,5.576666666666667,2,2015-02-07 11:00:00+00:00,2015-02-08 05:00:00+00:00,390.18501000000003,True,365.41,True,465.5877778447759,True
R80790,2015-02-07 22:40:00+00:00,-1.67,6.48,5.5033334,2,2015-02-07 11:00:00+00:00,2015-02-08 05:00:00+00:00,527.84998,True,496.20001,True,499.4797258925214,True
R80790,2015-02-07 22:50:00+00:00,-1.48,6.1900001,5.280000066666666,2,2015-02-07 11:00:00+00:00,2015-02-08 05:00:00+00:00,390.18501000000003,True,365.41,True,417.1160999689867,True
R80790,2015-02-07 23:00:00+00:00,-1.89,6.329999900000001,5.536666866666667,2,2015-02-07 11:00:00+00:00,2015-02-08 05:00:00+00:00,390.18501000000003,True,365.41,True,450.1942168382254,True
R80790,2015-02-07 23:10:00+00:00,-1.4299999,6.5500002,5.640000033333334,2,2015-02-07 11:00:00+00:00,2015-02-08 05:00:00+00:00,527.84998,True,496.20001,True,518.5966880344347,True
R80790,2015-02-07 23:20:00+00:00,-2.0799999,6.0300002,5.6933333,2,2015-02-07 11:00:00+00:00,2015-02-08 05:00:00+00:00,390.18501000000003,True,365.41,True,373.2155661518809,True
R80790,2015-02-07 23:30:00+00:00,-1.27,6.639999900000001,6.333333333333333,2,2015-02-07 11:00:00+00:00,2015-02-08 05:00:00+00:00,527.84998,True,496.20001,True,533.2343219840047,True
R80790,2015-02-07 23:40:00+00:00,-1.64,7.54,6.453333366666667,2,2015-02-07 11:00:00+00:00,2015-02-08 05:00:00+00:00,796.614995,True,777.8950150000001,True,820.0427650721037,True
R80790,2015-02-07 23:50:00+00:00,-1.96,7.150000099999999,6.263333333333333,2,2015-02-07 11:00:00+00:00,2015-02-08 05:00:00+00:00,662.91998,True,635.035005,True,703.4246109017649,True
R80790,2015-02-08 00:00:00+00:00,-1.5599999,7.25,6.2466666,2,2015-02-07 11:00:00+00:00,2015-02-08 05:00:00+00:00,662.91998,True,635.035005,True,724.7778602200628,True
R80790,2015-02-08 00:10:00+00:00,-1.48,8.6099997,6.606666700000001,2,2015-02-07 11:00:00+00:00,2015-02-08 05:00:00+00:00,1062.74,True,1048.475,True,1132.0967187939777,True
R80790,2015-02-08 00:20:00+00:00,-1.71,8.760000199999999,6.980000033333333,2,2015-02-07 11:00:00+00:00,2015-02-08 05:00:00+00:00,1062.74,True,1048.475,True,1180.7249990743685,True
R80790,2015-02-08 00:30:00+00:00,-1.5700001,7.75,6.336666733333334,2,2015-02-07 11:00:00+00:00,2015-02-08 05:00:00+00:00,796.614995,True,777.8950150000001,True,877.3850692514304,True
R80790,2015-02-08 00:40:00+00:00,-1.76,8.1599998,6.493333333333332,2,2015-02-07 11:00:00+00:00,2015-02-08 05:00:00+00:00,934.35999,True,916.78,True,1007.9918383645547,True
R80790,2015-02-08 00:50:00+00:00,-1.84,8.21,6.1266667,2,2015-02-07 11:00:00+00:00,2015-02-08 05:00:00+00:00,934.35999,True,916.78,True,1035.0258923969222,True
R80790,2015-02-08 01:00:00+00:00,-1.4400001,7.400000099999999,6.003333266666666,2,2015-02-07 11:00:00+00:00,2015-02-08 05:00:00+00:00,796.614995,True,777.8950150000001,True,767.8536847919872,True
R80790,2015-02-08 01:10:00+00:00,-1.55,7.349999900000001,6.0133334666666665,2,2015-02-07 11:00:00+00:00,2015-02-08 05:00:00+00:00,662.91998,True,635.035005,True,752.185415331496,True
R80790,2015-02-08 01:20:00+00:00,-1.5,6.1799998,5.920000099999999,2,2015-02-07 11:00:00+00:00,2015-02-08 05:00:00+00:00,390.18501000000003,True,365.41,True,404.4532763444779,True
R80790,2015-02-08 01:30:00+00:00,-1.62,6.5500002,6.3666668,2,2015-02-07 11:00:00+00:00,2015-02-08 05:00:00+00:00,527.84998,True,496.20001,True,514.8373106976474,True
R80790,2015-02-08 01:40:00+00:00,-1.79,7.320000200000001,6.143333433333335,2,2015-02-07 11:00:00+00:00,2015-02-08 05:00:00+00:00,662.91998,True,635.035005,True,746.2500279724014,True
R80790,2015-02-08 01:50:00+00:00,-1.6,5.6500001,5.6866665,2,2015-02-07 11:00:00+00:00,2015-02-08 05:00:00+00:00,271.68501000000003,True,252.56,True,281.9553966662244,True
R80790,2015-02-08 02:00:00+00:00,-1.6900001,7.309999900000001,6.0733334,2,2015-02-07 11:00:00+00:00,2015-02-08 05:00:00+00:00,662.91998,True,635.035005,True,746.2500279724014,True
R80790,2015-02-08 02:10:00+00:00,-1.53,8.489999800000001,6.496666766666666,2,2015-02-07 11:00:00+00:00,2015-02-08 05:00:00+00:00,1062.74,True,1048.475,True,1072.701404324745,True
R80790,2015-02-08 02:20:00+00:00,-1.71,7.9499998,6.623333299999999,2,2015-02-07 11:00:00+00:00,2015-02-08 05:00:00+00:00,934.35999,True,916.78,True,926.4438857429943,True
R80790,2015-02-08 02:30:00+00:00,-1.61,7.9099998,6.423333500000001,2,2015-02-07 11:00:00+00:00,2015-02-08 05:00:00+00:00,934.35999,True,916.78,True,926.4438857429943,True
R80790,2015-02-08 02:40:00+00:00,-1.47,5.130000099999999,6.036666566666667,2,2015-02-07 11:00:00+00:00,2015-02-08 05:00:00+00:00,178.13,True,165.06,True,180.14005049937364,True
R80790,2015-02-08 02:50:00+00:00,-1.62,6.04,6.3833332,2,2015-02-07 11:00:00+00:00,2015-02-08 05:00:00+00:00,390.18501000000003,True,365.41,True,371.7433832864192,True
R80790,2015-02-08 03:00:00+00:00,-1.89,5.0599999,6.09,2,2015-02-07 11:00:00+00:00,2015-02-08 05:00:00+00:00,178.13,True,165.06,True,159.84403024181276,True
R80790,2015-02-08 03:10:00+00:00,-1.52,6.3400002,6.206666800000001,2,2015-02-07 11:00:00+00:00,2015-02-08 05:00:00+00:00,390.18501000000003,True,365.41,True,447.10204715347845,True
R80790,2015-02-08 03:20:00+00:00,-1.65,7.420000099999999,6.3133333333333335,2,2015-02-07 11:00:00+00:00,2015-02-08 05:00:00+00:00,796.614995,True,777.8950150000001,True,773.8495874978986,True
R80790,2015-02-08 03:30:00+00:00,-1.8,4.6500001,6.0166667333333335,2,2015-02-07 11:00:00+00:00,2015-02-08 05:00:00+00:00,107.82,True,98.440002,True,101.86608216200968,True
R80790,2015-02-08 03:40:00+00:00,-1.47,5.4299998,6.6433334666666655,2,2015-02-07 11:00:00+00:00,2015-02-08 05:00:00+00:00,271.68501000000003,True,252.56,True,207.149798196711,True
R80790,2015-02-08 03:50:00+00:00,-1.66,5.369999900000001,6.7666667333333335,2,2015-02-07 11:00:00+00:00,2015-02-08 05:00:00+00:00,178.13,True,165.06,True,197.9151577945037,True
R80790,2015-02-08 04:00:00+00:00,-1.75,5.02,6.5800000999999995,2,2015-02-07 11:00:00+00:00,2015-02-08 05:00:00+00:00,178.13,True,165.06,True,142.13876063618582,True
R80790,2015-02-08 04:10:00+00:00,-1.63,5.02,6.449999966666667,2,2015-02-07 11:00:00+00:00,2015-02-08 05:00:00+00:00,178.13,True,165.06,True,142.13876063618582,True
R80790,2015-02-08 04:20:00+00:00,-1.35,5.4299998,6.84,2,2015-02-07 11:00:00+00:00,2015-02-08 05:00:00+00:00,271.68501000000003,True,252.56,True,213.18747879904888,True
R80790,2015-02-08 04:30:00+00:00,-1.53,5.5300002,6.530000066666667,2,2015-02-07 11:00:00+00:00,2015-02-08 05:00:00+00:00,271.68501000000003,True,252.56,True,229.41981984630428,True
R80790,2015-02-08 04:40:00+00:00,-1.99,5.170000099999999,6.1466667,2,2015-02-07 11:00:00+00:00,2015-02-08 05:00:00+00:00,178.13,True,165.06,True,161.15473736772327,True
R80790,2015-02-08 04:50:00+00:00,-1.47,4.9899998,6.2833333,2,2015-02-07 11:00:00+00:00,2015-02-08 05:00:00+00:00,178.13,True,165.06,True,138.26081766581999,True
R80790,2015-02-08 05:00:00+00:00,-1.39,4.73,6.333333333333333,2,2015-02-07 11:00:00+00:00,2015-02-08 05:00:00+00:00,107.82,True,98.440002,True,104.34978677911441,True
R80790,2015-02-08 05:10:00+00:00,-2.22,4.4099998,6.3433334000000015,2,2015-02-07 11:00:00+00:00,2015-02-08 05:00:00+00:00,0.0,False,0.0,False,0.0,False
R80790,2015-02-08 05:20:00+00:00,-1.4400001,5.3499999,6.353333333333333,2,2015-02-07 11:00:00+00:00,2015-02-08 05:00:00+00:00,178.13,True,165.06,True,211.70063628992665,True
R80790,2015-02-08 05:30:00+00:00,-1.59,4.9099998,6.326666666666665,2,2015-02-07 11:00:00+00:00,2015-02-08 05:00:00+00:00,107.82,True,98.440002,True,134.61490689952257,True
R80790,2015-02-08 05:40:00+00:00,-1.74,4.4499998,6.259999933333333,2,2015-02-07 11:00:00+00:00,2015-02-08 05:00:00+00:00,107.82,True,98.440002,True,75.88382760179873,True
R80790,2015-02-08 05:50:00+00:00,-1.3099999,4.630000099999999,6.526666633333334,2,2015-02-07 11:00:00+00:00,2015-02-08 05:00:00+00:00,107.82,True,98.440002,True,94.26685502493388,True
R80790,2015-02-08 06:00:00+00:00,-1.66,4.6799998,6.4133334,2,2015-02-07 11:00:00+00:00,2015-02-08 05:00:00+00:00,107.82,True,98.440002,True,99.97593957921839,True
R80790,2015-02-08 06:10:00+00:00,-2.03,4.7600002,6.346666666666667,2,2015-02-07 11:00:00+00:00,2015-02-08 05:00:00+00:00,107.82,True,98.440002,True,109.83065264526502,True
R80790,2015-02-08 06:20:00+00:00,-1.46,5.4499998,6.6566666,2,2015-02-07 11:00:00+00:00,2015-02-08 05:00:00+00:00,271.68501000000003,True,252.56,True,222.90207132707707,True
R80790,2015-02-08 06:30:00+00:00,-1.5700001,5.4400001,6.469999966666667,2,2015-02-07 11:00:00+00:00,2015-02-08 05:00:00+00:00,271.68501000000003,True,252.56,True,221.23082546341828,True
R80790,2015-02-08 06:40:00+00:00,-2.3199999,6.1599998,6.773333233333332,2,2015-02-07 11:00:00+00:00,2015-02-08 05:00:00+00:00,390.18501000000003,True,365.41,True,395.89024950339143,True
R80790,2015-02-08 06:50:00+00:00,-1.67,5.0100002,6.27,2,2015-02-07 11:00:00+00:00,2015-02-08 05:00:00+00:00,178.13,True,165.06,True,147.93204260375566,True
R80790,2015-02-08 07:00:00+00:00,-1.47,4.630000099999999,6.039999966666667,2,2015-02-07 11:00:00+00:00,2015-02-08 05:00:00+00:00,107.82,True,98.440002,True,94.26685502493388,True
R80790,2015-02-08 05:30:00+00:00,-1.59,4.9099998,6.326666666666665,3,2015-02-08 07:30:00+00:00,2015-02-09 03:00:00+00:00,107.82,True,98.440002,True,134.61490689952257,True
R80790,2015-02-08 05:40:00+00:00,-1.74,4.4499998,6.259999933333333,3,2015-02-08 07:30:00+00:00,2015-02-09 03:00:00+00:00,107.82,True,98.440002,True,75.88382760179873,True
R80790,2015-02-08 05:50:00+00:00,-1.3099999,4.630000099999999,6.526666633333334,3,2015-02-08 07:30:00+00:00,2015-02-09 03:00:00+00:00,107.82,True,98.440002,True,94.26685502493388,True
R80790,2015-02-08 06:00:00+00:00,-1.66,4.6799998,6.4133334,3,2015-02-08 07:30:00+00:00,2015-02-09 03:00:00+00:00,107.82,True,98.440002,True,99.97593957921839,True
R80790,2015-02-08 06:10:00+00:00,-2.03,4.7600002,6.346666666666667,3,2015-02-08 07:30:00+00:00,2015-02-09 03:00:00+00:00,107.82,True,98.440002,True,109.83065264526502,True
R80790,2015-02-08 06:20:00+00:00,-1.46,5.4499998,6.6566666,3,2015-02-08 07:30:00+00:00,2015-02-09 03:00:00+00:00,271.68501000000003,True,252.56,True,222.90207132707707,True
R80790,2015-02-08 06:30:00+00:00,-1.5700001,5.4400001,6.469999966666667,3,2015-02-08 07:30:00+00:00,2015-02-09 03:00:00+00:00,271.68501000000003,True,252.56,True,221.23082546341828,True
R80790,2015-02-08 06:40:00+00:00,-2.3199999,6.1599998,6.773333233333332,3,2015-02-08 07:30:00+00:00,2015-02-09 03:00:00+00:00,390.18501000000003,True,365.41,True,395.89024950339143,True
R80790,2015-02-08 06:50:00+00:00,-1.67,5.0100002,6.27,3,2015-02-08 07:30:00+00:00,2015-02-09 03:00:00+00:00,178.13,True,165.06,True,147.93204260375566,True
R80790,2015-02-08 07:00:00+00:00,-1.47,4.630000099999999,6.039999966666667,3,2015-02-08 07:30:00+00:00,2015-02-09 03:00:00+00:00,107.82,True,98.440002,True,94.26685502493388,True
R80790,2015-02-08 07:10:00+00:00,-1.84,5.2399998,6.023333233333333,3,2015-02-08 07:30:00+00:00,2015-02-09 03:00:00+00:00,178.13,True,165.06,True,185.73403860679934,True
R80790,2015-02-08 07:20:00+00:00,-1.4299999,4.3000002,5.929999966666667,3,2015-02-08 07:30:00+00:00,2015-02-09 03:00:00+00:00,0.0,False,0.0,False,0.0,False
R80790,2015-02-08 07:30:00+00:00,-1.92,5.2600002,6.4633332999999995,3,2015-02-08 07:30:00+00:00,2015-02-09 03:00:00+00:00,178.13,True,165.06,True,190.27201576874782,True
R80790,2015-02-08 07:40:00+00:00,-1.42,7.0100002,6.523333233333332,3,2015-02-08 07:30:00+00:00,2015-02-09 03:00:00+00:00,662.91998,True,635.035005,True,643.2128712181044,True
R80790,2015-02-08 07:50:00+00:00,-1.8200001,6.0700002,6.833333366666667,3,2015-02-08 07:30:00+00:00,2015-02-09 03:00:00+00:00,390.18501000000003,True,365.41,True,374.36072966129217,True
R80790,2015-02-08 08:00:00+00:00,-1.51,5.48,6.570000033333333,3,2015-02-08 07:30:00+00:00,2015-02-09 03:00:00+00:00,271.68501000000003,True,252.56,True,243.56099213714984,True
R80790,2015-02-08 08:10:00+00:00,-1.9,7.6999998,7.143333266666666,3,2015-02-08 07:30:00+00:00,2015-02-09 03:00:00+00:00,796.614995,True,777.8950150000001,True,859.6595095843636,True
R80790,2015-02-08 08:20:00+00:00,-1.52,9.9499998,7.5333333,3,2015-02-08 07:30:00+00:00,2015-02-09 03:00:00+00:00,1434.2,True,1434.15,True,1448.835372081373,True
R80790,2015-02-08 08:30:00+00:00,-2.05,8.6899996,7.493333333333333,3,2015-02-08 07:30:00+00:00,2015-02-09 03:00:00+00:00,1062.74,True,1048.475,True,1131.9793199328262,True
R80790,2015-02-08 08:40:00+00:00,-1.49,7.889999900000001,6.973333333333334,3,2015-02-08 07:30:00+00:00,2015-02-09 03:00:00+00:00,934.35999,True,916.78,True,911.4638876073186,True
R80790,2015-02-08 08:50:00+00:00,-1.78,6.27,6.09,3,2015-02-08 07:30:00+00:00,2015-02-09 03:00:00+00:00,390.18501000000003,True,365.41,True,424.36912740020733,True
R80790,2015-02-08 09:00:00+00:00,-1.77,7.110000099999999,6.2866667000000005,3,2015-02-08 07:30:00+00:00,2015-02-09 03:00:00+00:00,662.91998,True,635.035005,True,665.8219422415725,True
R80790,2015-02-08 09:10:00+00:00,-1.4299999,6.610000099999999,6.143333299999999,3,2015-02-08 07:30:00+00:00,2015-02-09 03:00:00+00:00,527.84998,True,496.20001,True,525.7890492612107,True
R80790,2015-02-08 09:20:00+00:00,-1.76,6.610000099999999,6.013333333333333,3,2015-02-08 07:30:00+00:00,2015-02-09 03:00:00+00:00,527.84998,True,496.20001,True,507.7532932991467,True
R80790,2015-02-08 09:30:00+00:00,-1.48,7.3400002,6.469999966666667,3,2015-02-08 07:30:00+00:00,2015-02-09 03:00:00+00:00,662.91998,True,635.035005,True,740.8471123027174,True
R80790,2015-02-08 09:40:00+00:00,-2.1800001,6.889999900000001,6.709999866666666,3,2015-02-08 07:30:00+00:00,2015-02-09 03:00:00+00:00,527.84998,True,496.20001,True,592.8477195163134,True
R80790,2015-02-08 09:50:00+00:00,-1.4,8.0200005,7.480000033333333,3,2015-02-08 07:30:00+00:00,2015-02-09 03:00:00+00:00,934.35999,True,916.78,True,935.6455098256748,True
R80790,2015-02-08 10:00:00+00:00,-1.55,6.639999900000001,6.363333366666666,3,2015-02-08 07:30:00+00:00,2015-02-09 03:00:00+00:00,527.84998,True,496.20001,True,516.1591585239979,True
R80790,2015-02-08 10:10:00+00:00,-1.54,8.5600004,7.863333366666666,3,2015-02-08 07:30:00+00:00,2015-02-09 03:00:00+00:00,1062.74,True,1048.475,True,1098.4160060615475,True
R80790,2015-02-08 10:20:00+00:00,-2.26,8.5799999,8.593333266666667,3,2015-02-08 07:30:00+00:00,2015-02-09 03:00:00+00:00,1062.74,True,1048.475,True,1099.126601593367,True
R80790,2015-02-08 10:30:00+00:00,-1.65,9.8199997,8.250000166666664,3,2015-02-08 07:30:00+00:00,2015-02-09 03:00:00+00:00,1307.3350500000001,True,1308.75,True,1449.2979124978547,True
R80790,2015-02-08 10:40:00+00:00,-1.4400001,8.1499996,8.223333366666665,3,2015-02-08 07:30:00+00:00,2015-02-09 03:00:00+00:00,934.35999,True,916.78,True,1004.841792426618,True
R80790,2015-02-08 10:50:00+00:00,-1.74,7.5900002,7.603333466666666,3,2015-02-08 07:30:00+00:00,2015-02-09 03:00:00+00:00,796.614995,True,777.8950150000001,True,823.38134692489,True
R80790,2015-02-08 11:00:00+00:00,-1.6799999,8.3999996,6.640000033333334,3,2015-02-08 07:30:00+00:00,2015-02-09 03:00:00+00:00,1062.74,True,1048.475,True,1070.540659493885,True
R80790,2015-02-08 11:10:00+00:00,-1.66,7.400000099999999,6.3433334,3,2015-02-08 07:30:00+00:00,2015-02-09 03:00:00+00:00,796.614995,True,777.8950150000001,True,752.0158652103215,True
R80790,2015-02-08 11:20:00+00:00,-2.0999999,6.4000001,5.846666666666667,3,2015-02-08 07:30:00+00:00,2015-02-09 03:00:00+00:00,390.18501000000003,True,365.41,True,436.28660552373736,True
R80790,2015-02-08 11:30:00+00:00,-1.48,6.79,6.3266667000000005,3,2015-02-08 07:30:00+00:00,2015-02-09 03:00:00+00:00,527.84998,True,496.20001,True,550.7041984469552,True
R80790,2015-02-08 11:40:00+00:00,-1.6799999,6.130000099999999,6.670000066666666,3,2015-02-08 07:30:00+00:00,2015-02-09 03:00:00+00:00,390.18501000000003,True,365.41,True,364.89541529044834,True
R80790,2015-02-08 11:50:00+00:00,-1.5599999,7.2600002,6.636666633333334,3,2015-02-08 07:30:00+00:00,2015-02-09 03:00:00+00:00,662.91998,True,635.035005,True,702.6677210315781,True
R80790,2015-02-08 12:00:00+00:00,-1.76,6.420000099999999,6.0133333,3,2015-02-08 07:30:00+00:00,2015-02-09 03:00:00+00:00,527.84998,True,496.20001,True,437.78744977187154,True
R80790,2015-02-08 12:10:00+00:00,-1.72,6.2600002,5.856666733333333,3,2015-02-08 07:30:00+00:00,2015-02-09 03:00:00+00:00,390.18501000000003,True,365.41,True,397.15820661392814,True
R80790,2015-02-08 12:20:00+00:00,-1.85,5.1799998,5.263333333333333,3,2015-02-08 07:30:00+00:00,2015-02-09 03:00:00+00:00,178.13,True,165.06,True,171.10193179627848,True
R80790,2015-02-08 12:30:00+00:00,-1.45,5.619999900000001,5.273333233333333,3,2015-02-08 07:30:00+00:00,2015-02-09 03:00:00+00:00,271.68501000000003,True,252.56,True,249.55162147645765,True
R80790,2015-02-08 12:40:00+00:00,-1.7000000000000002,6.8000002,6.333333333333333,3,2015-02-08 07:30:00+00:00,2015-02-09 03:00:00+00:00,527.84998,True,496.20001,True,550.7041984469552,True
R80790,2015-02-08 12:50:00+00:00,-1.91,7.070000200000001,6.190000066666667,3,2015-02-08 07:30:00+00:00,2015-02-09 03:00:00+00:00,662.91998,True,635.035005,True,644.4195344990598,True
R80790,2015-02-08 13:00:00+00:00,-1.5700001,7.3000002,6.653333366666668,3,2015-02-08 07:30:00+00:00,2015-02-09 03:00:00+00:00,662.91998,True,635.035005,True,709.2969179888988,True
R80790,2015-02-08 13:10:00+00:00,-1.8,8.4499998,7.449999966666667,3,2015-02-08 07:30:00+00:00,2015-02-09 03:00:00+00:00,1062.74,True,1048.475,True,1065.798593003436,True
R80790,2015-02-08 13:20:00+00:00,-1.85,6.4000001,6.983333399999999,3,2015-02-08 07:30:00+00:00,2015-02-09 03:00:00+00:00,390.18501000000003,True,365.41,True,436.28660552373736,True
R80790,2015-02-08 13:30:00+00:00,-1.55,8.380000099999998,7.390000166666667,3,2015-02-08 07:30:00+00:00,2015-02-09 03:00:00+00:00,934.35999,True,916.78,True,1036.8998192161623,True
R80790,2015-02-08 13:40:00+00:00,-1.86,8.0100002,7.613333233333333,3,2015-02-08 07:30:00+00:00,2015-02-09 03:00:00+00:00,934.35999,True,916.78,True,932.0051277329696,True
R80790,2015-02-08 13:50:00+00:00,-1.96,8.5799999,7.2933332,3,2015-02-08 07:30:00+00:00,2015-02-09 03:00:00+00:00,1062.74,True,1048.475,True,1085.0076669961563,True
R80790,2015-02-08 14:00:00+00:00,-1.52,6.79,6.733333300000001,3,2015-02-08 07:30:00+00:00,2015-02-09 03:00:00+00:00,527.84998,True,496.20001,True,552.8160232115392,True
R80790,2015-02-08 14:10:00+00:00,-1.62,8.2600002,7.280000033333334,3,2015-02-08 07:30:00+00:00,2015-02-09 03:00:00+00:00,934.35999,True,916.78,True,1005.6378614174711,True
R80790,2015-02-08 14:20:00+00:00,-1.58,7.829999900000001,7.1566666,3,2015-02-08 07:30:00+00:00,2015-02-09 03:00:00+00:00,796.614995,True,777.8950150000001,True,874.8334875700517,True
R80790,2015-02-08 14:30:00+00:00,-1.87,7.800000199999999,7.006666666666667,3,2015-02-08 07:30:00+00:00,2015-02-09 03:00:00+00:00,796.614995,True,777.8950150000001,True,891.6861652195744,True
R80790,2015-02-08 14:40:00+00:00,-1.54,9.21,7.829999766666667,3,2015-02-08 07:30:00+00:00,2015-02-09 03:00:00+00:00,1191.75,True,1182.2849999999999,True,1264.3887855436187,True
R80790,2015-02-08 14:50:00+00:00,-1.76,7.6999998,6.7399999333333325,3,2015-02-08 07:30:00+00:00,2015-02-09 03:00:00+00:00,796.614995,True,777.8950150000001,True,844.8392782335815,True
R80790,2015-02-08 15:00:00+00:00,-1.9400001,6.9099998,6.626666699999999,3,2015-02-08 07:30:00+00:00,2015-02-09 03:00:00+00:00,662.91998,True,635.035005,True,591.1010656041572,True
R80790,2015-02-08 15:10:00+00:00,-1.7000000000000002,8.2399998,6.82,3,2015-02-08 07:30:00+00:00,2015-02-09 03:00:00+00:00,934.35999,True,916.78,True,1014.3850606726128,True
R80790,2015-02-08 15:20:00+00:00,-1.4,6.889999900000001,6.230000033333333,3,2015-02-08 07:30:00+00:00,2015-02-09 03:00:00+00:00,527.84998,True,496.20001,True,580.9499583588856,True
R80790,2015-02-08 15:30:00+00:00,-1.97,7.570000200000001,6.233333466666667,3,2015-02-08 07:30:00+00:00,2015-02-09 03:00:00+00:00,796.614995,True,777.8950150000001,True,799.774576591107,True
R80790,2015-02-08 15:40:00+00:00,-1.88,7.4099998,6.6000000666666665,3,2015-02-08 07:30:00+00:00,2015-02-09 03:00:00+00:00,796.614995,True,777.8950150000001,True,757.29986380727,True
R80790,2015-02-08 15:50:00+00:00,-1.45,8.0600004,6.4200001,3,2015-02-08 07:30:00+00:00,2015-02-09 03:00:00+00:00,934.35999,True,916.78,True,966.7926300425531,True
R80790,2015-02-08 16:00:00+00:00,-1.49,8.1000004,6.476666633333333,3,2015-02-08 07:30:00+00:00,2015-02-09 03:00:00+00:00,934.35999,True,916.78,True,982.8133638916439,True
R80790,2015-02-08 16:10:00+00:00,-1.54,7.550000199999999,6.283333299999999,3,2015-02-08 07:30:00+00:00,2015-02-09 03:00:00+00:00,796.614995,True,777.8950150000001,True,799.0931385515794,True
R80790,2015-02-08 16:20:00+00:00,-1.79,7.329999900000001,6.273333366666666,3,2015-02-08 07:30:00+00:00,2015-02-09 03:00:00+00:00,662.91998,True,635.035005,True,757.9458186604393,True
R80790,2015-02-08 16:30:00+00:00,-1.66,8.0600004,6.566666633333334,3,2015-02-08 07:30:00+00:00,2015-02-09 03:00:00+00:00,934.35999,True,916.78,True,977.9268695017249,True
R80790,2015-02-08 16:40:00+00:00,-1.73,7.54,6.696666566666668,3,2015-02-08 07:30:00+00:00,2015-02-09 03:00:00+00:00,796.614995,True,777.8950150000001,True,818.6199368609851,True
R80790,2015-02-08 16:50:00+00:00,-1.3099999,7.530000200000001,6.679999966666667,3,2015-02-08 07:30:00+00:00,2015-02-09 03:00:00+00:00,796.614995,True,777.8950150000001,True,808.1417848794949,True
R80790,2015-02-08 17:00:00+00:00,-1.7000000000000002,7.860000099999999,6.530000066666666,3,2015-02-08 07:30:00+00:00,2015-02-09 03:00:00+00:00,796.614995,True,777.8950150000001,True,911.9336228250233,True
R80790,2015-02-08 17:10:00+00:00,-2.01,7.280000200000001,6.316666600000001,3,2015-02-08 07:30:00+00:00,2015-02-09 03:00:00+00:00,662.91998,True,635.035005,True,732.3147780693531,True
R80790,2015-02-08 17:20:00+00:00,-1.48,6.829999900000001,5.9966666,3,2015-02-08 07:30:00+00:00,2015-02-09 03:00:00+00:00,527.84998,True,496.20001,True,595.7823118756968,True
R80790,2015-02-08 17:30:00+00:00,-1.5,7.04,6.186666633333334,3,2015-02-08 07:30:00+00:00,2015-02-09 03:00:00+00:00,662.91998,True,635.035005,True,660.7239476200514,True
R80790,2015-02-08 17:40:00+00:00,-1.62,7.719999799999999,6.3800001,3,2015-02-08 07:30:00+00:00,2015-02-09 03:00:00+00:00,796.614995,True,777.8950150000001,True,880.9034595431173,True
R80790,2015-02-08 17:50:00+00:00,-1.9299999,7.7600002,6.4333333999999995,3,2015-02-08 07:30:00+00:00,2015-02-09 03:00:00+00:00,796.614995,True,777.8950150000001,True,892.0552856840322,True
R80790,2015-02-08 18:00:00+00:00,-1.59,7.73,6.75,3,2015-02-08 07:30:00+00:00,2015-02-09 03:00:00+00:00,796.614995,True,777.8950150000001,True,892.0552856840322,True
R80790,2015-02-08 18:10:00+00:00,-1.61,8.430000300000001,7.053333599999999,3,2015-02-08 07:30:00+00:00,2015-02-09 03:00:00+00:00,1062.74,True,1048.475,True,1086.0504088437003,True
R80790,2015-02-08 18:20:00+00:00,-1.42,8.3199997,6.9399999,3,2015-02-08 07:30:00+00:00,2015-02-09 03:00:00+00:00,934.35999,True,916.78,True,1076.6955971025318,True
R80790,2015-02-08 18:30:00+00:00,-2.0899999,8.1000004,7.0,3,2015-02-08 07:30:00+00:00,2015-02-09 03:00:00+00:00,934.35999,True,916.78,True,1011.0099599956781,True
R80790,2015-02-08 18:40:00+00:00,-1.59,7.280000200000001,6.7533334,3,2015-02-08 07:30:00+00:00,2015-02-09 03:00:00+00:00,662.91998,True,635.035005,True,745.7561890747495,True
R80790,2015-02-08 18:50:00+00:00,-1.6,7.059999900000001,6.7166667,3,2015-02-08 07:30:00+00:00,2015-02-09 03:00:00+00:00,662.91998,True,635.035005,True,675.3063389498462,True
R80790,2015-02-08 19:00:00+00:00,-1.6900001,7.079999900000001,6.2633334666666665,3,2015-02-08 07:30:00+00:00,2015-02-09 03:00:00+00:00,662.91998,True,635.035005,True,674.3692893455042,True
R80790,2015-02-08 19:10:00+00:00,-1.62,7.0,6.32,3,2015-02-08 07:30:00+00:00,2015-02-09 03:00:00+00:00,662.91998,True,635.035005,True,656.3627903501333,True
R80790,2015-02-08 19:20:00+00:00,-1.5599999,7.27,6.493333333333333,3,2015-02-08 07:30:00+00:00,2015-02-09 03:00:00+00:00,662.91998,True,635.035005,True,735.1985830153668,True
R80790,2015-02-08 19:30:00+00:00,-2.1900001,7.0500002,6.366666599999999,3,2015-02-08 07:30:00+00:00,2015-02-09 03:00:00+00:00,662.91998,True,635.035005,True,675.3063389498462,True
R80790,2015-02-08 19:40:00+00:00,-1.5599999,6.02,5.946666566666667,3,2015-02-08 07:30:00+00:00,2015-02-09 03:00:00+00:00,390.18501000000003,True,365.41,True,371.8471252817878,True
R80790,2015-02-08 19:50:00+00:00,-1.41,6.4499998,6.02,3,2015-02-08 07:30:00+00:00,2015-02-09 03:00:00+00:00,527.84998,True,496.20001,True,482.58613535946705,True
R80790,2015-02-08 20:00:00+00:00,-1.83,6.599999900000001,5.8066667,3,2015-02-08 07:30:00+00:00,2015-02-09 03:00:00+00:00,527.84998,True,496.20001,True,533.0892561115169,True
R80790,2015-02-08 20:10:00+00:00,-1.9,7.02,6.050000033333333,3,2015-02-08 07:30:00+00:00,2015-02-09 03:00:00+00:00,662.91998,True,635.035005,True,666.8368611777804,True
R80790,2015-02-08 20:20:00+00:00,-1.52,5.5700002,5.580000066666667,3,2015-02-08 07:30:00+00:00,2015-02-09 03:00:00+00:00,271.68501000000003,True,252.56,True,270.1406836993215,True
R80790,2015-02-08 20:30:00+00:00,-1.51,5.6500001,5.643333266666667,3,2015-02-08 07:30:00+00:00,2015-02-09 03:00:00+00:00,271.68501000000003,True,252.56,True,284.3514710825807,True
R80790,2015-02-08 20:40:00+00:00,-1.9,7.48,6.426666733333334,3,2015-02-08 07:30:00+00:00,2015-02-09 03:00:00+00:00,796.614995,True,777.8950150000001,True,816.966221512905,True
R80790,2015-02-08 20:50:00+00:00,-1.98,7.570000200000001,6.753333233333334,3,2015-02-08 07:30:00+00:00,2015-02-09 03:00:00+00:00,796.614995,True,777.8950150000001,True,844.4213945736259,True
R80790,2015-02-08 21:00:00+00:00,-1.4,7.920000099999999,6.819999833333333,3,2015-02-08 07:30:00+00:00,2015-02-09 03:00:00+00:00,934.35999,True,916.78,True,953.6888442829297,True
R80790,2015-02-08 21:10:00+00:00,-1.79,8.739999800000001,7.143333433333332,3,2015-02-08 07:30:00+00:00,2015-02-09 03:00:00+00:00,1062.74,True,1048.475,True,1183.0361814813987,True
R80790,2015-02-08 21:20:00+00:00,-1.8200001,9.1599998,7.556666700000001,3,2015-02-08 07:30:00+00:00,2015-02-09 03:00:00+00:00,1191.75,True,1182.2849999999999,True,1287.7069375424092,True
R80790,2015-02-08 21:30:00+00:00,-1.55,8.71,7.3666668,3,2015-02-08 07:30:00+00:00,2015-02-09 03:00:00+00:00,1062.74,True,1048.475,True,1162.4930568093985,True
R80790,2015-02-08 21:40:00+00:00,-1.61,8.4399996,7.313333366666668,3,2015-02-08 07:30:00+00:00,2015-02-09 03:00:00+00:00,1062.74,True,1048.475,True,1103.6536303937444,True
R80790,2015-02-08 21:50:00+00:00,-2.29,8.6000004,7.426666566666668,3,2015-02-08 07:30:00+00:00,2015-02-09 03:00:00+00:00,1062.74,True,1048.475,True,1141.3553240270164,True
R80790,2015-02-08 22:00:00+00:00,-1.51,7.969999799999999,7.183333233333333,3,2015-02-08 07:30:00+00:00,2015-02-09 03:00:00+00:00,934.35999,True,916.78,True,969.3817275621483,True
R80790,2015-02-08 22:10:00+00:00,-1.65,8.0799999,7.193333299999999,3,2015-02-08 07:30:00+00:00,2015-02-09 03:00:00+00:00,934.35999,True,916.78,True,1011.0099599956781,True
R80790,2015-02-08 22:20:00+00:00,-1.97,8.1400003,7.0333333,3,2015-02-08 07:30:00+00:00,2015-02-09 03:00:00+00:00,934.35999,True,916.78,True,1018.5452613758358,True
R80790,2015-02-08 22:30:00+00:00,-1.75,7.900000099999999,6.693333466666666,3,2015-02-08 07:30:00+00:00,2015-02-09 03:00:00+00:00,934.35999,True,916.78,True,950.4597356712144,True
R80790,2015-02-08 22:40:00+00:00,-1.79,8.2600002,6.673333333333335,3,2015-02-08 07:30:00+00:00,2015-02-09 03:00:00+00:00,934.35999,True,916.78,True,1054.0741684515763,True
R80790,2015-02-08 22:50:00+00:00,-1.86,8.75,6.983333266666666,3,2015-02-08 07:30:00+00:00,2015-02-09 03:00:00+00:00,1062.74,True,1048.475,True,1183.0361814813987,True
R80790,2015-02-08 23:00:00+00:00,-1.7000000000000002,8.659999800000001,6.966666666666666,3,2015-02-08 07:30:00+00:00,2015-02-09 03:00:00+00:00,1062.74,True,1048.475,True,1162.4930568093985,True
R80790,2015-02-08 23:10:00+00:00,-1.72,7.880000099999999,6.5566667,3,2015-02-08 07:30:00+00:00,2015-02-09 03:00:00+00:00,934.35999,True,916.78,True,936.9025657466573,True
R80790,2015-02-08 23:20:00+00:00,-2.1199999,7.059999900000001,5.883333366666666,3,2015-02-08 07:30:00+00:00,2015-02-09 03:00:00+00:00,662.91998,True,635.035005,True,678.5354475615616,True
R80790,2015-02-08 23:30:00+00:00,-1.7000000000000002,7.829999900000001,6.226666600000001,3,2015-02-08 07:30:00+00:00,2015-02-09 03:00:00+00:00,796.614995,True,777.8950150000001,True,925.8441648808961,True
R80790,2015-02-08 23:40:00+00:00,-1.4,7.780000200000001,6.453333399999999,3,2015-02-08 07:30:00+00:00,2015-02-09 03:00:00+00:00,796.614995,True,777.8950150000001,True,909.8360106887181,True
R80790,2015-02-08 23:50:00+00:00,-1.58,7.54,6.290000133333334,3,2015-02-08 07:30:00+00:00,2015-02-09 03:00:00+00:00,796.614995,True,777.8950150000001,True,841.1922859619106,True
R80790,2015-02-09 00:00:00+00:00,-2.1199999,7.46,6.2833333,3,2015-02-08 07:30:00+00:00,2015-02-09 03:00:00+00:00,796.614995,True,777.8950150000001,True,813.7371129011897,True
R80790,2015-02-09 00:10:00+00:00,-1.59,7.1999998,6.436666633333334,3,2015-02-08 07:30:00+00:00,2015-02-09 03:00:00+00:00,662.91998,True,635.035005,True,729.6037799696547,True
R80790,2015-02-09 00:20:00+00:00,-1.62,8.0799999,6.9199999,3,2015-02-08 07:30:00+00:00,2015-02-09 03:00:00+00:00,934.35999,True,916.78,True,1011.0099599956781,True
R80790,2015-02-09 00:30:00+00:00,-1.87,7.820000200000001,6.68,3,2015-02-08 07:30:00+00:00,2015-02-09 03:00:00+00:00,796.614995,True,777.8950150000001,True,918.4425564586046,True
R80790,2015-02-09 00:40:00+00:00,-1.78,8.119999900000002,6.773333366666667,3,2015-02-08 07:30:00+00:00,2015-02-09 03:00:00+00:00,934.35999,True,916.78,True,1007.5074828968021,True
R80790,2015-02-09 00:50:00+00:00,-1.58,7.9499998,6.3433332333333325,3,2015-02-08 07:30:00+00:00,2015-02-09 03:00:00+00:00,934.35999,True,916.78,True,965.2092277515721,True
R80790,2015-02-09 01:00:00+00:00,-1.64,7.809999900000001,6.2899997999999995,3,2015-02-08 07:30:00+00:00,2015-02-09 03:00:00+00:00,796.614995,True,777.8950150000001,True,912.0616332578996,True
R80790,2015-02-09 01:10:00+00:00,-1.66,7.869999900000001,6.113333366666667,3,2015-02-08 07:30:00+00:00,2015-02-09 03:00:00+00:00,934.35999,True,916.78,True,918.0376211334705,True
R80790,2015-02-09 01:20:00+00:00,-2.1199999,7.96,6.110000133333332,3,2015-02-08 07:30:00+00:00,2015-02-09 03:00:00+00:00,934.35999,True,916.78,True,945.3658776339282,True
R80790,2015-02-09 01:30:00+00:00,-1.59,7.46,6.353333299999999,3,2015-02-08 07:30:00+00:00,2015-02-09 03:00:00+00:00,796.614995,True,777.8950150000001,True,796.4459941914571,True
R80790,2015-02-09 01:40:00+00:00,-1.78,7.48,5.7533334,3,2015-02-08 07:30:00+00:00,2015-02-09 03:00:00+00:00,796.614995,True,777.8950150000001,True,796.4459941914571,True
R80790,2015-02-09 01:50:00+00:00,-1.74,7.23,5.446666533333333,3,2015-02-08 07:30:00+00:00,2015-02-09 03:00:00+00:00,662.91998,True,635.035005,True,719.9065404478627,True
R80790,2015-02-09 02:00:00+00:00,-1.5,7.099999900000001,5.023333400000001,3,2015-02-08 07:30:00+00:00,2015-02-09 03:00:00+00:00,662.91998,True,635.035005,True,674.9517490645823,True
R80790,2015-02-09 02:10:00+00:00,-2.1300001,6.79,5.043333233333333,3,2015-02-08 07:30:00+00:00,2015-02-09 03:00:00+00:00,527.84998,True,496.20001,True,591.5415979288974,True
R80790,2015-02-09 02:20:00+00:00,-1.49,6.29,4.940000066666666,3,2015-02-08 07:30:00+00:00,2015-02-09 03:00:00+00:00,390.18501000000003,True,365.41,True,436.87371908063926,True
R80790,2015-02-09 02:30:00+00:00,-1.46,6.4499998,4.9433333333333325,3,2015-02-08 07:30:00+00:00,2015-02-09 03:00:00+00:00,527.84998,True,496.20001,True,486.0414669113407,True
R80790,2015-02-09 02:40:00+00:00,-1.77,5.5,4.570000033333334,3,2015-02-08 07:30:00+00:00,2015-02-09 03:00:00+00:00,271.68501000000003,True,252.56,True,253.7815357238173,True
R80790,2015-02-09 02:50:00+00:00,-1.74,5.71,4.516666633333333,3,2015-02-08 07:30:00+00:00,2015-02-09 03:00:00+00:00,271.68501000000003,True,252.56,True,298.9245214238322,True
R80790,2015-02-09 03:00:00+00:00,-1.45,5.46,4.436666833333334,3,2015-02-08 07:30:00+00:00,2015-02-09 03:00:00+00:00,271.68501000000003,True,252.56,True,251.38150027151508,True
R80790,2015-02-09 03:10:00+00:00,-1.8200001,3.8399999,4.583333333333333,3,2015-02-08 07:30:00+00:00,2015-02-09 03:00:00+00:00,0.0,False,0.0,False,0.0,False
R80790,2015-02-09 03:20:00+00:00,-1.41,5.329999900000001,5.0333333,3,2015-02-08 07:30:00+00:00,2015-02-09 03:00:00+00:00,178.13,False,165.06,False,221.15776804499112,False
R80790,2015-02-09 03:30:00+00:00,-1.9,6.610000099999999,5.096666633333333,3,2015-02-08 07:30:00+00:00,2015-02-09 03:00:00+00:00,527.84998,False,496.20001,False,538.9586178381795,False
R80790,2015-02-09 03:40:00+00:00,-1.73,4.6500001,4.8466668,3,2015-02-08 07:30:00+00:00,2015-02-09 03:00:00+00:00,107.82,False,98.440002,False,117.19498735392717,False
R80790,2015-02-09 03:50:00+00:00,-1.4,4.71,4.383333366666666,3,2015-02-08 07:30:00+00:00,2015-02-09 03:00:00+00:00,107.82,False,98.440002,False,123.54693186399602,False
R80790,2015-02-09 04:00:00+00:00,-2.01,3.5799999,4.440000066666666,3,2015-02-08 07:30:00+00:00,2015-02-09 03:00:00+00:00,0.0,False,0.0,False,0.0,False
R80790,2015-02-09 04:10:00+00:00,-1.5700001,3.1099999,4.929999833333333,3,2015-02-08 07:30:00+00:00,2015-02-09 03:00:00+00:00,0.0,False,0.0,False,0.0,False
R80790,2015-02-09 04:20:00+00:00,-1.36,3.03,4.719999966666667,3,2015-02-08 07:30:00+00:00,2015-02-09 03:00:00+00:00,0.0,False,0.0,False,0.0,False
R80790,2015-02-09 04:30:00+00:00,-2.29,3.6900001,4.0933333,3,2015-02-08 07:30:00+00:00,2015-02-09 03:00:00+00:00,0.0,False,0.0,False,0.0,False
R80790,2015-02-09 04:40:00+00:00,-1.7000000000000002,3.6800001,3.9866666999999993,3,2015-02-08 07:30:00+00:00,2015-02-09 03:00:00+00:00,0.0,False,0.0,False,0.0,False
R80790,2015-02-09 04:50:00+00:00,-1.39,3.1900001,2.8200000000000003,3,2015-02-08 07:30:00+00:00,2015-02-09 03:00:00+00:00,0.0,False,0.0,False,0.0,False
R80790,2015-02-09 05:00:00+00:00,-1.77,3.1400001,3.213333366666667,3,2015-02-08 07:30:00+00:00,2015-02-09 03:00:00+00:00,0.0,False,0.0,False,0.0,False
R80736,2015-11-17 07:00:00+00:00,1710.65,11.41,11.270000000000001,4,2015-11-17 09:00:00+00:00,2015-11-17 14:50:00+00:00,1688.51,False,1660.91,False,1705.1367996754416,False
R80736,2015-11-17 07:10:00+00:00,1676.25,11.1,11.063333333333333,4,2015-11-17 09:00:00+00:00,2015-11-17 14:50:00+00:00,1688.51,False,1660.91,False,1644.3421715897075,False
R80736,2015-11-17 07:20:00+00:00,1805.47,11.83,12.276666666666666,4,2015-11-17 09:00:00+00:00,2015-11-17 14:50:00+00:00,1781.42,False,1756.335,False,1784.0048042608098,False
R80736,2015-11-17 07:30:00+00:00,2014.8101,13.78,12.65,4,2015-11-17 09:00:00+00:00,2015-11-17 14:50:00+00:00,1998.08,False,1961.8199,False,1946.8361804140343,False
R80736,2015-11-17 07:40:00+00:00,1942.52,12.73,12.4,4,2015-11-17 09:00:00+00:00,2015-11-17 14:50:00+00:00,1919.54,False,1898.03,False,1860.3104630902571,False
R80736,2015-11-17 07:50:00+00:00,1966.6801,13.04,11.75,4,2015-11-17 09:00:00+00:00,2015-11-17 14:50:00+00:00,1948.565,False,1934.98,False,1946.8361804140343,False
R80736,2015-11-17 08:00:00+00:00,1875.9399,12.25,12.323333333333332,4,2015-11-17 09:00:00+00:00,2015-11-17 14:50:00+00:00,1860.66,False,1833.13005,False,1857.9340210411135,False
R80736,2015-11-17 08:10:00+00:00,1982.08,13.55,12.543333333333331,4,2015-11-17 09:00:00+00:00,2015-11-17 14:50:00+00:00,1998.08,True,1961.8199,False,1946.8361804140343,False
R80736,2015-11-17 08:20:00+00:00,1902.1801,12.6,12.696666666666665,4,2015-11-17 09:00:00+00:00,2015-11-17 14:50:00+00:00,1919.54,True,1898.03,False,1860.3104630902571,False
R80736,2015-11-17 08:30:00+00:00,1843.66,12.58,12.226666666666667,4,2015-11-17 09:00:00+00:00,2015-11-17 14:50:00+00:00,1919.54,True,1898.03,False,1860.3104630902571,False
R80736,2015-11-17 08:40:00+00:00,1899.13,12.79,11.483333333333334,4,2015-11-17 09:00:00+00:00,2015-11-17 14:50:00+00:00,1919.54,True,1898.03,False,1860.3104630902571,False
R80736,2015-11-17 08:50:00+00:00,1767.5699,11.76,11.416666666666666,4,2015-11-17 09:00:00+00:00,2015-11-17 14:50:00+00:00,1781.42,True,1756.335,False,1784.0048042608098,False
R80736,2015-11-17 09:00:00+00:00,1552.76,11.04,11.046666666666667,4,2015-11-17 09:00:00+00:00,2015-11-17 14:50:00+00:00,1688.51,True,1660.91,True,1644.3421715897075,False
R80736,2015-11-17 09:10:00+00:00,1656.86,11.19,11.493333333333334,4,2015-11-17 09:00:00+00:00,2015-11-17 14:50:00+00:00,1688.51,True,1660.91,True,1644.3421715897075,False
R80736,2015-11-17 09:20:00+00:00,1816.98,12.1,10.43333323333333,4,2015-11-17 09:00:00+00:00,2015-11-17 14:50:00+00:00,1860.66,True,1833.13005,True,1784.0048042608098,False
R80736,2015-11-17 09:30:00+00:00,1753.12,11.78,10.893333333333333,4,2015-11-17 09:00:00+00:00,2015-11-17 14:50:00+00:00,1781.42,True,1756.335,True,1784.0048042608098,True
R80736,2015-11-17 09:40:00+00:00,1753.83,11.8,10.466666533333333,4,2015-11-17 09:00:00+00:00,2015-11-17 14:50:00+00:00,1781.42,True,1756.335,True,1784.0048042608098,True
R80736,2015-11-17 09:50:00+00:00,1404.39,10.28,10.659999999999998,4,2015-11-17 09:00:00+00:00,2015-11-17 14:50:00+00:00,1465.5949999999998,True,1434.15,True,1423.7799935926475,True
R80736,2015-11-17 10:00:00+00:00,1305.4399,10.08,10.743333266666667,4,2015-11-17 09:00:00+00:00,2015-11-17 14:50:00+00:00,1465.5949999999998,True,1434.15,True,1384.3414905445723,True
R80736,2015-11-17 10:10:00+00:00,1282.42,9.8000002,9.900000133333334,4,2015-11-17 09:00:00+00:00,2015-11-17 14:50:00+00:00,1333.5749999999998,True,1308.75,True,1301.3646233396953,True
R80736,2015-11-17 10:20:00+00:00,621.94,10.64,9.856666566666666,4,2015-11-17 09:00:00+00:00,2015-11-17 14:50:00+00:00,1586.195,True,1555.72,True,1525.975702845265,True
R80736,2015-11-17 10:30:00+00:00,-1.92,9.5100002,9.8533335,4,2015-11-17 09:00:00+00:00,2015-11-17 14:50:00+00:00,1201.3049999999998,True,1182.2849999999999,True,1235.6369233958155,True
R80736,2015-11-17 10:40:00+00:00,-1.79,10.54,9.626666733333336,4,2015-11-17 09:00:00+00:00,2015-11-17 14:50:00+00:00,1586.195,True,1555.72,True,1525.6924398302133,True
R80736,2015-11-17 10:50:00+00:00,-2.72,10.2,10.5500001,4,2015-11-17 09:00:00+00:00,2015-11-17 14:50:00+00:00,1465.5949999999998,True,1434.15,True,1423.47797735038,True
R80736,2015-11-17 11:00:00+00:00,-2.4300001,9.4700003,10.766666666666666,4,2015-11-17 09:00:00+00:00,2015-11-17 14:50:00+00:00,1201.3049999999998,True,1182.2849999999999,True,1235.6181701685996,True
R80736,2015-11-17 11:10:00+00:00,-1.76,11.31,10.773333333333333,4,2015-11-17 09:00:00+00:00,2015-11-17 14:50:00+00:00,1688.51,True,1660.91,True,1644.046211341914,True
R80736,2015-11-17 11:20:00+00:00,-2.74,10.23,9.663333166666666,4,2015-11-17 09:00:00+00:00,2015-11-17 14:50:00+00:00,1465.5949999999998,True,1434.15,True,1423.484033344854,True
R80736,2015-11-17 11:30:00+00:00,-1.76,9.71,9.533333466666667,4,2015-11-17 09:00:00+00:00,2015-11-17 14:50:00+00:00,1333.5749999999998,True,1308.75,True,1301.0686630919017,True
R80736,2015-11-17 11:40:00+00:00,-1.91,10.47,9.3966665,4,2015-11-17 09:00:00+00:00,2015-11-17 14:50:00+00:00,1465.5949999999998,True,1434.15,True,1469.8091752755886,True
R80736,2015-11-17 11:50:00+00:00,-2.7,10.74,9.473333333333331,4,2015-11-17 09:00:00+00:00,2015-11-17 14:50:00+00:00,1586.195,True,1555.72,True,1525.7725537053761,True
R80736,2015-11-17 12:00:00+00:00,-2.6199999,10.09,9.699999866666667,4,2015-11-17 09:00:00+00:00,2015-11-17 14:50:00+00:00,1465.5949999999998,True,1434.15,True,1383.992041371267,True
R80736,2015-11-17 12:10:00+00:00,-2.0599999,10.97,10.256666533333336,4,2015-11-17 09:00:00+00:00,2015-11-17 14:50:00+00:00,1586.195,True,1555.72,True,1581.6651438972076,True
R80736,2015-11-17 12:20:00+00:00,-2.74,10.63,10.269999933333333,4,2015-11-17 09:00:00+00:00,2015-11-17 14:50:00+00:00,1586.195,True,1555.72,True,1525.7786096998502,True
R80736,2015-11-17 12:30:00+00:00,-1.73,10.34,9.546666766666666,4,2015-11-17 09:00:00+00:00,2015-11-17 14:50:00+00:00,1465.5949999999998,True,1434.15,True,1469.9080423779674,True
R80736,2015-11-17 12:40:00+00:00,-1.75,9.4399996,9.163333233333333,4,2015-11-17 09:00:00+00:00,2015-11-17 14:50:00+00:00,1201.3049999999998,True,1182.2849999999999,True,1235.7230932654525,True
R80736,2015-11-17 12:50:00+00:00,-1.55,9.6099997,9.4433333,4,2015-11-17 09:00:00+00:00,2015-11-17 14:50:00+00:00,1333.5749999999998,True,1308.75,True,1270.8943943119848,True
R80736,2015-11-17 13:00:00+00:00,-0.15000001,10.44,9.800000166666669,4,2015-11-17 09:00:00+00:00,2015-11-17 14:50:00+00:00,1465.5949999999998,True,1434.15,True,1469.9019863834933,True
R80736,2015-11-17 13:10:00+00:00,-0.25999999,8.71,9.3733333,4,2015-11-17 09:00:00+00:00,2015-11-17 14:50:00+00:00,1060.86,True,1048.475,True,1034.85766865716,True
R80736,2015-11-17 13:20:00+00:00,-2.03,10.05,9.596666699999998,4,2015-11-17 09:00:00+00:00,2015-11-17 14:50:00+00:00,1465.5949999999998,True,1434.15,True,1384.9403383698152,True
R80736,2015-11-17 13:30:00+00:00,-0.13,10.41,9.639999833333333,4,2015-11-17 09:00:00+00:00,2015-11-17 14:50:00+00:00,1465.5949999999998,True,1434.15,True,1469.9080423779674,True
R80736,2015-11-17 13:40:00+00:00,-0.14,10.98,9.903333433333334,4,2015-11-17 09:00:00+00:00,2015-11-17 14:50:00+00:00,1586.195,True,1555.72,True,1581.557442329538,True
R80736,2015-11-17 13:50:00+00:00,-0.039999999,9.9200001,9.959999899999998,4,2015-11-17 09:00:00+00:00,2015-11-17 14:50:00+00:00,1333.5749999999998,True,1308.75,True,1338.853991019368,True
R80736,2015-11-17 14:00:00+00:00,-0.039999999,10.81,10.336666566666665,4,2015-11-17 09:00:00+00:00,2015-11-17 14:50:00+00:00,1586.195,True,1555.72,True,1581.557442329538,True
R80736,2015-11-17 14:10:00+00:00,-1.6,10.33,9.923333066666666,4,2015-11-17 09:00:00+00:00,2015-11-17 14:50:00+00:00,1465.5949999999998,True,1434.15,True,1422.3896452358417,True
R80736,2015-11-17 14:20:00+00:00,91.959999,10.32,10.26,4,2015-11-17 09:00:00+00:00,2015-11-17 14:50:00+00:00,1465.5949999999998,True,1434.15,True,1423.5768444527587,True
R80736,2015-11-17 14:30:00+00:00,-0.34999999,10.22,10.499999866666668,4,2015-11-17 09:00:00+00:00,2015-11-17 14:50:00+00:00,1465.5949999999998,True,1434.15,True,1423.5768444527587,True
R80736,2015-11-17 14:40:00+00:00,-1.3,10.19,10.943333333333333,4,2015-11-17 09:00:00+00:00,2015-11-17 14:50:00+00:00,1465.5949999999998,True,1434.15,True,1425.2273460616682,True
R80736,2015-11-17 14:50:00+00:00,1131.42,10.28,10.453333333333333,4,2015-11-17 09:00:00+00:00,2015-11-17 14:50:00+00:00,1465.5949999999998,True,1434.15,True,1423.8601074678104,True
R80736,2015-11-17 15:00:00+00:00,1719.23,11.22,10.966666666666667,4,2015-11-17 09:00:00+00:00,2015-11-17 14:50:00+00:00,1688.51,False,1660.91,False,1644.4222854648704,False
R80736,2015-11-17 15:10:00+00:00,1543.3,10.78,11.253333333333332,4,2015-11-17 09:00:00+00:00,2015-11-17 14:50:00+00:00,1586.195,False,1555.72,False,1581.8407053445897,False
R80736,2015-11-17 15:20:00+00:00,1740.46,11.73,11.14333333333333,4,2015-11-17 09:00:00+00:00,2015-11-17 14:50:00+00:00,1781.42,False,1756.335,False,1784.0849181359727,False
R80736,2015-11-17 15:30:00+00:00,1866.8101,12.4,11.973333333333334,4,2015-11-17 09:00:00+00:00,2015-11-17 14:50:00+00:00,1860.66,False,1833.13005,False,1860.39057696542,False
R80736,2015-11-17 15:40:00+00:00,1738.14,11.87,11.616666666666667,4,2015-11-17 09:00:00+00:00,2015-11-17 14:50:00+00:00,1781.42,True,1756.335,True,1784.0849181359727,False
R80736,2015-11-17 15:50:00+00:00,1895.73,12.58,11.43,4,2015-11-17 09:00:00+00:00,2015-11-17 14:50:00+00:00,1919.54,True,1898.03,True,1860.215015518038,False
R80736,2015-11-17 16:00:00+00:00,1731.55,11.78,10.933333333333332,4,2015-11-17 09:00:00+00:00,2015-11-17 14:50:00+00:00,1781.42,True,1756.335,True,1784.0849181359727,True
R80736,2015-11-17 16:10:00+00:00,1532.28,10.89,10.69,4,2015-11-17 09:00:00+00:00,2015-11-17 14:50:00+00:00,1586.195,True,1555.72,True,1581.6651438972076,True
R80736,2015-11-17 16:20:00+00:00,1595.97,11.63,11.153333333333334,4,2015-11-17 09:00:00+00:00,2015-11-17 14:50:00+00:00,1781.42,True,1756.335,True,1705.49702198823,True
R80736,2015-11-17 16:30:00+00:00,1826.76,12.37,10.936666666666667,4,2015-11-17 09:00:00+00:00,2015-11-17 14:50:00+00:00,1860.66,True,1833.13005,True,1860.514675773977,True
R80736,2015-11-17 16:40:00+00:00,1762.79,12.06,12.113333333333332,4,2015-11-17 09:00:00+00:00,2015-11-17 14:50:00+00:00,1860.66,True,1833.13005,True,1784.2090169445296,True
R80736,2015-11-17 16:50:00+00:00,1684.74,11.55,12.116666666666669,4,2015-11-17 09:00:00+00:00,2015-11-17 14:50:00+00:00,1781.42,True,1756.335,True,1705.1122262744784,True
R80721,2015-04-30 04:20:00+00:00,470.75,6.5300002,6.319999999999999,5,2015-04-30 06:20:00+00:00,2015-04-30 13:40:00+00:00,493.625,False,496.20001,False,456.60795365024967,False
R80721,2015-04-30 04:30:00+00:00,435.76001,6.3099999,6.446666566666667,5,2015-04-30 06:20:00+00:00,2015-04-30 13:40:00+00:00,363.759995,False,365.41,False,404.02826722447884,False
R80721,2015-04-30 04:40:00+00:00,332.73999,5.96,6.263333299999999,5,2015-04-30 06:20:00+00:00,2015-04-30 13:40:00+00:00,250.06,False,252.56,False,320.3661931345095,False
R80721,2015-04-30 04:50:00+00:00,245.13,5.5999999,6.2866667000000005,5,2015-04-30 06:20:00+00:00,2015-04-30 13:40:00+00:00,250.06,False,252.56,False,241.30390630911003,False
R80721,2015-04-30 05:00:00+00:00,155.78,5.2399998,5.423333333333333,5,2015-04-30 06:20:00+00:00,2015-04-30 13:40:00+00:00,163.575005,False,165.06,False,177.64817750814322,False
R80721,2015-04-30 05:10:00+00:00,118.87,5.0100002,5.449999966666667,5,2015-04-30 06:20:00+00:00,2015-04-30 13:40:00+00:00,163.575005,False,165.06,False,140.69885229848265,False
R80721,2015-04-30 05:20:00+00:00,154.14,5.3200002,5.2133332999999995,5,2015-04-30 06:20:00+00:00,2015-04-30 13:40:00+00:00,163.575005,False,165.06,False,191.2156988841432,False
R80721,2015-04-30 05:30:00+00:00,87.540001,4.9699998,5.423333466666667,5,2015-04-30 06:20:00+00:00,2015-04-30 13:40:00+00:00,96.9850005,False,98.440002,False,134.7452254859324,False
R80721,2015-04-30 05:40:00+00:00,12.5,3.8099999,5.1500001,5,2015-04-30 06:20:00+00:00,2015-04-30 13:40:00+00:00,0.0,False,0.0,False,0.0,False
R80721,2015-04-30 05:50:00+00:00,-3.5599999,4.04,4.773333400000001,5,2015-04-30 06:20:00+00:00,2015-04-30 13:40:00+00:00,0.0,False,0.0,False,0.0,False
R80721,2015-04-30 06:00:00+00:00,-2.1800001,3.27,4.133333233333333,5,2015-04-30 06:20:00+00:00,2015-04-30 13:40:00+00:00,0.0,False,0.0,False,0.0,False
R80721,2015-04-30 06:10:00+00:00,-3.22,4.0100002,4.1733333,5,2015-04-30 06:20:00+00:00,2015-04-30 13:40:00+00:00,0.0,False,0.0,False,0.0,False
R80721,2015-04-30 06:20:00+00:00,-2.01,5.2199998,5.250000166666666,5,2015-04-30 06:20:00+00:00,2015-04-30 13:40:00+00:00,163.575005,True,165.06,True,171.94533314296575,True
R80721,2015-04-30 06:30:00+00:00,-1.89,6.6599998,5.250000000000001,5,2015-04-30 06:20:00+00:00,2015-04-30 13:40:00+00:00,493.625,True,496.20001,True,491.79567586611614,True
R80721,2015-04-30 06:40:00+00:00,-1.99,7.030000200000001,6.4533332,5,2015-04-30 06:20:00+00:00,2015-04-30 13:40:00+00:00,633.25,True,635.035005,True,600.1871002032735,True
R80721,2015-04-30 06:50:00+00:00,-1.95,7.650000099999999,6.473333366666666,5,2015-04-30 06:20:00+00:00,2015-04-30 13:40:00+00:00,778.44,True,777.8950150000001,True,769.2542200439445,True
R80721,2015-04-30 07:00:00+00:00,-1.88,5.5599999,6.9900001,5,2015-04-30 06:20:00+00:00,2015-04-30 13:40:00+00:00,250.06,True,252.56,True,234.81520035820583,True
R80721,2015-04-30 07:10:00+00:00,-2.0,5.96,6.696666566666667,5,2015-04-30 06:20:00+00:00,2015-04-30 13:40:00+00:00,250.06,True,252.56,True,316.21951696849277,True
R80721,2015-04-30 07:20:00+00:00,-1.92,8.1099997,6.676666566666667,5,2015-04-30 06:20:00+00:00,2015-04-30 13:40:00+00:00,915.82001,True,916.78,True,891.279453692562,True
R80721,2015-04-30 07:30:00+00:00,-2.28,8.2600002,7.209999866666666,5,2015-04-30 06:20:00+00:00,2015-04-30 13:40:00+00:00,915.82001,True,916.78,True,932.9347176350745,True
R80721,2015-04-30 07:40:00+00:00,-2.3800001,6.8400002,6.809999966666669,5,2015-04-30 06:20:00+00:00,2015-04-30 13:40:00+00:00,493.625,True,496.20001,True,535.1658983681657,True
R80721,2015-04-30 07:50:00+00:00,-2.05,6.96,7.0399997999999995,5,2015-04-30 06:20:00+00:00,2015-04-30 13:40:00+00:00,493.625,True,496.20001,True,572.0619987988658,True
R80721,2015-04-30 08:00:00+00:00,-3.1700001,7.0,7.046666633333333,5,2015-04-30 06:20:00+00:00,2015-04-30 13:40:00+00:00,633.25,True,635.035005,True,583.4280741400519,True
R80721,2015-04-30 08:10:00+00:00,-3.5599999,8.8999996,8.469999933333334,5,2015-04-30 06:20:00+00:00,2015-04-30 13:40:00+00:00,1037.555,True,1048.475,True,1106.9322008203596,True
R80721,2015-04-30 08:20:00+00:00,-2.0799999,9.0799999,8.159999833333332,5,2015-04-30 06:20:00+00:00,2015-04-30 13:40:00+00:00,1175.315,True,1182.2849999999999,True,1158.4344933933003,True
R80721,2015-04-30 08:30:00+00:00,-2.0799999,8.4799995,8.390000333333333,5,2015-04-30 06:20:00+00:00,2015-04-30 13:40:00+00:00,915.82001,True,916.78,True,991.4894425926701,True
R80721,2015-04-30 08:40:00+00:00,-2.5,8.0600004,8.956666499999999,5,2015-04-30 06:20:00+00:00,2015-04-30 13:40:00+00:00,915.82001,True,916.78,True,866.9244983535363,True
R80721,2015-04-30 08:50:00+00:00,-4.52,8.3599997,8.980000166666667,5,2015-04-30 06:20:00+00:00,2015-04-30 13:40:00+00:00,915.82001,True,916.78,True,949.8673981009664,True
R80721,2015-04-30 09:00:00+00:00,-2.8900001,9.6000004,9.030000066666668,5,2015-04-30 06:20:00+00:00,2015-04-30 13:40:00+00:00,1302.04,True,1308.75,True,1270.9435564423582,True
R80721,2015-04-30 09:10:00+00:00,-2.0699999,9.4099998,10.040000233333332,5,2015-04-30 06:20:00+00:00,2015-04-30 13:40:00+00:00,1175.315,True,1182.2849999999999,True,1235.4809137667469,True
R80721,2015-04-30 09:20:00+00:00,-2.0699999,9.8199997,8.1566669,5,2015-04-30 06:20:00+00:00,2015-04-30 13:40:00+00:00,1302.04,True,1308.75,True,1338.9011305301883,True
R80721,2015-04-30 09:30:00+00:00,-1.72,10.34,7.960000066666667,5,2015-04-30 06:20:00+00:00,2015-04-30 13:40:00+00:00,1424.12,True,1434.15,True,1469.6658628792618,True
R80721,2015-04-30 09:40:00+00:00,-1.67,7.73,7.9433333,5,2015-04-30 06:20:00+00:00,2015-04-30 13:40:00+00:00,778.44,True,777.8950150000001,True,772.4185859270945,True
R80721,2015-04-30 09:50:00+00:00,-1.75,7.829999900000001,8.289999633333334,5,2015-04-30 06:20:00+00:00,2015-04-30 13:40:00+00:00,778.44,True,777.8950150000001,True,804.8637699372573,True
R80721,2015-04-30 10:00:00+00:00,-1.54,10.06,9.100000099999997,5,2015-04-30 06:20:00+00:00,2015-04-30 13:40:00+00:00,1424.12,True,1434.15,True,1383.9119274961042,True
R80721,2015-04-30 10:10:00+00:00,-1.89,9.380000099999998,8.3866666,5,2015-04-30 06:20:00+00:00,2015-04-30 13:40:00+00:00,1175.315,True,1182.2849999999999,True,1209.8529375967496,True
R80721,2015-04-30 10:20:00+00:00,-6.1999998,9.5600004,8.710000066666666,5,2015-04-30 06:20:00+00:00,2015-04-30 13:40:00+00:00,1302.04,True,1308.75,True,1273.666788613437,True
R80721,2015-04-30 10:30:00+00:00,-7.329999900000001,7.849999900000001,8.799999866666667,5,2015-04-30 06:20:00+00:00,2015-04-30 13:40:00+00:00,778.44,True,777.8950150000001,True,806.0531740284712,True
R80721,2015-04-30 10:40:00+00:00,-6.1900001,8.4200001,8.659999866666665,5,2015-04-30 06:20:00+00:00,2015-04-30 13:40:00+00:00,915.82001,True,916.78,True,960.8616686386746,True
R80721,2015-04-30 10:50:00+00:00,-1.65,7.48,8.733333266666666,5,2015-04-30 06:20:00+00:00,2015-04-30 13:40:00+00:00,633.25,True,635.035005,True,692.1783616956851,True
R80721,2015-04-30 11:00:00+00:00,-5.5100002,8.840000199999999,9.139999733333333,5,2015-04-30 06:20:00+00:00,2015-04-30 13:40:00+00:00,1037.555,True,1048.475,True,1079.2508293410021,True
R80721,2015-04-30 11:10:00+00:00,-6.940000099999999,7.1999998,8.5666666,5,2015-04-30 06:20:00+00:00,2015-04-30 13:40:00+00:00,633.25,True,635.035005,True,616.9488441307899,True
R80721,2015-04-30 11:20:00+00:00,-6.5500002,8.430000300000001,8.3000002,5,2015-04-30 06:20:00+00:00,2015-04-30 13:40:00+00:00,915.82001,True,916.78,True,964.7792959562915,True
R80721,2015-04-30 11:30:00+00:00,-2.78,5.8400002,6.993333166666666,5,2015-04-30 06:20:00+00:00,2015-04-30 13:40:00+00:00,250.06,True,252.56,True,274.5894193946131,True
R80721,2015-04-30 11:40:00+00:00,-4.21,7.690000099999999,8.720000266666666,5,2015-04-30 06:20:00+00:00,2015-04-30 13:40:00+00:00,778.44,True,777.8950150000001,True,753.7203261009809,True
R80721,2015-04-30 11:50:00+00:00,-2.47,8.3299999,8.609999966666669,5,2015-04-30 06:20:00+00:00,2015-04-30 13:40:00+00:00,915.82001,True,916.78,True,924.7924401959564,True
R80721,2015-04-30 12:00:00+00:00,-2.28,6.2600002,7.573333266666666,5,2015-04-30 06:20:00+00:00,2015-04-30 13:40:00+00:00,363.759995,True,365.41,True,370.1859262103527,True
R80721,2015-04-30 12:10:00+00:00,-1.8,5.5900002,6.146666666666666,5,2015-04-30 06:20:00+00:00,2015-04-30 13:40:00+00:00,250.06,True,252.56,True,227.04752288005884,True
R80721,2015-04-30 12:20:00+00:00,-4.77,5.8899999,7.020000133333333,5,2015-04-30 06:20:00+00:00,2015-04-30 13:40:00+00:00,250.06,True,252.56,True,289.1841693053913,True
R80721,2015-04-30 12:30:00+00:00,-3.2,7.429999799999999,8.7100004,5,2015-04-30 06:20:00+00:00,2015-04-30 13:40:00+00:00,633.25,True,635.035005,True,688.5906661209794,True
R80721,2015-04-30 12:40:00+00:00,-1.1799999,6.2199998,6.956666633333334,5,2015-04-30 06:20:00+00:00,2015-04-30 13:40:00+00:00,363.759995,True,365.41,True,365.89525038156603,True
R80721,2015-04-30 12:50:00+00:00,-1.16,7.0900002,7.703333400000001,5,2015-04-30 06:20:00+00:00,2015-04-30 13:40:00+00:00,633.25,True,635.035005,True,590.6676538047465,True
R80721,2015-04-30 13:00:00+00:00,-3.0999999,6.4000001,7.0333333,5,2015-04-30 06:20:00+00:00,2015-04-30 13:40:00+00:00,363.759995,True,365.41,True,411.43927103485555,True
R80721,2015-04-30 13:10:00+00:00,-2.47,6.639999900000001,6.603333333333334,5,2015-04-30 06:20:00+00:00,2015-04-30 13:40:00+00:00,493.625,True,496.20001,True,464.7703232973629,True
R80721,2015-04-30 13:20:00+00:00,4.0500002,5.5700002,6.326666500000001,5,2015-04-30 06:20:00+00:00,2015-04-30 13:40:00+00:00,250.06,True,252.56,True,224.39480791458436,True
R80721,2015-04-30 13:30:00+00:00,31.370001,5.9899998,6.25,5,2015-04-30 06:20:00+00:00,2015-04-30 13:40:00+00:00,250.06,True,252.56,True,317.5675122507875,True
R80721,2015-04-30 13:40:00+00:00,-1.84,4.829999900000001,6.196666733333334,5,2015-04-30 06:20:00+00:00,2015-04-30 13:40:00+00:00,96.9850005,True,98.440002,True,112.16125935978548,True
R80721,2015-04-30 13:50:00+00:00,-2.1199999,4.329999900000001,5.449999966666667,5,2015-04-30 06:20:00+00:00,2015-04-30 13:40:00+00:00,0.0,False,0.0,False,0.0,False
R80721,2015-04-30 14:00:00+00:00,-3.1300001,4.6599998,5.2866667,5,2015-04-30 06:20:00+00:00,2015-04-30 13:40:00+00:00,96.9850005,False,98.440002,False,92.57932980479218,False
R80721,2015-04-30 14:10:00+00:00,-1.78,3.8900001,4.933333233333333,5,2015-04-30 06:20:00+00:00,2015-04-30 13:40:00+00:00,0.0,False,0.0,False,0.0,False
R80721,2015-04-30 14:20:00+00:00,-2.1300001,3.8499999,5.153333366666668,5,2015-04-30 06:20:00+00:00,2015-04-30 13:40:00+00:00,0.0,False,0.0,False,0.0,False
R80721,2015-04-30 14:30:00+00:00,137.48,5.0300002,6.0033334,5,2015-04-30 06:20:00+00:00,2015-04-30 13:40:00+00:00,163.575005,False,165.06,False,138.63443685028508,False
R80721,2015-04-30 14:40:00+00:00,296.32001,5.8400002,6.303333266666667,5,2015-04-30 06:20:00+00:00,2015-04-30 13:40:00+00:00,250.06,False,252.56,False,282.80139830502173,False
R80721,2015-04-30 14:50:00+00:00,172.25,5.1599998,5.493333333333332,5,2015-04-30 06:20:00+00:00,2015-04-30 13:40:00+00:00,163.575005,False,165.06,False,158.47841894407168,False
R80721,2015-04-30 15:00:00+00:00,158.03999,5.380000099999999,5.613333399999999,5,2015-04-30 06:20:00+00:00,2015-04-30 13:40:00+00:00,163.575005,True,165.06,True,195.6428581530124,False
R80721,2015-04-30 15:10:00+00:00,306.14001,6.170000099999999,6.486666666666667,5,2015-04-30 06:20:00+00:00,2015-04-30 13:40:00+00:00,363.759995,True,365.41,True,361.6639912040572,False
R80721,2015-04-30 15:20:00+00:00,343.89001,6.0700002,6.329999900000001,5,2015-04-30 06:20:00+00:00,2015-04-30 13:40:00+00:00,363.759995,True,365.41,True,335.25203755505305,False
R80721,2015-04-30 15:30:00+00:00,160.64999,5.02,5.390000033333333,5,2015-04-30 06:20:00+00:00,2015-04-30 13:40:00+00:00,163.575005,True,165.06,True,139.80031031497145,False
R80721,2015-04-30 15:40:00+00:00,148.32001,5.1799998,5.559999933333334,5,2015-04-30 06:20:00+00:00,2015-04-30 13:40:00+00:00,163.575005,True,165.06,True,162.54622769481276,True
R80721,2015-05-19 03:50:00+00:00,149.31,5.3499999,5.520000166666667,6,2015-05-19 05:50:00+00:00,2015-05-19 13:50:00+00:00,163.575005,True,165.06,True,186.26580081544148,True
R80721,2015-05-19 04:00:00+00:00,263.79999,6.1100001,5.280000066666666,6,2015-05-19 05:50:00+00:00,2015-05-19 13:50:00+00:00,363.759995,True,365.41,True,334.5313576060053,True
R80721,2015-05-19 04:10:00+00:00,158.08,5.2800002,4.876666533333334,6,2015-05-19 05:50:00+00:00,2015-05-19 13:50:00+00:00,163.575005,True,165.06,True,173.55448719961356,True
R80721,2015-05-19 04:20:00+00:00,112.65,4.6900001,4.833333333333333,6,2015-05-19 05:50:00+00:00,2015-05-19 13:50:00+00:00,96.9850005,False,98.440002,False,95.22333017179994,False
R80721,2015-05-19 04:30:00+00:00,170.36,4.8899999,5.223333333333334,6,2015-05-19 05:50:00+00:00,2015-05-19 13:50:00+00:00,96.9850005,False,98.440002,False,119.09449658599334,False
R80721,2015-05-19 04:40:00+00:00,237.34,5.619999900000001,5.093333433333334,6,2015-05-19 05:50:00+00:00,2015-05-19 13:50:00+00:00,250.06,False,252.56,False,231.27910030119455,False
R80721,2015-05-19 04:50:00+00:00,191.99001,5.4000001,4.999999833333334,6,2015-05-19 05:50:00+00:00,2015-05-19 13:50:00+00:00,163.575005,False,165.06,False,194.41729299173278,False
R80721,2015-05-19 05:00:00+00:00,115.43,5.0,4.8133333333333335,6,2015-05-19 05:50:00+00:00,2015-05-19 13:50:00+00:00,163.575005,False,165.06,False,135.80217605100725,False
R80721,2015-05-19 05:10:00+00:00,319.64999,6.1100001,5.9066667666666675,6,2015-05-19 05:50:00+00:00,2015-05-19 13:50:00+00:00,363.759995,False,365.41,False,346.5049090613465,False
R80721,2015-05-19 05:20:00+00:00,681.88,7.190000099999999,6.5833333,6,2015-05-19 05:50:00+00:00,2015-05-19 13:50:00+00:00,633.25,False,635.035005,False,622.3949939730727,False
R80721,2015-05-19 05:30:00+00:00,548.39001,6.7399998,6.0966665,6,2015-05-19 05:50:00+00:00,2015-05-19 13:50:00+00:00,493.625,False,496.20001,False,501.2366771914862,False
R80721,2015-05-19 05:40:00+00:00,176.60001,5.3000002,6.0800000999999995,6,2015-05-19 05:50:00+00:00,2015-05-19 13:50:00+00:00,163.575005,False,165.06,False,179.422868113863,True
R80721,2015-05-19 05:50:00+00:00,-1.34,6.0,6.066666766666667,6,2015-05-19 05:50:00+00:00,2015-05-19 13:50:00+00:00,363.759995,True,365.41,True,311.85476187722776,True
R80721,2015-05-19 06:00:00+00:00,-1.28,5.0100002,5.6699999000000005,6,2015-05-19 05:50:00+00:00,2015-05-19 13:50:00+00:00,163.575005,True,165.06,True,136.1564599648103,True
R80721,2015-05-19 06:10:00+00:00,-1.77,4.9899998,5.926666566666667,6,2015-05-19 05:50:00+00:00,2015-05-19 13:50:00+00:00,96.9850005,True,98.440002,True,131.3346232935173,True
R80721,2015-05-19 06:20:00+00:00,-1.99,5.4000001,5.696666566666667,6,2015-05-19 05:50:00+00:00,2015-05-19 13:50:00+00:00,163.575005,True,165.06,True,195.8789950310893,True
R80721,2015-05-19 06:30:00+00:00,-3.1800001,5.9099998,6.060000099999999,6,2015-05-19 05:50:00+00:00,2015-05-19 13:50:00+00:00,250.06,True,252.56,True,296.7741250129935,True
R80721,2015-05-19 06:40:00+00:00,-1.51,6.1599998,5.9333333999999995,6,2015-05-19 05:50:00+00:00,2015-05-19 13:50:00+00:00,363.759995,True,365.41,True,347.55314465004534,True
R80721,2015-05-19 06:50:00+00:00,-1.35,5.4400001,6.0066668000000005,6,2015-05-19 05:50:00+00:00,2015-05-19 13:50:00+00:00,163.575005,True,165.06,True,203.55137192842707,True
R80721,2015-05-19 07:00:00+00:00,-0.98000002,6.0,6.7099999,6,2015-05-19 05:50:00+00:00,2015-05-19 13:50:00+00:00,363.759995,True,365.41,True,310.4385020367098,True
R80721,2015-05-19 07:10:00+00:00,-0.63999999,8.1099997,6.32,6,2015-05-19 05:50:00+00:00,2015-05-19 13:50:00+00:00,915.82001,True,916.78,True,886.3345708755929,True
R80721,2015-05-19 07:20:00+00:00,-0.66000003,6.48,6.5366665333333325,6,2015-05-19 05:50:00+00:00,2015-05-19 13:50:00+00:00,363.759995,True,365.41,True,429.29040839959015,True
R80721,2015-05-19 07:30:00+00:00,-0.60000002,5.9899998,6.773333399999999,6,2015-05-19 05:50:00+00:00,2015-05-19 13:50:00+00:00,250.06,True,252.56,True,318.3594399954298,True
R80721,2015-05-19 07:40:00+00:00,-0.57999998,5.3499999,6.7533334,6,2015-05-19 05:50:00+00:00,2015-05-19 13:50:00+00:00,163.575005,True,165.06,True,185.9551542355404,True
R80721,2015-05-19 07:50:00+00:00,-0.58999997,7.190000099999999,6.176666566666667,6,2015-05-19 05:50:00+00:00,2015-05-19 13:50:00+00:00,633.25,True,635.035005,True,620.7975877723637,True
R80721,2015-05-19 08:00:00+00:00,-0.61000001,5.4400001,6.163333233333333,6,2015-05-19 05:50:00+00:00,2015-05-19 13:50:00+00:00,163.575005,True,165.06,True,199.19250553674866,True
R80721,2015-05-19 08:10:00+00:00,-0.55000001,6.6599998,6.030000066666666,6,2015-05-19 05:50:00+00:00,2015-05-19 13:50:00+00:00,493.625,True,496.20001,True,470.2050536146785,True
R80721,2015-05-19 08:20:00+00:00,-0.56999999,7.3000002,7.076666666666667,6,2015-05-19 05:50:00+00:00,2015-05-19 13:50:00+00:00,633.25,True,635.035005,True,650.1987486359925,True
R80721,2015-05-19 08:30:00+00:00,-0.56,8.3100004,7.760000066666666,6,2015-05-19 05:50:00+00:00,2015-05-19 13:50:00+00:00,915.82001,True,916.78,True,925.9603139062991,True
R80721,2015-05-19 08:40:00+00:00,-0.55000001,7.099999900000001,7.820000033333333,6,2015-05-19 05:50:00+00:00,2015-05-19 13:50:00+00:00,633.25,True,635.035005,True,589.6616035177053,True
R80721,2015-05-19 08:50:00+00:00,-0.55000001,9.3000002,8.0033334,6,2015-05-19 05:50:00+00:00,2015-05-19 13:50:00+00:00,1175.315,True,1182.2849999999999,True,1208.7671209116752,True
R80721,2015-05-19 09:00:00+00:00,-0.54000002,8.79,7.666666666666667,6,2015-05-19 05:50:00+00:00,2015-05-19 13:50:00+00:00,1037.555,True,1048.475,True,1056.6792796194252,True
R80721,2015-05-19 09:10:00+00:00,-0.52999997,9.0100002,8.1366666,6,2015-05-19 05:50:00+00:00,2015-05-19 13:50:00+00:00,1037.555,True,1048.475,True,1124.6564027141653,True
R80721,2015-05-19 09:20:00+00:00,-0.50999999,6.679999799999999,7.046666633333333,6,2015-05-19 05:50:00+00:00,2015-05-19 13:50:00+00:00,493.625,True,496.20001,True,477.9918742322937,True
R80721,2015-05-19 09:30:00+00:00,-0.49000001,8.96,7.143333433333333,6,2015-05-19 05:50:00+00:00,2015-05-19 13:50:00+00:00,1037.555,True,1048.475,True,1103.6377263032991,True
R80721,2015-05-19 09:40:00+00:00,-0.5,9.7200003,8.676666899999999,6,2015-05-19 05:50:00+00:00,2015-05-19 13:50:00+00:00,1302.04,True,1308.75,True,1300.0857833005605,True
R80721,2015-05-19 09:50:00+00:00,-0.49000001,8.590000199999999,8.0766665,6,2015-05-19 05:50:00+00:00,2015-05-19 13:50:00+00:00,1037.555,True,1048.475,True,997.2306724401136,True
R80721,2015-05-19 10:00:00+00:00,-0.47,7.46,8.013333466666666,6,2015-05-19 05:50:00+00:00,2015-05-19 13:50:00+00:00,633.25,True,635.035005,True,692.2772287980637,True
R80721,2015-05-19 10:10:00+00:00,-0.44,7.7600002,7.7799998666666665,6,2015-05-19 05:50:00+00:00,2015-05-19 13:50:00+00:00,778.44,True,777.8950150000001,True,778.7143205547177,True
R80721,2015-05-19 10:20:00+00:00,-0.46000001,8.3500004,8.200000133333333,6,2015-05-19 05:50:00+00:00,2015-05-19 13:50:00+00:00,915.82001,True,916.78,True,946.5246355482966,True
R80721,2015-05-19 10:30:00+00:00,-0.44999999,8.5600004,7.8900002,6,2015-05-19 05:50:00+00:00,2015-05-19 13:50:00+00:00,1037.555,True,1048.475,True,997.453638351049,True
R80721,2015-05-19 10:40:00+00:00,-0.41999999,9.0699997,7.649999933333333,6,2015-05-19 05:50:00+00:00,2015-05-19 13:50:00+00:00,1175.315,True,1182.2849999999999,True,1124.6240757034775,True
R80721,2015-05-19 10:50:00+00:00,-0.40000001,8.6999998,8.4433333,6,2015-05-19 05:50:00+00:00,2015-05-19 13:50:00+00:00,1037.555,True,1048.475,True,1029.9222169389082,True
R80721,2015-05-19 11:00:00+00:00,-0.38,7.119999900000001,7.510000066666667,6,2015-05-19 05:50:00+00:00,2015-05-19 13:50:00+00:00,633.25,True,635.035005,True,584.0673920553174,True
R80721,2015-05-19 11:10:00+00:00,-0.37,7.309999900000001,7.5500002,6,2015-05-19 05:50:00+00:00,2015-05-19 13:50:00+00:00,633.25,True,635.035005,True,644.1344855031539,True
R80721,2015-05-19 11:20:00+00:00,-0.37,8.0799999,8.313333366666665,6,2015-05-19 05:50:00+00:00,2015-05-19 13:50:00+00:00,915.82001,True,916.78,True,857.5509104668598,True
R80721,2015-05-19 11:30:00+00:00,-0.51999998,7.420000099999999,8.146666533333333,6,2015-05-19 05:50:00+00:00,2015-05-19 13:50:00+00:00,633.25,True,635.035005,True,669.2271749515485,True
R80721,2015-05-19 11:40:00+00:00,-1.0,8.279999700000001,8.166666633333334,6,2015-05-19 05:50:00+00:00,2015-05-19 13:50:00+00:00,915.82001,True,916.78,True,915.5199709671383,True
R80721,2015-05-19 11:50:00+00:00,-1.01,8.220000299999999,6.653333333333333,6,2015-05-19 05:50:00+00:00,2015-05-19 13:50:00+00:00,915.82001,True,916.78,True,889.9333215327036,True
R80721,2015-05-19 12:00:00+00:00,-0.93000001,8.050000200000001,7.613333366666666,6,2015-05-19 05:50:00+00:00,2015-05-19 13:50:00+00:00,915.82001,True,916.78,True,849.8523137552764,True
R80721,2015-05-19 12:10:00+00:00,-0.92000002,7.940000099999999,7.809999933333334,6,2015-05-19 05:50:00+00:00,2015-05-19 13:50:00+00:00,778.44,True,777.8950150000001,True,825.1570873133726,True
R80721,2015-05-19 12:20:00+00:00,-3.6700001,6.54,6.9399999,6,2015-05-19 05:50:00+00:00,2015-05-19 13:50:00+00:00,493.625,True,496.20001,True,426.8609222493831,True
R80721,2015-05-19 12:30:00+00:00,-1.95,6.7399998,7.383333166666667,6,2015-05-19 05:50:00+00:00,2015-05-19 13:50:00+00:00,493.625,True,496.20001,True,482.40945729155,True
R80721,2015-05-19 12:40:00+00:00,-1.41,7.139999900000001,7.2133332999999995,6,2015-05-19 05:50:00+00:00,2015-05-19 13:50:00+00:00,633.25,True,635.035005,True,582.0435375421446,True
R80721,2015-05-19 12:50:00+00:00,-2.0799999,8.1400003,9.0300004,6,2015-05-19 05:50:00+00:00,2015-05-19 13:50:00+00:00,915.82001,True,916.78,True,875.3098741254804,True
R80721,2015-05-19 13:00:00+00:00,-2.76,7.25,7.513333299999999,6,2015-05-19 05:50:00+00:00,2015-05-19 13:50:00+00:00,633.25,True,635.035005,True,613.3244296647507,True
R80721,2015-05-19 13:10:00+00:00,-1.7000000000000002,7.530000200000001,7.449999966666667,6,2015-05-19 05:50:00+00:00,2015-05-19 13:50:00+00:00,633.25,True,635.035005,True,699.3664901315346,True
R80721,2015-05-19 13:20:00+00:00,-1.4299999,7.469999799999999,8.2033332,6,2015-05-19 05:50:00+00:00,2015-05-19 13:50:00+00:00,633.25,True,635.035005,True,674.4379314224815,True
R80721,2015-05-19 13:30:00+00:00,-0.75,7.389999900000001,7.500000166666666,6,2015-05-19 05:50:00+00:00,2015-05-19 13:50:00+00:00,633.25,True,635.035005,True,665.3362460691508,True
R80721,2015-05-19 13:40:00+00:00,-1.26,7.4899998,7.770000133333333,6,2015-05-19 05:50:00+00:00,2015-05-19 13:50:00+00:00,633.25,True,635.035005,True,692.8258863096387,True
R80721,2015-05-19 13:50:00+00:00,429.95999000000006,7.369999900000001,7.196666733333333,6,2015-05-19 05:50:00+00:00,2015-05-19 13:50:00+00:00,633.25,True,635.035005,True,648.3118585251596,True
R80721,2015-05-19 14:00:00+00:00,536.65002,6.9899998,6.983333433333333,6,2015-05-19 05:50:00+00:00,2015-05-19 13:50:00+00:00,493.625,False,496.20001,False,545.3520779253898,True
R80721,2015-05-19 14:10:00+00:00,462.85999,6.579999900000001,7.859999966666667,6,2015-05-19 05:50:00+00:00,2015-05-19 13:50:00+00:00,493.625,False,496.20001,False,436.3173285400967,False
R80721,2015-05-19 14:20:00+00:00,559.83002,7.29,7.446666700000001,6,2015-05-19 05:50:00+00:00,2015-05-19 13:50:00+00:00,633.25,False,635.035005,False,626.0136917295547,False
R80721,2015-05-19 14:30:00+00:00,534.73999,6.98,6.596666666666668,6,2015-05-19 05:50:00+00:00,2015-05-19 13:50:00+00:00,493.625,False,496.20001,False,545.1174335231256,False
R80721,2015-05-19 14:40:00+00:00,839.2800300000001,8.04,7.576666533333334,6,2015-05-19 05:50:00+00:00,2015-05-19 13:50:00+00:00,778.44,False,777.8950150000001,False,844.578042929396,False
R80721,2015-05-19 14:50:00+00:00,545.94,7.280000200000001,7.493333333333333,6,2015-05-19 05:50:00+00:00,2015-05-19 13:50:00+00:00,633.25,False,635.035005,False,627.7979020911542,False
R80721,2015-05-19 15:00:00+00:00,826.46002,7.820000200000001,7.5100000666666675,6,2015-05-19 05:50:00+00:00,2015-05-19 13:50:00+00:00,778.44,False,777.8950150000001,False,787.7055972435465,False
R80721,2015-05-19 15:10:00+00:00,579.53998,7.329999900000001,7.693333466666666,6,2015-05-19 05:50:00+00:00,2015-05-19 13:50:00+00:00,633.25,False,635.035005,False,649.9385179069899,False
R80721,2015-05-19 15:20:00+00:00,822.0499900000001,7.800000199999999,7.676666566666666,6,2015-05-19 05:50:00+00:00,2015-05-19 13:50:00+00:00,778.44,False,777.8950150000001,False,775.9631662192012,False
R80721,2015-05-19 15:30:00+00:00,542.47998,7.0100002,7.406666633333334,6,2015-05-19 05:50:00+00:00,2015-05-19 13:50:00+00:00,493.625,False,496.20001,False,549.1423800761798,False
R80721,2015-05-19 15:40:00+00:00,282.95999,5.79,7.073333266666666,6,2015-05-19 05:50:00+00:00,2015-05-19 13:50:00+00:00,250.06,False,252.56,False,251.2492700947995,False
R80721,2015-05-19 15:50:00+00:00,486.20001,6.650000099999999,6.9366668,6,2015-05-19 05:50:00+00:00,2015-05-19 13:50:00+00:00,493.625,False,496.20001,False,457.2656605786244,False
R80790,2015-08-25 03:40:00+00:00,914.5,8.0200005,7.513333333333333,7,2015-08-25 05:40:00+00:00,2015-08-25 14:20:00+00:00,934.35999,False,916.78,False,850.193322385165,False
R80790,2015-08-25 03:50:00+00:00,874.8300199999999,7.9099998,7.940000066666667,7,2015-08-25 05:40:00+00:00,2015-08-25 14:20:00+00:00,796.614995,False,777.8950150000001,False,813.1936040825082,False
R80790,2015-08-25 04:00:00+00:00,986.87,8.3100004,7.959999866666666,7,2015-08-25 05:40:00+00:00,2015-08-25 14:20:00+00:00,934.35999,False,916.78,False,925.1980421805905,False
R80790,2015-08-25 04:10:00+00:00,1049.9,8.6099997,8.276666766666667,7,2015-08-25 05:40:00+00:00,2015-08-25 14:20:00+00:00,1062.74,False,1048.475,False,1014.7679915785932,False
R80790,2015-08-25 04:20:00+00:00,982.08002,8.5,7.780000033333335,7,2015-08-25 05:40:00+00:00,2015-08-25 14:20:00+00:00,934.35999,False,916.78,False,987.2979669338953,False
R80790,2015-08-25 04:30:00+00:00,769.06,7.570000200000001,7.456666666666666,7,2015-08-25 05:40:00+00:00,2015-08-25 14:20:00+00:00,796.614995,False,777.8950150000001,False,725.9215700842194,False
R80790,2015-08-25 04:40:00+00:00,644.88,7.2600002,7.116666766666666,7,2015-08-25 05:40:00+00:00,2015-08-25 14:20:00+00:00,662.91998,False,635.035005,False,645.2897986961534,False
R80790,2015-08-25 04:50:00+00:00,743.40002,7.389999900000001,7.196666699999999,7,2015-08-25 05:40:00+00:00,2015-08-25 14:20:00+00:00,662.91998,False,635.035005,False,673.2851106507851,False
R80790,2015-08-25 05:00:00+00:00,700.2000099999999,7.2399998,6.9333333999999995,7,2015-08-25 05:40:00+00:00,2015-08-25 14:20:00+00:00,662.91998,False,635.035005,False,633.9293756881831,False
R80790,2015-08-25 05:10:00+00:00,656.84003,7.27,6.9966666,7,2015-08-25 05:40:00+00:00,2015-08-25 14:20:00+00:00,662.91998,False,635.035005,False,645.1337890670848,False
R80790,2015-08-25 05:20:00+00:00,508.67001,6.900000099999999,7.006666666666665,7,2015-08-25 05:40:00+00:00,2015-08-25 14:20:00+00:00,527.84998,False,496.20001,False,546.3096828073059,False
R80790,2015-08-25 05:30:00+00:00,469.42001,6.4499998,6.646666533333334,7,2015-08-25 05:40:00+00:00,2015-08-25 14:20:00+00:00,390.18501000000003,False,365.41,False,422.4808715688104,False
R80790,2015-08-25 05:40:00+00:00,437.78,6.619999900000001,6.466666700000001,7,2015-08-25 05:40:00+00:00,2015-08-25 14:20:00+00:00,527.84998,True,496.20001,True,462.32807574125417,True
R80790,2015-08-25 05:50:00+00:00,-3.21,7.0500002,6.273333400000001,7,2015-08-25 05:40:00+00:00,2015-08-25 14:20:00+00:00,662.91998,True,635.035005,True,582.5279300383529,True
R80790,2015-08-25 06:00:00+00:00,-2.3099999,6.579999900000001,6.490000066666666,7,2015-08-25 05:40:00+00:00,2015-08-25 14:20:00+00:00,527.84998,True,496.20001,True,449.1154595601947,True
R80790,2015-08-25 06:10:00+00:00,-2.45,6.0700002,5.946666733333333,7,2015-08-25 05:40:00+00:00,2015-08-25 14:20:00+00:00,390.18501000000003,True,365.41,True,322.60281497786787,True
R80790,2015-08-25 06:20:00+00:00,-2.21,6.23,6.019999966666667,7,2015-08-25 05:40:00+00:00,2015-08-25 14:20:00+00:00,390.18501000000003,True,365.41,True,363.08999601830106,True
R80790,2015-08-25 06:30:00+00:00,-3.02,5.9699998,6.1266667,7,2015-08-25 05:40:00+00:00,2015-08-25 14:20:00+00:00,271.68501000000003,True,252.56,True,300.59282639122995,True
R80790,2015-08-25 06:40:00+00:00,-1.9,5.7399998,5.909999833333333,7,2015-08-25 05:40:00+00:00,2015-08-25 14:20:00+00:00,271.68501000000003,True,252.56,True,258.0694482267554,True
R80790,2015-08-25 06:50:00+00:00,-1.89,5.8600001,6.193333466666666,7,2015-08-25 05:40:00+00:00,2015-08-25 14:20:00+00:00,271.68501000000003,True,252.56,True,280.23534649989347,True
R80790,2015-08-25 07:00:00+00:00,-2.1400001,5.8200002,6.039999933333333,7,2015-08-25 05:40:00+00:00,2015-08-25 14:20:00+00:00,271.68501000000003,True,252.56,True,270.25358694749696,True
R80790,2015-08-25 07:10:00+00:00,-2.48,5.71,6.303333433333333,7,2015-08-25 05:40:00+00:00,2015-08-25 14:20:00+00:00,271.68501000000003,True,252.56,True,245.16935016186017,True
R80790,2015-08-25 07:20:00+00:00,-1.97,7.9499998,6.923333333333333,7,2015-08-25 05:40:00+00:00,2015-08-25 14:20:00+00:00,796.614995,True,777.8950150000001,True,829.8315091567837,True
R80790,2015-08-25 07:30:00+00:00,-2.01,7.469999799999999,6.866666633333332,7,2015-08-25 05:40:00+00:00,2015-08-25 14:20:00+00:00,662.91998,True,635.035005,True,699.1045586291814,True
R80790,2015-08-25 07:40:00+00:00,-1.95,8.04,6.5299999,7,2015-08-25 05:40:00+00:00,2015-08-25 14:20:00+00:00,934.35999,True,916.78,True,851.4389487878061,True
R80790,2015-08-25 07:50:00+00:00,-1.73,7.2600002,6.6933335000000005,7,2015-08-25 05:40:00+00:00,2015-08-25 14:20:00+00:00,662.91998,True,635.035005,True,631.9858667551314,True
R80790,2015-08-25 08:00:00+00:00,-1.74,8.3999996,6.573333266666668,7,2015-08-25 05:40:00+00:00,2015-08-25 14:20:00+00:00,934.35999,True,916.78,True,948.892132741487,True
R80790,2015-08-25 08:10:00+00:00,-1.75,7.650000099999999,6.77,7,2015-08-25 05:40:00+00:00,2015-08-25 14:20:00+00:00,796.614995,True,777.8950150000001,True,743.2018144976015,True
R80790,2015-08-25 08:20:00+00:00,-1.76,7.469999799999999,6.820000033333333,7,2015-08-25 05:40:00+00:00,2015-08-25 14:20:00+00:00,662.91998,True,635.035005,True,695.3028219967198,True
R80790,2015-08-25 08:30:00+00:00,-1.75,6.630000099999999,6.9133334333333325,7,2015-08-25 05:40:00+00:00,2015-08-25 14:20:00+00:00,527.84998,True,496.20001,True,455.03742252614995,True
R80790,2015-08-25 08:40:00+00:00,-1.73,7.579999900000001,7.203333366666667,7,2015-08-25 05:40:00+00:00,2015-08-25 14:20:00+00:00,796.614995,True,777.8950150000001,True,723.1190971739874,True
R80790,2015-08-25 08:50:00+00:00,-1.61,8.050000200000001,7.160000000000001,7,2015-08-25 05:40:00+00:00,2015-08-25 14:20:00+00:00,934.35999,True,916.78,True,847.7814473727402,True
R80790,2015-08-25 09:00:00+00:00,-1.62,8.0100002,6.890000000000001,7,2015-08-25 05:40:00+00:00,2015-08-25 14:20:00+00:00,796.614995,True,777.8950150000001,True,835.9711756751989,True
R80790,2015-08-25 09:10:00+00:00,-1.66,6.98,6.643333266666667,7,2015-08-25 05:40:00+00:00,2015-08-25 14:20:00+00:00,527.84998,True,496.20001,True,554.9074793136527,True
R80790,2015-08-25 09:20:00+00:00,-1.66,7.030000200000001,6.9933331999999995,7,2015-08-25 05:40:00+00:00,2015-08-25 14:20:00+00:00,527.84998,True,496.20001,True,564.9423749977929,True
R80790,2015-08-25 09:30:00+00:00,-1.62,6.619999900000001,7.286666566666668,7,2015-08-25 05:40:00+00:00,2015-08-25 14:20:00+00:00,527.84998,True,496.20001,True,460.14016465363585,True
R80790,2015-08-25 09:40:00+00:00,-1.5700001,7.0100002,7.4066667666666675,7,2015-08-25 05:40:00+00:00,2015-08-25 14:20:00+00:00,527.84998,True,496.20001,True,555.8482468469836,True
R80790,2015-08-25 09:50:00+00:00,-1.5700001,7.96,7.203333399999998,7,2015-08-25 05:40:00+00:00,2015-08-25 14:20:00+00:00,796.614995,True,777.8950150000001,True,822.1003381037846,True
R80790,2015-08-25 10:00:00+00:00,-1.48,7.21,6.843333233333333,7,2015-08-25 05:40:00+00:00,2015-08-25 14:20:00+00:00,662.91998,True,635.035005,True,616.5519827447117,True
R80790,2015-08-25 10:10:00+00:00,-1.53,7.23,6.9666667,7,2015-08-25 05:40:00+00:00,2015-08-25 14:20:00+00:00,662.91998,True,635.035005,True,618.8508022822892,True
R80790,2015-08-25 10:20:00+00:00,-1.5599999,7.099999900000001,7.1333332,7,2015-08-25 05:40:00+00:00,2015-08-25 14:20:00+00:00,662.91998,True,635.035005,True,579.3686381462948,True
R80790,2015-08-25 10:30:00+00:00,-1.5599999,7.02,6.973333333333333,7,2015-08-25 05:40:00+00:00,2015-08-25 14:20:00+00:00,527.84998,True,496.20001,True,550.4906440264512,True
R80790,2015-08-25 10:40:00+00:00,-1.5700001,7.630000099999999,7.386666633333333,7,2015-08-25 05:40:00+00:00,2015-08-25 14:20:00+00:00,796.614995,True,777.8950150000001,True,724.2640342990916,True
R80790,2015-08-25 10:50:00+00:00,-1.54,6.0999999,7.1566666,7,2015-08-25 05:40:00+00:00,2015-08-25 14:20:00+00:00,390.18501000000003,True,365.41,True,316.51655811868545,True
R80790,2015-08-25 11:00:00+00:00,-1.55,7.73,7.593333233333333,7,2015-08-25 05:40:00+00:00,2015-08-25 14:20:00+00:00,796.614995,True,777.8950150000001,True,744.0603938842229,True
R80790,2015-08-25 11:10:00+00:00,-1.52,8.409999800000001,7.266666700000001,7,2015-08-25 05:40:00+00:00,2015-08-25 14:20:00+00:00,934.35999,True,916.78,True,932.2659772621022,True
R80790,2015-08-25 11:20:00+00:00,-1.52,7.940000099999999,6.933333233333332,7,2015-08-25 05:40:00+00:00,2015-08-25 14:20:00+00:00,796.614995,True,777.8950150000001,True,796.1418005712064,True
R80790,2015-08-25 11:30:00+00:00,-1.52,6.369999900000001,6.550000000000001,7,2015-08-25 05:40:00+00:00,2015-08-25 14:20:00+00:00,390.18501000000003,True,365.41,True,380.079576498641,True
R80790,2015-08-25 11:40:00+00:00,-1.53,6.4499998,6.7233332,7,2015-08-25 05:40:00+00:00,2015-08-25 14:20:00+00:00,390.18501000000003,True,365.41,True,399.9892732746762,True
R80790,2015-08-25 11:50:00+00:00,-1.54,7.6999998,7.176666566666666,7,2015-08-25 05:40:00+00:00,2015-08-25 14:20:00+00:00,796.614995,True,777.8950150000001,True,726.4117853399832,True
R80790,2015-08-25 12:00:00+00:00,-1.52,7.469999799999999,6.9866667,7,2015-08-25 05:40:00+00:00,2015-08-25 14:20:00+00:00,662.91998,True,635.035005,True,665.6625624340326,True
R80790,2015-08-25 12:10:00+00:00,-1.65,7.8400002,6.736666700000001,7,2015-08-25 05:40:00+00:00,2015-08-25 14:20:00+00:00,796.614995,True,777.8950150000001,True,771.6425823456266,True
R80790,2015-08-25 12:20:00+00:00,-1.85,5.170000099999999,6.349999933333333,7,2015-08-25 05:40:00+00:00,2015-08-25 14:20:00+00:00,178.13,True,165.06,True,142.89376144440888,True
R80790,2015-08-25 12:30:00+00:00,-1.88,7.969999799999999,6.993333333333333,7,2015-08-25 05:40:00+00:00,2015-08-25 14:20:00+00:00,796.614995,True,777.8950150000001,True,794.5101582572502,True
R80790,2015-08-25 12:40:00+00:00,-1.9299999,5.380000099999999,5.846666666666668,7,2015-08-25 05:40:00+00:00,2015-08-25 14:20:00+00:00,178.13,True,165.06,True,174.8646850899903,True
R80790,2015-08-25 12:50:00+00:00,-2.01,4.5599999,5.983333433333333,7,2015-08-25 05:40:00+00:00,2015-08-25 14:20:00+00:00,107.82,True,98.440002,True,71.27615465945887,True
R80790,2015-08-25 13:00:00+00:00,-1.85,5.5700002,6.640000000000001,7,2015-08-25 05:40:00+00:00,2015-08-25 14:20:00+00:00,271.68501000000003,True,252.56,True,208.95601562781522,True
R80790,2015-08-25 13:10:00+00:00,-3.1199999,6.5900002,5.693333300000002,7,2015-08-25 05:40:00+00:00,2015-08-25 14:20:00+00:00,527.84998,True,496.20001,True,405.9197384659394,True
R80790,2015-08-25 13:20:00+00:00,-1.1799999,6.630000099999999,6.526666633333334,7,2015-08-25 05:40:00+00:00,2015-08-25 14:20:00+00:00,527.84998,True,496.20001,True,433.29260110859497,True
R80790,2015-08-25 13:30:00+00:00,15.57,6.880000099999999,6.843333233333333,7,2015-08-25 05:40:00+00:00,2015-08-25 14:20:00+00:00,527.84998,True,496.20001,True,493.932604160635,True
R80790,2015-08-25 13:40:00+00:00,-3.03,7.1999998,7.009999866666667,7,2015-08-25 05:40:00+00:00,2015-08-25 14:20:00+00:00,662.91998,True,635.035005,True,580.1585333994533,True
R80790,2015-08-25 13:50:00+00:00,-2.0699999,6.420000099999999,6.39,7,2015-08-25 05:40:00+00:00,2015-08-25 14:20:00+00:00,390.18501000000003,True,365.41,True,376.99814888996434,True
R80790,2015-08-25 14:00:00+00:00,-2.3900001,5.6999998,5.673333166666666,7,2015-08-25 05:40:00+00:00,2015-08-25 14:20:00+00:00,271.68501000000003,True,252.56,True,224.4078382548104,True
R80790,2015-08-25 14:10:00+00:00,-2.5599999,6.3899999,6.346666633333334,7,2015-08-25 05:40:00+00:00,2015-08-25 14:20:00+00:00,390.18501000000003,True,365.41,True,370.7035527454928,True
R80790,2015-08-25 14:20:00+00:00,119.79,5.7199998,5.966666533333334,7,2015-08-25 05:40:00+00:00,2015-08-25 14:20:00+00:00,271.68501000000003,True,252.56,True,229.94678910142815,True
R80790,2015-08-25 14:30:00+00:00,199.28999,5.4400001,5.923333500000001,7,2015-08-25 05:40:00+00:00,2015-08-25 14:20:00+00:00,178.13,False,165.06,False,177.96688209635857,False
R80790,2015-08-25 14:40:00+00:00,228.67,5.6599998,6.196666533333333,7,2015-08-25 05:40:00+00:00,2015-08-25 14:20:00+00:00,271.68501000000003,False,252.56,False,215.99679700383842,False
R80790,2015-08-25 14:50:00+00:00,290.38,6.04,6.016666566666667,7,2015-08-25 05:40:00+00:00,2015-08-25 14:20:00+00:00,271.68501000000003,False,252.56,False,291.78503446374657,False
R80790,2015-08-25 15:00:00+00:00,225.7,5.6100001,5.550000033333333,7,2015-08-25 05:40:00+00:00,2015-08-25 14:20:00+00:00,271.68501000000003,False,252.56,False,207.15913849860803,False
R80790,2015-08-25 15:10:00+00:00,281.22,6.0999999,5.893333433333333,7,2015-08-25 05:40:00+00:00,2015-08-25 14:20:00+00:00,390.18501000000003,False,365.41,False,298.5544904402542,False
R80790,2015-08-25 15:20:00+00:00,319.31,5.98,6.359999966666667,7,2015-08-25 05:40:00+00:00,2015-08-25 14:20:00+00:00,271.68501000000003,False,252.56,False,280.6437386448149,False
R80790,2015-08-25 15:30:00+00:00,431.32999,6.380000099999999,6.423333333333333,7,2015-08-25 05:40:00+00:00,2015-08-25 14:20:00+00:00,390.18501000000003,False,365.41,False,364.5688264706994,False
R80790,2015-08-25 15:40:00+00:00,157.67999,5.5500002,5.886666766666667,7,2015-08-25 05:40:00+00:00,2015-08-25 14:20:00+00:00,178.13,False,165.06,False,192.94620927245137,False
R80790,2015-08-25 15:50:00+00:00,302.5,6.0,6.369999866666667,7,2015-08-25 05:40:00+00:00,2015-08-25 14:20:00+00:00,271.68501000000003,False,252.56,False,281.58898790578644,False
R80790,2015-08-25 16:00:00+00:00,352.31,6.1599998,6.293333199999999,7,2015-08-25 05:40:00+00:00,2015-08-25 14:20:00+00:00,390.18501000000003,False,365.41,False,314.22002418564335,False
R80790,2015-08-25 16:10:00+00:00,276.89999,5.8499999,6.010000066666667,7,2015-08-25 05:40:00+00:00,2015-08-25 14:20:00+00:00,271.68501000000003,False,252.56,False,250.56615784217522,False
R80790,2015-08-25 16:20:00+00:00,175.31,5.170000099999999,5.3066667333333335,7,2015-08-25 05:40:00+00:00,2015-08-25 14:20:00+00:00,178.13,False,165.06,False,137.2375813002706,False
R80711,2015-04-27 08:00:00+00:00,,,1.9249999500000001,8,2015-04-27 10:00:00+00:00,2015-04-27 14:40:00+00:00,,False,,False,,False
R80711,2015-04-27 08:10:00+00:00,,,2.53,8,2015-04-27 10:00:00+00:00,2015-04-27 14:40:00+00:00,,False,,False,,False
R80711,2015-04-27 08:20:00+00:00,,,1.75,8,2015-04-27 10:00:00+00:00,2015-04-27 14:40:00+00:00,,False,,False,,False
R80711,2015-04-27 08:30:00+00:00,,,0.38499999,8,2015-04-27 10:00:00+00:00,2015-04-27 14:40:00+00:00,,False,,False,,False
R80711,2015-04-27 08:40:00+00:00,,,0.23500000000000001,8,2015-04-27 10:00:00+00:00,2015-04-27 14:40:00+00:00,,False,,False,,False
R80711,2015-04-27 08:50:00+00:00,,,0.03666666666666667,8,2015-04-27 10:00:00+00:00,2015-04-27 14:40:00+00:00,,False,,False,,False
R80711,2015-04-27 09:00:00+00:00,,,0.05666666633333334,8,2015-04-27 10:00:00+00:00,2015-04-27 14:40:00+00:00,,False,,False,,False
R80711,2015-04-27 09:10:00+00:00,,,0.16000000333333333,8,2015-04-27 10:00:00+00:00,2015-04-27 14:40:00+00:00,,False,,False,,False
R80711,2015-04-27 09:20:00+00:00,-0.14,1.48,0.18999999999999995,8,2015-04-27 10:00:00+00:00,2015-04-27 14:40:00+00:00,0.0,False,0.0,False,0.0,False
R80711,2015-04-27 09:30:00+00:00,-0.12,1.84,1.58666664,8,2015-04-27 10:00:00+00:00,2015-04-27 14:40:00+00:00,0.0,False,0.0,False,0.0,False
R80711,2015-04-27 09:40:00+00:00,-0.059999999,2.77,2.6499999333333335,8,2015-04-27 10:00:00+00:00,2015-04-27 14:40:00+00:00,0.0,False,0.0,False,0.0,False
R80711,2015-04-27 09:50:00+00:00,-0.0500000009999999,3.54,3.7266667000000004,8,2015-04-27 10:00:00+00:00,2015-04-27 14:40:00+00:00,0.0,False,0.0,False,0.0,False
R80711,2015-04-27 10:00:00+00:00,-0.079999998,6.0900002,5.856666733333334,8,2015-04-27 10:00:00+00:00,2015-04-27 14:40:00+00:00,347.17001,True,365.41,True,305.06113433948497,True
R80711,2015-04-27 10:10:00+00:00,-0.07,6.559999900000001,6.746666733333332,8,2015-04-27 10:00:00+00:00,2015-04-27 14:40:00+00:00,475.98001,True,496.20001,True,418.310009094867,True
R80711,2015-04-27 10:20:00+00:00,-0.0500000009999999,7.219999799999999,7.420000066666667,8,2015-04-27 10:00:00+00:00,2015-04-27 14:40:00+00:00,616.4500099999999,True,635.035005,True,598.3854428495981,True
R80711,2015-04-27 10:30:00+00:00,-0.039999999,7.349999900000001,7.376666533333334,8,2015-04-27 10:00:00+00:00,2015-04-27 14:40:00+00:00,616.4500099999999,True,635.035005,True,637.4849045683053,True
R80711,2015-04-27 10:40:00+00:00,-0.039999999,7.52,7.363333233333333,8,2015-04-27 10:00:00+00:00,2015-04-27 14:40:00+00:00,616.4500099999999,True,635.035005,True,681.9178966500034,True
R80711,2015-04-27 10:50:00+00:00,-0.039999999,7.920000099999999,8.1400002,8,2015-04-27 10:00:00+00:00,2015-04-27 14:40:00+00:00,757.66998,True,777.8950150000001,True,796.8681622942814,True
R80711,2015-04-27 11:00:00+00:00,-0.039999999,7.6999998,8.4199999,8,2015-04-27 10:00:00+00:00,2015-04-27 14:40:00+00:00,757.66998,True,777.8950150000001,True,727.5051773520826,True
R80711,2015-04-27 11:10:00+00:00,-0.039999999,7.25,7.979999866666667,8,2015-04-27 10:00:00+00:00,2015-04-27 14:40:00+00:00,616.4500099999999,True,635.035005,True,610.1251376455733,True
R80711,2015-04-27 11:20:00+00:00,-0.79000002,8.7700005,8.383333199999997,8,2015-04-27 10:00:00+00:00,2015-04-27 14:40:00+00:00,1034.8000000000002,True,1048.475,True,1011.2427404837576,True
R80711,2015-04-27 11:30:00+00:00,-0.30000001,8.9799995,7.5099998999999995,8,2015-04-27 10:00:00+00:00,2015-04-27 14:40:00+00:00,1034.8000000000002,True,1048.475,True,1085.5933495510244,True
R80711,2015-04-27 11:40:00+00:00,-0.11,8.4200001,8.363333066666668,8,2015-04-27 10:00:00+00:00,2015-04-27 14:40:00+00:00,898.3400300000001,True,916.78,True,921.8927057758594,True
R80711,2015-04-27 11:50:00+00:00,-0.039999999,9.21,8.446666733333332,8,2015-04-27 10:00:00+00:00,2015-04-27 14:40:00+00:00,1165.52,True,1182.2849999999999,True,1142.6696291320648,True
R80711,2015-04-27 12:00:00+00:00,-0.039999999,8.1899996,8.083333333333334,8,2015-04-27 10:00:00+00:00,2015-04-27 14:40:00+00:00,898.3400300000001,True,916.78,True,859.2871855280108,True
R80711,2015-04-27 12:10:00+00:00,-0.039999999,9.880000099999998,8.9599997,8,2015-04-27 10:00:00+00:00,2015-04-27 14:40:00+00:00,1299.3049999999998,True,1308.75,True,1340.6392806202023,True
R80711,2015-04-27 12:20:00+00:00,-0.039999999,9.3000002,7.859999933333334,8,2015-04-27 10:00:00+00:00,2015-04-27 14:40:00+00:00,1165.52,True,1182.2849999999999,True,1167.9015416079292,True
R80711,2015-04-27 12:30:00+00:00,-0.029999999,9.6099997,9.440000199999998,8,2015-04-27 10:00:00+00:00,2015-04-27 14:40:00+00:00,1299.3049999999998,True,1308.75,True,1277.505514388919,True
R80711,2015-04-27 12:40:00+00:00,-0.039999999,8.21,7.956666766666667,8,2015-04-27 10:00:00+00:00,2015-04-27 14:40:00+00:00,898.3400300000001,True,916.78,True,888.6771330634695,True
R80711,2015-04-27 12:50:00+00:00,-0.090000004,8.4399996,7.3733333,8,2015-04-27 10:00:00+00:00,2015-04-27 14:40:00+00:00,898.3400300000001,True,916.78,True,951.9766960044628,True
R80711,2015-04-27 13:00:00+00:00,-0.090000004,10.25,7.9933331999999995,8,2015-04-27 10:00:00+00:00,2015-04-27 14:40:00+00:00,1415.87,True,1434.15,True,1447.7996659339947,True
R80711,2015-04-27 13:10:00+00:00,-0.11,9.2700005,8.420000066666667,8,2015-04-27 10:00:00+00:00,2015-04-27 14:40:00+00:00,1165.52,True,1182.2849999999999,True,1178.8168831994085,True
R80711,2015-04-27 13:20:00+00:00,-0.7599999900000001,8.79,8.103333333333333,8,2015-04-27 10:00:00+00:00,2015-04-27 14:40:00+00:00,1034.8000000000002,True,1048.475,True,1048.7166054686236,True
R80711,2015-04-27 13:30:00+00:00,-0.34,10.67,8.123333266666668,8,2015-04-27 10:00:00+00:00,2015-04-27 14:40:00+00:00,1542.4301,True,1555.72,True,1554.8380378924858,True
R80711,2015-04-27 13:40:00+00:00,-3.0999999,9.8000002,9.130000133333333,8,2015-04-27 10:00:00+00:00,2015-04-27 14:40:00+00:00,1299.3049999999998,True,1308.75,True,1299.4797539657247,True
R80711,2015-04-27 13:50:00+00:00,212.71001,8.1899996,8.086666733333333,8,2015-04-27 10:00:00+00:00,2015-04-27 14:40:00+00:00,898.3400300000001,True,916.78,True,886.1016651726554,True
R80711,2015-04-27 14:00:00+00:00,-0.029999999,8.1400003,8.096666666666668,8,2015-04-27 10:00:00+00:00,2015-04-27 14:40:00+00:00,898.3400300000001,True,916.78,True,874.0730400155209,True
R80711,2015-04-27 14:10:00+00:00,-0.0500000009999999,7.639999900000001,7.636666766666667,8,2015-04-27 10:00:00+00:00,2015-04-27 14:40:00+00:00,757.66998,True,777.8950150000001,True,743.3717192439183,True
R80711,2015-04-27 14:20:00+00:00,-0.44,7.690000099999999,6.636666600000001,8,2015-04-27 10:00:00+00:00,2015-04-27 14:40:00+00:00,757.66998,True,777.8950150000001,True,753.7766174090494,True
R80711,2015-04-27 14:30:00+00:00,-1.8200001,7.469999799999999,7.580000066666666,8,2015-04-27 10:00:00+00:00,2015-04-27 14:40:00+00:00,616.4500099999999,True,635.035005,True,696.8746378409269,True
R80711,2015-04-27 14:40:00+00:00,181.47,7.3000002,6.943333466666666,8,2015-04-27 10:00:00+00:00,2015-04-27 14:40:00+00:00,616.4500099999999,True,635.035005,True,648.8518048254639,True
R80711,2015-04-27 14:50:00+00:00,661.5700099999999,7.29,7.36,8,2015-04-27 10:00:00+00:00,2015-04-27 14:40:00+00:00,616.4500099999999,False,635.035005,False,645.0224446303508,False
R80711,2015-04-27 15:00:00+00:00,651.02002,7.2399998,7.829999933333333,8,2015-04-27 10:00:00+00:00,2015-04-27 14:40:00+00:00,616.4500099999999,False,635.035005,False,622.0011197630196,False
R80711,2015-04-27 15:10:00+00:00,714.88,7.650000099999999,8.110000133333333,8,2015-04-27 10:00:00+00:00,2015-04-27 14:40:00+00:00,757.66998,False,777.8950150000001,False,747.8077076329084,False
R80711,2015-04-27 15:20:00+00:00,663.4299900000001,7.320000200000001,7.18,8,2015-04-27 10:00:00+00:00,2015-04-27 14:40:00+00:00,616.4500099999999,False,635.035005,False,652.7417289805732,False
R80711,2015-04-27 15:30:00+00:00,825.4299900000001,7.719999799999999,6.969999933333333,8,2015-04-27 10:00:00+00:00,2015-04-27 14:40:00+00:00,757.66998,False,777.8950150000001,False,769.7421264228867,False
R80711,2015-04-27 15:40:00+00:00,622.9299900000001,7.139999900000001,6.2799999,8,2015-04-27 10:00:00+00:00,2015-04-27 14:40:00+00:00,616.4500099999999,False,635.035005,False,605.825596189927,False
R80711,2015-04-27 15:50:00+00:00,648.76001,7.02,6.710000033333333,8,2015-04-27 10:00:00+00:00,2015-04-27 14:40:00+00:00,616.4500099999999,False,635.035005,False,573.446209871676,False
R80711,2015-04-27 16:00:00+00:00,576.13,6.880000099999999,7.25,8,2015-04-27 10:00:00+00:00,2015-04-27 14:40:00+00:00,475.98001,False,496.20001,False,533.2800767074459,False
R80711,2015-04-27 16:10:00+00:00,324.16,5.920000099999999,6.2366665333333335,8,2015-04-27 10:00:00+00:00,2015-04-27 14:40:00+00:00,240.41,False,252.56,False,291.05780637410487,False
R80711,2015-04-27 16:20:00+00:00,397.79999,6.369999900000001,6.253333433333334,8,2015-04-27 10:00:00+00:00,2015-04-27 14:40:00+00:00,347.17001,False,365.41,False,393.50256197965655,False
R80711,2015-04-27 16:30:00+00:00,674.83002,7.52,7.446666566666667,8,2015-04-27 10:00:00+00:00,2015-04-27 14:40:00+00:00,757.66998,False,777.8950150000001,False,717.8129315451652,True
R80711,2015-04-27 16:40:00+00:00,874.56,8.130000099999998,7.743333366666668,8,2015-04-27 10:00:00+00:00,2015-04-27 14:40:00+00:00,898.3400300000001,False,916.78,False,884.4936124707829,True
R80736,2015-05-05 03:50:00+00:00,530.71997,7.04,7.4900001000000005,9,2015-05-05 05:50:00+00:00,2015-05-05 08:50:00+00:00,493.20999000000006,False,496.20001,False,526.0484418516031,False
R80736,2015-05-05 04:00:00+00:00,871.4500099999999,8.21,8.526666633333333,9,2015-05-05 05:50:00+00:00,2015-05-05 08:50:00+00:00,922.15997,False,916.78,False,862.3999906528907,False
R80736,2015-05-05 04:10:00+00:00,1357.37,9.6599998,9.593333166666666,9,2015-05-05 05:50:00+00:00,2015-05-05 08:50:00+00:00,1333.5749999999998,False,1308.75,False,1238.9487210511293,False
R80736,2015-05-05 04:20:00+00:00,1001.06,8.54,8.2699998,9,2015-05-05 05:50:00+00:00,2015-05-05 08:50:00+00:00,922.15997,False,916.78,False,941.3870735408736,False
R80736,2015-05-05 04:30:00+00:00,1080.2,8.8000002,8.480000166666665,9,2015-05-05 05:50:00+00:00,2015-05-05 08:50:00+00:00,1060.86,False,1048.475,False,1007.8511926693716,False
R80736,2015-05-05 04:40:00+00:00,946.44,8.3199997,8.873333333333333,9,2015-05-05 05:50:00+00:00,2015-05-05 08:50:00+00:00,922.15997,False,916.78,False,899.7508276232554,False
R80736,2015-05-05 04:50:00+00:00,837.66998,8.0,7.933333266666668,9,2015-05-05 05:50:00+00:00,2015-05-05 08:50:00+00:00,782.19,False,777.8950150000001,False,804.5332879204731,False
R80736,2015-05-05 05:00:00+00:00,670.87,7.4099998,7.703333233333332,9,2015-05-05 05:50:00+00:00,2015-05-05 08:50:00+00:00,634.7000099999999,False,635.035005,False,625.9822514299229,False
R80736,2015-05-05 05:10:00+00:00,833.31,7.800000199999999,8.230000033333333,9,2015-05-05 05:50:00+00:00,2015-05-05 08:50:00+00:00,782.19,False,777.8950150000001,False,738.2223942741166,False
R80736,2015-05-05 05:20:00+00:00,908.60999,8.050000200000001,8.013333333333335,9,2015-05-05 05:50:00+00:00,2015-05-05 08:50:00+00:00,782.19,False,777.8950150000001,False,815.706069038781,False
R80736,2015-05-05 05:30:00+00:00,693.2999900000001,7.25,7.5633335,9,2015-05-05 05:50:00+00:00,2015-05-05 08:50:00+00:00,634.7000099999999,False,635.035005,False,579.8657082586825,False
R80736,2015-05-05 05:40:00+00:00,694.4299900000001,7.4099998,7.2833333,9,2015-05-05 05:50:00+00:00,2015-05-05 08:50:00+00:00,634.7000099999999,False,635.035005,False,624.3313036216271,False
R80736,2015-05-05 05:50:00+00:00,8.9700003,7.02,7.606666566666668,9,2015-05-05 05:50:00+00:00,2015-05-05 08:50:00+00:00,493.20999000000006,True,496.20001,True,520.0890543873828,True
R80736,2015-05-05 06:00:00+00:00,-0.54000002,8.6099997,7.723333533333334,9,2015-05-05 05:50:00+00:00,2015-05-05 08:50:00+00:00,1060.86,True,1048.475,True,963.4895422478785,True
R80736,2015-05-05 06:10:00+00:00,-3.27,8.3299999,7.556666833333334,9,2015-05-05 05:50:00+00:00,2015-05-05 08:50:00+00:00,922.15997,True,916.78,True,877.9756184764805,True
R80736,2015-05-05 06:20:00+00:00,-6.079999900000001,9.6899996,8.356666733333334,9,2015-05-05 05:50:00+00:00,2015-05-05 08:50:00+00:00,1333.5749999999998,True,1308.75,True,1215.1960607104038,True
R80736,2015-05-05 06:30:00+00:00,-5.829999900000001,9.1499996,8.536666533333333,9,2015-05-05 05:50:00+00:00,2015-05-05 08:50:00+00:00,1201.3049999999998,True,1182.2849999999999,True,1072.9345559576557,True
R80736,2015-05-05 06:40:00+00:00,-2.02,9.4099998,8.160000166666665,9,2015-05-05 05:50:00+00:00,2015-05-05 08:50:00+00:00,1201.3049999999998,True,1182.2849999999999,True,1178.1725496699391,True
R80736,2015-05-05 06:50:00+00:00,-0.33000001,9.71,8.843333266666667,9,2015-05-05 05:50:00+00:00,2015-05-05 08:50:00+00:00,1333.5749999999998,True,1308.75,True,1232.4083927906797,True
R80736,2015-05-05 07:00:00+00:00,-0.34999999,10.88,8.9933332,9,2015-05-05 05:50:00+00:00,2015-05-05 08:50:00+00:00,1586.195,True,1555.72,True,1474.8778328251724,True
R80736,2015-05-05 07:10:00+00:00,-3.5899999,10.58,9.240000100000001,9,2015-05-05 05:50:00+00:00,2015-05-05 08:50:00+00:00,1465.5949999999998,True,1434.15,True,1433.8760484086765,True
R80736,2015-05-05 07:20:00+00:00,-4.1300001,10.22,9.740000066666667,9,2015-05-05 05:50:00+00:00,2015-05-05 08:50:00+00:00,1465.5949999999998,True,1434.15,True,1337.6317032428,True
R80736,2015-05-05 07:30:00+00:00,-2.79,10.34,9.246666600000001,9,2015-05-05 05:50:00+00:00,2015-05-05 08:50:00+00:00,1465.5949999999998,True,1434.15,True,1366.8699725381898,True
R80736,2015-05-05 07:40:00+00:00,-0.38999999,10.4,10.353333300000001,9,2015-05-05 05:50:00+00:00,2015-05-05 08:50:00+00:00,1465.5949999999998,True,1434.15,True,1367.1665439186695,True
R80736,2015-05-05 07:50:00+00:00,-0.34,11.54,11.096666666666666,9,2015-05-05 05:50:00+00:00,2015-05-05 08:50:00+00:00,1688.51,True,1660.91,True,1644.1509447758933,True
R80736,2015-05-05 08:00:00+00:00,-0.37,12.97,12.276666666666666,9,2015-05-05 05:50:00+00:00,2015-05-05 08:50:00+00:00,1919.54,True,1898.03,True,1806.4145211372086,True
R80736,2015-05-05 08:10:00+00:00,-0.36000001,12.49,13.613333333333332,9,2015-05-05 05:50:00+00:00,2015-05-05 08:50:00+00:00,1860.66,True,1833.13005,True,1805.4941785880758,True
R80736,2015-05-05 08:20:00+00:00,-0.36000001,14.79,13.923333333333334,9,2015-05-05 05:50:00+00:00,2015-05-05 08:50:00+00:00,,False,2005.915,True,1890.477946863447,True
R80736,2015-05-05 08:30:00+00:00,-0.34,13.61,13.356666666666667,9,2015-05-05 05:50:00+00:00,2015-05-05 08:50:00+00:00,1948.565,False,1934.98,True,1889.5576043143142,True
R80736,2015-05-05 08:40:00+00:00,-1.0599999,11.03,11.729999999999999,9,2015-05-05 05:50:00+00:00,2015-05-05 08:50:00+00:00,1586.195,False,1555.72,True,1517.0816452150311,True
R80736,2015-05-05 08:50:00+00:00,-1.47,13.2,12.160000000000002,9,2015-05-05 05:50:00+00:00,2015-05-05 08:50:00+00:00,1948.565,False,1934.98,True,1889.5576043143142,True
R80736,2015-05-05 09:00:00+00:00,-0.75,15.77,13.166666666666666,9,2015-05-05 05:50:00+00:00,2015-05-05 08:50:00+00:00,,False,,False,,False
R80736,2015-05-05 09:10:00+00:00,-1.3200001,12.96,12.700000000000001,9,2015-05-05 05:50:00+00:00,2015-05-05 08:50:00+00:00,1919.54,False,1898.03,True,1805.4941785880758,True
R80736,2015-05-05 09:20:00+00:00,-0.98000002,12.61,12.99,9,2015-05-05 05:50:00+00:00,2015-05-05 08:50:00+00:00,1860.66,False,1833.13005,True,1806.4145211372086,True
R80736,2015-05-05 09:30:00+00:00,-0.38999999,14.6,13.416666666666666,9,2015-05-05 05:50:00+00:00,2015-05-05 08:50:00+00:00,,False,1988.34,True,1897.5260027318727,True
R80736,2015-05-05 09:40:00+00:00,-0.38,13.23,12.633333333333331,9,2015-05-05 05:50:00+00:00,2015-05-05 08:50:00+00:00,1948.565,False,1934.98,True,1897.6783587597631,True
R80736,2015-05-05 09:50:00+00:00,-0.38999999,14.27,14.523333666666668,9,2015-05-05 05:50:00+00:00,2015-05-05 08:50:00+00:00,,False,1988.34,True,1898.4463452810055,True
R80736,2015-05-05 10:00:00+00:00,-0.38999999,14.51,13.62,9,2015-05-05 05:50:00+00:00,2015-05-05 08:50:00+00:00,,False,1988.34,True,1897.5413039241666,True
R80736,2015-05-05 10:10:00+00:00,-0.37,15.83,12.803333333333333,9,2015-05-05 05:50:00+00:00,2015-05-05 08:50:00+00:00,,False,,False,,False
R80736,2015-05-05 10:20:00+00:00,-0.38,15.0,13.19,9,2015-05-05 05:50:00+00:00,2015-05-05 08:50:00+00:00,,False,2005.915,True,1901.4359715233484,True
R80736,2015-05-05 10:30:00+00:00,-0.7599999900000001,12.42,12.553333333333333,9,2015-05-05 05:50:00+00:00,2015-05-05 08:50:00+00:00,1860.66,False,1833.13005,True,1816.4453313108852,True
R80736,2015-05-05 10:40:00+00:00,-0.37,13.93,13.123333333333333,9,2015-05-05 05:50:00+00:00,2015-05-05 08:50:00+00:00,1998.08,False,1961.8199,True,1901.4206703310545,True
R80736,2015-05-05 10:50:00+00:00,-1.5,13.86,12.443333333333333,9,2015-05-05 05:50:00+00:00,2015-05-05 08:50:00+00:00,1998.08,False,1961.8199,True,1914.1572433071574,True
R80736,2015-05-05 08:20:00+00:00,-0.36000001,14.79,13.923333333333334,10,2015-05-05 10:20:00+00:00,2015-05-05 13:20:00+00:00,,False,2005.915,True,1890.477946863447,True
R80736,2015-05-05 08:30:00+00:00,-0.34,13.61,13.356666666666667,10,2015-05-05 10:20:00+00:00,2015-05-05 13:20:00+00:00,1948.565,False,1934.98,True,1889.5576043143142,True
R80736,2015-05-05 08:40:00+00:00,-1.0599999,11.03,11.729999999999999,10,2015-05-05 10:20:00+00:00,2015-05-05 13:20:00+00:00,1586.195,False,1555.72,True,1517.0816452150311,True
R80736,2015-05-05 08:50:00+00:00,-1.47,13.2,12.160000000000002,10,2015-05-05 10:20:00+00:00,2015-05-05 13:20:00+00:00,1948.565,False,1934.98,True,1889.5576043143142,True
R80736,2015-05-05 09:00:00+00:00,-0.75,15.77,13.166666666666666,10,2015-05-05 10:20:00+00:00,2015-05-05 13:20:00+00:00,,False,,False,,False
R80736,2015-05-05 09:10:00+00:00,-1.3200001,12.96,12.700000000000001,10,2015-05-05 10:20:00+00:00,2015-05-05 13:20:00+00:00,1919.54,False,1898.03,True,1805.4941785880758,True
R80736,2015-05-05 09:20:00+00:00,-0.98000002,12.61,12.99,10,2015-05-05 10:20:00+00:00,2015-05-05 13:20:00+00:00,1860.66,False,1833.13005,True,1806.4145211372086,True
R80736,2015-05-05 09:30:00+00:00,-0.38999999,14.6,13.416666666666666,10,2015-05-05 10:20:00+00:00,2015-05-05 13:20:00+00:00,,False,1988.34,True,1897.5260027318727,True
R80736,2015-05-05 09:40:00+00:00,-0.38,13.23,12.633333333333331,10,2015-05-05 10:20:00+00:00,2015-05-05 13:20:00+00:00,1948.565,False,1934.98,True,1897.6783587597631,True
R80736,2015-05-05 09:50:00+00:00,-0.38999999,14.27,14.523333666666668,10,2015-05-05 10:20:00+00:00,2015-05-05 13:20:00+00:00,,False,1988.34,True,1898.4463452810055,True
R80736,2015-05-05 10:00:00+00:00,-0.38999999,14.51,13.62,10,2015-05-05 10:20:00+00:00,2015-05-05 13:20:00+00:00,,False,1988.34,True,1897.5413039241666,True
R80736,2015-05-05 10:10:00+00:00,-0.37,15.83,12.803333333333333,10,2015-05-05 10:20:00+00:00,2015-05-05 13:20:00+00:00,,False,,False,,False
R80736,2015-05-05 10:20:00+00:00,-0.38,15.0,13.19,10,2015-05-05 10:20:00+00:00,2015-05-05 13:20:00+00:00,,False,2005.915,True,1901.4359715233484,True
R80736,2015-05-05 10:30:00+00:00,-0.7599999900000001,12.42,12.553333333333333,10,2015-05-05 10:20:00+00:00,2015-05-05 13:20:00+00:00,1860.66,False,1833.13005,True,1816.4453313108852,True
R80736,2015-05-05 10:40:00+00:00,-0.37,13.93,13.123333333333333,10,2015-05-05 10:20:00+00:00,2015-05-05 13:20:00+00:00,1998.08,False,1961.8199,True,1901.4206703310545,True
R80736,2015-05-05 10:50:00+00:00,-1.5,13.86,12.443333333333333,10,2015-05-05 10:20:00+00:00,2015-05-05 13:20:00+00:00,1998.08,False,1961.8199,True,1914.1572433071574,True
R80736,2015-05-05 11:00:00+00:00,-2.99,14.94,11.180000000000001,10,2015-05-05 10:20:00+00:00,2015-05-05 13:20:00+00:00,,False,2005.915,True,1903.161556147056,True
R80736,2015-05-05 11:10:00+00:00,-0.81999999,11.37,10.493333333333334,10,2015-05-05 10:20:00+00:00,2015-05-05 13:20:00+00:00,1688.51,True,1660.91,True,1584.6953742571238,True
R80736,2015-05-05 11:20:00+00:00,-0.6900000000000001,10.61,10.85,10,2015-05-05 10:20:00+00:00,2015-05-05 13:20:00+00:00,1465.5949999999998,True,1434.15,True,1421.2010896227887,True
R80736,2015-05-05 11:30:00+00:00,-1.92,13.15,11.04,10,2015-05-05 10:20:00+00:00,2015-05-05 13:20:00+00:00,1919.54,True,1898.03,True,1903.3736800575516,True
R80736,2015-05-05 11:40:00+00:00,-0.6900000000000001,12.42,11.020000000000001,10,2015-05-05 10:20:00+00:00,2015-05-05 13:20:00+00:00,1860.66,True,1833.13005,True,1817.1154242506632,True
R80736,2015-05-05 11:50:00+00:00,-1.23,12.2,10.686666666666667,10,2015-05-05 10:20:00+00:00,2015-05-05 13:20:00+00:00,1860.66,True,1833.13005,True,1735.8481637918621,True
R80736,2015-05-05 12:00:00+00:00,-1.71,11.32,11.906666666666666,10,2015-05-05 10:20:00+00:00,2015-05-05 13:20:00+00:00,1688.51,True,1660.91,True,1582.7125162943873,True
R80736,2015-05-05 12:10:00+00:00,-1.62,11.63,11.406666666666666,10,2015-05-05 10:20:00+00:00,2015-05-05 13:20:00+00:00,1688.51,True,1660.91,True,1659.7385343781461,True
R80736,2015-05-05 12:20:00+00:00,205.14,11.97,12.943333333333333,10,2015-05-05 10:20:00+00:00,2015-05-05 13:20:00+00:00,1781.42,True,1756.335,True,1741.6110410433816,True
R80736,2015-05-05 12:30:00+00:00,-1.9400001,11.03,12.829999999999998,10,2015-05-05 10:20:00+00:00,2015-05-05 13:20:00+00:00,1586.195,True,1555.72,True,1535.7491975350717,True
R80736,2015-05-05 12:40:00+00:00,-0.97000003,11.58,12.313333333333333,10,2015-05-05 10:20:00+00:00,2015-05-05 13:20:00+00:00,1688.51,True,1660.91,True,1659.7385343781461,True
R80736,2015-05-05 12:50:00+00:00,-1.76,11.21,11.100000000000001,10,2015-05-05 10:20:00+00:00,2015-05-05 13:20:00+00:00,1688.51,True,1660.91,True,1595.795074369677,True
R80736,2015-05-05 13:00:00+00:00,673.78003,10.2,10.280000133333333,10,2015-05-05 10:20:00+00:00,2015-05-05 13:20:00+00:00,1465.5949999999998,True,1434.15,True,1350.1967768159307,True
R80736,2015-05-05 13:10:00+00:00,1178.99,9.3299999,10.166666600000001,10,2015-05-05 10:20:00+00:00,2015-05-05 13:20:00+00:00,1201.3049999999998,True,1182.2849999999999,True,1140.5339357505775,False
R80736,2015-05-05 13:20:00+00:00,1168.97,9.21,9.593333433333333,10,2015-05-05 10:20:00+00:00,2015-05-05 13:20:00+00:00,1201.3049999999998,True,1182.2849999999999,True,1122.4794087502976,False
R80736,2015-05-05 13:30:00+00:00,972.09003,8.430000300000001,10.319999733333333,10,2015-05-05 10:20:00+00:00,2015-05-05 13:20:00+00:00,922.15997,False,916.78,False,923.3330691702924,False
R80736,2015-05-05 13:40:00+00:00,1208.25,9.6999998,10.306666433333334,10,2015-05-05 10:20:00+00:00,2015-05-05 13:20:00+00:00,1333.5749999999998,False,1308.75,False,1233.0149342001564,False
R80736,2015-05-05 13:50:00+00:00,1211.6,9.46,9.643333433333332,10,2015-05-05 10:20:00+00:00,2015-05-05 13:20:00+00:00,1201.3049999999998,False,1182.2849999999999,False,1175.557445953504,False
R80736,2015-05-05 14:00:00+00:00,1395.24,10.01,10.463333233333332,10,2015-05-05 10:20:00+00:00,2015-05-05 13:20:00+00:00,1333.5749999999998,False,1308.75,False,1304.5049396906938,False
R80736,2015-05-05 14:10:00+00:00,1251.92,9.79,9.793333533333332,10,2015-05-05 10:20:00+00:00,2015-05-05 13:20:00+00:00,1333.5749999999998,False,1308.75,False,1266.2090642845014,False
R80736,2015-05-05 14:20:00+00:00,782.26001,7.929999799999999,9.956666533333333,10,2015-05-05 10:20:00+00:00,2015-05-05 13:20:00+00:00,782.19,False,777.8950150000001,False,780.3745345424894,False
R80736,2015-05-05 14:30:00+00:00,729.25,7.800000199999999,8.723333699999998,10,2015-05-05 10:20:00+00:00,2015-05-05 13:20:00+00:00,782.19,False,777.8950150000001,False,743.8378905227277,False
R80736,2015-05-05 14:40:00+00:00,979.40997,8.3900003,9.030000033333334,10,2015-05-05 10:20:00+00:00,2015-05-05 13:20:00+00:00,922.15997,False,916.78,False,903.29422853542,False
R80736,2015-05-05 14:50:00+00:00,515.21997,6.940000099999999,8.326666666666666,10,2015-05-05 10:20:00+00:00,2015-05-05 13:20:00+00:00,493.20999000000006,False,496.20001,False,509.1340763294868,False
R80736,2015-05-05 15:00:00+00:00,522.69,6.969999799999999,8.299999833333333,10,2015-05-05 10:20:00+00:00,2015-05-05 13:20:00+00:00,493.20999000000006,False,496.20001,False,524.6915663888883,False
R80736,2015-05-05 15:10:00+00:00,439.94,6.71,7.576666666666667,10,2015-05-05 10:20:00+00:00,2015-05-05 13:20:00+00:00,493.20999000000006,False,496.20001,False,441.67362563471926,False
R80736,2015-05-05 15:20:00+00:00,694.26001,7.469999799999999,7.526666633333334,10,2015-05-05 10:20:00+00:00,2015-05-05 13:20:00+00:00,634.7000099999999,False,635.035005,False,647.6118477267734,False
R80721,2015-01-02 02:10:00+00:00,-4.5700002,2.73,3.793333366666667,11,2015-01-02 04:10:00+00:00,2015-01-02 07:10:00+00:00,0.0,False,0.0,False,0.0,False
R80721,2015-01-02 02:20:00+00:00,-2.9300001,2.47,3.6633334000000004,11,2015-01-02 04:10:00+00:00,2015-01-02 07:10:00+00:00,0.0,False,0.0,False,0.0,False
R80721,2015-01-02 02:30:00+00:00,-3.0699999,2.4100001,4.353333466666667,11,2015-01-02 04:10:00+00:00,2015-01-02 07:10:00+00:00,0.0,False,0.0,False,0.0,False
R80721,2015-01-02 02:40:00+00:00,-4.380000099999999,2.6700001,4.886666600000001,11,2015-01-02 04:10:00+00:00,2015-01-02 07:10:00+00:00,0.0,False,0.0,False,0.0,False
R80721,2015-01-02 02:50:00+00:00,-3.0899999,3.03,5.199999966666666,11,2015-01-02 04:10:00+00:00,2015-01-02 07:10:00+00:00,0.0,False,0.0,False,0.0,False
R80721,2015-01-02 03:00:00+00:00,-3.3399999,3.1199999,5.056666866666667,11,2015-01-02 04:10:00+00:00,2015-01-02 07:10:00+00:00,0.0,False,0.0,False,0.0,False
R80721,2015-01-02 03:10:00+00:00,-4.3200002,3.48,5.136666766666667,11,2015-01-02 04:10:00+00:00,2015-01-02 07:10:00+00:00,0.0,False,0.0,False,0.0,False
R80721,2015-01-02 03:20:00+00:00,-2.97,3.3499999,5.3400001,11,2015-01-02 04:10:00+00:00,2015-01-02 07:10:00+00:00,0.0,False,0.0,False,0.0,False
R80721,2015-01-02 03:30:00+00:00,-3.02,3.29,5.343333233333333,11,2015-01-02 04:10:00+00:00,2015-01-02 07:10:00+00:00,0.0,False,0.0,False,0.0,False
R80721,2015-01-02 03:40:00+00:00,-4.3200002,3.73,5.8266667,11,2015-01-02 04:10:00+00:00,2015-01-02 07:10:00+00:00,0.0,False,0.0,False,0.0,False
R80721,2015-01-02 03:50:00+00:00,-3.27,3.97,6.206666600000001,11,2015-01-02 04:10:00+00:00,2015-01-02 07:10:00+00:00,0.0,False,0.0,False,0.0,False
R80721,2015-01-02 04:00:00+00:00,-3.05,4.3600001,7.483333366666666,11,2015-01-02 04:10:00+00:00,2015-01-02 07:10:00+00:00,0.0,False,0.0,False,0.0,False
R80721,2015-01-02 04:10:00+00:00,-4.5500002,4.420000099999999,7.956666633333334,11,2015-01-02 04:10:00+00:00,2015-01-02 07:10:00+00:00,96.9850005,True,98.440002,True,68.09092425118855,True
R80721,2015-01-02 04:20:00+00:00,-2.9400001,4.6799998,8.376666533333333,11,2015-01-02 04:10:00+00:00,2015-01-02 07:10:00+00:00,96.9850005,True,98.440002,True,96.84702711519195,True
R80721,2015-01-02 04:30:00+00:00,-3.6600001,6.54,9.089999933333333,11,2015-01-02 04:10:00+00:00,2015-01-02 07:10:00+00:00,493.625,True,496.20001,True,473.12819619012544,True
R80721,2015-01-02 04:40:00+00:00,-4.2800002,10.65,10.5,11,2015-01-02 04:10:00+00:00,2015-01-02 07:10:00+00:00,1548.45,True,1555.72,True,1553.4814864408813,True
R80721,2015-01-02 04:50:00+00:00,-3.28,9.4099998,9.916666899999997,11,2015-01-02 04:10:00+00:00,2015-01-02 07:10:00+00:00,1302.04,True,1308.75,True,1253.904548938303,True
R80721,2015-01-02 05:00:00+00:00,-3.4200001,9.5600004,9.723333400000001,11,2015-01-02 04:10:00+00:00,2015-01-02 07:10:00+00:00,1302.04,True,1308.75,True,1285.5530824110867,True
R80721,2015-01-02 05:10:00+00:00,-4.52,10.19,9.960000100000002,11,2015-01-02 04:10:00+00:00,2015-01-02 07:10:00+00:00,1424.12,True,1434.15,True,1451.1699976656353,True
R80721,2015-01-02 05:20:00+00:00,-3.8800001,10.07,10.549999933333332,11,2015-01-02 04:10:00+00:00,2015-01-02 07:10:00+00:00,1424.12,True,1434.15,True,1406.4985574043349,True
R80721,2015-01-02 05:30:00+00:00,-3.0699999,10.38,10.773333333333333,11,2015-01-02 04:10:00+00:00,2015-01-02 07:10:00+00:00,1548.45,True,1555.72,True,1507.040564987518,True
R80721,2015-01-02 05:40:00+00:00,-4.4400001,11.28,11.313333333333333,11,2015-01-02 04:10:00+00:00,2015-01-02 07:10:00+00:00,1660.74,True,1660.91,True,1677.2045388964425,True
R80721,2015-01-02 05:50:00+00:00,-2.9400001,11.73,11.576666666666668,11,2015-01-02 04:10:00+00:00,2015-01-02 07:10:00+00:00,1741.99,True,1756.335,True,1753.9829920750617,True
R80721,2015-01-02 06:00:00+00:00,-2.8399999,11.33,11.22,11,2015-01-02 04:10:00+00:00,2015-01-02 07:10:00+00:00,1741.99,True,1756.335,True,1675.2709971187621,True
R80721,2015-01-02 06:10:00+00:00,-4.5500002,11.84,11.866666666666665,11,2015-01-02 04:10:00+00:00,2015-01-02 07:10:00+00:00,1808.48,True,1833.13005,True,1753.9829920750617,True
R80721,2015-01-02 06:20:00+00:00,-3.4100001000000004,11.72,12.093333333333334,11,2015-01-02 04:10:00+00:00,2015-01-02 07:10:00+00:00,1741.99,True,1756.335,True,1754.367650476989,True
R80721,2015-01-02 06:30:00+00:00,-3.0799999,10.8,10.933333466666667,11,2015-01-02 04:10:00+00:00,2015-01-02 07:10:00+00:00,1660.74,True,1660.91,True,1555.8734965528517,True
R80721,2015-01-02 06:40:00+00:00,-4.5100002,9.71,10.603333233333332,11,2015-01-02 04:10:00+00:00,2015-01-02 07:10:00+00:00,1302.04,True,1308.75,True,1313.1814931427791,True
R80721,2015-01-02 06:50:00+00:00,-3.23,9.5100002,10.570000066666667,11,2015-01-02 04:10:00+00:00,2015-01-02 07:10:00+00:00,1302.04,True,1308.75,True,1276.2091152402882,True
R80721,2015-01-02 07:00:00+00:00,-3.22,8.6999998,10.240000100000001,11,2015-01-02 04:10:00+00:00,2015-01-02 07:10:00+00:00,1037.555,True,1048.475,True,1077.7422636361373,True
R80721,2015-01-02 07:10:00+00:00,191.36,7.829999900000001,9.500000000000002,11,2015-01-02 04:10:00+00:00,2015-01-02 07:10:00+00:00,778.44,True,777.8950150000001,True,852.2850751427985,True
R80721,2015-01-02 07:20:00+00:00,1178.9,7.820000200000001,8.576666833333332,11,2015-01-02 04:10:00+00:00,2015-01-02 07:10:00+00:00,778.44,False,777.8950150000001,False,854.0819451900119,False
R80721,2015-01-02 07:30:00+00:00,1649.71,8.1800003,8.5766665,11,2015-01-02 04:10:00+00:00,2015-01-02 07:10:00+00:00,915.82001,False,916.78,False,954.5480183688829,False
R80721,2015-01-02 07:40:00+00:00,666.10999,7.170000099999999,8.096666633333333,11,2015-01-02 04:10:00+00:00,2015-01-02 07:10:00+00:00,633.25,False,635.035005,False,655.1825494476858,False
R80721,2015-01-02 07:50:00+00:00,1166.72,7.170000099999999,8.0366667,11,2015-01-02 04:10:00+00:00,2015-01-02 07:10:00+00:00,633.25,False,635.035005,False,655.1825494476858,False
R80721,2015-01-02 08:00:00+00:00,1169.0699,7.5,7.859999966666666,11,2015-01-02 04:10:00+00:00,2015-01-02 07:10:00+00:00,778.44,False,777.8950150000001,False,753.6179212304381,False
R80721,2015-01-02 08:10:00+00:00,1150.4301,7.21,7.980000033333333,11,2015-01-02 04:10:00+00:00,2015-01-02 07:10:00+00:00,633.25,False,635.035005,False,655.8893839202417,False
R80721,2015-01-02 08:20:00+00:00,1158.33,7.690000099999999,9.266666733333333,11,2015-01-02 04:10:00+00:00,2015-01-02 07:10:00+00:00,778.44,False,777.8950150000001,False,812.8546397703524,False
R80721,2015-01-02 08:30:00+00:00,1167.63,10.36,10.696666766666667,11,2015-01-02 04:10:00+00:00,2015-01-02 07:10:00+00:00,1548.45,True,1555.72,True,1499.7039495267627,True
R80721,2015-01-02 08:40:00+00:00,1168.4,11.47,11.99,11,2015-01-02 04:10:00+00:00,2015-01-02 07:10:00+00:00,1741.99,True,1756.335,True,1680.3870435957047,True
R80721,2015-01-02 08:50:00+00:00,1167.29,12.24,12.556666666666665,11,2015-01-02 04:10:00+00:00,2015-01-02 07:10:00+00:00,1808.48,True,1833.13005,True,1825.6182429076534,True
R80721,2015-01-02 09:00:00+00:00,1168.34,11.8,12.256666666666666,11,2015-01-02 04:10:00+00:00,2015-01-02 07:10:00+00:00,1808.48,True,1833.13005,True,1753.9829920750617,True
R80721,2015-01-02 09:10:00+00:00,1167.08,11.84,12.030000000000001,11,2015-01-02 04:10:00+00:00,2015-01-02 07:10:00+00:00,1808.48,True,1833.13005,True,1753.9829920750617,True
R80790,2015-04-27 08:00:00+00:00,,,1.9249999500000001,12,2015-04-27 10:00:00+00:00,2015-04-27 14:20:00+00:00,,False,,False,,False
R80790,2015-04-27 08:10:00+00:00,,,2.53,12,2015-04-27 10:00:00+00:00,2015-04-27 14:20:00+00:00,,False,,False,,False
R80790,2015-04-27 08:20:00+00:00,,,1.75,12,2015-04-27 10:00:00+00:00,2015-04-27 14:20:00+00:00,,False,,False,,False
R80790,2015-04-27 08:30:00+00:00,,,0.38499999,12,2015-04-27 10:00:00+00:00,2015-04-27 14:20:00+00:00,,False,,False,,False
R80790,2015-04-27 08:40:00+00:00,,,0.23500000000000001,12,2015-04-27 10:00:00+00:00,2015-04-27 14:20:00+00:00,,False,,False,,False
R80790,2015-04-27 08:50:00+00:00,-2.8099999,0.11,0.0,12,2015-04-27 10:00:00+00:00,2015-04-27 14:20:00+00:00,0.0,False,0.0,False,0.0,False
R80790,2015-04-27 09:00:00+00:00,-2.23,0.059999999,0.05500000000000001,12,2015-04-27 10:00:00+00:00,2015-04-27 14:20:00+00:00,0.0,False,0.0,False,0.0,False
R80790,2015-04-27 09:10:00+00:00,-1.9299999,0.12,0.180000005,12,2015-04-27 10:00:00+00:00,2015-04-27 14:20:00+00:00,0.0,False,0.0,False,0.0,False
R80790,2015-04-27 09:20:00+00:00,-1.97,0.2,0.6166666666666666,12,2015-04-27 10:00:00+00:00,2015-04-27 14:20:00+00:00,0.0,False,0.0,False,0.0,False
R80790,2015-04-27 09:30:00+00:00,-2.6600001,1.74,1.6199999733333332,12,2015-04-27 10:00:00+00:00,2015-04-27 14:20:00+00:00,0.0,False,0.0,False,0.0,False
R80790,2015-04-27 09:40:00+00:00,-2.5999999,2.78,2.6466666,12,2015-04-27 10:00:00+00:00,2015-04-27 14:20:00+00:00,0.0,False,0.0,False,0.0,False
R80790,2015-04-27 09:50:00+00:00,-4.29,3.6600001,3.686666666666667,12,2015-04-27 10:00:00+00:00,2015-04-27 14:20:00+00:00,0.0,False,0.0,False,0.0,False
R80790,2015-04-27 10:00:00+00:00,-1.9,6.3200002,5.780000066666667,12,2015-04-27 10:00:00+00:00,2015-04-27 14:20:00+00:00,390.18501000000003,True,365.41,True,362.51644206523116,True
R80790,2015-04-27 10:10:00+00:00,-2.49,6.3600001,6.813333333333333,12,2015-04-27 10:00:00+00:00,2015-04-27 14:20:00+00:00,390.18501000000003,True,365.41,True,375.9580676144173,True
R80790,2015-04-27 10:20:00+00:00,-1.86,8.1000004,7.126666533333332,12,2015-04-27 10:00:00+00:00,2015-04-27 14:20:00+00:00,934.35999,True,916.78,True,828.965072422277,True
R80790,2015-04-27 10:30:00+00:00,-1.88,8.0699997,7.136666600000001,12,2015-04-27 10:00:00+00:00,2015-04-27 14:20:00+00:00,934.35999,True,916.78,True,828.965072422277,True
R80790,2015-04-27 10:40:00+00:00,-2.51,7.96,7.2166665666666665,12,2015-04-27 10:00:00+00:00,2015-04-27 14:20:00+00:00,796.614995,True,777.8950150000001,True,796.8681622942814,True
R80790,2015-04-27 10:50:00+00:00,-1.61,8.590000199999999,7.916666833333333,12,2015-04-27 10:00:00+00:00,2015-04-27 14:20:00+00:00,1062.74,True,1048.475,True,973.5933048223075,True
R80790,2015-04-27 11:00:00+00:00,-1.37,8.659999800000001,8.0999999,12,2015-04-27 10:00:00+00:00,2015-04-27 14:20:00+00:00,1062.74,True,1048.475,True,990.9733455072823,True
R80790,2015-04-27 11:10:00+00:00,-1.37,8.6099997,7.526666633333334,12,2015-04-27 10:00:00+00:00,2015-04-27 14:20:00+00:00,1062.74,True,1048.475,True,973.5933048223075,True
R80790,2015-04-27 11:20:00+00:00,-1.36,8.569999699999999,8.450000133333333,12,2015-04-27 10:00:00+00:00,2015-04-27 14:20:00+00:00,1062.74,True,1048.475,True,963.9245132221981,True
R80790,2015-04-27 11:30:00+00:00,-1.8200001,7.77,7.913333066666667,12,2015-04-27 10:00:00+00:00,2015-04-27 14:20:00+00:00,796.614995,True,777.8950150000001,True,754.8646535616191,True
R80790,2015-04-27 11:40:00+00:00,-2.3,8.909999800000001,8.199999833333335,12,2015-04-27 10:00:00+00:00,2015-04-27 14:20:00+00:00,1062.74,True,1048.475,True,1059.1587911525098,True
R80790,2015-04-27 11:50:00+00:00,-1.55,8.4700003,8.693333299999999,12,2015-04-27 10:00:00+00:00,2015-04-27 14:20:00+00:00,934.35999,True,916.78,True,941.2042206269007,True
R80790,2015-04-27 12:00:00+00:00,-1.34,7.9499998,8.163333266666667,12,2015-04-27 10:00:00+00:00,2015-04-27 14:20:00+00:00,796.614995,True,777.8950150000001,True,797.5063171743266,True
R80790,2015-04-27 12:10:00+00:00,-1.34,9.2299995,9.176666566666666,12,2015-04-27 10:00:00+00:00,2015-04-27 14:20:00+00:00,1191.75,True,1182.2849999999999,True,1139.5845159167127,True
R80790,2015-04-27 12:20:00+00:00,-1.35,7.309999900000001,8.523333366666668,12,2015-04-27 10:00:00+00:00,2015-04-27 14:20:00+00:00,662.91998,True,635.035005,True,642.6464507842154,True
R80790,2015-04-27 12:30:00+00:00,-1.35,9.1400003,9.596666666666666,12,2015-04-27 10:00:00+00:00,2015-04-27 14:20:00+00:00,1191.75,True,1182.2849999999999,True,1156.3620082550565,True
R80790,2015-04-27 12:40:00+00:00,-2.52,7.71,8.123333433333334,12,2015-04-27 10:00:00+00:00,2015-04-27 14:20:00+00:00,796.614995,True,777.8950150000001,True,750.278704313943,True
R80790,2015-04-27 12:50:00+00:00,-3.49,7.440000099999999,7.706666466666667,12,2015-04-27 10:00:00+00:00,2015-04-27 14:20:00+00:00,662.91998,True,635.035005,True,670.6077579479698,True
R80790,2015-04-27 13:00:00+00:00,-1.5599999,8.199999799999999,8.676666599999999,12,2015-04-27 10:00:00+00:00,2015-04-27 14:20:00+00:00,934.35999,True,916.78,True,885.8919125834531,True
R80790,2015-04-27 13:10:00+00:00,-1.29,7.880000099999999,8.883333533333333,12,2015-04-27 10:00:00+00:00,2015-04-27 14:20:00+00:00,796.614995,True,777.8950150000001,True,799.7249499302364,True
R80790,2015-04-27 13:20:00+00:00,-1.28,7.639999900000001,8.4866667,12,2015-04-27 10:00:00+00:00,2015-04-27 14:20:00+00:00,796.614995,True,777.8950150000001,True,732.8145629682779,True
R80790,2015-04-27 13:30:00+00:00,-1.89,8.029999700000001,9.003333366666668,12,2015-04-27 10:00:00+00:00,2015-04-27 14:20:00+00:00,796.614995,True,777.8950150000001,True,833.8441353556979,True
R80790,2015-04-27 13:40:00+00:00,119.61,9.8599997,9.1100003,12,2015-04-27 10:00:00+00:00,2015-04-27 14:20:00+00:00,1307.3350500000001,True,1308.75,True,1350.067936071465,True
R80790,2015-04-27 13:50:00+00:00,-2.0799999,8.300000200000001,8.049999866666667,12,2015-04-27 10:00:00+00:00,2015-04-27 14:20:00+00:00,934.35999,True,916.78,True,916.4660259024655,True
R80790,2015-04-27 14:00:00+00:00,-1.62,8.1700001,8.086666733333335,12,2015-04-27 10:00:00+00:00,2015-04-27 14:20:00+00:00,934.35999,True,916.78,True,874.0730400155209,True
R80790,2015-04-27 14:10:00+00:00,25.389999,7.800000199999999,7.583333333333333,12,2015-04-27 10:00:00+00:00,2015-04-27 14:20:00+00:00,796.614995,True,777.8950150000001,True,784.3657756086453,True
R80790,2015-04-27 14:20:00+00:00,434.76999000000006,6.73,6.956666633333334,12,2015-04-27 10:00:00+00:00,2015-04-27 14:20:00+00:00,527.84998,True,496.20001,True,488.3807018520911,True
R80790,2015-04-27 14:30:00+00:00,921.84998,8.380000099999998,7.276666633333332,12,2015-04-27 10:00:00+00:00,2015-04-27 14:20:00+00:00,934.35999,True,916.78,False,945.8657285057266,True
R80790,2015-04-27 14:40:00+00:00,420.14001,6.420000099999999,7.2366668333333335,12,2015-04-27 10:00:00+00:00,2015-04-27 14:20:00+00:00,390.18501000000003,False,365.41,False,402.4985544260624,False
R80790,2015-04-27 14:50:00+00:00,820.5499900000001,8.3500004,7.006666533333333,12,2015-04-27 10:00:00+00:00,2015-04-27 14:20:00+00:00,934.35999,True,916.78,True,947.2933031158749,True
R80790,2015-04-27 15:00:00+00:00,879.0800199999999,8.4399996,7.43,12,2015-04-27 10:00:00+00:00,2015-04-27 14:20:00+00:00,934.35999,True,916.78,True,960.8616686386746,True
R80790,2015-04-27 15:10:00+00:00,981.14001,8.8000002,7.726666766666667,12,2015-04-27 10:00:00+00:00,2015-04-27 14:20:00+00:00,1062.74,True,1048.475,True,1058.9089888241126,True
R80790,2015-04-27 15:20:00+00:00,630.96997,7.329999900000001,7.176666766666667,12,2015-04-27 10:00:00+00:00,2015-04-27 14:20:00+00:00,662.91998,True,635.035005,True,654.6614937757731,True
R80790,2015-04-27 15:30:00+00:00,559.73999,7.1999998,7.143333266666666,12,2015-04-27 10:00:00+00:00,2015-04-27 14:20:00+00:00,662.91998,True,635.035005,True,622.4339978746448,True
R80790,2015-04-27 15:40:00+00:00,464.10999,6.679999799999999,6.433333266666668,12,2015-04-27 10:00:00+00:00,2015-04-27 14:20:00+00:00,527.84998,True,496.20001,True,482.0957338846046,True
R80790,2015-04-27 15:50:00+00:00,601.76001,6.849999900000001,6.7666667333333335,12,2015-04-27 10:00:00+00:00,2015-04-27 14:20:00+00:00,527.84998,False,496.20001,False,525.5554648691951,False
R80790,2015-04-27 16:00:00+00:00,705.97998,7.27,7.1200000333333335,12,2015-04-27 10:00:00+00:00,2015-04-27 14:20:00+00:00,662.91998,False,635.035005,False,649.7773271861122,False
R80790,2015-04-27 16:10:00+00:00,519.5700099999999,6.639999900000001,5.9966666,12,2015-04-27 10:00:00+00:00,2015-04-27 14:20:00+00:00,527.84998,True,496.20001,False,471.71703572458847,False
R80790,2015-04-27 16:20:00+00:00,425.26999000000006,6.5500002,6.193333333333334,12,2015-04-27 10:00:00+00:00,2015-04-27 14:20:00+00:00,527.84998,True,496.20001,True,441.5431931647474,True
R80711,2015-04-28 03:10:00+00:00,348.25,5.9699998,6.5133334666666665,13,2015-04-28 05:10:00+00:00,2015-04-28 14:30:00+00:00,347.17001,False,365.41,False,315.50578691761564,False
R80711,2015-04-28 03:20:00+00:00,289.31,5.6399999,6.316666766666668,13,2015-04-28 05:10:00+00:00,2015-04-28 14:30:00+00:00,240.41,False,252.56,False,245.2884039404118,False
R80711,2015-04-28 03:30:00+00:00,318.10999,5.8600001,6.273333399999999,13,2015-04-28 05:10:00+00:00,2015-04-28 14:30:00+00:00,240.41,False,252.56,False,291.89675732975513,False
R80711,2015-04-28 03:40:00+00:00,304.89001,5.7399998,5.899999966666667,13,2015-04-28 05:10:00+00:00,2015-04-28 14:30:00+00:00,240.41,False,252.56,False,266.3528468645995,False
R80711,2015-04-28 03:50:00+00:00,313.17001,5.77,6.133333366666666,13,2015-04-28 05:10:00+00:00,2015-04-28 14:30:00+00:00,240.41,False,252.56,False,272.22105784671413,False
R80711,2015-04-28 04:00:00+00:00,389.26999,6.3899999,6.326666666666667,13,2015-04-28 05:10:00+00:00,2015-04-28 14:30:00+00:00,347.17001,False,365.41,False,420.1909992452999,False
R80711,2015-04-28 04:10:00+00:00,355.62,6.3200002,6.246666766666667,13,2015-04-28 05:10:00+00:00,2015-04-28 14:30:00+00:00,347.17001,False,365.41,False,402.72734898172115,False
R80711,2015-04-28 04:20:00+00:00,286.23001,6.04,6.116666800000001,13,2015-04-28 05:10:00+00:00,2015-04-28 14:30:00+00:00,347.17001,False,365.41,False,333.59757103786035,False
R80711,2015-04-28 04:30:00+00:00,379.29001,6.4899998,6.700000133333333,13,2015-04-28 05:10:00+00:00,2015-04-28 14:30:00+00:00,475.98001,False,496.20001,False,447.62520263244795,False
R80711,2015-04-28 04:40:00+00:00,382.97,6.25,6.396666533333334,13,2015-04-28 05:10:00+00:00,2015-04-28 14:30:00+00:00,347.17001,False,365.41,False,382.55588781618206,False
R80711,2015-04-28 04:50:00+00:00,289.19,5.8400002,6.239999966666666,13,2015-04-28 05:10:00+00:00,2015-04-28 14:30:00+00:00,240.41,False,252.56,False,287.8380610242357,False
R80711,2015-04-28 05:00:00+00:00,317.94,5.880000099999999,6.109999966666667,13,2015-04-28 05:10:00+00:00,2015-04-28 14:30:00+00:00,240.41,False,252.56,False,297.9686106820616,False
R80711,2015-04-28 05:10:00+00:00,353.37,6.0100002,6.096666666666667,13,2015-04-28 05:10:00+00:00,2015-04-28 14:30:00+00:00,347.17001,False,365.41,True,326.7307055781365,False
R80711,2015-04-28 05:20:00+00:00,315.56,5.96,5.8766667,13,2015-04-28 05:10:00+00:00,2015-04-28 14:30:00+00:00,347.17001,True,365.41,True,315.77295301905707,True
R80711,2015-04-28 05:30:00+00:00,327.32999,6.0700002,5.91,13,2015-04-28 05:10:00+00:00,2015-04-28 14:30:00+00:00,347.17001,True,365.41,True,342.53272928895905,True
R80711,2015-04-28 05:40:00+00:00,275.98001,6.2600002,5.633333333333333,13,2015-04-28 05:10:00+00:00,2015-04-28 14:30:00+00:00,347.17001,True,365.41,True,385.62418304156205,True
R80711,2015-04-28 05:50:00+00:00,-0.22,6.2800002,6.0,13,2015-04-28 05:10:00+00:00,2015-04-28 14:30:00+00:00,347.17001,True,365.41,True,394.3623714055273,True
R80711,2015-04-28 06:00:00+00:00,-0.029999999,6.380000099999999,6.416666666666667,13,2015-04-28 05:10:00+00:00,2015-04-28 14:30:00+00:00,347.17001,True,365.41,True,419.9238331438585,True
R80711,2015-04-28 06:10:00+00:00,-0.0500000009999999,6.690000099999999,5.7833333,13,2015-04-28 05:10:00+00:00,2015-04-28 14:30:00+00:00,475.98001,True,496.20001,True,502.2647801634445,True
R80711,2015-04-28 06:20:00+00:00,-0.0500000009999999,6.25,5.8700000333333335,13,2015-04-28 05:10:00+00:00,2015-04-28 14:30:00+00:00,347.17001,True,365.41,True,379.4607463051131,True
R80711,2015-04-28 06:30:00+00:00,-0.51999998,6.4299998,6.296666599999999,13,2015-04-28 05:10:00+00:00,2015-04-28 14:30:00+00:00,347.17001,True,365.41,True,422.19478593232054,True
R80711,2015-04-28 06:40:00+00:00,-0.58999997,5.8899999,6.343333266666666,13,2015-04-28 05:10:00+00:00,2015-04-28 14:30:00+00:00,240.41,True,252.56,True,297.5143142075377,True
R80711,2015-04-28 06:50:00+00:00,-0.0099999998,5.3499999,5.890000033333333,13,2015-04-28 05:10:00+00:00,2015-04-28 14:30:00+00:00,155.71001,True,165.06,True,190.7117848131285,True
R80711,2015-04-28 07:00:00+00:00,-6.0700002,6.130000099999999,6.0866665666666675,13,2015-04-28 05:10:00+00:00,2015-04-28 14:30:00+00:00,347.17001,True,365.41,True,342.4056037952437,True
R80711,2015-04-28 07:10:00+00:00,-3.3699999,6.0500002,5.440000066666667,13,2015-04-28 05:10:00+00:00,2015-04-28 14:30:00+00:00,347.17001,True,365.41,True,333.22840145140884,True
R80711,2015-04-28 07:20:00+00:00,-0.56,5.630000099999999,5.1166668,13,2015-04-28 05:10:00+00:00,2015-04-28 14:30:00+00:00,240.41,True,252.56,True,240.60149760039474,True
R80711,2015-04-28 07:30:00+00:00,-0.83999997,5.0300002,5.476666600000001,13,2015-04-28 05:10:00+00:00,2015-04-28 14:30:00+00:00,155.71001,True,165.06,True,138.86965045060987,True
R80711,2015-04-28 07:40:00+00:00,-0.15000001,6.27,5.5766667000000005,13,2015-04-28 05:10:00+00:00,2015-04-28 14:30:00+00:00,347.17001,True,365.41,True,377.6018153747237,True
R80711,2015-04-28 07:50:00+00:00,-0.090000004,4.9000001,5.596666633333334,13,2015-04-28 05:10:00+00:00,2015-04-28 14:30:00+00:00,91.97500199999999,True,98.440002,True,119.7255155818681,True
R80711,2015-04-28 08:00:00+00:00,-4.579999900000001,5.880000099999999,5.503333433333332,13,2015-04-28 05:10:00+00:00,2015-04-28 14:30:00+00:00,240.41,True,252.56,True,300.94838855117433,True
R80711,2015-04-28 08:10:00+00:00,-3.55,6.0300002,5.7200001,13,2015-04-28 05:10:00+00:00,2015-04-28 14:30:00+00:00,347.17001,True,365.41,True,330.46610179626794,True
R80711,2015-04-28 08:20:00+00:00,-3.25,6.619999900000001,5.949999966666667,13,2015-04-28 05:10:00+00:00,2015-04-28 14:30:00+00:00,475.98001,True,496.20001,True,481.2141717581119,True
R80711,2015-04-28 08:30:00+00:00,-3.54,5.920000099999999,5.690000033333333,13,2015-04-28 05:10:00+00:00,2015-04-28 14:30:00+00:00,240.41,True,252.56,True,299.323227273134,True
R80711,2015-04-28 08:40:00+00:00,-2.4400001,6.0,5.3766668666666675,13,2015-04-28 05:10:00+00:00,2015-04-28 14:30:00+00:00,347.17001,True,365.41,True,316.55091314382236,True
R80711,2015-04-28 08:50:00+00:00,-0.079999998,6.579999900000001,5.59,13,2015-04-28 05:10:00+00:00,2015-04-28 14:30:00+00:00,475.98001,True,496.20001,True,459.9149561173575,True
R80711,2015-04-28 09:00:00+00:00,-0.07,7.7600002,6.000000166666666,13,2015-04-28 05:10:00+00:00,2015-04-28 14:30:00+00:00,757.66998,True,777.8950150000001,True,791.8735393496396,True
R80711,2015-04-28 09:10:00+00:00,-0.0500000009999999,7.630000099999999,5.480000033333333,13,2015-04-28 05:10:00+00:00,2015-04-28 14:30:00+00:00,757.66998,True,777.8950150000001,True,758.7141758957653,True
R80711,2015-04-28 09:20:00+00:00,-0.0500000009999999,8.4499998,6.3500000666666665,13,2015-04-28 05:10:00+00:00,2015-04-28 14:30:00+00:00,898.3400300000001,True,916.78,True,990.1066532074534,True
R80711,2015-04-28 09:30:00+00:00,-0.059999999,8.2700005,6.4700001,13,2015-04-28 05:10:00+00:00,2015-04-28 14:30:00+00:00,898.3400300000001,True,916.78,True,937.4573753836831,True
R80711,2015-04-28 09:40:00+00:00,-0.0500000009999999,7.04,5.66,13,2015-04-28 05:10:00+00:00,2015-04-28 14:30:00+00:00,616.4500099999999,True,635.035005,True,586.3273213753367,True
R80711,2015-04-28 09:50:00+00:00,-0.0500000009999999,7.2399998,6.703333366666667,13,2015-04-28 05:10:00+00:00,2015-04-28 14:30:00+00:00,616.4500099999999,True,635.035005,True,648.8638184287656,True
R80711,2015-04-28 10:00:00+00:00,-5.0,7.4499998,6.1900002,13,2015-04-28 05:10:00+00:00,2015-04-28 14:30:00+00:00,616.4500099999999,True,635.035005,True,717.247531036996,True
R80711,2015-04-28 10:10:00+00:00,-7.0900002,6.690000099999999,6.5566667,13,2015-04-28 05:10:00+00:00,2015-04-28 14:30:00+00:00,475.98001,True,496.20001,True,485.53505991545956,True
R80711,2015-04-28 10:20:00+00:00,-4.579999900000001,6.119999900000001,6.046666633333334,13,2015-04-28 05:10:00+00:00,2015-04-28 14:30:00+00:00,347.17001,True,365.41,True,337.1435569623646,True
R80711,2015-04-28 10:30:00+00:00,-4.4099998,6.610000099999999,6.510000099999999,13,2015-04-28 05:10:00+00:00,2015-04-28 14:30:00+00:00,475.98001,True,496.20001,True,463.76702552784354,True
R80711,2015-04-28 10:40:00+00:00,-4.6799998,6.6599998,5.813333166666666,13,2015-04-28 05:10:00+00:00,2015-04-28 14:30:00+00:00,475.98001,True,496.20001,True,477.2734775951772,True
R80711,2015-04-28 10:50:00+00:00,-6.170000099999999,6.5100002,5.750000033333333,13,2015-04-28 05:10:00+00:00,2015-04-28 14:30:00+00:00,475.98001,True,496.20001,True,440.9060084681089,True
R80711,2015-04-28 11:00:00+00:00,-3.8,5.6799998,5.7833333,13,2015-04-28 05:10:00+00:00,2015-04-28 14:30:00+00:00,240.41,True,252.56,True,238.68037741689815,True
R80711,2015-04-28 11:10:00+00:00,-0.94,6.54,5.41,13,2015-04-28 05:10:00+00:00,2015-04-28 14:30:00+00:00,475.98001,True,496.20001,True,443.4948761502496,True
R80711,2015-04-28 11:20:00+00:00,-3.1500001,7.170000099999999,5.4933333666666675,13,2015-04-28 05:10:00+00:00,2015-04-28 14:30:00+00:00,616.4500099999999,True,635.035005,True,638.3823746652807,True
R80711,2015-04-28 11:30:00+00:00,-1.4299999,6.0300002,5.829999933333333,13,2015-04-28 05:10:00+00:00,2015-04-28 14:30:00+00:00,347.17001,True,365.41,True,315.79977729202994,True
R80711,2015-04-28 11:40:00+00:00,-0.039999999,7.130000099999999,5.653333333333332,13,2015-04-28 05:10:00+00:00,2015-04-28 14:30:00+00:00,616.4500099999999,True,635.035005,True,604.7412544338074,True
R80711,2015-04-28 11:50:00+00:00,-0.40000001,6.4400001,5.7533334,13,2015-04-28 05:10:00+00:00,2015-04-28 14:30:00+00:00,347.17001,True,365.41,True,415.35808688576554,True
R80711,2015-04-28 12:00:00+00:00,-0.0500000009999999,6.3000002,6.303333300000001,13,2015-04-28 05:10:00+00:00,2015-04-28 14:30:00+00:00,347.17001,True,365.41,True,385.8430125634831,True
R80711,2015-04-28 12:10:00+00:00,-0.1,6.4099998,5.5433333666666655,13,2015-04-28 05:10:00+00:00,2015-04-28 14:30:00+00:00,347.17001,True,365.41,True,406.51872485257235,True
R80711,2015-04-28 12:20:00+00:00,-2.3800001,7.110000099999999,5.570000033333334,13,2015-04-28 05:10:00+00:00,2015-04-28 14:30:00+00:00,616.4500099999999,True,635.035005,True,616.9883946535654,True
R80711,2015-04-28 12:30:00+00:00,8.409999800000001,5.75,6.0800001,13,2015-04-28 05:10:00+00:00,2015-04-28 14:30:00+00:00,240.41,True,252.56,True,262.3407166475076,True
R80711,2015-04-28 12:40:00+00:00,-1.01,6.4699998,6.356666700000001,13,2015-04-28 05:10:00+00:00,2015-04-28 14:30:00+00:00,347.17001,True,365.41,True,429.89539495946246,True
R80711,2015-04-28 12:50:00+00:00,-0.67000002,6.1100001,6.3533333,13,2015-04-28 05:10:00+00:00,2015-04-28 14:30:00+00:00,347.17001,True,365.41,True,336.5320969035305,True
R80711,2015-04-28 13:00:00+00:00,-4.6500001,6.0300002,6.153333333333333,13,2015-04-28 05:10:00+00:00,2015-04-28 14:30:00+00:00,347.17001,True,365.41,True,324.1802527423714,True
R80711,2015-04-28 13:10:00+00:00,-6.079999900000001,7.219999799999999,5.816666766666667,13,2015-04-28 05:10:00+00:00,2015-04-28 14:30:00+00:00,616.4500099999999,True,635.035005,True,637.7647056899979,True
R80711,2015-04-28 13:20:00+00:00,16.76,6.4499998,6.173333333333333,13,2015-04-28 05:10:00+00:00,2015-04-28 14:30:00+00:00,347.17001,True,365.41,True,415.2362136133512,True
R80711,2015-04-28 13:30:00+00:00,-1.01,7.5,5.9133334333333325,13,2015-04-28 05:10:00+00:00,2015-04-28 14:30:00+00:00,757.66998,True,777.8950150000001,True,717.1970681431644,True
R80711,2015-04-28 13:40:00+00:00,-0.56,7.02,5.989999933333333,13,2015-04-28 05:10:00+00:00,2015-04-28 14:30:00+00:00,616.4500099999999,True,635.035005,True,578.948441056652,True
R80711,2015-04-28 13:50:00+00:00,-0.38,6.639999900000001,5.943333299999999,13,2015-04-28 05:10:00+00:00,2015-04-28 14:30:00+00:00,475.98001,True,496.20001,True,465.342659727921,True
R80711,2015-04-28 14:00:00+00:00,232.77,6.1999998,5.410000166666666,13,2015-04-28 05:10:00+00:00,2015-04-28 14:30:00+00:00,347.17001,True,365.41,True,361.2384044524912,True
R80711,2015-04-28 14:10:00+00:00,156.35001,5.0900002,4.839999999999999,13,2015-04-28 05:10:00+00:00,2015-04-28 14:30:00+00:00,155.71001,False,165.06,True,144.78132901704296,False
R80711,2015-04-28 14:20:00+00:00,137.06,5.079999900000001,4.643333266666667,13,2015-04-28 05:10:00+00:00,2015-04-28 14:30:00+00:00,155.71001,False,165.06,True,144.82453233968815,False
R80711,2015-04-28 14:30:00+00:00,162.08,5.130000099999999,5.109999966666667,13,2015-04-28 05:10:00+00:00,2015-04-28 14:30:00+00:00,155.71001,False,165.06,True,152.30743017767165,False
R80711,2015-04-28 14:40:00+00:00,120.47,4.8000002,5.1166668,13,2015-04-28 05:10:00+00:00,2015-04-28 14:30:00+00:00,91.97500199999999,False,98.440002,False,108.90401294042191,False
R80711,2015-04-28 14:50:00+00:00,64.440002,4.4699998,4.843333266666666,13,2015-04-28 05:10:00+00:00,2015-04-28 14:30:00+00:00,0.0,False,0.0,False,0.0,False
R80711,2015-04-28 15:00:00+00:00,170.8,4.9299998,4.469999933333333,13,2015-04-28 05:10:00+00:00,2015-04-28 14:30:00+00:00,91.97500199999999,False,98.440002,False,125.62106630421268,False
R80711,2015-04-28 15:10:00+00:00,274.98999,5.869999900000001,5.453333366666667,13,2015-04-28 05:10:00+00:00,2015-04-28 14:30:00+00:00,240.41,False,252.56,False,278.17531188927353,False
R80711,2015-04-28 15:20:00+00:00,126.32,4.9400001,4.583333333333335,13,2015-04-28 05:10:00+00:00,2015-04-28 14:30:00+00:00,91.97500199999999,False,98.440002,False,125.88221677686121,False
R80711,2015-04-28 15:30:00+00:00,134.74001,4.9400001,5.013333333333333,13,2015-04-28 05:10:00+00:00,2015-04-28 14:30:00+00:00,91.97500199999999,False,98.440002,False,126.68478507949702,False
R80711,2015-04-28 15:40:00+00:00,380.85001,6.170000099999999,4.8433334,13,2015-04-28 05:10:00+00:00,2015-04-28 14:30:00+00:00,347.17001,False,365.41,False,347.67542300460707,False
R80711,2015-04-28 15:50:00+00:00,338.03,6.0700002,5.449999966666667,13,2015-04-28 05:10:00+00:00,2015-04-28 14:30:00+00:00,347.17001,False,365.41,False,324.57502240881837,False
R80711,2015-04-28 16:00:00+00:00,218.28,5.4499998,5.460000033333333,13,2015-04-28 05:10:00+00:00,2015-04-28 14:30:00+00:00,155.71001,False,165.06,False,200.20332986733763,False
R80711,2015-04-28 16:10:00+00:00,136.14999,4.96,4.5499998999999995,13,2015-04-28 05:10:00+00:00,2015-04-28 14:30:00+00:00,91.97500199999999,False,98.440002,False,125.80150249112381,False
R80711,2015-04-28 16:20:00+00:00,151.98,5.119999900000001,4.859999966666667,13,2015-04-28 05:10:00+00:00,2015-04-28 14:30:00+00:00,155.71001,False,165.06,False,148.86881484439832,False
R80711,2015-04-28 16:30:00+00:00,97.610001,4.73,3.8933331999999994,13,2015-04-28 05:10:00+00:00,2015-04-28 14:30:00+00:00,91.97500199999999,False,98.440002,False,97.56215617474817,False
R80736,2015-01-02 02:20:00+00:00,-0.74000001,2.0599999,3.8000001000000005,14,2015-01-02 04:20:00+00:00,2015-01-02 06:40:00+00:00,0.0,False,0.0,False,0.0,False
R80736,2015-01-02 02:30:00+00:00,-1.85,2.3199999,4.383333533333334,14,2015-01-02 04:20:00+00:00,2015-01-02 06:40:00+00:00,0.0,False,0.0,False,0.0,False
R80736,2015-01-02 02:40:00+00:00,-0.56999999,2.3199999,5.003333333333334,14,2015-01-02 04:20:00+00:00,2015-01-02 06:40:00+00:00,0.0,False,0.0,False,0.0,False
R80736,2015-01-02 02:50:00+00:00,-0.94999999,2.6900001,5.313333266666667,14,2015-01-02 04:20:00+00:00,2015-01-02 06:40:00+00:00,0.0,False,0.0,False,0.0,False
R80736,2015-01-02 03:00:00+00:00,-1.96,2.8800001,5.1366668,14,2015-01-02 04:20:00+00:00,2015-01-02 06:40:00+00:00,0.0,False,0.0,False,0.0,False
R80736,2015-01-02 03:10:00+00:00,-0.56999999,2.97,5.306666766666667,14,2015-01-02 04:20:00+00:00,2015-01-02 06:40:00+00:00,0.0,False,0.0,False,0.0,False
R80736,2015-01-02 03:20:00+00:00,-0.79000002,3.1300001,5.4133333666666665,14,2015-01-02 04:20:00+00:00,2015-01-02 06:40:00+00:00,0.0,False,0.0,False,0.0,False
R80736,2015-01-02 03:30:00+00:00,-1.74,2.95,5.456666566666667,14,2015-01-02 04:20:00+00:00,2015-01-02 06:40:00+00:00,0.0,False,0.0,False,0.0,False
R80736,2015-01-02 03:40:00+00:00,-0.67000002,3.1600001,6.016666666666666,14,2015-01-02 04:20:00+00:00,2015-01-02 06:40:00+00:00,0.0,False,0.0,False,0.0,False
R80736,2015-01-02 03:50:00+00:00,-1.5,3.52,6.3566666000000005,14,2015-01-02 04:20:00+00:00,2015-01-02 06:40:00+00:00,0.0,False,0.0,False,0.0,False
R80736,2015-01-02 04:00:00+00:00,-1.74,3.77,7.680000066666666,14,2015-01-02 04:20:00+00:00,2015-01-02 06:40:00+00:00,0.0,False,0.0,False,0.0,False
R80736,2015-01-02 04:10:00+00:00,-0.69999999,4.0100002,8.093333266666667,14,2015-01-02 04:20:00+00:00,2015-01-02 06:40:00+00:00,0.0,False,0.0,False,0.0,False
R80736,2015-01-02 04:20:00+00:00,-0.72000003,4.4299998,8.459999866666667,14,2015-01-02 04:20:00+00:00,2015-01-02 06:40:00+00:00,96.940002,True,98.440002,True,70.61453435541695,True
R80736,2015-01-02 04:30:00+00:00,-2.01,5.71,9.3666666,14,2015-01-02 04:20:00+00:00,2015-01-02 06:40:00+00:00,250.175005,True,252.56,True,274.21703130512344,True
R80736,2015-01-02 04:40:00+00:00,-0.57999998,9.9300003,10.7399999,14,2015-01-02 04:20:00+00:00,2015-01-02 06:40:00+00:00,1465.5949999999998,True,1434.15,True,1399.1619419435794,True
R80736,2015-01-02 04:50:00+00:00,-0.62,9.0600004,10.033333366666666,14,2015-01-02 04:20:00+00:00,2015-01-02 06:40:00+00:00,1201.3049999999998,True,1182.2849999999999,True,1163.3679414104972,True
R80736,2015-01-02 05:00:00+00:00,-2.47,8.930000300000001,9.933333433333333,14,2015-01-02 04:20:00+00:00,2015-01-02 06:40:00+00:00,1201.3049999999998,True,1182.2849999999999,True,1146.1619243764917,True
R80736,2015-01-02 05:10:00+00:00,-0.6900000000000001,9.1000004,10.323333300000002,14,2015-01-02 04:20:00+00:00,2015-01-02 06:40:00+00:00,1201.3049999999998,True,1182.2849999999999,True,1195.6744763557615,True
R80736,2015-01-02 05:20:00+00:00,-0.66000003,9.6599998,10.686666666666666,14,2015-01-02 04:20:00+00:00,2015-01-02 06:40:00+00:00,1333.5749999999998,True,1308.75,True,1322.5254603135777,True
R80736,2015-01-02 05:30:00+00:00,-2.3900001,10.03,10.89,14,2015-01-02 04:20:00+00:00,2015-01-02 06:40:00+00:00,1465.5949999999998,True,1434.15,True,1406.4985574043349,True
R80736,2015-01-02 05:40:00+00:00,-0.86000001,10.8,11.473333333333334,14,2015-01-02 04:20:00+00:00,2015-01-02 06:40:00+00:00,1688.51,True,1660.91,True,1560.604884627867,True
R80736,2015-01-02 05:50:00+00:00,-0.49000001,10.77,11.896666666666667,14,2015-01-02 04:20:00+00:00,2015-01-02 06:40:00+00:00,1586.195,True,1555.72,True,1557.4223799286049,True
R80736,2015-01-02 06:00:00+00:00,-1.96,10.76,11.410000000000002,14,2015-01-02 04:20:00+00:00,2015-01-02 06:40:00+00:00,1586.195,True,1555.72,True,1560.604884627867,True
R80736,2015-01-02 06:10:00+00:00,-0.60000002,11.16,12.093333333333334,14,2015-01-02 04:20:00+00:00,2015-01-02 06:40:00+00:00,1688.51,True,1660.91,True,1677.2045388964425,True
R80736,2015-01-02 06:20:00+00:00,-1.1799999,11.24,12.253333333333332,14,2015-01-02 04:20:00+00:00,2015-01-02 06:40:00+00:00,1688.51,True,1660.91,True,1675.8312169680714,True
R80736,2015-01-02 06:30:00+00:00,-1.85,9.8100004,11.263333333333334,14,2015-01-02 04:20:00+00:00,2015-01-02 06:40:00+00:00,1333.5749999999998,True,1308.75,True,1360.0730522228305,True
R80736,2015-01-02 06:40:00+00:00,351.12,9.0299997,10.83,14,2015-01-02 04:20:00+00:00,2015-01-02 06:40:00+00:00,1201.3049999999998,True,1182.2849999999999,True,1158.636553335482,True
R80736,2015-01-02 06:50:00+00:00,1531.13,9.2600002,10.653333400000001,14,2015-01-02 04:20:00+00:00,2015-01-02 06:40:00+00:00,1201.3049999999998,False,1182.2849999999999,False,1214.1648757082444,False
R80736,2015-01-02 07:00:00+00:00,629.26001,9.4700003,9.983333266666667,14,2015-01-02 04:20:00+00:00,2015-01-02 06:40:00+00:00,1333.5749999999998,False,1308.75,False,1246.7811507513172,False
R80736,2015-01-02 07:10:00+00:00,1739.62,9.2799997,9.016666733333336,14,2015-01-02 04:20:00+00:00,2015-01-02 06:40:00+00:00,1201.3049999999998,False,1182.2849999999999,False,1214.1648757082444,False
R80736,2015-01-02 07:20:00+00:00,1536.3101,8.0600004,8.496666766666666,14,2015-01-02 04:20:00+00:00,2015-01-02 06:40:00+00:00,922.15997,False,916.78,False,909.126079489359,False
R80736,2015-01-02 07:30:00+00:00,1590.8101,8.2299995,8.560000100000002,14,2015-01-02 04:20:00+00:00,2015-01-02 06:40:00+00:00,922.15997,False,916.78,False,954.5480183688829,False
R80736,2015-01-02 07:40:00+00:00,1367.04,7.5100002,7.9833332666666665,14,2015-01-02 04:20:00+00:00,2015-01-02 06:40:00+00:00,782.19,False,777.8950150000001,False,754.3009948400282,False
R80736,2015-01-02 07:50:00+00:00,1617.54,7.96,7.773333399999999,14,2015-01-02 04:20:00+00:00,2015-01-02 06:40:00+00:00,922.15997,False,916.78,False,899.401593984276,False
R80736,2015-01-02 08:00:00+00:00,1732.13,7.969999799999999,7.703333366666666,14,2015-01-02 04:20:00+00:00,2015-01-02 06:40:00+00:00,922.15997,False,916.78,False,899.401593984276,False
R80736,2015-01-02 08:10:00+00:00,1641.09,8.220000299999999,7.643333266666667,14,2015-01-02 04:20:00+00:00,2015-01-02 06:40:00+00:00,922.15997,False,916.78,False,951.3710124247431,False
R80736,2015-01-02 08:20:00+00:00,1614.25,9.5200005,8.6566666,14,2015-01-02 04:20:00+00:00,2015-01-02 06:40:00+00:00,1333.5749999999998,False,1308.75,False,1276.2091152402882,False
R80736,2015-01-02 08:30:00+00:00,1797.49,10.88,10.523333433333333,14,2015-01-02 04:20:00+00:00,2015-01-02 06:40:00+00:00,1688.51,False,1660.91,False,1619.436405880902,False
R80736,2015-01-02 08:40:00+00:00,1976.73,11.97,11.823333333333332,14,2015-01-02 04:20:00+00:00,2015-01-02 06:40:00+00:00,1860.66,False,1833.13005,False,1836.226582099077,False
R80790,2015-01-02 02:00:00+00:00,-2.97,2.75,4.030000066666667,15,2015-01-02 04:00:00+00:00,2015-01-02 06:10:00+00:00,0.0,False,0.0,False,0.0,False
R80790,2015-01-02 02:10:00+00:00,-3.96,2.71,3.8000000333333332,15,2015-01-02 04:00:00+00:00,2015-01-02 06:10:00+00:00,0.0,False,0.0,False,0.0,False
R80790,2015-01-02 02:20:00+00:00,-2.9100001,2.3800001,3.6933333666666672,15,2015-01-02 04:00:00+00:00,2015-01-02 06:10:00+00:00,0.0,False,0.0,False,0.0,False
R80790,2015-01-02 02:30:00+00:00,-2.5699999,2.47,4.3333335,15,2015-01-02 04:00:00+00:00,2015-01-02 06:10:00+00:00,0.0,False,0.0,False,0.0,False
R80790,2015-01-02 02:40:00+00:00,-4.1999998,2.8900001,4.813333266666667,15,2015-01-02 04:00:00+00:00,2015-01-02 06:10:00+00:00,0.0,False,0.0,False,0.0,False
R80790,2015-01-02 02:50:00+00:00,-3.0,3.25,5.126666633333333,15,2015-01-02 04:00:00+00:00,2015-01-02 06:10:00+00:00,0.0,False,0.0,False,0.0,False
R80790,2015-01-02 03:00:00+00:00,-2.6199999,3.1900001,5.033333466666668,15,2015-01-02 04:00:00+00:00,2015-01-02 06:10:00+00:00,0.0,False,0.0,False,0.0,False
R80790,2015-01-02 03:10:00+00:00,-4.2600002,3.4300001000000004,5.1533334,15,2015-01-02 04:00:00+00:00,2015-01-02 06:10:00+00:00,0.0,False,0.0,False,0.0,False
R80790,2015-01-02 03:20:00+00:00,-2.77,3.3,5.356666733333333,15,2015-01-02 04:00:00+00:00,2015-01-02 06:10:00+00:00,0.0,False,0.0,False,0.0,False
R80790,2015-01-02 03:30:00+00:00,-2.7,3.3399999,5.3266666,15,2015-01-02 04:00:00+00:00,2015-01-02 06:10:00+00:00,0.0,False,0.0,False,0.0,False
R80790,2015-01-02 03:40:00+00:00,-4.0700002,3.72,5.8300000333333335,15,2015-01-02 04:00:00+00:00,2015-01-02 06:10:00+00:00,0.0,False,0.0,False,0.0,False
R80790,2015-01-02 03:50:00+00:00,-2.8199999,4.2399998,6.116666666666667,15,2015-01-02 04:00:00+00:00,2015-01-02 06:10:00+00:00,0.0,False,0.0,False,0.0,False
R80790,2015-01-02 04:00:00+00:00,-2.9100001,7.130000099999999,6.560000033333332,15,2015-01-02 04:00:00+00:00,2015-01-02 06:10:00+00:00,662.91998,True,635.035005,True,648.3195667240467,True
R80790,2015-01-02 04:10:00+00:00,-4.380000099999999,8.5299997,6.586666766666667,15,2015-01-02 04:00:00+00:00,2015-01-02 06:10:00+00:00,1062.74,True,1048.475,True,1035.5056117621536,True
R80790,2015-01-02 04:20:00+00:00,-2.6099999,9.1999998,6.869999866666667,15,2015-01-02 04:00:00+00:00,2015-01-02 06:10:00+00:00,1191.75,True,1182.2849999999999,True,1185.651824018116,True
R80790,2015-01-02 04:30:00+00:00,-2.9300001,9.9099998,7.966666666666666,15,2015-01-02 04:00:00+00:00,2015-01-02 06:10:00+00:00,1434.2,True,1434.15,True,1357.414232457891,True
R80790,2015-01-02 04:40:00+00:00,-4.150000100000001,9.8199997,10.776666766666665,15,2015-01-02 04:00:00+00:00,2015-01-02 06:10:00+00:00,1434.2,True,1434.15,True,1357.414232457891,True
R80790,2015-01-02 04:50:00+00:00,-2.78,9.1800003,9.9933334,15,2015-01-02 04:00:00+00:00,2015-01-02 06:10:00+00:00,1191.75,True,1182.2849999999999,True,1185.6790411300667,True
R80790,2015-01-02 05:00:00+00:00,-3.03,9.119999900000002,9.870000233333334,15,2015-01-02 04:00:00+00:00,2015-01-02 06:10:00+00:00,1191.75,True,1182.2849999999999,True,1188.8980807443154,True
R80790,2015-01-02 05:10:00+00:00,-3.73,9.5799999,10.163333466666668,15,2015-01-02 04:00:00+00:00,2015-01-02 06:10:00+00:00,1307.3350500000001,True,1308.75,True,1278.7766867996406,True
R80790,2015-01-02 05:20:00+00:00,-2.8699999,9.96,10.5866666,15,2015-01-02 04:00:00+00:00,2015-01-02 06:10:00+00:00,1434.2,True,1434.15,True,1399.7221617928888,True
R80790,2015-01-02 05:30:00+00:00,-2.8599999,10.06,10.88,15,2015-01-02 04:00:00+00:00,2015-01-02 06:10:00+00:00,1434.2,True,1434.15,True,1399.7221617928888,True
R80790,2015-01-02 05:40:00+00:00,-3.9000001,10.48,11.579999999999998,15,2015-01-02 04:00:00+00:00,2015-01-02 06:10:00+00:00,1553.55,True,1555.72,True,1500.264169376072,True
R80790,2015-01-02 05:50:00+00:00,-3.03,11.02,11.813333333333333,15,2015-01-02 04:00:00+00:00,2015-01-02 06:10:00+00:00,1643.96005,True,1660.91,True,1611.66153963902,True
R80790,2015-01-02 06:00:00+00:00,-3.3499999,10.58,11.47,15,2015-01-02 04:00:00+00:00,2015-01-02 06:10:00+00:00,1553.55,True,1555.72,True,1556.0490580002338,True
R80790,2015-01-02 06:10:00+00:00,535.4500099999999,11.95,11.829999999999998,15,2015-01-02 04:00:00+00:00,2015-01-02 06:10:00+00:00,1824.12,True,1833.13005,True,1825.052602176806,True
R80790,2015-01-02 06:20:00+00:00,2039.73,12.11,11.963333333333333,15,2015-01-02 04:00:00+00:00,2015-01-02 06:10:00+00:00,1824.12,False,1833.13005,False,1823.5162388036763,False
R80790,2015-01-02 06:30:00+00:00,872.8200099999999,10.77,10.943333466666667,15,2015-01-02 04:00:00+00:00,2015-01-02 06:10:00+00:00,1553.55,False,1555.72,False,1551.257310444815,False
R80790,2015-01-02 06:40:00+00:00,1887.9301,10.83,10.229999900000001,15,2015-01-02 04:00:00+00:00,2015-01-02 06:10:00+00:00,1643.96005,False,1660.91,False,1610.1251762658903,False
R80790,2015-01-02 06:50:00+00:00,1960.3199,10.61,10.203333466666669,15,2015-01-02 04:00:00+00:00,2015-01-02 06:10:00+00:00,1553.55,False,1555.72,False,1551.257310444815,False
R80790,2015-01-02 07:00:00+00:00,1916.58,10.01,9.803333366666669,15,2015-01-02 04:00:00+00:00,2015-01-02 06:10:00+00:00,1434.2,False,1434.15,False,1395.508937656448,False
R80790,2015-01-02 07:10:00+00:00,1843.99,9.2200003,9.036666533333333,15,2015-01-02 04:00:00+00:00,2015-01-02 06:10:00+00:00,1191.75,False,1182.2849999999999,False,1185.651824018116,False
R80790,2015-01-02 07:20:00+00:00,1642.66,8.29,8.420000233333333,15,2015-01-02 04:00:00+00:00,2015-01-02 06:10:00+00:00,934.35999,False,916.78,False,971.4582314157733,False
R80790,2015-01-02 07:30:00+00:00,1783.15,8.5500002,8.453333200000001,15,2015-01-02 04:00:00+00:00,2015-01-02 06:10:00+00:00,1062.74,False,1048.475,False,1035.5056117621536,False
R80790,2015-01-02 07:40:00+00:00,1690.9399,8.25,7.736666666666667,15,2015-01-02 04:00:00+00:00,2015-01-02 06:10:00+00:00,934.35999,False,916.78,False,971.4582314157733,False
R80790,2015-01-02 07:50:00+00:00,1734.49,7.889999900000001,7.796666766666665,15,2015-01-02 04:00:00+00:00,2015-01-02 06:10:00+00:00,934.35999,False,916.78,False,870.3603354941189,False
R80790,2015-01-02 08:00:00+00:00,1944.55,7.900000099999999,7.726666599999999,15,2015-01-02 04:00:00+00:00,2015-01-02 06:10:00+00:00,934.35999,False,916.78,False,870.3603354941189,False
R80790,2015-01-02 08:10:00+00:00,1906.5,8.0699997,7.693333466666666,15,2015-01-02 04:00:00+00:00,2015-01-02 06:10:00+00:00,934.35999,False,916.78,False,932.3848320002759,False
R80721,2015-01-02 06:30:00+00:00,-3.0799999,10.8,10.933333466666667,16,2015-01-02 08:30:00+00:00,2015-01-02 14:40:00+00:00,1660.74,True,1660.91,True,1555.8734965528517,True
R80721,2015-01-02 06:40:00+00:00,-4.5100002,9.71,10.603333233333332,16,2015-01-02 08:30:00+00:00,2015-01-02 14:40:00+00:00,1302.04,True,1308.75,True,1313.1814931427791,True
R80721,2015-01-02 06:50:00+00:00,-3.23,9.5100002,10.570000066666667,16,2015-01-02 08:30:00+00:00,2015-01-02 14:40:00+00:00,1302.04,True,1308.75,True,1276.2091152402882,True
R80721,2015-01-02 07:00:00+00:00,-3.22,8.6999998,10.240000100000001,16,2015-01-02 08:30:00+00:00,2015-01-02 14:40:00+00:00,1037.555,True,1048.475,True,1077.7422636361373,True
R80721,2015-01-02 07:10:00+00:00,191.36,7.829999900000001,9.500000000000002,16,2015-01-02 08:30:00+00:00,2015-01-02 14:40:00+00:00,778.44,True,777.8950150000001,True,852.2850751427985,True
R80721,2015-01-02 07:20:00+00:00,1178.9,7.820000200000001,8.576666833333332,16,2015-01-02 08:30:00+00:00,2015-01-02 14:40:00+00:00,778.44,False,777.8950150000001,False,854.0819451900119,False
R80721,2015-01-02 07:30:00+00:00,1649.71,8.1800003,8.5766665,16,2015-01-02 08:30:00+00:00,2015-01-02 14:40:00+00:00,915.82001,False,916.78,False,954.5480183688829,False
R80721,2015-01-02 07:40:00+00:00,666.10999,7.170000099999999,8.096666633333333,16,2015-01-02 08:30:00+00:00,2015-01-02 14:40:00+00:00,633.25,False,635.035005,False,655.1825494476858,False
R80721,2015-01-02 07:50:00+00:00,1166.72,7.170000099999999,8.0366667,16,2015-01-02 08:30:00+00:00,2015-01-02 14:40:00+00:00,633.25,False,635.035005,False,655.1825494476858,False
R80721,2015-01-02 08:00:00+00:00,1169.0699,7.5,7.859999966666666,16,2015-01-02 08:30:00+00:00,2015-01-02 14:40:00+00:00,778.44,False,777.8950150000001,False,753.6179212304381,False
R80721,2015-01-02 08:10:00+00:00,1150.4301,7.21,7.980000033333333,16,2015-01-02 08:30:00+00:00,2015-01-02 14:40:00+00:00,633.25,False,635.035005,False,655.8893839202417,False
R80721,2015-01-02 08:20:00+00:00,1158.33,7.690000099999999,9.266666733333333,16,2015-01-02 08:30:00+00:00,2015-01-02 14:40:00+00:00,778.44,False,777.8950150000001,False,812.8546397703524,False
R80721,2015-01-02 08:30:00+00:00,1167.63,10.36,10.696666766666667,16,2015-01-02 08:30:00+00:00,2015-01-02 14:40:00+00:00,1548.45,True,1555.72,True,1499.7039495267627,True
R80721,2015-01-02 08:40:00+00:00,1168.4,11.47,11.99,16,2015-01-02 08:30:00+00:00,2015-01-02 14:40:00+00:00,1741.99,True,1756.335,True,1680.3870435957047,True
R80721,2015-01-02 08:50:00+00:00,1167.29,12.24,12.556666666666665,16,2015-01-02 08:30:00+00:00,2015-01-02 14:40:00+00:00,1808.48,True,1833.13005,True,1825.6182429076534,True
R80721,2015-01-02 09:00:00+00:00,1168.34,11.8,12.256666666666666,16,2015-01-02 08:30:00+00:00,2015-01-02 14:40:00+00:00,1808.48,True,1833.13005,True,1753.9829920750617,True
R80721,2015-01-02 09:10:00+00:00,1167.08,11.84,12.030000000000001,16,2015-01-02 08:30:00+00:00,2015-01-02 14:40:00+00:00,1808.48,True,1833.13005,True,1753.9829920750617,True
R80721,2015-01-02 09:20:00+00:00,1167.36,11.39,11.866666666666667,16,2015-01-02 08:30:00+00:00,2015-01-02 14:40:00+00:00,1741.99,True,1756.335,True,1675.2709971187621,True
R80721,2015-01-02 09:30:00+00:00,1165.7,11.36,12.040000000000001,16,2015-01-02 08:30:00+00:00,2015-01-02 14:40:00+00:00,1741.99,True,1756.335,True,1673.263645408719,True
R80721,2015-01-02 09:40:00+00:00,1165.75,11.09,11.793333333333331,16,2015-01-02 08:30:00+00:00,2015-01-02 14:40:00+00:00,1660.74,True,1660.91,True,1616.2539011816398,True
R80721,2015-01-02 09:50:00+00:00,1164.39,11.31,11.843333333333334,16,2015-01-02 08:30:00+00:00,2015-01-02 14:40:00+00:00,1741.99,True,1756.335,True,1675.2709971187621,True
R80721,2015-01-02 10:00:00+00:00,1164.88,11.14,11.463333333333333,16,2015-01-02 08:30:00+00:00,2015-01-02 14:40:00+00:00,1660.74,True,1660.91,True,1677.2045388964425,True
R80721,2015-01-02 10:10:00+00:00,1166.46,11.45,11.406666666666666,16,2015-01-02 08:30:00+00:00,2015-01-02 14:40:00+00:00,1741.99,True,1756.335,True,1680.3870435957047,True
R80721,2015-01-02 10:20:00+00:00,1160.55,11.12,11.073333333333332,16,2015-01-02 08:30:00+00:00,2015-01-02 14:40:00+00:00,1660.74,True,1660.91,True,1680.3870435957047,True
R80721,2015-01-02 10:30:00+00:00,1159.98,11.07,11.083333333333334,16,2015-01-02 08:30:00+00:00,2015-01-02 14:40:00+00:00,1660.74,True,1660.91,True,1619.436405880902,True
R80721,2015-01-02 10:40:00+00:00,1164.38,11.01,11.18,16,2015-01-02 08:30:00+00:00,2015-01-02 14:40:00+00:00,1660.74,True,1660.91,True,1619.436405880902,True
R80721,2015-01-02 10:50:00+00:00,1165.89,11.3,10.946666666666667,16,2015-01-02 08:30:00+00:00,2015-01-02 14:40:00+00:00,1741.99,True,1756.335,True,1680.3870435957047,True
R80721,2015-01-02 11:00:00+00:00,1162.37,11.11,10.950000000000001,16,2015-01-02 08:30:00+00:00,2015-01-02 14:40:00+00:00,1660.74,True,1660.91,True,1621.6569748647148,True
R80721,2015-01-02 11:10:00+00:00,1161.5699,10.7,10.729999999999999,16,2015-01-02 08:30:00+00:00,2015-01-02 14:40:00+00:00,1548.45,True,1555.72,True,1562.82545361168,True
R80721,2015-01-02 11:20:00+00:00,1160.54,10.61,10.793333333333335,16,2015-01-02 08:30:00+00:00,2015-01-02 14:40:00+00:00,1548.45,True,1555.72,True,1562.82545361168,True
R80721,2015-01-02 11:30:00+00:00,1150.95,10.67,10.743333333333332,16,2015-01-02 08:30:00+00:00,2015-01-02 14:40:00+00:00,1548.45,True,1555.72,True,1560.9447890543154,True
R80721,2015-01-02 11:40:00+00:00,1160.8,10.92,10.646666666666667,16,2015-01-02 08:30:00+00:00,2015-01-02 14:40:00+00:00,1660.74,True,1660.91,True,1621.6569748647148,True
R80721,2015-01-02 11:50:00+00:00,1151.01,10.47,10.270000000000001,16,2015-01-02 08:30:00+00:00,2015-01-02 14:40:00+00:00,1548.45,True,1555.72,True,1507.040564987518,True
R80721,2015-01-02 12:00:00+00:00,1140.48,9.8100004,10.176666666666668,16,2015-01-02 08:30:00+00:00,2015-01-02 14:40:00+00:00,1302.04,True,1308.75,True,1367.409667683586,True
R80721,2015-01-02 12:10:00+00:00,1099.92,9.7299995,10.059999866666667,16,2015-01-02 08:30:00+00:00,2015-01-02 14:40:00+00:00,1302.04,True,1308.75,True,1322.5254603135777,True
R80721,2015-01-02 12:20:00+00:00,1028.97,9.3199997,9.460000033333333,16,2015-01-02 08:30:00+00:00,2015-01-02 14:40:00+00:00,1175.315,True,1182.2849999999999,True,1220.9412713196905,True
R80721,2015-01-02 12:30:00+00:00,619.34003,9.380000099999998,9.310000100000002,16,2015-01-02 08:30:00+00:00,2015-01-02 14:40:00+00:00,1302.04,True,1308.75,True,1255.0923197411985,True
R80721,2015-01-02 12:40:00+00:00,-2.4400001,9.1999998,8.846666666666666,16,2015-01-02 08:30:00+00:00,2015-01-02 14:40:00+00:00,1175.315,True,1182.2849999999999,True,1194.6416781748442,True
R80721,2015-01-02 12:50:00+00:00,-2.4000001,8.21,8.186666666666667,16,2015-01-02 08:30:00+00:00,2015-01-02 14:40:00+00:00,915.82001,True,916.78,True,957.24943613632,True
R80721,2015-01-02 13:00:00+00:00,-2.47,8.430000300000001,8.233333266666667,16,2015-01-02 08:30:00+00:00,2015-01-02 14:40:00+00:00,1037.555,True,1048.475,True,1005.5242809836402,True
R80721,2015-01-02 13:10:00+00:00,-3.28,8.71,8.820000333333333,16,2015-01-02 08:30:00+00:00,2015-01-02 14:40:00+00:00,1037.555,True,1048.475,True,1079.2877543680588,True
R80721,2015-01-02 13:20:00+00:00,797.5499900000001,8.819999699999999,8.939999899999998,16,2015-01-02 08:30:00+00:00,2015-01-02 14:40:00+00:00,1037.555,True,1048.475,True,1097.5480541742238,True
R80721,2015-01-02 13:30:00+00:00,18.41,8.9200001,8.7466666,16,2015-01-02 08:30:00+00:00,2015-01-02 14:40:00+00:00,1175.315,True,1182.2849999999999,True,1146.104666680843,True
R80721,2015-01-02 13:40:00+00:00,867.7100199999999,8.590000199999999,8.526666333333333,16,2015-01-02 08:30:00+00:00,2015-01-02 14:40:00+00:00,1037.555,True,1048.475,True,1061.0936289933686,True
R80721,2015-01-02 13:50:00+00:00,815.08002,8.1499996,8.096666966666666,16,2015-01-02 08:30:00+00:00,2015-01-02 14:40:00+00:00,915.82001,True,916.78,True,935.2834038539725,True
R80721,2015-01-02 14:00:00+00:00,758.76001,7.9099998,7.743333500000001,16,2015-01-02 08:30:00+00:00,2015-01-02 14:40:00+00:00,915.82001,True,916.78,True,869.7314639122404,True
R80721,2015-01-02 14:10:00+00:00,690.14001,7.52,7.463333300000001,16,2015-01-02 08:30:00+00:00,2015-01-02 14:40:00+00:00,778.44,True,777.8950150000001,True,752.5823832629345,True
R80721,2015-01-02 14:20:00+00:00,760.34003,7.849999900000001,7.903333199999999,16,2015-01-02 08:30:00+00:00,2015-01-02 14:40:00+00:00,778.44,True,777.8950150000001,True,854.7760100494745,True
R80721,2015-01-02 14:30:00+00:00,777.39001,7.9499998,7.446666733333333,16,2015-01-02 08:30:00+00:00,2015-01-02 14:40:00+00:00,915.82001,True,916.78,True,879.7410792153458,True
R80721,2015-01-02 14:40:00+00:00,591.78003,7.099999900000001,6.816666766666667,16,2015-01-02 08:30:00+00:00,2015-01-02 14:40:00+00:00,633.25,True,635.035005,True,616.5771386607344,True
R80721,2015-01-02 14:50:00+00:00,302.79001,5.77,5.9433333,16,2015-01-02 08:30:00+00:00,2015-01-02 14:40:00+00:00,250.06,False,252.56,False,280.8784751461202,False
R80721,2015-01-02 15:00:00+00:00,333.69,6.0300002,5.876666566666667,16,2015-01-02 08:30:00+00:00,2015-01-02 14:40:00+00:00,363.759995,False,365.41,False,345.2035667940879,False
R80721,2015-01-02 15:10:00+00:00,433.10999,6.5900002,6.170000066666667,16,2015-01-02 08:30:00+00:00,2015-01-02 14:40:00+00:00,493.625,False,496.20001,False,492.0810344302973,False
R80721,2015-01-02 15:20:00+00:00,349.64999,6.04,6.103333333333334,16,2015-01-02 08:30:00+00:00,2015-01-02 14:40:00+00:00,363.759995,False,365.41,False,347.6559457208996,False
R80721,2015-01-02 15:30:00+00:00,433.78,6.369999900000001,6.2700000000000005,16,2015-01-02 08:30:00+00:00,2015-01-02 14:40:00+00:00,363.759995,False,365.41,False,427.5646714863918,False
R80721,2015-01-02 15:40:00+00:00,491.92999,6.679999799999999,6.440000066666667,16,2015-01-02 08:30:00+00:00,2015-01-02 14:40:00+00:00,493.625,False,496.20001,False,516.6091138878818,False
R80721,2015-01-02 15:50:00+00:00,452.76001,6.579999900000001,6.383333233333333,16,2015-01-02 08:30:00+00:00,2015-01-02 14:40:00+00:00,493.625,False,496.20001,False,484.04444511342336,False
R80721,2015-01-02 16:00:00+00:00,374.95001,6.0,6.366666633333334,16,2015-01-02 08:30:00+00:00,2015-01-02 14:40:00+00:00,363.759995,False,365.41,False,330.32485764034374,False
R80721,2015-01-02 16:10:00+00:00,307.51001,5.920000099999999,6.030000066666666,16,2015-01-02 08:30:00+00:00,2015-01-02 14:40:00+00:00,363.759995,False,365.41,False,310.636173112882,False
R80721,2015-01-02 16:20:00+00:00,314.59,5.9299998,5.9700001,16,2015-01-02 08:30:00+00:00,2015-01-02 14:40:00+00:00,363.759995,False,365.41,False,310.636173112882,False
R80721,2015-01-02 16:30:00+00:00,247.17,5.5,5.7933335333333345,16,2015-01-02 08:30:00+00:00,2015-01-02 14:40:00+00:00,250.06,False,252.56,False,223.064565433739,False
R80721,2015-01-02 16:40:00+00:00,275.54001,5.6500001,5.7866667000000005,16,2015-01-02 08:30:00+00:00,2015-01-02 14:40:00+00:00,250.06,False,252.56,False,252.21586254414075,False
R80711,2015-05-06 09:20:00+00:00,1330.36,9.8100004,9.6833333,17,2015-05-06 11:20:00+00:00,2015-05-06 14:20:00+00:00,1299.3049999999998,False,1308.75,False,1301.568836023415,False
R80711,2015-05-06 09:30:00+00:00,1808.58,11.57,9.636666366666667,17,2015-05-06 11:20:00+00:00,2015-05-06 14:20:00+00:00,1747.67,False,1756.335,False,1705.49702198823,False
R80711,2015-05-06 09:40:00+00:00,1441.79,10.09,9.4833333,17,2015-05-06 11:20:00+00:00,2015-05-06 14:20:00+00:00,1415.87,False,1434.15,False,1384.545703228292,False
R80711,2015-05-06 09:50:00+00:00,1313.74,9.9899998,9.5966665,17,2015-05-06 11:20:00+00:00,2015-05-06 14:20:00+00:00,1299.3049999999998,False,1308.75,False,1384.618957044651,False
R80711,2015-05-06 10:00:00+00:00,866.6699800000001,9.7200003,9.306667,17,2015-05-06 11:20:00+00:00,2015-05-06 14:20:00+00:00,1299.3049999999998,False,1308.75,False,1301.1676092897324,False
R80711,2015-05-06 10:10:00+00:00,0.0,9.96,9.5766665,17,2015-05-06 11:20:00+00:00,2015-05-06 14:20:00+00:00,1299.3049999999998,False,1308.75,False,1339.0573996387582,False
R80711,2015-05-06 10:20:00+00:00,,,9.469999933333334,17,2015-05-06 11:20:00+00:00,2015-05-06 14:20:00+00:00,,False,,False,,False
R80711,2015-05-06 10:30:00+00:00,,,10.233333466666666,17,2015-05-06 11:20:00+00:00,2015-05-06 14:20:00+00:00,,False,,False,,False
R80711,2015-05-06 10:40:00+00:00,,,11.256666666666666,17,2015-05-06 11:20:00+00:00,2015-05-06 14:20:00+00:00,,False,,False,,False
R80711,2015-05-06 10:50:00+00:00,,,9.510000233333335,17,2015-05-06 11:20:00+00:00,2015-05-06 14:20:00+00:00,,False,,False,,False
R80711,2015-05-06 11:00:00+00:00,,,9.846666533333334,17,2015-05-06 11:20:00+00:00,2015-05-06 14:20:00+00:00,,False,,False,,False
R80711,2015-05-06 11:10:00+00:00,,,10.033333366666668,17,2015-05-06 11:20:00+00:00,2015-05-06 14:20:00+00:00,,False,,False,,False
R80711,2015-05-06 11:20:00+00:00,169.73,10.3,10.3699999,17,2015-05-06 11:20:00+00:00,2015-05-06 14:20:00+00:00,1415.87,False,1434.15,True,1424.5761940428065,True
R80711,2015-05-06 11:30:00+00:00,1180.91,9.5100002,11.01,17,2015-05-06 11:20:00+00:00,2015-05-06 14:20:00+00:00,1165.52,False,1182.2849999999999,True,1236.197652910946,True
R80711,2015-05-06 11:40:00+00:00,1630.9399,11.37,10.149999900000001,17,2015-05-06 11:20:00+00:00,2015-05-06 14:20:00+00:00,1641.6801,True,1660.91,True,1705.2870127895374,True
R80711,2015-05-06 11:50:00+00:00,1161.66,9.6899996,11.575,17,2015-05-06 11:20:00+00:00,2015-05-06 14:20:00+00:00,1299.3049999999998,True,1308.75,True,1270.9454469034845,True
R80711,2015-05-06 12:00:00+00:00,966.29999,10.48,11.15,17,2015-05-06 11:20:00+00:00,2015-05-06 14:20:00+00:00,1415.87,True,1434.15,True,1470.382602023461,True
R80711,2015-05-06 12:10:00+00:00,-3.8900001,11.18,9.579999749999999,17,2015-05-06 11:20:00+00:00,2015-05-06 14:20:00+00:00,1641.6801,True,1660.91,True,1644.3363750747346,True
R80711,2015-05-06 12:20:00+00:00,-2.02,10.52,11.365,17,2015-05-06 11:20:00+00:00,2015-05-06 14:20:00+00:00,1415.87,True,1434.15,True,1469.1674327131159,True
R80711,2015-05-06 12:30:00+00:00,-0.11,12.47,10.04499985,17,2015-05-06 11:20:00+00:00,2015-05-06 14:20:00+00:00,1827.03,True,1833.13005,True,1858.0077909464644,True
R80711,2015-05-06 12:40:00+00:00,-0.039999999,12.03,10.799999866666667,17,2015-05-06 11:20:00+00:00,2015-05-06 14:20:00+00:00,1747.67,True,1756.335,True,1783.795311151109,True
R80711,2015-05-06 12:50:00+00:00,-0.28999999,10.82,10.633333333333333,17,2015-05-06 11:20:00+00:00,2015-05-06 14:20:00+00:00,1542.4301,True,1555.72,True,1581.551098359726,True
R80711,2015-05-06 13:00:00+00:00,-0.15000001,10.41,10.926666666666668,17,2015-05-06 11:20:00+00:00,2015-05-06 14:20:00+00:00,1415.87,True,1434.15,True,1469.743286385791,True
R80711,2015-05-06 13:10:00+00:00,-0.15000001,10.0,10.6100001,17,2015-05-06 11:20:00+00:00,2015-05-06 14:20:00+00:00,1299.3049999999998,True,1308.75,True,1384.1319974348714,True
R80711,2015-05-06 13:20:00+00:00,-0.77999997,10.06,10.719999999999999,17,2015-05-06 11:20:00+00:00,2015-05-06 14:20:00+00:00,1415.87,True,1434.15,True,1383.403787734306,True
R80711,2015-05-06 13:30:00+00:00,149.69,7.820000200000001,8.009999899999999,17,2015-05-06 11:20:00+00:00,2015-05-06 14:20:00+00:00,757.66998,True,777.8950150000001,True,782.3998637489725,True
R80711,2015-05-06 13:40:00+00:00,296.54999,8.8900003,8.349999766666667,17,2015-05-06 11:20:00+00:00,2015-05-06 14:20:00+00:00,1034.8000000000002,True,1048.475,True,1079.089581438996,True
R80711,2015-05-06 13:50:00+00:00,1232.53,9.7399998,9.4299999,17,2015-05-06 11:20:00+00:00,2015-05-06 14:20:00+00:00,1299.3049999999998,True,1308.75,True,1301.4323372505721,True
R80711,2015-05-06 14:00:00+00:00,852.2800300000001,8.3100004,9.303333266666668,17,2015-05-06 11:20:00+00:00,2015-05-06 14:20:00+00:00,898.3400300000001,True,916.78,True,915.4989510969272,True
R80711,2015-05-06 14:10:00+00:00,809.69,8.1899996,7.606666733333333,17,2015-05-06 11:20:00+00:00,2015-05-06 14:20:00+00:00,898.3400300000001,True,916.78,True,878.3035259796222,True
R80711,2015-05-06 14:20:00+00:00,1666.53,11.63,8.956666766666665,17,2015-05-06 11:20:00+00:00,2015-05-06 14:20:00+00:00,1747.67,True,1756.335,True,1704.355106494244,True
R80711,2015-05-06 14:30:00+00:00,1938.23,12.92,10.133333133333332,17,2015-05-06 11:20:00+00:00,2015-05-06 14:20:00+00:00,1893.375,False,1898.03,False,1942.7645599285852,True
R80711,2015-05-06 14:40:00+00:00,1369.27,10.37,9.993333433333335,17,2015-05-06 11:20:00+00:00,2015-05-06 14:20:00+00:00,1415.87,False,1434.15,True,1469.1674327131159,True
R80711,2015-05-06 14:50:00+00:00,815.6799900000001,8.4499998,9.253333366666666,17,2015-05-06 11:20:00+00:00,2015-05-06 14:20:00+00:00,898.3400300000001,False,916.78,True,959.6520062566668,True
R80711,2015-05-06 15:00:00+00:00,467.48999,7.02,9.070000033333333,17,2015-05-06 11:20:00+00:00,2015-05-06 14:20:00+00:00,475.98001,False,496.20001,True,550.4906440264512,True
R80711,2015-05-06 15:10:00+00:00,776.5700099999999,8.1499996,7.563333333333333,17,2015-05-06 11:20:00+00:00,2015-05-06 14:20:00+00:00,898.3400300000001,False,916.78,True,875.3098741254804,True
R80711,2015-05-06 15:20:00+00:00,1288.59,10.3,10.670000133333332,17,2015-05-06 11:20:00+00:00,2015-05-06 14:20:00+00:00,1415.87,False,1434.15,True,1423.4181444550563,True
R80711,2015-05-06 15:30:00+00:00,493.12,6.9099998,6.013333466666666,17,2015-05-06 11:20:00+00:00,2015-05-06 14:20:00+00:00,475.98001,False,496.20001,True,521.9885831692106,True
R80711,2015-05-06 15:40:00+00:00,316.70999,6.1599998,5.946666699999999,17,2015-05-06 11:20:00+00:00,2015-05-06 14:20:00+00:00,347.17001,False,365.41,True,338.9040414327309,True
R80711,2015-05-06 15:50:00+00:00,442.45999000000006,6.420000099999999,6.390000033333333,17,2015-05-06 11:20:00+00:00,2015-05-06 14:20:00+00:00,347.17001,False,365.41,False,389.7099588950083,False
R80711,2015-05-06 16:00:00+00:00,586.62,7.150000099999999,6.453333400000001,17,2015-05-06 11:20:00+00:00,2015-05-06 14:20:00+00:00,616.4500099999999,False,635.035005,False,596.6561290932817,False
R80711,2015-05-06 16:10:00+00:00,567.47998,6.71,6.323333266666666,17,2015-05-06 11:20:00+00:00,2015-05-06 14:20:00+00:00,475.98001,False,496.20001,False,472.8773545885154,False
R80711,2015-05-06 16:20:00+00:00,345.60999,5.9899998,5.7533334,17,2015-05-06 11:20:00+00:00,2015-05-06 14:20:00+00:00,240.41,False,252.56,False,302.64050757766904,False
R80790,2015-09-06 16:20:00+00:00,-1.79,3.4000001,4.226666600000001,18,2015-09-06 18:20:00+00:00,2015-09-07 01:00:00+00:00,0.0,False,0.0,False,0.0,False
R80790,2015-09-06 16:30:00+00:00,-1.24,3.71,4.290000066666667,18,2015-09-06 18:20:00+00:00,2015-09-07 01:00:00+00:00,0.0,False,0.0,False,0.0,False
R80790,2015-09-06 16:40:00+00:00,-1.23,4.1300001,4.653333333333333,18,2015-09-06 18:20:00+00:00,2015-09-07 01:00:00+00:00,0.0,False,0.0,False,0.0,False
R80790,2015-09-06 16:50:00+00:00,-1.6799999,3.04,4.633333533333334,18,2015-09-06 18:20:00+00:00,2015-09-07 01:00:00+00:00,0.0,False,0.0,False,0.0,False
R80790,2015-09-06 17:00:00+00:00,-1.28,3.96,5.516666566666667,18,2015-09-06 18:20:00+00:00,2015-09-07 01:00:00+00:00,0.0,False,0.0,False,0.0,False
R80790,2015-09-06 17:10:00+00:00,-1.27,3.79,5.4766668,18,2015-09-06 18:20:00+00:00,2015-09-07 01:00:00+00:00,0.0,False,0.0,False,0.0,False
R80790,2015-09-06 17:20:00+00:00,-1.67,3.76,5.516666600000001,18,2015-09-06 18:20:00+00:00,2015-09-07 01:00:00+00:00,0.0,False,0.0,False,0.0,False
R80790,2015-09-06 17:30:00+00:00,-1.1900001,3.0699999,5.146666533333334,18,2015-09-06 18:20:00+00:00,2015-09-07 01:00:00+00:00,0.0,False,0.0,False,0.0,False
R80790,2015-09-06 17:40:00+00:00,-1.1900001,3.75,5.426666766666667,18,2015-09-06 18:20:00+00:00,2015-09-07 01:00:00+00:00,0.0,False,0.0,False,0.0,False
R80790,2015-09-06 17:50:00+00:00,-1.62,1.97,5.536666733333334,18,2015-09-06 18:20:00+00:00,2015-09-07 01:00:00+00:00,0.0,False,0.0,False,0.0,False
R80790,2015-09-06 18:00:00+00:00,-1.1,2.4000001,5.743333333333333,18,2015-09-06 18:20:00+00:00,2015-09-07 01:00:00+00:00,0.0,False,0.0,False,0.0,False
R80790,2015-09-06 18:10:00+00:00,-1.1,3.0899999,5.396666866666667,18,2015-09-06 18:20:00+00:00,2015-09-07 01:00:00+00:00,0.0,False,0.0,False,0.0,False
R80790,2015-09-06 18:20:00+00:00,-1.58,5.0599999,5.736666700000001,18,2015-09-06 18:20:00+00:00,2015-09-07 01:00:00+00:00,178.13,True,165.06,True,145.10685627064075,True
R80790,2015-09-06 18:30:00+00:00,-1.21,4.9400001,5.6300001,18,2015-09-06 18:20:00+00:00,2015-09-07 01:00:00+00:00,107.82,True,98.440002,True,127.51186587504873,True
R80790,2015-09-06 18:40:00+00:00,-1.1900001,4.869999900000001,5.4066666,18,2015-09-06 18:20:00+00:00,2015-09-07 01:00:00+00:00,107.82,True,98.440002,True,120.0468302813703,True
R80790,2015-09-06 18:50:00+00:00,-1.5599999,5.4899998,5.5866666,18,2015-09-06 18:20:00+00:00,2015-09-07 01:00:00+00:00,271.68501000000003,True,252.56,True,217.74381400509662,True
R80790,2015-09-06 19:00:00+00:00,-1.1,5.2800002,5.366666599999999,18,2015-09-06 18:20:00+00:00,2015-09-07 01:00:00+00:00,178.13,True,165.06,True,180.88985473785598,True
R80790,2015-09-06 19:10:00+00:00,-1.46,5.5100002,5.2633331666666665,18,2015-09-06 18:20:00+00:00,2015-09-07 01:00:00+00:00,271.68501000000003,True,252.56,True,222.19596788382032,True
R80790,2015-09-06 19:20:00+00:00,-1.65,5.5500002,5.4066666,18,2015-09-06 18:20:00+00:00,2015-09-07 01:00:00+00:00,271.68501000000003,True,252.56,True,226.07829237893918,True
R80790,2015-09-06 19:30:00+00:00,-1.15,5.2199998,5.246666733333334,18,2015-09-06 18:20:00+00:00,2015-09-07 01:00:00+00:00,178.13,True,165.06,True,170.47586885591525,True
R80790,2015-09-06 19:40:00+00:00,-1.08,5.1799998,5.153333366666666,18,2015-09-06 18:20:00+00:00,2015-09-07 01:00:00+00:00,178.13,True,165.06,True,165.73259682133704,True
R80790,2015-09-06 19:50:00+00:00,-1.61,5.2600002,5.2533334,18,2015-09-06 18:20:00+00:00,2015-09-07 01:00:00+00:00,178.13,True,165.06,True,178.84986514617356,True
R80790,2015-09-06 20:00:00+00:00,-1.22,5.23,5.096666666666667,18,2015-09-06 18:20:00+00:00,2015-09-07 01:00:00+00:00,178.13,True,165.06,True,173.2043510653328,True
R80790,2015-09-06 20:10:00+00:00,-1.21,5.29,5.356666733333334,18,2015-09-06 18:20:00+00:00,2015-09-07 01:00:00+00:00,178.13,True,165.06,True,184.00891854320946,True
R80790,2015-09-06 20:20:00+00:00,-1.58,5.23,5.329999933333333,18,2015-09-06 18:20:00+00:00,2015-09-07 01:00:00+00:00,178.13,True,165.06,True,174.61471932839223,True
R80790,2015-09-06 20:30:00+00:00,-1.11,5.1599998,5.300000033333334,18,2015-09-06 18:20:00+00:00,2015-09-07 01:00:00+00:00,178.13,True,165.06,True,163.14766247019654,True
R80790,2015-09-06 20:40:00+00:00,-1.17,5.329999900000001,5.143333299999999,18,2015-09-06 18:20:00+00:00,2015-09-07 01:00:00+00:00,178.13,True,165.06,True,189.84528515413635,True
R80790,2015-09-06 20:50:00+00:00,-1.65,5.6599998,5.6566665999999985,18,2015-09-06 18:20:00+00:00,2015-09-07 01:00:00+00:00,271.68501000000003,True,252.56,True,252.1753352609819,True
R80790,2015-09-06 21:00:00+00:00,-1.08,5.670000099999999,5.583333333333333,18,2015-09-06 18:20:00+00:00,2015-09-07 01:00:00+00:00,271.68501000000003,True,252.56,True,252.1753352609819,True
R80790,2015-09-06 21:10:00+00:00,-1.04,5.6100001,5.6000002,18,2015-09-06 18:20:00+00:00,2015-09-07 01:00:00+00:00,271.68501000000003,True,252.56,True,243.18001166115658,True
R80790,2015-09-06 21:20:00+00:00,-1.58,5.7199998,5.523333366666667,18,2015-09-06 18:20:00+00:00,2015-09-07 01:00:00+00:00,271.68501000000003,True,252.56,True,263.88574188271696,True
R80790,2015-09-06 21:30:00+00:00,-1.16,5.9699998,5.726666633333334,18,2015-09-06 18:20:00+00:00,2015-09-07 01:00:00+00:00,390.18501000000003,True,365.41,True,319.89233747666185,True
R80790,2015-09-06 21:40:00+00:00,-1.14,6.1799998,5.976666600000001,18,2015-09-06 18:20:00+00:00,2015-09-07 01:00:00+00:00,390.18501000000003,True,365.41,True,374.56013700353265,True
R80790,2015-09-06 21:50:00+00:00,-1.58,6.329999900000001,6.116666633333334,18,2015-09-06 18:20:00+00:00,2015-09-07 01:00:00+00:00,390.18501000000003,True,365.41,True,412.0629841018715,True
R80790,2015-09-06 22:00:00+00:00,-1.04,6.380000099999999,6.106666566666667,18,2015-09-06 18:20:00+00:00,2015-09-07 01:00:00+00:00,390.18501000000003,True,365.41,True,427.52553260100865,True
R80790,2015-09-06 22:10:00+00:00,-1.38,7.04,6.433333233333333,18,2015-09-06 18:20:00+00:00,2015-09-07 01:00:00+00:00,662.91998,True,635.035005,True,610.0654541311826,True
R80790,2015-09-06 22:20:00+00:00,-1.6799999,6.52,6.343333233333333,18,2015-09-06 18:20:00+00:00,2015-09-07 01:00:00+00:00,527.84998,True,496.20001,True,461.5695949763018,True
R80790,2015-09-06 22:30:00+00:00,-1.1,6.29,5.863333233333333,18,2015-09-06 18:20:00+00:00,2015-09-07 01:00:00+00:00,390.18501000000003,True,365.41,True,400.9841041068729,True
R80790,2015-09-06 22:40:00+00:00,-1.02,6.079999900000001,5.779999900000001,18,2015-09-06 18:20:00+00:00,2015-09-07 01:00:00+00:00,390.18501000000003,True,365.41,True,352.3448928659665,True
R80790,2015-09-06 22:50:00+00:00,-1.6,6.4400001,5.926666733333334,18,2015-09-06 18:20:00+00:00,2015-09-07 01:00:00+00:00,390.18501000000003,True,365.41,True,444.8491115875562,True
R80790,2015-09-06 23:00:00+00:00,-1.14,6.2399998,5.686666666666667,18,2015-09-06 18:20:00+00:00,2015-09-07 01:00:00+00:00,390.18501000000003,True,365.41,True,384.5725384258026,True
R80790,2015-09-06 23:10:00+00:00,-1.17,6.2800002,5.75,18,2015-09-06 18:20:00+00:00,2015-09-07 01:00:00+00:00,390.18501000000003,True,365.41,True,400.9841041068729,True
R80790,2015-09-06 23:20:00+00:00,-1.66,7.079999900000001,6.096666666666667,18,2015-09-06 18:20:00+00:00,2015-09-07 01:00:00+00:00,662.91998,True,635.035005,True,622.1082400899861,True
R80790,2015-09-06 23:30:00+00:00,-1.03,7.48,6.480000033333334,18,2015-09-06 18:20:00+00:00,2015-09-07 01:00:00+00:00,796.614995,True,777.8950150000001,True,743.6531590906801,True
R80790,2015-09-06 23:40:00+00:00,-1.1,8.1800003,6.796666633333333,18,2015-09-06 18:20:00+00:00,2015-09-07 01:00:00+00:00,934.35999,True,916.78,True,938.7402742952585,True
R80790,2015-09-06 23:50:00+00:00,-1.73,7.9899998,6.863333399999999,18,2015-09-06 18:20:00+00:00,2015-09-07 01:00:00+00:00,934.35999,True,916.78,True,881.3945572477052,True
R80790,2015-09-07 00:00:00+00:00,-1.12,7.1999998,6.773333233333332,18,2015-09-06 18:20:00+00:00,2015-09-07 01:00:00+00:00,662.91998,True,635.035005,True,659.0322245492558,True
R80790,2015-09-07 00:10:00+00:00,-1.03,7.030000200000001,6.5099999,18,2015-09-06 18:20:00+00:00,2015-09-07 01:00:00+00:00,662.91998,True,635.035005,True,606.5790353685549,True
R80790,2015-09-07 00:20:00+00:00,-1.83,6.820000200000001,6.243333466666667,18,2015-09-06 18:20:00+00:00,2015-09-07 01:00:00+00:00,527.84998,True,496.20001,True,545.1702397152823,True
R80790,2015-09-07 00:30:00+00:00,-1.3,7.48,6.4066666,18,2015-09-06 18:20:00+00:00,2015-09-07 01:00:00+00:00,796.614995,True,777.8950150000001,True,738.9214553119642,True
R80790,2015-09-07 00:40:00+00:00,-1.14,7.809999900000001,6.153333333333333,18,2015-09-06 18:20:00+00:00,2015-09-07 01:00:00+00:00,796.614995,True,777.8950150000001,True,826.3919143032266,True
R80790,2015-09-07 00:50:00+00:00,-1.92,7.29,5.8000002,18,2015-09-06 18:20:00+00:00,2015-09-07 01:00:00+00:00,662.91998,True,635.035005,True,675.9553407251185,True
R80790,2015-09-07 01:00:00+00:00,-1.04,6.119999900000001,5.5333333,18,2015-09-06 18:20:00+00:00,2015-09-07 01:00:00+00:00,390.18501000000003,True,365.41,True,354.57382717059795,True
R80790,2015-09-07 01:10:00+00:00,-1.0700001,4.3499999,4.4000001,18,2015-09-06 18:20:00+00:00,2015-09-07 01:00:00+00:00,0.0,False,0.0,False,0.0,False
R80790,2015-09-07 01:20:00+00:00,-1.77,4.5300002,4.470000133333333,18,2015-09-06 18:20:00+00:00,2015-09-07 01:00:00+00:00,107.82,True,98.440002,True,85.16422175072275,True
R80790,2015-09-07 01:30:00+00:00,-1.13,4.880000099999999,4.6199999,18,2015-09-06 18:20:00+00:00,2015-09-07 01:00:00+00:00,107.82,True,98.440002,True,128.23485148776757,True
R80790,2015-09-07 01:40:00+00:00,-1.01,4.8899999,4.859999966666667,18,2015-09-06 18:20:00+00:00,2015-09-07 01:00:00+00:00,107.82,True,98.440002,True,128.41682602775066,True
R80790,2015-09-07 01:50:00+00:00,-1.67,5.3200002,5.173333500000001,18,2015-09-06 18:20:00+00:00,2015-09-07 01:00:00+00:00,178.13,True,165.06,True,189.52434679364387,True
R80790,2015-09-07 02:00:00+00:00,-1.11,6.420000099999999,5.4133334333333325,18,2015-09-06 18:20:00+00:00,2015-09-07 01:00:00+00:00,390.18501000000003,True,365.41,True,446.097922913263,True
R80790,2015-09-07 02:10:00+00:00,-1.14,6.54,5.586666733333334,18,2015-09-06 18:20:00+00:00,2015-09-07 01:00:00+00:00,527.84998,True,496.20001,True,475.22368988147457,True
R80790,2015-09-07 02:20:00+00:00,-1.74,6.1599998,5.386666600000001,18,2015-09-06 18:20:00+00:00,2015-09-07 01:00:00+00:00,390.18501000000003,True,365.41,True,375.5991977129471,True
R80790,2015-09-07 02:30:00+00:00,-1.01,6.1799998,5.036666566666667,18,2015-09-06 18:20:00+00:00,2015-09-07 01:00:00+00:00,390.18501000000003,True,365.41,True,377.71433133739515,True
R80790,2015-09-07 02:40:00+00:00,-1.05,6.3899999,5.303333433333333,18,2015-09-06 18:20:00+00:00,2015-09-07 01:00:00+00:00,390.18501000000003,True,365.41,True,433.19202186671373,True
R80790,2015-09-07 02:50:00+00:00,-1.8,6.48,5.68,18,2015-09-06 18:20:00+00:00,2015-09-07 01:00:00+00:00,527.84998,True,496.20001,True,459.2721453121334,True
R80790,2015-09-07 03:00:00+00:00,-1.14,6.3400002,5.546666633333333,18,2015-09-06 18:20:00+00:00,2015-09-07 01:00:00+00:00,390.18501000000003,True,365.41,True,421.2456569118158,True
R80736,2015-08-26 06:00:00+00:00,33.27,5.1900001,4.966666866666667,19,2015-08-26 08:00:00+00:00,2015-08-26 14:00:00+00:00,162.88,False,165.06,False,159.29334710947458,False
R80736,2015-08-26 06:10:00+00:00,-0.64999998,3.78,4.769999966666668,19,2015-08-26 08:00:00+00:00,2015-08-26 14:00:00+00:00,0.0,False,0.0,False,0.0,False
R80736,2015-08-26 06:20:00+00:00,-0.62,3.55,4.423333333333333,19,2015-08-26 08:00:00+00:00,2015-08-26 14:00:00+00:00,0.0,False,0.0,False,0.0,False
R80736,2015-08-26 06:30:00+00:00,-1.33,3.3399999,3.1166666333333333,19,2015-08-26 08:00:00+00:00,2015-08-26 14:00:00+00:00,0.0,False,0.0,False,0.0,False
R80736,2015-08-26 06:40:00+00:00,-0.52999997,3.26,3.2733333333333334,19,2015-08-26 08:00:00+00:00,2015-08-26 14:00:00+00:00,0.0,False,0.0,False,0.0,False
R80736,2015-08-26 06:50:00+00:00,-1.1799999,3.3800001,3.6966667,19,2015-08-26 08:00:00+00:00,2015-08-26 14:00:00+00:00,0.0,False,0.0,False,0.0,False
R80736,2015-08-26 07:00:00+00:00,-0.30000001,4.73,3.9200000000000004,19,2015-08-26 08:00:00+00:00,2015-08-26 14:00:00+00:00,96.940002,False,98.440002,False,94.234076974121,False
R80736,2015-08-26 07:10:00+00:00,-0.28999999,3.77,3.9333333666666674,19,2015-08-26 08:00:00+00:00,2015-08-26 14:00:00+00:00,0.0,False,0.0,False,0.0,False
R80736,2015-08-26 07:20:00+00:00,-0.30000001,3.5599999,4.206666766666667,19,2015-08-26 08:00:00+00:00,2015-08-26 14:00:00+00:00,0.0,False,0.0,False,0.0,False
R80736,2015-08-26 07:30:00+00:00,-0.54000002,3.1400001,4.5166667333333335,19,2015-08-26 08:00:00+00:00,2015-08-26 14:00:00+00:00,0.0,False,0.0,False,0.0,False
R80736,2015-08-26 07:40:00+00:00,-0.56999999,4.139999899999999,4.420000000000001,19,2015-08-26 08:00:00+00:00,2015-08-26 14:00:00+00:00,0.0,False,0.0,False,0.0,False
R80736,2015-08-26 07:50:00+00:00,-0.66000003,3.3900001000000004,4.849999900000001,19,2015-08-26 08:00:00+00:00,2015-08-26 14:00:00+00:00,0.0,False,0.0,False,0.0,False
R80736,2015-08-26 08:00:00+00:00,-0.36000001,4.9299998,4.933333233333332,19,2015-08-26 08:00:00+00:00,2015-08-26 14:00:00+00:00,96.940002,True,98.440002,True,108.3549060200045,True
R80736,2015-08-26 08:10:00+00:00,-0.31999999,5.3099999,5.2933333666666655,19,2015-08-26 08:00:00+00:00,2015-08-26 14:00:00+00:00,162.88,True,165.06,True,163.3259584693975,True
R80736,2015-08-26 08:20:00+00:00,-0.30000001,4.79,5.106666733333334,19,2015-08-26 08:00:00+00:00,2015-08-26 14:00:00+00:00,96.940002,True,98.440002,True,91.8030488230064,True
R80736,2015-08-26 08:30:00+00:00,-0.31,5.0900002,5.6500001,19,2015-08-26 08:00:00+00:00,2015-08-26 14:00:00+00:00,162.88,True,165.06,True,128.0605704468602,True
R80736,2015-08-26 08:40:00+00:00,-0.31,4.7800002,6.18,19,2015-08-26 08:00:00+00:00,2015-08-26 14:00:00+00:00,96.940002,True,98.440002,True,89.1595713099142,True
R80736,2015-08-26 08:50:00+00:00,-0.37,4.5700002,5.636666466666667,19,2015-08-26 08:00:00+00:00,2015-08-26 14:00:00+00:00,96.940002,True,98.440002,True,69.76905439233225,True
R80736,2015-08-26 09:00:00+00:00,-0.38,5.9499998,6.3,19,2015-08-26 08:00:00+00:00,2015-08-26 14:00:00+00:00,250.175005,True,252.56,True,268.79431648645436,True
R80736,2015-08-26 09:10:00+00:00,-0.36000001,6.23,5.706666633333334,19,2015-08-26 08:00:00+00:00,2015-08-26 14:00:00+00:00,362.755005,True,365.41,True,329.34341669581335,True
R80736,2015-08-26 09:20:00+00:00,-0.36000001,6.650000099999999,6.336666766666666,19,2015-08-26 08:00:00+00:00,2015-08-26 14:00:00+00:00,493.20999000000006,True,496.20001,True,423.0236226323465,True
R80736,2015-08-26 09:30:00+00:00,-0.34999999,5.29,6.753333266666666,19,2015-08-26 08:00:00+00:00,2015-08-26 14:00:00+00:00,162.88,True,165.06,True,154.90348940217575,True
R80736,2015-08-26 09:40:00+00:00,-0.34,6.4299998,6.103333333333333,19,2015-08-26 08:00:00+00:00,2015-08-26 14:00:00+00:00,362.755005,True,365.41,True,374.1584321666471,True
R80736,2015-08-26 09:50:00+00:00,-0.36000001,6.9899998,6.996666766666667,19,2015-08-26 08:00:00+00:00,2015-08-26 14:00:00+00:00,493.20999000000006,True,496.20001,True,502.997930956086,True
R80736,2015-08-26 10:00:00+00:00,-0.37,6.929999799999999,6.8266667,19,2015-08-26 08:00:00+00:00,2015-08-26 14:00:00+00:00,493.20999000000006,True,496.20001,True,487.21012716330233,True
R80736,2015-08-26 10:10:00+00:00,-0.31999999,6.0900002,6.653333199999999,19,2015-08-26 08:00:00+00:00,2015-08-26 14:00:00+00:00,250.175005,True,252.56,True,289.8787782064892,True
R80736,2015-08-26 10:20:00+00:00,-0.31999999,6.570000200000001,6.5733334,19,2015-08-26 08:00:00+00:00,2015-08-26 14:00:00+00:00,362.755005,True,365.41,True,400.55343104122306,True
R80736,2015-08-26 10:30:00+00:00,-0.31,6.559999900000001,6.573333433333334,19,2015-08-26 08:00:00+00:00,2015-08-26 14:00:00+00:00,362.755005,True,365.41,True,391.5292453068242,True
R80736,2015-08-26 10:40:00+00:00,-0.31,6.420000099999999,6.7399999,19,2015-08-26 08:00:00+00:00,2015-08-26 14:00:00+00:00,362.755005,True,365.41,True,357.30807948049164,True
R80736,2015-08-26 10:50:00+00:00,-0.31,6.719999799999999,6.6200000333333335,19,2015-08-26 08:00:00+00:00,2015-08-26 14:00:00+00:00,493.20999000000006,True,496.20001,True,427.03014332937596,True
R80736,2015-08-26 11:00:00+00:00,-0.31,8.1400003,6.893333266666666,19,2015-08-26 08:00:00+00:00,2015-08-26 14:00:00+00:00,922.15997,True,916.78,True,811.8486156662656,True
R80736,2015-08-26 11:10:00+00:00,-0.2,6.829999900000001,7.206666766666667,19,2015-08-26 08:00:00+00:00,2015-08-26 14:00:00+00:00,493.20999000000006,True,496.20001,True,456.97361179751397,True
R80736,2015-08-26 11:20:00+00:00,-0.17,6.21,7.120000033333333,19,2015-08-26 08:00:00+00:00,2015-08-26 14:00:00+00:00,362.755005,True,365.41,True,305.12993040489255,True
R80736,2015-08-26 11:30:00+00:00,-0.16,5.5900002,7.093333266666666,19,2015-08-26 08:00:00+00:00,2015-08-26 14:00:00+00:00,162.88,True,165.06,True,187.45996072568045,True
R80736,2015-08-26 11:40:00+00:00,-0.17,7.079999900000001,6.57,19,2015-08-26 08:00:00+00:00,2015-08-26 14:00:00+00:00,493.20999000000006,True,496.20001,True,516.7368016104946,True
R80736,2015-08-26 11:50:00+00:00,-0.18000001,6.71,6.896666666666666,19,2015-08-26 08:00:00+00:00,2015-08-26 14:00:00+00:00,493.20999000000006,True,496.20001,True,426.00740458317875,True
R80736,2015-08-26 12:00:00+00:00,-0.28999999,6.4400001,6.5,19,2015-08-26 08:00:00+00:00,2015-08-26 14:00:00+00:00,362.755005,True,365.41,True,359.40887886236976,True
R80736,2015-08-26 12:10:00+00:00,-0.28,7.4099998,6.826666666666665,19,2015-08-26 08:00:00+00:00,2015-08-26 14:00:00+00:00,634.7000099999999,True,635.035005,True,610.0223810593012,True
R80736,2015-08-26 12:20:00+00:00,-0.37,6.929999799999999,6.556666533333332,19,2015-08-26 08:00:00+00:00,2015-08-26 14:00:00+00:00,493.20999000000006,True,496.20001,True,470.571995541259,True
R80736,2015-08-26 12:30:00+00:00,-0.28999999,6.77,6.726666600000001,19,2015-08-26 08:00:00+00:00,2015-08-26 14:00:00+00:00,493.20999000000006,True,496.20001,True,427.2169502950604,True
R80736,2015-08-26 12:40:00+00:00,-0.28999999,7.170000099999999,7.456666633333334,19,2015-08-26 08:00:00+00:00,2015-08-26 14:00:00+00:00,634.7000099999999,True,635.035005,True,534.8571918482533,True
R80736,2015-08-26 12:50:00+00:00,-0.28999999,6.880000099999999,7.146666533333334,19,2015-08-26 08:00:00+00:00,2015-08-26 14:00:00+00:00,493.20999000000006,True,496.20001,True,448.5337826170485,True
R80736,2015-08-26 13:00:00+00:00,-0.94999999,6.679999799999999,7.030000066666666,19,2015-08-26 08:00:00+00:00,2015-08-26 14:00:00+00:00,493.20999000000006,True,496.20001,True,395.545705703065,True
R80736,2015-08-26 13:10:00+00:00,-1.89,6.48,6.9366666666666665,19,2015-08-26 08:00:00+00:00,2015-08-26 14:00:00+00:00,362.755005,True,365.41,True,349.8011786023507,True
R80736,2015-08-26 13:20:00+00:00,-0.60000002,7.860000099999999,6.8066666666666675,19,2015-08-26 08:00:00+00:00,2015-08-26 14:00:00+00:00,782.19,True,777.8950150000001,True,714.2220788628409,True
R80736,2015-08-26 13:30:00+00:00,33.98,7.6599998,6.513333333333333,19,2015-08-26 08:00:00+00:00,2015-08-26 14:00:00+00:00,782.19,True,777.8950150000001,True,661.8581462637535,True
R80736,2015-08-26 13:40:00+00:00,-3.3499999,6.5900002,6.700000133333333,19,2015-08-26 08:00:00+00:00,2015-08-26 14:00:00+00:00,362.755005,True,365.41,True,372.97179526894803,True
R80736,2015-08-26 13:50:00+00:00,-0.94999999,7.25,7.256666833333334,19,2015-08-26 08:00:00+00:00,2015-08-26 14:00:00+00:00,634.7000099999999,True,635.035005,True,535.2961898756762,True
R80736,2015-08-26 14:00:00+00:00,504.03,7.389999900000001,7.043333366666668,19,2015-08-26 08:00:00+00:00,2015-08-26 14:00:00+00:00,634.7000099999999,True,635.035005,True,576.0689661906949,True
R80736,2015-08-26 14:10:00+00:00,382.29001,6.48,7.620000033333333,19,2015-08-26 08:00:00+00:00,2015-08-26 14:00:00+00:00,362.755005,False,365.41,False,351.1834083766807,False
R80736,2015-08-26 14:20:00+00:00,592.87,7.309999900000001,7.216666533333332,19,2015-08-26 08:00:00+00:00,2015-08-26 14:00:00+00:00,634.7000099999999,False,635.035005,False,557.4843063265362,False
R80736,2015-08-26 14:30:00+00:00,543.90002,7.119999900000001,7.190000100000002,19,2015-08-26 08:00:00+00:00,2015-08-26 14:00:00+00:00,493.20999000000006,False,496.20001,False,505.57235834751276,False
R80736,2015-08-26 14:40:00+00:00,523.98999,7.2399998,7.583333466666667,19,2015-08-26 08:00:00+00:00,2015-08-26 14:00:00+00:00,634.7000099999999,True,635.035005,False,536.3705479228182,False
R80736,2015-08-26 14:50:00+00:00,615.16998,7.4099998,8.036666566666668,19,2015-08-26 08:00:00+00:00,2015-08-26 14:00:00+00:00,634.7000099999999,True,635.035005,False,593.0248977528898,False
R80736,2015-08-26 15:00:00+00:00,426.19,6.8400002,7.523333200000001,19,2015-08-26 08:00:00+00:00,2015-08-26 14:00:00+00:00,493.20999000000006,True,496.20001,False,436.78097734655375,False
R80736,2015-08-26 15:10:00+00:00,917.91998,8.4799995,7.313333366666666,19,2015-08-26 08:00:00+00:00,2015-08-26 14:00:00+00:00,922.15997,True,916.78,False,870.5814965155619,False
R80736,2015-08-26 15:20:00+00:00,602.8200099999999,7.469999799999999,7.016666766666666,19,2015-08-26 08:00:00+00:00,2015-08-26 14:00:00+00:00,634.7000099999999,True,635.035005,False,600.2105007953222,False
R80736,2015-08-26 15:30:00+00:00,625.81,7.4899998,6.606666699999999,19,2015-08-26 08:00:00+00:00,2015-08-26 14:00:00+00:00,634.7000099999999,True,635.035005,False,605.6061308502854,False
R80736,2015-08-26 15:40:00+00:00,786.4299900000001,8.0799999,7.4366666666666665,19,2015-08-26 08:00:00+00:00,2015-08-26 14:00:00+00:00,782.19,False,777.8950150000001,False,777.6656805980202,False
R80736,2015-08-26 15:50:00+00:00,462.67001,6.73,6.303333466666667,19,2015-08-26 08:00:00+00:00,2015-08-26 14:00:00+00:00,493.20999000000006,False,496.20001,False,401.58528083427643,False
R80736,2015-08-26 16:00:00+00:00,504.87,7.150000099999999,6.8799999666666665,19,2015-08-26 08:00:00+00:00,2015-08-26 14:00:00+00:00,493.20999000000006,False,496.20001,False,518.9232475897751,False
R80790,2015-05-06 10:40:00+00:00,1692.42,11.53,11.119999999999997,20,2015-05-06 12:40:00+00:00,2015-05-06 15:00:00+00:00,1643.96005,False,1660.91,False,1705.1854800908375,False
R80790,2015-05-06 10:50:00+00:00,1127.14,9.5100002,9.510000250000001,20,2015-05-06 12:40:00+00:00,2015-05-06 15:00:00+00:00,1191.75,False,1182.2849999999999,False,1236.197652910946,False
R80790,2015-05-06 11:00:00+00:00,1345.25,9.7799997,9.879999950000002,20,2015-05-06 12:40:00+00:00,2015-05-06 15:00:00+00:00,1307.3350500000001,False,1308.75,False,1301.1676092897324,False
R80790,2015-05-06 11:10:00+00:00,1169.4301,9.9700003,10.0649999,20,2015-05-06 12:40:00+00:00,2015-05-06 15:00:00+00:00,1307.3350500000001,False,1308.75,False,1340.759605122818,False
R80790,2015-05-06 11:20:00+00:00,1375.7,10.6,10.2699999,20,2015-05-06 12:40:00+00:00,2015-05-06 15:00:00+00:00,1553.55,False,1555.72,False,1526.8420886453177,False
R80790,2015-05-06 11:30:00+00:00,,,10.510000066666667,20,2015-05-06 12:40:00+00:00,2015-05-06 15:00:00+00:00,,False,,False,,False
R80790,2015-05-06 11:40:00+00:00,,,10.5566666,20,2015-05-06 12:40:00+00:00,2015-05-06 15:00:00+00:00,,False,,False,,False
R80790,2015-05-06 11:50:00+00:00,,,10.946666533333334,20,2015-05-06 12:40:00+00:00,2015-05-06 15:00:00+00:00,,False,,False,,False
R80790,2015-05-06 12:00:00+00:00,,,10.926666666666668,20,2015-05-06 12:40:00+00:00,2015-05-06 15:00:00+00:00,,False,,False,,False
R80790,2015-05-06 12:10:00+00:00,,,10.113333166666665,20,2015-05-06 12:40:00+00:00,2015-05-06 15:00:00+00:00,,False,,False,,False
R80790,2015-05-06 12:20:00+00:00,,,11.083333333333334,20,2015-05-06 12:40:00+00:00,2015-05-06 15:00:00+00:00,,False,,False,,False
R80790,2015-05-06 12:30:00+00:00,,,10.853333233333332,20,2015-05-06 12:40:00+00:00,2015-05-06 15:00:00+00:00,,False,,False,,False
R80790,2015-05-06 12:40:00+00:00,-2.1199999,9.1899996,11.746666666666668,20,2015-05-06 12:40:00+00:00,2015-05-06 15:00:00+00:00,1191.75,True,1182.2849999999999,True,1154.4292335396005,True
R80790,2015-05-06 12:50:00+00:00,-3.3,10.81,10.636666666666665,20,2015-05-06 12:40:00+00:00,2015-05-06 15:00:00+00:00,1553.55,True,1555.72,True,1581.8283053803036,True
R80790,2015-05-06 13:00:00+00:00,-2.6800001,10.92,10.756666666666666,20,2015-05-06 12:40:00+00:00,2015-05-06 15:00:00+00:00,1553.55,True,1555.72,True,1581.545042365252,True
R80790,2015-05-06 13:10:00+00:00,-2.05,10.75,10.3600001,20,2015-05-06 12:40:00+00:00,2015-05-06 15:00:00+00:00,1553.55,True,1555.72,True,1526.0434167561418,True
R80790,2015-05-06 13:20:00+00:00,-2.4200001,11.26,10.32,20,2015-05-06 12:40:00+00:00,2015-05-06 15:00:00+00:00,1643.96005,True,1660.91,True,1643.9803224521163,True
R80790,2015-05-06 13:30:00+00:00,-2.52,7.619999900000001,8.076666666666666,20,2015-05-06 12:40:00+00:00,2015-05-06 15:00:00+00:00,796.614995,True,777.8950150000001,True,730.0942251626616,True
R80790,2015-05-06 13:40:00+00:00,-2.1400001,8.29,8.549999866666667,20,2015-05-06 12:40:00+00:00,2015-05-06 15:00:00+00:00,934.35999,True,916.78,True,916.5847227931239,True
R80790,2015-05-06 13:50:00+00:00,-2.4100001,8.3599997,9.889999933333334,20,2015-05-06 12:40:00+00:00,2015-05-06 15:00:00+00:00,934.35999,True,916.78,True,923.1429017626274,True
R80790,2015-05-06 14:00:00+00:00,-1.87,8.619999900000002,9.200000099999999,20,2015-05-06 12:40:00+00:00,2015-05-06 15:00:00+00:00,1062.74,True,1048.475,True,995.6888355744544,True
R80790,2015-05-06 14:10:00+00:00,9.2299995,8.0,7.669999933333333,20,2015-05-06 12:40:00+00:00,2015-05-06 15:00:00+00:00,796.614995,True,777.8950150000001,True,834.3867445326883,True
R80790,2015-05-06 14:20:00+00:00,1118.1,11.0,9.166666766666665,20,2015-05-06 12:40:00+00:00,2015-05-06 15:00:00+00:00,1553.55,True,1555.72,True,1581.3987423318356,True
R80790,2015-05-06 14:30:00+00:00,1657.1801,12.01,10.436666466666667,20,2015-05-06 12:40:00+00:00,2015-05-06 15:00:00+00:00,1743.41,True,1756.335,True,1783.795311151109,True
R80790,2015-05-06 14:40:00+00:00,1449.39,10.63,9.906666766666667,20,2015-05-06 12:40:00+00:00,2015-05-06 15:00:00+00:00,1553.55,True,1555.72,True,1525.6138537076738,True
R80790,2015-05-06 14:50:00+00:00,1172.97,9.1700001,9.013333266666667,20,2015-05-06 12:40:00+00:00,2015-05-06 15:00:00+00:00,1191.75,True,1182.2849999999999,True,1154.4292335396005,False
R80790,2015-05-06 15:00:00+00:00,970.37,8.590000199999999,8.546666633333333,20,2015-05-06 12:40:00+00:00,2015-05-06 15:00:00+00:00,1062.74,True,1048.475,True,995.8643970218369,False
R80790,2015-05-06 15:10:00+00:00,821.09998,7.98,7.619999866666666,20,2015-05-06 12:40:00+00:00,2015-05-06 15:00:00+00:00,796.614995,False,777.8950150000001,False,822.1003381037846,False
R80790,2015-05-06 15:20:00+00:00,1377.15,10.86,10.483333466666666,20,2015-05-06 12:40:00+00:00,2015-05-06 15:00:00+00:00,1553.55,False,1555.72,False,1581.3987423318356,False
R80790,2015-05-06 15:30:00+00:00,344.82001,6.0300002,6.306666666666666,20,2015-05-06 12:40:00+00:00,2015-05-06 15:00:00+00:00,271.68501000000003,False,252.56,False,311.6209415948818,False
R80790,2015-05-06 15:40:00+00:00,359.56,6.1100001,5.963333266666666,20,2015-05-06 12:40:00+00:00,2015-05-06 15:00:00+00:00,390.18501000000003,False,365.41,False,327.6384537964761,False
R80790,2015-05-06 15:50:00+00:00,475.20999000000006,6.650000099999999,6.313333366666666,20,2015-05-06 12:40:00+00:00,2015-05-06 15:00:00+00:00,527.84998,False,496.20001,False,459.4361791535931,False
R80790,2015-05-06 16:00:00+00:00,531.28998,7.070000200000001,6.480000033333333,20,2015-05-06 12:40:00+00:00,2015-05-06 15:00:00+00:00,662.91998,False,635.035005,False,572.1320544851658,True
R80790,2015-05-06 16:10:00+00:00,502.39001,6.869999900000001,6.269999966666667,20,2015-05-06 12:40:00+00:00,2015-05-06 15:00:00+00:00,527.84998,False,496.20001,False,520.853532165076,True
R80790,2015-05-06 16:20:00+00:00,221.25,5.630000099999999,5.8733333,20,2015-05-06 12:40:00+00:00,2015-05-06 15:00:00+00:00,271.68501000000003,False,252.56,False,226.6891425335984,True
R80790,2015-05-06 16:30:00+00:00,178.53,5.3600001,5.350000033333333,20,2015-05-06 12:40:00+00:00,2015-05-06 15:00:00+00:00,178.13,False,165.06,False,179.68271242500515,True
R80790,2015-05-06 16:40:00+00:00,150.72,5.25,5.299999866666667,20,2015-05-06 12:40:00+00:00,2015-05-06 15:00:00+00:00,178.13,True,165.06,True,161.0453634467987,True
R80790,2015-05-06 16:50:00+00:00,140.63,5.170000099999999,4.949999966666667,20,2015-05-06 12:40:00+00:00,2015-05-06 15:00:00+00:00,178.13,True,165.06,True,154.24504096088148,True
R80790,2015-05-06 17:00:00+00:00,87.339996,4.6799998,4.6233333,20,2015-05-06 12:40:00+00:00,2015-05-06 15:00:00+00:00,107.82,True,98.440002,True,91.74155361184273,True
R80736,2015-05-12 06:40:00+00:00,-1.12,5.0700002,5.646666666666667,21,2015-05-12 08:40:00+00:00,2015-05-12 13:00:00+00:00,162.88,True,165.06,True,130.02083981972856,True
R80736,2015-05-12 06:50:00+00:00,-0.52999997,5.46,5.629999933333333,21,2015-05-12 08:40:00+00:00,2015-05-12 13:00:00+00:00,162.88,True,165.06,True,187.2516629829446,True
R80736,2015-05-12 07:00:00+00:00,-0.23999999,4.7199998,5.413333233333333,21,2015-05-12 08:40:00+00:00,2015-05-12 13:00:00+00:00,96.940002,True,98.440002,True,88.58131355193535,True
R80736,2015-05-12 07:10:00+00:00,-0.22,4.6999998,5.553333466666667,21,2015-05-12 08:40:00+00:00,2015-05-12 13:00:00+00:00,96.940002,True,98.440002,True,83.50780138733114,True
R80736,2015-05-12 07:20:00+00:00,-0.25,4.880000099999999,5.5800000999999995,21,2015-05-12 08:40:00+00:00,2015-05-12 13:00:00+00:00,96.940002,True,98.440002,True,103.32619738714214,True
R80736,2015-05-12 07:30:00+00:00,-0.38,5.829999900000001,5.346666666666668,21,2015-05-12 08:40:00+00:00,2015-05-12 13:00:00+00:00,250.175005,True,252.56,True,250.3863807691501,True
R80736,2015-05-12 07:40:00+00:00,-1.2,4.4499998,5.173333499999999,21,2015-05-12 08:40:00+00:00,2015-05-12 13:00:00+00:00,0.0,False,0.0,False,0.0,False
R80736,2015-05-12 07:50:00+00:00,-0.73000002,4.329999900000001,5.629999933333334,21,2015-05-12 08:40:00+00:00,2015-05-12 13:00:00+00:00,0.0,False,0.0,False,0.0,False
R80736,2015-05-12 08:00:00+00:00,-0.38999999,4.8899999,5.706666633333334,21,2015-05-12 08:40:00+00:00,2015-05-12 13:00:00+00:00,96.940002,False,98.440002,False,99.96013921905575,False
R80736,2015-05-12 08:10:00+00:00,-0.56999999,4.190000100000001,5.696666533333333,21,2015-05-12 08:40:00+00:00,2015-05-12 13:00:00+00:00,0.0,False,0.0,False,0.0,False
R80736,2015-05-12 08:20:00+00:00,-0.79000002,4.630000099999999,6.143333266666667,21,2015-05-12 08:40:00+00:00,2015-05-12 13:00:00+00:00,96.940002,False,98.440002,False,76.11107917876265,False
R80736,2015-05-12 08:30:00+00:00,-0.62,4.329999900000001,6.2166667,21,2015-05-12 08:40:00+00:00,2015-05-12 13:00:00+00:00,0.0,False,0.0,False,0.0,False
R80736,2015-05-12 08:40:00+00:00,-0.23999999,5.52,6.776666633333332,21,2015-05-12 08:40:00+00:00,2015-05-12 13:00:00+00:00,162.88,True,165.06,True,189.45072971383203,True
R80736,2015-05-12 08:50:00+00:00,-0.34999999,7.889999900000001,7.0799999,21,2015-05-12 08:40:00+00:00,2015-05-12 13:00:00+00:00,782.19,True,777.8950150000001,True,760.9013605376776,True
R80736,2015-05-12 09:00:00+00:00,-0.27000001,6.579999900000001,7.730000033333334,21,2015-05-12 08:40:00+00:00,2015-05-12 13:00:00+00:00,362.755005,True,365.41,True,405.39664693071495,True
R80736,2015-05-12 09:10:00+00:00,-0.93000001,6.54,7.359999966666667,21,2015-05-12 08:40:00+00:00,2015-05-12 13:00:00+00:00,362.755005,True,365.41,True,395.30648392715193,True
R80736,2015-05-12 09:20:00+00:00,-1.4,7.059999900000001,7.9666667,21,2015-05-12 08:40:00+00:00,2015-05-12 13:00:00+00:00,493.20999000000006,True,496.20001,True,521.0999907453847,True
R80736,2015-05-12 09:30:00+00:00,-0.38999999,7.119999900000001,7.439999866666668,21,2015-05-12 08:40:00+00:00,2015-05-12 13:00:00+00:00,634.7000099999999,True,635.035005,True,542.3025268446219,True
R80736,2015-05-12 09:40:00+00:00,-0.37,7.059999900000001,7.663333399999999,21,2015-05-12 08:40:00+00:00,2015-05-12 13:00:00+00:00,493.20999000000006,True,496.20001,True,523.7200491989147,True
R80736,2015-05-12 09:50:00+00:00,-0.85000002,5.8099999,7.416666666666667,21,2015-05-12 08:40:00+00:00,2015-05-12 13:00:00+00:00,250.175005,True,252.56,True,232.39276086116323,True
R80736,2015-05-12 10:00:00+00:00,-0.51999998,8.0100002,7.569999866666667,21,2015-05-12 08:40:00+00:00,2015-05-12 13:00:00+00:00,782.19,True,777.8950150000001,True,781.8557932840693,True
R80736,2015-05-12 10:10:00+00:00,-0.25,8.71,7.469999933333334,21,2015-05-12 08:40:00+00:00,2015-05-12 13:00:00+00:00,1060.86,True,1048.475,True,953.9953648914563,True
R80736,2015-05-12 10:20:00+00:00,-0.30000001,6.900000099999999,7.8233332666666655,21,2015-05-12 08:40:00+00:00,2015-05-12 13:00:00+00:00,493.20999000000006,True,496.20001,True,476.8520042358928,True
R80736,2015-05-12 10:30:00+00:00,-0.34,8.0799999,7.8700000333333335,21,2015-05-12 08:40:00+00:00,2015-05-12 13:00:00+00:00,782.19,True,777.8950150000001,True,807.6824276518098,True
R80736,2015-05-12 10:40:00+00:00,-0.34999999,7.1999998,6.7533334,21,2015-05-12 08:40:00+00:00,2015-05-12 13:00:00+00:00,634.7000099999999,True,635.035005,True,551.6811383987839,True
R80736,2015-05-12 10:50:00+00:00,-0.34,7.440000099999999,8.1533332,21,2015-05-12 08:40:00+00:00,2015-05-12 13:00:00+00:00,634.7000099999999,True,635.035005,True,614.9698914278439,True
R80736,2015-05-12 11:00:00+00:00,-0.34,8.79,7.556666533333332,21,2015-05-12 08:40:00+00:00,2015-05-12 13:00:00+00:00,1060.86,True,1048.475,True,965.1846950371804,True
R80736,2015-05-12 11:10:00+00:00,-0.41999999,8.3199997,7.406666733333334,21,2015-05-12 08:40:00+00:00,2015-05-12 13:00:00+00:00,922.15997,True,916.78,True,861.3261827963076,True
R80736,2015-05-12 11:20:00+00:00,-0.5,7.96,7.016666566666667,21,2015-05-12 08:40:00+00:00,2015-05-12 13:00:00+00:00,782.19,True,777.8950150000001,True,769.9611445071224,True
R80736,2015-05-12 11:30:00+00:00,-0.49000001,6.1999998,6.9199999,21,2015-05-12 08:40:00+00:00,2015-05-12 13:00:00+00:00,362.755005,True,365.41,True,301.3049905139659,True
R80736,2015-05-12 11:40:00+00:00,-0.72000003,6.52,7.163333266666666,21,2015-05-12 08:40:00+00:00,2015-05-12 13:00:00+00:00,362.755005,True,365.41,True,378.7205060094076,True
R80736,2015-05-12 11:50:00+00:00,-2.3399999,6.5,6.8500000666666665,21,2015-05-12 08:40:00+00:00,2015-05-12 13:00:00+00:00,362.755005,True,365.41,True,360.7676366256186,True
R80736,2015-05-12 12:00:00+00:00,16.6,5.9299998,6.6833333999999995,21,2015-05-12 08:40:00+00:00,2015-05-12 13:00:00+00:00,250.175005,True,252.56,True,242.0464298643811,True
R80736,2015-05-12 12:10:00+00:00,94.32,6.0700002,7.116666466666666,21,2015-05-12 08:40:00+00:00,2015-05-12 13:00:00+00:00,250.175005,True,252.56,True,265.4094861722447,True
R80736,2015-05-12 12:20:00+00:00,620.19,7.4099998,7.626666533333332,21,2015-05-12 08:40:00+00:00,2015-05-12 13:00:00+00:00,634.7000099999999,True,635.035005,True,594.8756991760982,False
R80736,2015-05-12 12:30:00+00:00,321.39999,6.1999998,7.260000066666666,21,2015-05-12 08:40:00+00:00,2015-05-12 13:00:00+00:00,362.755005,True,365.41,True,289.99936397407237,False
R80736,2015-05-12 12:40:00+00:00,552.96002,7.170000099999999,7.669999933333333,21,2015-05-12 08:40:00+00:00,2015-05-12 13:00:00+00:00,634.7000099999999,True,635.035005,True,539.5217515405335,False
R80736,2015-05-12 12:50:00+00:00,737.06,7.670000099999999,8.066666933333334,21,2015-05-12 08:40:00+00:00,2015-05-12 13:00:00+00:00,782.19,True,777.8950150000001,True,667.4828581207756,False
R80736,2015-05-12 13:00:00+00:00,490.41,7.0,7.659999833333333,21,2015-05-12 08:40:00+00:00,2015-05-12 13:00:00+00:00,493.20999000000006,True,496.20001,True,493.90497487391497,False
R80736,2015-05-12 13:10:00+00:00,371.48999,6.52,6.560000133333333,21,2015-05-12 08:40:00+00:00,2015-05-12 13:00:00+00:00,362.755005,False,365.41,False,367.58172081042215,False
R80736,2015-05-12 13:20:00+00:00,506.53,6.969999799999999,6.776666766666666,21,2015-05-12 08:40:00+00:00,2015-05-12 13:00:00+00:00,493.20999000000006,False,496.20001,False,464.8870557886761,False
R80736,2015-05-12 13:30:00+00:00,662.59998,7.630000099999999,7.083333333333335,21,2015-05-12 08:40:00+00:00,2015-05-12 13:00:00+00:00,634.7000099999999,False,635.035005,False,649.710236352105,False
R80736,2015-05-12 13:40:00+00:00,501.01001,7.099999900000001,7.209999866666666,21,2015-05-12 08:40:00+00:00,2015-05-12 13:00:00+00:00,493.20999000000006,False,496.20001,False,508.06542321969226,False
R80736,2015-05-12 13:50:00+00:00,416.64001,6.7399998,7.303333266666667,21,2015-05-12 08:40:00+00:00,2015-05-12 13:00:00+00:00,493.20999000000006,False,496.20001,False,418.6410554673117,False
R80736,2015-05-12 14:00:00+00:00,558.09998,7.320000200000001,7.306666733333333,21,2015-05-12 08:40:00+00:00,2015-05-12 13:00:00+00:00,634.7000099999999,False,635.035005,False,567.3549272368721,False
R80736,2015-05-12 14:10:00+00:00,757.5700099999999,7.9899998,7.656666566666666,21,2015-05-12 08:40:00+00:00,2015-05-12 13:00:00+00:00,782.19,False,777.8950150000001,False,765.0554743749591,False
R80736,2015-05-12 14:20:00+00:00,782.72998,7.969999799999999,7.616666666666666,21,2015-05-12 08:40:00+00:00,2015-05-12 13:00:00+00:00,782.19,False,777.8950150000001,False,754.656576524257,False
R80736,2015-05-12 14:30:00+00:00,814.7999900000001,8.0900002,7.360000133333332,21,2015-05-12 08:40:00+00:00,2015-05-12 13:00:00+00:00,782.19,False,777.8950150000001,False,793.0497398311381,False
R80736,2015-05-12 14:40:00+00:00,568.0,7.469999799999999,8.126666366666667,21,2015-05-12 08:40:00+00:00,2015-05-12 13:00:00+00:00,634.7000099999999,False,635.035005,False,617.9099530385126,False
R80736,2015-05-12 14:50:00+00:00,807.53998,8.0100002,8.460000033333335,21,2015-05-12 08:40:00+00:00,2015-05-12 13:00:00+00:00,782.19,False,777.8950150000001,False,770.4162436742779,False
R80736,2015-05-12 15:00:00+00:00,851.4000199999999,8.0900002,8.956666633333334,21,2015-05-12 08:40:00+00:00,2015-05-12 13:00:00+00:00,782.19,False,777.8950150000001,False,796.0307042305635,False
R80736,2015-05-04 08:00:00+00:00,,,3.706666666666667,22,2015-05-04 10:00:00+00:00,2015-05-04 15:00:00+00:00,,False,,False,,False
R80736,2015-05-04 08:10:00+00:00,,,3.8333334000000003,22,2015-05-04 10:00:00+00:00,2015-05-04 15:00:00+00:00,,False,,False,,False
R80736,2015-05-04 08:20:00+00:00,,,5.093333233333333,22,2015-05-04 10:00:00+00:00,2015-05-04 15:00:00+00:00,,False,,False,,False
R80736,2015-05-04 08:30:00+00:00,,,4.7666667333333335,22,2015-05-04 10:00:00+00:00,2015-05-04 15:00:00+00:00,,False,,False,,False
R80736,2015-05-04 08:40:00+00:00,,,4.690000066666666,22,2015-05-04 10:00:00+00:00,2015-05-04 15:00:00+00:00,,False,,False,,False
R80736,2015-05-04 08:50:00+00:00,,,4.753333433333333,22,2015-05-04 10:00:00+00:00,2015-05-04 15:00:00+00:00,,False,,False,,False
R80736,2015-05-04 09:00:00+00:00,,,5.350000033333334,22,2015-05-04 10:00:00+00:00,2015-05-04 15:00:00+00:00,,False,,False,,False
R80736,2015-05-04 09:10:00+00:00,,,5.07,22,2015-05-04 10:00:00+00:00,2015-05-04 15:00:00+00:00,,False,,False,,False
R80736,2015-05-04 09:20:00+00:00,,,5.113333233333333,22,2015-05-04 10:00:00+00:00,2015-05-04 15:00:00+00:00,,False,,False,,False
R80736,2015-05-04 09:30:00+00:00,,,4.793333233333333,22,2015-05-04 10:00:00+00:00,2015-05-04 15:00:00+00:00,,False,,False,,False
R80736,2015-05-04 09:40:00+00:00,,,5.3366665666666675,22,2015-05-04 10:00:00+00:00,2015-05-04 15:00:00+00:00,,False,,False,,False
R80736,2015-05-04 09:50:00+00:00,,,5.510000066666667,22,2015-05-04 10:00:00+00:00,2015-05-04 15:00:00+00:00,,False,,False,,False
R80736,2015-05-04 10:00:00+00:00,-0.47,5.8099999,5.749999966666667,22,2015-05-04 10:00:00+00:00,2015-05-04 15:00:00+00:00,250.175005,True,252.56,True,251.06223368161082,True
R80736,2015-05-04 10:10:00+00:00,-0.57999998,6.820000200000001,5.633333366666666,22,2015-05-04 10:00:00+00:00,2015-05-04 15:00:00+00:00,493.20999000000006,True,496.20001,True,486.97031298716814,True
R80736,2015-05-04 10:20:00+00:00,-0.31999999,6.380000099999999,5.476666633333333,22,2015-05-04 10:00:00+00:00,2015-05-04 15:00:00+00:00,362.755005,True,365.41,True,373.519477702097,True
R80736,2015-05-04 10:30:00+00:00,-0.20999999,5.7800002,5.8166666000000005,22,2015-05-04 10:00:00+00:00,2015-05-04 15:00:00+00:00,250.175005,True,252.56,True,244.7622212831618,True
R80736,2015-05-04 10:40:00+00:00,-0.38,6.639999900000001,5.4899999333333325,22,2015-05-04 10:00:00+00:00,2015-05-04 15:00:00+00:00,493.20999000000006,True,496.20001,True,433.78382791972064,True
R80736,2015-05-04 10:50:00+00:00,-0.20999999,7.27,5.690000066666666,22,2015-05-04 10:00:00+00:00,2015-05-04 15:00:00+00:00,634.7000099999999,True,635.035005,True,604.8105896065524,True
R80736,2015-05-04 11:00:00+00:00,-0.2,6.6599998,6.0666666000000005,22,2015-05-04 10:00:00+00:00,2015-05-04 15:00:00+00:00,493.20999000000006,True,496.20001,True,428.96176826361307,True
R80736,2015-05-04 11:10:00+00:00,-0.2,7.2600002,5.9133334333333325,22,2015-05-04 10:00:00+00:00,2015-05-04 15:00:00+00:00,634.7000099999999,True,635.035005,True,595.4935579995616,True
R80736,2015-05-04 11:20:00+00:00,-0.23,6.46,6.260000066666667,22,2015-05-04 10:00:00+00:00,2015-05-04 15:00:00+00:00,362.755005,True,365.41,True,379.9032881774333,True
R80736,2015-05-04 11:30:00+00:00,-0.2,6.46,6.34,22,2015-05-04 10:00:00+00:00,2015-05-04 15:00:00+00:00,362.755005,True,365.41,True,378.867484349499,True
R80736,2015-05-04 11:40:00+00:00,-0.2,6.719999799999999,6.153333366666666,22,2015-05-04 10:00:00+00:00,2015-05-04 15:00:00+00:00,493.20999000000006,True,496.20001,True,440.74162932366505,True
R80736,2015-05-04 11:50:00+00:00,-0.2,6.119999900000001,5.480000033333334,22,2015-05-04 10:00:00+00:00,2015-05-04 15:00:00+00:00,362.755005,True,365.41,True,304.43193712911284,True
R80736,2015-05-04 12:00:00+00:00,-0.2,5.77,5.9966666,22,2015-05-04 10:00:00+00:00,2015-05-04 15:00:00+00:00,250.175005,True,252.56,True,233.7043133196677,True
R80736,2015-05-04 12:10:00+00:00,-0.19,5.0500002,4.8766667,22,2015-05-04 10:00:00+00:00,2015-05-04 15:00:00+00:00,96.940002,True,98.440002,True,119.1517675604252,True
R80736,2015-05-04 12:20:00+00:00,-0.28,5.6900001,5.756666633333334,22,2015-05-04 10:00:00+00:00,2015-05-04 15:00:00+00:00,250.175005,True,252.56,True,215.69918142873243,True
R80736,2015-05-04 12:30:00+00:00,-0.44,5.4499998,5.719999966666666,22,2015-05-04 10:00:00+00:00,2015-05-04 15:00:00+00:00,162.88,True,165.06,True,178.71435703937985,True
R80736,2015-05-04 12:40:00+00:00,-3.21,5.1100001,5.59,22,2015-05-04 10:00:00+00:00,2015-05-04 15:00:00+00:00,162.88,True,165.06,True,124.21287615789551,True
R80736,2015-05-04 12:50:00+00:00,-1.49,5.7800002,5.739999933333333,22,2015-05-04 10:00:00+00:00,2015-05-04 15:00:00+00:00,250.175005,True,252.56,True,228.4384054425037,True
R80736,2015-05-04 13:00:00+00:00,-5.6500001,5.4099998,5.619999866666667,22,2015-05-04 10:00:00+00:00,2015-05-04 15:00:00+00:00,162.88,True,165.06,True,164.18067207685664,True
R80736,2015-05-04 13:10:00+00:00,-6.6999998,6.4099998,6.563333333333333,22,2015-05-04 10:00:00+00:00,2015-05-04 15:00:00+00:00,362.755005,True,365.41,True,348.72758785533665,True
R80736,2015-05-04 13:20:00+00:00,-2.4400001,5.5500002,6.0133333,22,2015-05-04 10:00:00+00:00,2015-05-04 15:00:00+00:00,162.88,True,165.06,True,176.96942442947983,True
R80736,2015-05-04 13:30:00+00:00,-5.170000099999999,6.2800002,5.9666667,22,2015-05-04 10:00:00+00:00,2015-05-04 15:00:00+00:00,362.755005,True,365.41,True,323.70140763420875,True
R80736,2015-05-04 13:40:00+00:00,-6.4499998,7.0100002,6.166666666666667,22,2015-05-04 10:00:00+00:00,2015-05-04 15:00:00+00:00,493.20999000000006,True,496.20001,True,494.0268633675591,True
R80736,2015-05-04 13:50:00+00:00,-6.3899999,6.8000002,6.506666500000001,22,2015-05-04 10:00:00+00:00,2015-05-04 15:00:00+00:00,493.20999000000006,True,496.20001,True,436.3410862621089,True
R80736,2015-05-04 14:00:00+00:00,-2.8800001,7.880000099999999,6.9199999,22,2015-05-04 10:00:00+00:00,2015-05-04 15:00:00+00:00,782.19,True,777.8950150000001,True,744.2083019947995,True
R80736,2015-05-04 14:10:00+00:00,-2.3299999,7.389999900000001,7.293333199999999,22,2015-05-04 10:00:00+00:00,2015-05-04 15:00:00+00:00,634.7000099999999,True,635.035005,True,608.8833126740305,True
R80736,2015-05-04 14:20:00+00:00,-0.93000001,6.869999900000001,6.563333366666668,22,2015-05-04 10:00:00+00:00,2015-05-04 15:00:00+00:00,493.20999000000006,True,496.20001,True,460.7574014260875,True
R80736,2015-05-04 14:30:00+00:00,-1.55,6.380000099999999,6.609999999999999,22,2015-05-04 10:00:00+00:00,2015-05-04 15:00:00+00:00,362.755005,True,365.41,True,341.87199355634226,True
R80736,2015-05-04 14:40:00+00:00,29.190001,6.0599999,5.779999949999999,22,2015-05-04 10:00:00+00:00,2015-05-04 15:00:00+00:00,250.175005,True,252.56,True,274.04408852465764,True
R80736,2015-05-04 14:50:00+00:00,-1.91,6.170000099999999,6.293333366666666,22,2015-05-04 10:00:00+00:00,2015-05-04 15:00:00+00:00,362.755005,True,365.41,True,296.76148513136593,True
R80736,2015-05-04 15:00:00+00:00,161.55,5.630000099999999,6.143333266666666,22,2015-05-04 10:00:00+00:00,2015-05-04 15:00:00+00:00,250.175005,True,252.56,True,186.83352887510648,True
R80736,2015-05-04 15:10:00+00:00,307.59,6.0500002,6.203333366666667,22,2015-05-04 10:00:00+00:00,2015-05-04 15:00:00+00:00,250.175005,False,252.56,False,265.82573510253155,False
R80736,2015-05-04 15:20:00+00:00,292.20001,6.0900002,6.156666600000001,22,2015-05-04 10:00:00+00:00,2015-05-04 15:00:00+00:00,250.175005,False,252.56,False,283.1883028684342,False
R80736,2015-05-04 15:30:00+00:00,253.88,5.8000002,6.136666466666667,22,2015-05-04 10:00:00+00:00,2015-05-04 15:00:00+00:00,250.175005,False,252.56,False,222.18254343109032,False
R80736,2015-05-04 15:40:00+00:00,233.17999,5.619999900000001,5.726666600000001,22,2015-05-04 10:00:00+00:00,2015-05-04 15:00:00+00:00,250.175005,False,252.56,False,192.60321190373259,False
R80736,2015-05-04 15:50:00+00:00,307.81,6.02,5.8466668,22,2015-05-04 10:00:00+00:00,2015-05-04 15:00:00+00:00,250.175005,False,252.56,False,264.722606974941,False
R80736,2015-05-04 16:00:00+00:00,299.88,6.0100002,5.9799999999999995,22,2015-05-04 10:00:00+00:00,2015-05-04 15:00:00+00:00,250.175005,False,252.56,False,267.1103023056203,False
R80736,2015-05-04 16:10:00+00:00,225.89,5.619999900000001,5.9366665,22,2015-05-04 10:00:00+00:00,2015-05-04 15:00:00+00:00,250.175005,False,252.56,False,193.75834718150557,False
R80736,2015-05-04 16:20:00+00:00,311.70001,5.96,5.9966666,22,2015-05-04 10:00:00+00:00,2015-05-04 15:00:00+00:00,250.175005,False,252.56,False,251.93630384762886,False
R80736,2015-05-04 16:30:00+00:00,389.84,6.3000002,6.373333433333333,22,2015-05-04 10:00:00+00:00,2015-05-04 15:00:00+00:00,362.755005,False,365.41,False,322.7132977198987,False
R80736,2015-05-04 16:40:00+00:00,225.41,5.6100001,6.1699999,22,2015-05-04 10:00:00+00:00,2015-05-04 15:00:00+00:00,250.175005,False,252.56,False,194.5048155215521,False
R80736,2015-05-04 16:50:00+00:00,281.67001,5.880000099999999,6.2099999,22,2015-05-04 10:00:00+00:00,2015-05-04 15:00:00+00:00,250.175005,False,252.56,False,235.5864631533212,False
R80736,2015-05-04 17:00:00+00:00,462.53,6.650000099999999,6.4700001,22,2015-05-04 10:00:00+00:00,2015-05-04 15:00:00+00:00,493.20999000000006,False,496.20001,False,404.6039534557573,False
R80790,2015-06-09 05:20:00+00:00,656.83002,7.219999799999999,7.440000033333334,23,2015-06-09 07:20:00+00:00,2015-06-09 08:10:00+00:00,662.91998,False,635.035005,False,631.4874390512884,False
R80790,2015-06-09 05:30:00+00:00,786.44,7.6999998,7.586666599999998,23,2015-06-09 07:20:00+00:00,2015-06-09 08:10:00+00:00,796.614995,False,777.8950150000001,False,773.3921940426385,False
R80790,2015-06-09 05:40:00+00:00,747.78003,7.360000099999999,7.473333333333334,23,2015-06-09 07:20:00+00:00,2015-06-09 08:10:00+00:00,662.91998,False,635.035005,False,679.263756704653,False
R80790,2015-06-09 05:50:00+00:00,804.0,7.719999799999999,7.0800001,23,2015-06-09 07:20:00+00:00,2015-06-09 08:10:00+00:00,796.614995,False,777.8950150000001,False,771.858478690272,False
R80790,2015-06-09 06:00:00+00:00,832.97998,7.98,7.826666833333333,23,2015-06-09 07:20:00+00:00,2015-06-09 08:10:00+00:00,796.614995,False,777.8950150000001,False,844.4660944036489,True
R80790,2015-06-09 06:10:00+00:00,542.71997,8.7200003,7.679999966666666,23,2015-06-09 07:20:00+00:00,2015-06-09 08:10:00+00:00,1062.74,True,1048.475,True,1035.925060257755,True
R80790,2015-06-09 06:20:00+00:00,-3.29,7.920000099999999,7.826666666666667,23,2015-06-09 07:20:00+00:00,2015-06-09 08:10:00+00:00,796.614995,True,777.8950150000001,True,831.163237265958,True
R80790,2015-06-09 06:30:00+00:00,-3.6199999,8.3900003,8.009999933333335,23,2015-06-09 07:20:00+00:00,2015-06-09 08:10:00+00:00,934.35999,True,916.78,True,953.5828081360338,True
R80790,2015-06-09 06:40:00+00:00,-4.1199999,7.940000099999999,7.666666666666667,23,2015-06-09 07:20:00+00:00,2015-06-09 08:10:00+00:00,796.614995,True,777.8950150000001,True,827.9065433771245,True
R80790,2015-06-09 06:50:00+00:00,-2.1800001,8.2299995,7.996666733333335,23,2015-06-09 07:20:00+00:00,2015-06-09 08:10:00+00:00,934.35999,True,916.78,True,919.6347516374434,True
R80790,2015-06-09 07:00:00+00:00,-2.4000001,9.4799995,8.6433331,23,2015-06-09 07:20:00+00:00,2015-06-09 08:10:00+00:00,1191.75,True,1182.2849999999999,True,1247.3740961047959,True
R80790,2015-06-09 07:10:00+00:00,,,9.113333333333333,23,2015-06-09 07:20:00+00:00,2015-06-09 08:10:00+00:00,,False,,False,,False
R80790,2015-06-09 07:20:00+00:00,-1.91,10.84,9.3766664,23,2015-06-09 07:20:00+00:00,2015-06-09 08:10:00+00:00,1553.55,True,1555.72,True,1582.6714546650378,True
R80790,2015-06-09 07:30:00+00:00,-1.97,9.1700001,9.499999966666667,23,2015-06-09 07:20:00+00:00,2015-06-09 08:10:00+00:00,1191.75,True,1182.2849999999999,True,1157.6359267515243,True
R80790,2015-06-09 07:40:00+00:00,-2.49,10.88,9.386666633333334,23,2015-06-09 07:20:00+00:00,2015-06-09 08:10:00+00:00,1553.55,True,1555.72,True,1585.0638861399239,True
R80790,2015-06-09 07:50:00+00:00,18.549999,10.48,9.3833332,23,2015-06-09 07:20:00+00:00,2015-06-09 08:10:00+00:00,1434.2,True,1434.15,True,1474.717674009515,True
R80790,2015-06-09 08:00:00+00:00,16.68,9.4700003,9.030000066666666,23,2015-06-09 07:20:00+00:00,2015-06-09 08:10:00+00:00,1191.75,True,1182.2849999999999,True,1236.3029968832186,True
R80790,2015-06-09 08:10:00+00:00,95.169998,9.6899996,9.166666833333332,23,2015-06-09 07:20:00+00:00,2015-06-09 08:10:00+00:00,1307.3350500000001,True,1308.75,True,1302.397913430666,True
R80790,2015-06-09 08:20:00+00:00,1063.11,8.8900003,9.233333300000002,23,2015-06-09 07:20:00+00:00,2015-06-09 08:10:00+00:00,1062.74,False,1048.475,False,1080.534206145097,True
R80790,2015-06-09 08:30:00+00:00,1546.47,10.12,9.1999998,23,2015-06-09 07:20:00+00:00,2015-06-09 08:10:00+00:00,1434.2,False,1434.15,False,1387.8886959913118,False
R80790,2015-06-09 08:40:00+00:00,1490.4,10.15,9.383333533333335,23,2015-06-09 07:20:00+00:00,2015-06-09 08:10:00+00:00,1434.2,False,1434.15,False,1386.6449125888885,False
R80790,2015-06-09 08:50:00+00:00,1246.92,9.9200001,9.339999866666668,23,2015-06-09 07:20:00+00:00,2015-06-09 08:10:00+00:00,1307.3350500000001,False,1308.75,False,1339.7775801268465,False
R80790,2015-06-09 09:00:00+00:00,1237.48,9.6899996,9.259999899999999,23,2015-06-09 07:20:00+00:00,2015-06-09 08:10:00+00:00,1307.3350500000001,False,1308.75,False,1272.4370275803412,False
R80790,2015-06-09 09:10:00+00:00,1443.36,10.26,9.663333233333335,23,2015-06-09 07:20:00+00:00,2015-06-09 08:10:00+00:00,1434.2,False,1434.15,False,1427.5253470320445,False
R80790,2015-06-09 09:20:00+00:00,1534.3,10.29,10.409999999999998,23,2015-06-09 07:20:00+00:00,2015-06-09 08:10:00+00:00,1434.2,False,1434.15,False,1427.5934609616,False
R80790,2015-06-09 09:30:00+00:00,1545.45,10.63,9.513333233333332,23,2015-06-09 07:20:00+00:00,2015-06-09 08:10:00+00:00,1553.55,False,1555.72,False,1529.6694962877966,False
R80790,2015-06-09 09:40:00+00:00,1510.3,10.34,9.576666733333331,23,2015-06-09 07:20:00+00:00,2015-06-09 08:10:00+00:00,1434.2,False,1434.15,False,1427.3155944428424,False
R80790,2015-06-09 09:50:00+00:00,1410.0601,10.15,9.490000000000002,23,2015-06-09 07:20:00+00:00,2015-06-09 08:10:00+00:00,1434.2,False,1434.15,False,1386.4351599996864,False
R80790,2015-06-09 10:00:00+00:00,1387.41,10.01,10.149999966666668,23,2015-06-09 07:20:00+00:00,2015-06-09 08:10:00+00:00,1307.3350500000001,False,1308.75,False,1386.9538939497666,False
R80790,2015-06-09 10:10:00+00:00,1744.48,11.13,9.686666766666667,23,2015-06-09 07:20:00+00:00,2015-06-09 08:10:00+00:00,1643.96005,False,1660.91,False,1647.4022403903932,False
R80711,2015-01-29 04:00:00+00:00,724.81,7.179999799999999,7.073333433333334,24,2015-01-29 06:00:00+00:00,2015-01-29 15:30:00+00:00,616.4500099999999,False,635.035005,False,644.0644167998496,False
R80711,2015-01-29 04:10:00+00:00,934.51001,7.929999799999999,7.333333333333333,24,2015-01-29 06:00:00+00:00,2015-01-29 15:30:00+00:00,757.66998,False,777.8950150000001,False,847.1392800973083,False
R80711,2015-01-29 04:20:00+00:00,903.63,7.849999900000001,7.229999866666667,24,2015-01-29 06:00:00+00:00,2015-01-29 15:30:00+00:00,757.66998,False,777.8950150000001,False,834.3602345168457,False
R80711,2015-01-29 04:30:00+00:00,827.84003,7.550000199999999,7.4400000666666655,24,2015-01-29 06:00:00+00:00,2015-01-29 15:30:00+00:00,757.66998,False,777.8950150000001,False,744.69889295199,False
R80711,2015-01-29 04:40:00+00:00,858.87,7.809999900000001,7.393333266666666,24,2015-01-29 06:00:00+00:00,2015-01-29 15:30:00+00:00,757.66998,False,777.8950150000001,False,820.9853341682812,False
R80711,2015-01-29 04:50:00+00:00,884.1699800000001,7.849999900000001,8.016666566666666,24,2015-01-29 06:00:00+00:00,2015-01-29 15:30:00+00:00,757.66998,False,777.8950150000001,False,834.3602345168457,False
R80711,2015-01-29 05:00:00+00:00,996.53003,8.2399998,8.460000366666668,24,2015-01-29 06:00:00+00:00,2015-01-29 15:30:00+00:00,898.3400300000001,False,916.78,False,930.6134252186575,False
R80711,2015-01-29 05:10:00+00:00,730.01001,7.29,7.9666667,24,2015-01-29 06:00:00+00:00,2015-01-29 15:30:00+00:00,616.4500099999999,False,635.035005,False,663.9024304692343,False
R80711,2015-01-29 05:20:00+00:00,834.31,7.780000200000001,7.626666733333334,24,2015-01-29 06:00:00+00:00,2015-01-29 15:30:00+00:00,757.66998,False,777.8950150000001,False,811.4005891457629,False
R80711,2015-01-29 05:30:00+00:00,823.1799900000001,7.7399998,7.739999900000001,24,2015-01-29 06:00:00+00:00,2015-01-29 15:30:00+00:00,757.66998,False,777.8950150000001,False,797.3950514016757,False
R80711,2015-01-29 05:40:00+00:00,1111.36,8.7200003,8.243333466666668,24,2015-01-29 06:00:00+00:00,2015-01-29 15:30:00+00:00,1034.8000000000002,False,1048.475,False,1057.8015303870068,False
R80711,2015-01-29 05:50:00+00:00,1105.86,8.71,8.770000166666668,24,2015-01-29 06:00:00+00:00,2015-01-29 15:30:00+00:00,1034.8000000000002,False,1048.475,False,1057.8015303870068,False
R80711,2015-01-29 06:00:00+00:00,1410.14,10.0,9.240000099999998,24,2015-01-29 06:00:00+00:00,2015-01-29 15:30:00+00:00,1415.87,True,1434.15,True,1386.0294691778106,False
R80711,2015-01-29 06:10:00+00:00,1066.36,9.0299997,9.309999866666667,24,2015-01-29 06:00:00+00:00,2015-01-29 15:30:00+00:00,1165.52,True,1182.2849999999999,True,1155.2881877771536,True
R80711,2015-01-29 06:20:00+00:00,1043.65,9.4399996,9.3766667,24,2015-01-29 06:00:00+00:00,2015-01-29 15:30:00+00:00,1165.52,True,1182.2849999999999,True,1234.8008218664588,True
R80711,2015-01-29 06:30:00+00:00,1059.0,9.8100004,8.883333200000001,24,2015-01-29 06:00:00+00:00,2015-01-29 15:30:00+00:00,1299.3049999999998,True,1308.75,True,1339.7909833227957,True
R80711,2015-01-29 06:40:00+00:00,1370.54,10.53,9.680000066666665,24,2015-01-29 06:00:00+00:00,2015-01-29 15:30:00+00:00,1542.4301,True,1555.72,True,1526.4467054666795,True
R80711,2015-01-29 06:50:00+00:00,1368.9399,10.17,9.616666433333334,24,2015-01-29 06:00:00+00:00,2015-01-29 15:30:00+00:00,1415.87,True,1434.15,True,1425.8995106505033,True
R80711,2015-01-29 07:00:00+00:00,923.26001,8.5600004,8.833333000000001,24,2015-01-29 06:00:00+00:00,2015-01-29 15:30:00+00:00,1034.8000000000002,True,1048.475,True,1018.9832116884102,True
R80711,2015-01-29 07:10:00+00:00,656.91998,7.550000199999999,8.116666299999999,24,2015-01-29 06:00:00+00:00,2015-01-29 15:30:00+00:00,757.66998,True,777.8950150000001,True,742.0548535523809,True
R80711,2015-01-29 07:20:00+00:00,867.5999800000001,8.5,8.299999866666667,24,2015-01-29 06:00:00+00:00,2015-01-29 15:30:00+00:00,1034.8000000000002,True,1048.475,True,1002.8093356959173,True
R80711,2015-01-29 07:30:00+00:00,876.35999,8.7299995,8.160000166666668,24,2015-01-29 06:00:00+00:00,2015-01-29 15:30:00+00:00,1034.8000000000002,True,1048.475,True,1060.7028905755628,True
R80711,2015-01-29 07:40:00+00:00,850.0499900000001,7.969999799999999,8.686666666666666,24,2015-01-29 06:00:00+00:00,2015-01-29 15:30:00+00:00,898.3400300000001,True,916.78,True,856.5600329507903,True
R80711,2015-01-29 07:50:00+00:00,1029.66,8.5,8.346666966666666,24,2015-01-29 06:00:00+00:00,2015-01-29 15:30:00+00:00,1034.8000000000002,True,1048.475,True,1002.8093356959173,False
R80711,2015-01-29 08:00:00+00:00,993.89001,8.739999800000001,8.193333133333335,24,2015-01-29 06:00:00+00:00,2015-01-29 15:30:00+00:00,1034.8000000000002,True,1048.475,True,1060.6340482597982,True
R80711,2015-01-29 08:10:00+00:00,1086.22,9.3199997,8.640000033333333,24,2015-01-29 06:00:00+00:00,2015-01-29 15:30:00+00:00,1165.52,True,1182.2849999999999,True,1211.8258960310375,True
R80711,2015-01-29 08:20:00+00:00,979.96002,9.1000004,7.903333166666667,24,2015-01-29 06:00:00+00:00,2015-01-29 15:30:00+00:00,1165.52,True,1182.2849999999999,True,1157.9383661313304,True
R80711,2015-01-29 08:30:00+00:00,931.13,8.9799995,8.069999866666668,24,2015-01-29 06:00:00+00:00,2015-01-29 15:30:00+00:00,1165.52,True,1182.2849999999999,True,1127.6402385385818,True
R80711,2015-01-29 08:40:00+00:00,992.60999,8.9399996,7.776666633333332,24,2015-01-29 06:00:00+00:00,2015-01-29 15:30:00+00:00,1034.8000000000002,True,1048.475,True,1106.9311238286505,True
R80711,2015-01-29 08:50:00+00:00,893.88,8.6899996,7.830000066666668,24,2015-01-29 06:00:00+00:00,2015-01-29 15:30:00+00:00,1034.8000000000002,True,1048.475,True,1059.698630995937,True
R80711,2015-01-29 09:00:00+00:00,955.33002,9.3999996,8.326666833333332,24,2015-01-29 06:00:00+00:00,2015-01-29 15:30:00+00:00,1165.52,True,1182.2849999999999,True,1236.7133501103015,True
R80711,2015-01-29 09:10:00+00:00,980.25,9.1000004,8.473333333333334,24,2015-01-29 06:00:00+00:00,2015-01-29 15:30:00+00:00,1165.52,True,1182.2849999999999,True,1158.3587508286748,True
R80711,2015-01-29 09:20:00+00:00,850.25,8.04,7.966666533333334,24,2015-01-29 06:00:00+00:00,2015-01-29 15:30:00+00:00,898.3400300000001,True,916.78,True,869.9180604746867,True
R80711,2015-01-29 09:30:00+00:00,818.41998,8.0600004,8.073333266666666,24,2015-01-29 06:00:00+00:00,2015-01-29 15:30:00+00:00,898.3400300000001,True,916.78,True,869.4979429020228,True
R80711,2015-01-29 09:40:00+00:00,611.83002,7.320000200000001,6.949999966666667,24,2015-01-29 06:00:00+00:00,2015-01-29 15:30:00+00:00,616.4500099999999,True,635.035005,True,677.024027807487,True
R80711,2015-01-29 09:50:00+00:00,614.34003,7.570000200000001,8.613333433333333,24,2015-01-29 06:00:00+00:00,2015-01-29 15:30:00+00:00,757.66998,True,777.8950150000001,True,744.8658997563141,True
R80711,2015-01-29 10:00:00+00:00,877.2899800000001,8.659999800000001,9.99,24,2015-01-29 06:00:00+00:00,2015-01-29 15:30:00+00:00,1034.8000000000002,True,1048.475,True,1037.5700746625278,True
R80711,2015-01-29 10:10:00+00:00,1041.11,9.4499998,9.230000200000001,24,2015-01-29 06:00:00+00:00,2015-01-29 15:30:00+00:00,1165.52,True,1182.2849999999999,True,1236.7133501103015,True
R80711,2015-01-29 10:20:00+00:00,971.81,9.2399998,9.193333299999999,24,2015-01-29 06:00:00+00:00,2015-01-29 15:30:00+00:00,1165.52,True,1182.2849999999999,True,1178.8636484389979,True
R80711,2015-01-29 10:30:00+00:00,997.97998,8.840000199999999,8.633333533333333,24,2015-01-29 06:00:00+00:00,2015-01-29 15:30:00+00:00,1034.8000000000002,True,1048.475,True,1082.9842374780587,True
R80711,2015-01-29 10:40:00+00:00,871.2000099999999,8.489999800000001,8.553333299999998,24,2015-01-29 06:00:00+00:00,2015-01-29 15:30:00+00:00,1034.8000000000002,True,1048.475,True,1004.9305418225383,True
R80711,2015-01-29 10:50:00+00:00,923.17999,8.819999699999999,9.420000100000001,24,2015-01-29 06:00:00+00:00,2015-01-29 15:30:00+00:00,1034.8000000000002,True,1048.475,True,1083.9884970576845,True
R80711,2015-01-29 11:00:00+00:00,1264.59,10.03,9.439999933333333,24,2015-01-29 06:00:00+00:00,2015-01-29 15:30:00+00:00,1415.87,True,1434.15,True,1385.2912786063514,True
R80711,2015-01-29 11:10:00+00:00,1112.4399,9.4200001,8.579999933333335,24,2015-01-29 06:00:00+00:00,2015-01-29 15:30:00+00:00,1165.52,True,1182.2849999999999,True,1238.1074195681936,True
R80711,2015-01-29 11:20:00+00:00,1125.97,9.6800003,8.899999966666666,24,2015-01-29 06:00:00+00:00,2015-01-29 15:30:00+00:00,1299.3049999999998,True,1308.75,True,1303.1043642950478,True
R80711,2015-01-29 11:30:00+00:00,1018.61,9.119999900000002,9.126666366666667,24,2015-01-29 06:00:00+00:00,2015-01-29 15:30:00+00:00,1165.52,True,1182.2849999999999,True,1158.7485607069411,True
R80711,2015-01-29 11:40:00+00:00,1411.6899,10.71,10.613333499999998,24,2015-01-29 06:00:00+00:00,2015-01-29 15:30:00+00:00,1542.4301,True,1555.72,True,1526.868728376212,True
R80711,2015-01-29 11:50:00+00:00,1077.79,9.6400003,8.0033336,24,2015-01-29 06:00:00+00:00,2015-01-29 15:30:00+00:00,1299.3049999999998,True,1308.75,True,1305.8575989411665,True
R80711,2015-01-29 12:00:00+00:00,940.77002,8.6899996,8.506666833333334,24,2015-01-29 06:00:00+00:00,2015-01-29 15:30:00+00:00,1034.8000000000002,True,1048.475,True,1038.8564425527502,True
R80711,2015-01-29 12:10:00+00:00,1349.5,10.12,9.333333333333334,24,2015-01-29 06:00:00+00:00,2015-01-29 15:30:00+00:00,1415.87,True,1434.15,True,1424.7699782053667,True
R80711,2015-01-29 12:20:00+00:00,1149.8,9.7700005,8.913333266666667,24,2015-01-29 06:00:00+00:00,2015-01-29 15:30:00+00:00,1299.3049999999998,True,1308.75,True,1302.535394427703,True
R80711,2015-01-29 12:30:00+00:00,1284.0601,10.04,9.4500002,24,2015-01-29 06:00:00+00:00,2015-01-29 15:30:00+00:00,1415.87,True,1434.15,True,1385.112118617273,True
R80711,2015-01-29 12:40:00+00:00,1363.88,10.4,9.640000266666668,24,2015-01-29 06:00:00+00:00,2015-01-29 15:30:00+00:00,1415.87,True,1434.15,True,1470.5261502687565,True
R80711,2015-01-29 12:50:00+00:00,1331.15,10.23,9.926666633333332,24,2015-01-29 06:00:00+00:00,2015-01-29 15:30:00+00:00,1415.87,True,1434.15,True,1424.201008338022,True
R80711,2015-01-29 13:00:00+00:00,1368.4301,10.15,10.12333336666667,24,2015-01-29 06:00:00+00:00,2015-01-29 15:30:00+00:00,1415.87,True,1434.15,True,1423.953454969627,True
R80711,2015-01-29 13:10:00+00:00,1401.1,10.44,10.1833332,24,2015-01-29 06:00:00+00:00,2015-01-29 15:30:00+00:00,1415.87,True,1434.15,True,1470.2785969003617,True
R80711,2015-01-29 13:20:00+00:00,1191.45,9.6000004,9.336666733333336,24,2015-01-29 06:00:00+00:00,2015-01-29 15:30:00+00:00,1299.3049999999998,True,1308.75,True,1272.1356017735218,True
R80711,2015-01-29 13:30:00+00:00,1198.46,9.79,9.876666833333333,24,2015-01-29 06:00:00+00:00,2015-01-29 15:30:00+00:00,1299.3049999999998,True,1308.75,True,1339.709887346989,True
R80711,2015-01-29 13:40:00+00:00,960.92999,9.1099997,8.419999733333333,24,2015-01-29 06:00:00+00:00,2015-01-29 15:30:00+00:00,1165.52,True,1182.2849999999999,True,1157.3763720246764,True
R80711,2015-01-29 13:50:00+00:00,904.98999,8.8599997,8.893333133333334,24,2015-01-29 06:00:00+00:00,2015-01-29 15:30:00+00:00,1034.8000000000002,True,1048.475,True,1084.5452278994394,True
R80711,2015-01-29 14:00:00+00:00,1126.14,9.9799995,8.669999933333335,24,2015-01-29 06:00:00+00:00,2015-01-29 15:30:00+00:00,1299.3049999999998,True,1308.75,True,1384.5149519215518,True
R80711,2015-01-29 14:10:00+00:00,1018.83,9.1599998,8.740000100000001,24,2015-01-29 06:00:00+00:00,2015-01-29 15:30:00+00:00,1165.52,True,1182.2849999999999,True,1157.1063791908325,True
R80711,2015-01-29 14:20:00+00:00,1081.08,9.5100002,8.476666800000002,24,2015-01-29 06:00:00+00:00,2015-01-29 15:30:00+00:00,1299.3049999999998,True,1308.75,True,1236.5621403720095,True
R80711,2015-01-29 14:30:00+00:00,1031.0,9.8000002,8.629999766666666,24,2015-01-29 06:00:00+00:00,2015-01-29 15:30:00+00:00,1299.3049999999998,True,1308.75,True,1340.6053586338012,True
R80711,2015-01-29 14:40:00+00:00,1041.41,9.7399998,9.266666433333333,24,2015-01-29 06:00:00+00:00,2015-01-29 15:30:00+00:00,1299.3049999999998,True,1308.75,True,1303.1416735068497,True
R80711,2015-01-29 14:50:00+00:00,1099.73,9.9899998,8.340000166666668,24,2015-01-29 06:00:00+00:00,2015-01-29 15:30:00+00:00,1299.3049999999998,True,1308.75,True,1385.6104793789857,True
R80711,2015-01-29 15:00:00+00:00,1197.78,10.74,9.153333333333334,24,2015-01-29 06:00:00+00:00,2015-01-29 15:30:00+00:00,1542.4301,True,1555.72,True,1526.608408391076,True
R80711,2015-01-29 15:10:00+00:00,1151.42,10.55,9.833333466666668,24,2015-01-29 06:00:00+00:00,2015-01-29 15:30:00+00:00,1542.4301,True,1555.72,True,1526.608408391076,True
R80711,2015-01-29 15:20:00+00:00,1196.77,10.81,9.673333166666666,24,2015-01-29 06:00:00+00:00,2015-01-29 15:30:00+00:00,1542.4301,True,1555.72,True,1582.3932970152377,True
R80711,2015-01-29 15:30:00+00:00,1089.28,9.3299999,9.153333366666667,24,2015-01-29 06:00:00+00:00,2015-01-29 15:30:00+00:00,1165.52,True,1182.2849999999999,True,1212.6811170426151,True
R80711,2015-01-29 15:40:00+00:00,1075.03,8.909999800000001,8.799999866666667,24,2015-01-29 06:00:00+00:00,2015-01-29 15:30:00+00:00,1034.8000000000002,False,1048.475,False,1108.053586954957,True
R80711,2015-01-29 15:50:00+00:00,1006.53,8.569999699999999,9.1366666,24,2015-01-29 06:00:00+00:00,2015-01-29 15:30:00+00:00,1034.8000000000002,True,1048.475,True,1004.0344652185734,False
R80711,2015-01-29 16:00:00+00:00,942.39001,8.659999800000001,8.806666700000001,24,2015-01-29 06:00:00+00:00,2015-01-29 15:30:00+00:00,1034.8000000000002,True,1048.475,True,1035.0571641958707,True
R80711,2015-01-29 16:10:00+00:00,1222.8,9.6499996,9.04,24,2015-01-29 06:00:00+00:00,2015-01-29 15:30:00+00:00,1299.3049999999998,True,1308.75,True,1271.4602677728851,True
R80711,2015-01-29 16:20:00+00:00,1159.13,9.6000004,8.86,24,2015-01-29 06:00:00+00:00,2015-01-29 15:30:00+00:00,1299.3049999999998,True,1308.75,True,1272.874593619028,True
R80711,2015-01-29 16:30:00+00:00,1252.6,9.8500004,8.833333366666666,24,2015-01-29 06:00:00+00:00,2015-01-29 15:30:00+00:00,1299.3049999999998,True,1308.75,True,1339.4198644802684,True
R80711,2015-01-29 16:40:00+00:00,1281.02,9.9200001,9.003333399999999,24,2015-01-29 06:00:00+00:00,2015-01-29 15:30:00+00:00,1299.3049999999998,True,1308.75,True,1339.4198644802684,True
R80711,2015-01-29 16:50:00+00:00,1255.4301,10.07,8.946666700000002,24,2015-01-29 06:00:00+00:00,2015-01-29 15:30:00+00:00,1415.87,True,1434.15,True,1384.7042148655837,True
R80711,2015-01-29 17:00:00+00:00,1109.29,9.2799997,8.713333433333334,24,2015-01-29 06:00:00+00:00,2015-01-29 15:30:00+00:00,1165.52,True,1182.2849999999999,True,1176.743858726765,True
R80711,2015-01-29 17:10:00+00:00,1167.4301,9.6499996,8.770000133333332,24,2015-01-29 06:00:00+00:00,2015-01-29 15:30:00+00:00,1299.3049999999998,True,1308.75,True,1271.4602677728851,True
R80711,2015-01-29 17:20:00+00:00,1126.6801,9.3100004,8.3700002,24,2015-01-29 06:00:00+00:00,2015-01-29 15:30:00+00:00,1165.52,True,1182.2849999999999,True,1210.126491016149,True
R80711,2015-01-29 17:30:00+00:00,1161.5699,9.54,8.880000133333333,24,2015-01-29 06:00:00+00:00,2015-01-29 15:30:00+00:00,1299.3049999999998,True,1308.75,True,1271.6162774019538,True
R80736,2015-05-05 07:10:00+00:00,-3.5899999,10.58,9.240000100000001,25,2015-05-05 09:10:00+00:00,2015-05-05 10:00:00+00:00,1465.5949999999998,True,1434.15,True,1433.8760484086765,True
R80736,2015-05-05 07:20:00+00:00,-4.1300001,10.22,9.740000066666667,25,2015-05-05 09:10:00+00:00,2015-05-05 10:00:00+00:00,1465.5949999999998,True,1434.15,True,1337.6317032428,True
R80736,2015-05-05 07:30:00+00:00,-2.79,10.34,9.246666600000001,25,2015-05-05 09:10:00+00:00,2015-05-05 10:00:00+00:00,1465.5949999999998,True,1434.15,True,1366.8699725381898,True
R80736,2015-05-05 07:40:00+00:00,-0.38999999,10.4,10.353333300000001,25,2015-05-05 09:10:00+00:00,2015-05-05 10:00:00+00:00,1465.5949999999998,True,1434.15,True,1367.1665439186695,True
R80736,2015-05-05 07:50:00+00:00,-0.34,11.54,11.096666666666666,25,2015-05-05 09:10:00+00:00,2015-05-05 10:00:00+00:00,1688.51,True,1660.91,True,1644.1509447758933,True
R80736,2015-05-05 08:00:00+00:00,-0.37,12.97,12.276666666666666,25,2015-05-05 09:10:00+00:00,2015-05-05 10:00:00+00:00,1919.54,True,1898.03,True,1806.4145211372086,True
R80736,2015-05-05 08:10:00+00:00,-0.36000001,12.49,13.613333333333332,25,2015-05-05 09:10:00+00:00,2015-05-05 10:00:00+00:00,1860.66,True,1833.13005,True,1805.4941785880758,True
R80736,2015-05-05 08:20:00+00:00,-0.36000001,14.79,13.923333333333334,25,2015-05-05 09:10:00+00:00,2015-05-05 10:00:00+00:00,,False,2005.915,True,1890.477946863447,True
R80736,2015-05-05 08:30:00+00:00,-0.34,13.61,13.356666666666667,25,2015-05-05 09:10:00+00:00,2015-05-05 10:00:00+00:00,1948.565,False,1934.98,True,1889.5576043143142,True
R80736,2015-05-05 08:40:00+00:00,-1.0599999,11.03,11.729999999999999,25,2015-05-05 09:10:00+00:00,2015-05-05 10:00:00+00:00,1586.195,False,1555.72,True,1517.0816452150311,True
R80736,2015-05-05 08:50:00+00:00,-1.47,13.2,12.160000000000002,25,2015-05-05 09:10:00+00:00,2015-05-05 10:00:00+00:00,1948.565,False,1934.98,True,1889.5576043143142,True
R80736,2015-05-05 09:00:00+00:00,-0.75,15.77,13.166666666666666,25,2015-05-05 09:10:00+00:00,2015-05-05 10:00:00+00:00,,False,,False,,False
R80736,2015-05-05 09:10:00+00:00,-1.3200001,12.96,12.700000000000001,25,2015-05-05 09:10:00+00:00,2015-05-05 10:00:00+00:00,1919.54,False,1898.03,True,1805.4941785880758,True
R80736,2015-05-05 09:20:00+00:00,-0.98000002,12.61,12.99,25,2015-05-05 09:10:00+00:00,2015-05-05 10:00:00+00:00,1860.66,False,1833.13005,True,1806.4145211372086,True
R80736,2015-05-05 09:30:00+00:00,-0.38999999,14.6,13.416666666666666,25,2015-05-05 09:10:00+00:00,2015-05-05 10:00:00+00:00,,False,1988.34,True,1897.5260027318727,True
R80736,2015-05-05 09:40:00+00:00,-0.38,13.23,12.633333333333331,25,2015-05-05 09:10:00+00:00,2015-05-05 10:00:00+00:00,1948.565,False,1934.98,True,1897.6783587597631,True
R80736,2015-05-05 09:50:00+00:00,-0.38999999,14.27,14.523333666666668,25,2015-05-05 09:10:00+00:00,2015-05-05 10:00:00+00:00,,False,1988.34,True,1898.4463452810055,True
R80736,2015-05-05 10:00:00+00:00,-0.38999999,14.51,13.62,25,2015-05-05 09:10:00+00:00,2015-05-05 10:00:00+00:00,,False,1988.34,True,1897.5413039241666,True
R80736,2015-05-05 10:10:00+00:00,-0.37,15.83,12.803333333333333,25,2015-05-05 09:10:00+00:00,2015-05-05 10:00:00+00:00,,False,,False,,False
R80736,2015-05-05 10:20:00+00:00,-0.38,15.0,13.19,25,2015-05-05 09:10:00+00:00,2015-05-05 10:00:00+00:00,,False,2005.915,True,1901.4359715233484,True
R80736,2015-05-05 10:30:00+00:00,-0.7599999900000001,12.42,12.553333333333333,25,2015-05-05 09:10:00+00:00,2015-05-05 10:00:00+00:00,1860.66,False,1833.13005,True,1816.4453313108852,True
R80736,2015-05-05 10:40:00+00:00,-0.37,13.93,13.123333333333333,25,2015-05-05 09:10:00+00:00,2015-05-05 10:00:00+00:00,1998.08,False,1961.8199,True,1901.4206703310545,True
R80736,2015-05-05 10:50:00+00:00,-1.5,13.86,12.443333333333333,25,2015-05-05 09:10:00+00:00,2015-05-05 10:00:00+00:00,1998.08,False,1961.8199,True,1914.1572433071574,True
R80736,2015-05-05 11:00:00+00:00,-2.99,14.94,11.180000000000001,25,2015-05-05 09:10:00+00:00,2015-05-05 10:00:00+00:00,,False,2005.915,True,1903.161556147056,True
R80736,2015-05-05 11:10:00+00:00,-0.81999999,11.37,10.493333333333334,25,2015-05-05 09:10:00+00:00,2015-05-05 10:00:00+00:00,1688.51,True,1660.91,True,1584.6953742571238,True
R80736,2015-05-05 11:20:00+00:00,-0.6900000000000001,10.61,10.85,25,2015-05-05 09:10:00+00:00,2015-05-05 10:00:00+00:00,1465.5949999999998,True,1434.15,True,1421.2010896227887,True
R80736,2015-05-05 11:30:00+00:00,-1.92,13.15,11.04,25,2015-05-05 09:10:00+00:00,2015-05-05 10:00:00+00:00,1919.54,True,1898.03,True,1903.3736800575516,True
R80736,2015-05-05 11:40:00+00:00,-0.6900000000000001,12.42,11.020000000000001,25,2015-05-05 09:10:00+00:00,2015-05-05 10:00:00+00:00,1860.66,True,1833.13005,True,1817.1154242506632,True
R80736,2015-05-05 11:50:00+00:00,-1.23,12.2,10.686666666666667,25,2015-05-05 09:10:00+00:00,2015-05-05 10:00:00+00:00,1860.66,True,1833.13005,True,1735.8481637918621,True
R80736,2015-05-05 12:00:00+00:00,-1.71,11.32,11.906666666666666,25,2015-05-05 09:10:00+00:00,2015-05-05 10:00:00+00:00,1688.51,True,1660.91,True,1582.7125162943873,True
